timestamp,open,high,low,close,volume
2026-07-28 11:15:00,0.0028116,0.0028261,0.0028098,0.0028128,605895966.0
2026-07-28 11:30:00,0.0028127,0.0028221,0.0028059,0.0028106,440017884.0
2026-07-28 11:45:00,0.0028106,0.0028152,0.0028068,0.0028094,190916287.0
2026-07-28 12:00:00,0.0028093,0.00282,0.002808,0.0028184,454320873.0
2026-07-28 12:15:00,0.0028185,0.0028196,0.0028096,0.0028109,232395966.0
2026-07-28 12:30:00,0.002811,0.0028128,0.002803,0.0028122,419789802.0
2026-07-28 12:45:00,0.0028123,0.0028209,0.0028099,0.0028159,512560915.0
2026-07-28 13:00:00,0.0028157,0.0028203,0.0028061,0.002808,427470855.0
2026-07-28 13:15:00,0.0028081,0.0028085,0.0027819,0.0027918,1035296031.0
2026-07-28 13:30:00,0.0027918,0.0027944,0.0027544,0.0027684,2487903300.0
2026-07-28 13:45:00,0.0027683,0.0027817,0.0027583,0.0027768,1433404753.0
2026-07-28 14:00:00,0.0027767,0.0027921,0.0027698,0.0027715,1007431513.0
2026-07-28 14:15:00,0.0027716,0.0027808,0.00276,0.0027745,594670151.0
2026-07-28 14:30:00,0.0027745,0.0027938,0.0027718,0.0027846,614382450.0
2026-07-28 14:45:00,0.0027846,0.0028016,0.0027811,0.0027956,739389380.0
2026-07-28 15:00:00,0.0027955,0.0028012,0.0027852,0.0027957,719322435.0
2026-07-28 15:15:00,0.0027958,0.0028407,0.002789,0.0028274,1855762414.0
2026-07-28 15:30:00,0.0028274,0.0028391,0.0028225,0.0028355,751318161.0
2026-07-28 15:45:00,0.0028354,0.0028442,0.0028201,0.0028301,834891875.0
2026-07-28 16:00:00,0.0028301,0.0028334,0.0028188,0.002825,443824740.0
2026-07-28 16:15:00,0.0028251,0.0028391,0.0028072,0.0028077,1164897085.0
2026-07-28 16:30:00,0.0028077,0.0028208,0.0027973,0.002812,1167512364.0
2026-07-28 16:45:00,0.0028119,0.0028228,0.0028048,0.0028193,830367472.0
2026-07-28 17:00:00,0.0028193,0.0028282,0.0028023,0.0028045,902909746.0
2026-07-28 17:15:00,0.0028045,0.0028056,0.0027883,0.0027935,631298950.0
2026-07-28 17:30:00,0.0027935,0.0028013,0.00278,0.0027844,921382191.0
2026-07-28 17:45:00,0.0027844,0.0027923,0.0027718,0.0027914,1167236742.0
2026-07-28 18:00:00,0.0027914,0.0028056,0.0027837,0.0027839,560548544.0
2026-07-28 18:15:00,0.0027839,0.0027973,0.0027839,0.0027932,250292339.0
2026-07-28 18:30:00,0.0027932,0.0028017,0.0027913,0.002799,517952545.0
2026-07-28 18:45:00,0.002799,0.0028046,0.0027956,0.0028034,535502314.0
2026-07-28 19:00:00,0.0028033,0.0028099,0.0028012,0.0028034,318680699.0
2026-07-28 19:15:00,0.0028033,0.0028075,0.0027961,0.0028034,220639023.0
2026-07-28 19:30:00,0.0028034,0.0028138,0.002799,0.0028012,319039719.0
2026-07-28 19:45:00,0.0028012,0.0028116,0.0028005,0.0028066,474954842.0
2026-07-28 20:00:00,0.0028062,0.002812,0.0027951,0.0028021,565107522.0
2026-07-28 20:15:00,0.002802,0.0028043,0.0027945,0.0027952,303842205.0
2026-07-28 20:30:00,0.0027952,0.0028029,0.0027907,0.0028012,556783426.0
2026-07-28 20:45:00,0.0028012,0.0028048,0.0027989,0.0028031,209212056.0
2026-07-28 21:00:00,0.002803,0.002811,0.0028006,0.0028039,306010571.0
2026-07-28 21:15:00,0.0028038,0.00281,0.0027978,0.0028082,210920440.0
2026-07-28 21:30:00,0.0028082,0.0028249,0.0028081,0.0028162,503674734.0
2026-07-28 21:45:00,0.0028162,0.0028236,0.0028148,0.0028163,223854997.0
2026-07-28 22:00:00,0.0028162,0.002823,0.0028111,0.0028122,296483684.0
2026-07-28 22:15:00,0.0028122,0.0028154,0.0028051,0.002808,227745425.0
2026-07-28 22:30:00,0.0028079,0.0028085,0.0027994,0.0028022,211861087.0
2026-07-28 22:45:00,0.0028021,0.0028021,0.0027883,0.0027922,447427971.0
2026-07-28 23:00:00,0.0027921,0.0027939,0.0027813,0.0027892,550384302.0
2026-07-28 23:15:00,0.0027891,0.0027947,0.0027831,0.0027931,230707889.0
2026-07-28 23:30:00,0.0027932,0.002803,0.0027931,0.0028014,340354964.0
2026-07-28 23:45:00,0.0028014,0.0028091,0.002801,0.0028069,306876848.0
2026-07-29 00:00:00,0.0028067,0.0028208,0.0028053,0.0028158,499212447.0
2026-07-29 00:15:00,0.0028158,0.0028217,0.0028066,0.0028089,463247024.0
2026-07-29 00:30:00,0.0028088,0.0028101,0.0027973,0.0028063,404796862.0
2026-07-29 00:45:00,0.0028062,0.0028139,0.0027927,0.0027947,386159676.0
2026-07-29 01:00:00,0.0027946,0.0027947,0.002784,0.0027872,373910954.0
2026-07-29 01:15:00,0.0027871,0.0027915,0.0027811,0.0027858,295577863.0
2026-07-29 01:30:00,0.0027857,0.0027909,0.0027817,0.0027852,295067058.0
2026-07-29 01:45:00,0.0027851,0.0027897,0.0027701,0.0027728,725233408.0
2026-07-29 02:00:00,0.0027727,0.0027821,0.002766,0.0027805,681912097.0
2026-07-29 02:15:00,0.0027804,0.0028034,0.0027708,0.0028032,654985160.0
2026-07-29 02:30:00,0.0028032,0.0028111,0.002798,0.0028034,460740180.0
2026-07-29 02:45:00,0.0028034,0.0028043,0.0027869,0.0027906,381951160.0
2026-07-29 03:00:00,0.0027905,0.0027948,0.0027784,0.0027855,278114008.0
2026-07-29 03:15:00,0.0027855,0.0027894,0.0027659,0.0027683,429186257.0
2026-07-29 03:30:00,0.0027683,0.0027683,0.0027418,0.0027471,1861117296.0
2026-07-29 03:45:00,0.0027472,0.0027511,0.0027263,0.0027358,1189898379.0
2026-07-29 04:00:00,0.0027359,0.0027375,0.0027138,0.0027285,1415970372.0
2026-07-29 04:15:00,0.0027285,0.0027396,0.002718,0.0027369,562076088.0
2026-07-29 04:30:00,0.0027369,0.0027484,0.0027313,0.0027364,436166955.0
2026-07-29 04:45:00,0.0027364,0.0027449,0.0027319,0.0027444,292571403.0
2026-07-29 05:00:00,0.0027444,0.0027522,0.0027413,0.0027485,438272943.0
2026-07-29 05:15:00,0.0027484,0.0027519,0.0027402,0.0027458,315169131.0
2026-07-29 05:30:00,0.0027458,0.0027675,0.0027412,0.0027653,770486322.0
2026-07-29 05:45:00,0.0027654,0.0027692,0.0027584,0.0027599,335694011.0
2026-07-29 06:00:00,0.0027599,0.0027622,0.0027504,0.0027582,347316387.0
2026-07-29 06:15:00,0.0027582,0.0027731,0.0027543,0.0027712,622261999.0
2026-07-29 06:30:00,0.0027712,0.0027766,0.0027704,0.0027726,427931003.0
2026-07-29 06:45:00,0.0027725,0.0027725,0.0027635,0.0027648,275883500.0
2026-07-29 07:00:00,0.0027648,0.002767,0.0027572,0.0027661,320395240.0
2026-07-29 07:15:00,0.0027661,0.0027678,0.0027528,0.0027598,384555339.0
2026-07-29 07:30:00,0.0027598,0.0027611,0.0027524,0.0027561,145233686.0
2026-07-29 07:45:00,0.0027561,0.0027671,0.0027527,0.0027664,304524242.0
2026-07-29 08:00:00,0.0027663,0.0027686,0.0027456,0.0027464,587357272.0
2026-07-29 08:15:00,0.0027465,0.0027478,0.0027364,0.0027373,368273454.0
2026-07-29 08:30:00,0.0027373,0.0027506,0.0027355,0.0027493,346673867.0
2026-07-29 08:45:00,0.0027494,0.002756,0.0027427,0.0027437,219170036.0
2026-07-29 09:00:00,0.0027437,0.0027515,0.0027436,0.0027485,361308210.0
2026-07-29 09:15:00,0.0027485,0.0027485,0.0027419,0.0027462,253718178.0
2026-07-29 09:30:00,0.0027462,0.0027534,0.0027413,0.0027427,421630308.0
2026-07-29 09:45:00,0.0027427,0.0027449,0.0027352,0.002743,458533991.0
2026-07-29 10:00:00,0.002743,0.0027436,0.0027382,0.0027434,197995295.0
2026-07-29 10:15:00,0.0027435,0.0027517,0.0027407,0.0027439,396878998.0
2026-07-29 10:30:00,0.0027439,0.002749,0.002741,0.0027474,210771973.0
2026-07-29 10:45:00,0.0027474,0.0027474,0.0027319,0.0027435,467517911.0
2026-07-29 11:00:00,0.0027435,0.0027542,0.0027371,0.0027533,353429133.0
2026-07-29 11:15:00,0.0027533,0.0027548,0.0027453,0.0027469,259034802.0
2026-07-29 11:30:00,0.0027469,0.0027528,0.00274,0.0027464,231194436.0
2026-07-29 11:45:00,0.0027464,0.0027513,0.0027428,0.0027489,260176581.0
2026-07-29 12:00:00,0.0027488,0.0027488,0.0027396,0.0027424,349820127.0
2026-07-29 12:15:00,0.0027424,0.0027424,0.0027253,0.0027324,910108140.0
2026-07-29 12:30:00,0.0027324,0.0027383,0.002728,0.0027377,316490638.0
2026-07-29 12:45:00,0.0027378,0.002745,0.0027371,0.0027405,272137627.0
2026-07-29 13:00:00,0.0027405,0.0027454,0.0027366,0.0027429,255947635.0
2026-07-29 13:15:00,0.002743,0.0027512,0.002736,0.0027458,321506421.0
2026-07-29 13:30:00,0.0027456,0.0027549,0.0027322,0.0027431,1012039944.0
2026-07-29 13:45:00,0.002743,0.0027499,0.0027253,0.0027431,630736469.0
2026-07-29 14:00:00,0.0027431,0.0027476,0.0027205,0.0027239,751531104.0
2026-07-29 14:15:00,0.002724,0.0027329,0.0027054,0.0027169,1462808765.0
2026-07-29 14:30:00,0.0027169,0.0027227,0.0027088,0.0027138,556467250.0
2026-07-29 14:45:00,0.0027138,0.0027262,0.0027113,0.0027156,467609701.0
2026-07-29 15:00:00,0.0027155,0.0027236,0.002711,0.0027179,374720533.0
2026-07-29 15:15:00,0.0027179,0.0027221,0.0027013,0.0027121,623918751.0
2026-07-29 15:30:00,0.0027122,0.0027236,0.0027101,0.002712,437962016.0
2026-07-29 15:45:00,0.002712,0.0027171,0.0027023,0.0027123,467575158.0
2026-07-29 16:00:00,0.0027123,0.0027126,0.0026947,0.0027068,624519106.0
2026-07-29 16:15:00,0.0027069,0.0027249,0.0027056,0.0027183,364056457.0
2026-07-29 16:30:00,0.0027182,0.0027197,0.0027006,0.0027047,495219122.0
2026-07-29 16:45:00,0.0027046,0.0027142,0.0027009,0.0027129,333532201.0
2026-07-29 17:00:00,0.0027129,0.0027268,0.0027122,0.0027259,259157546.0
2026-07-29 17:15:00,0.0027259,0.0027268,0.0027183,0.0027214,280734688.0
2026-07-29 17:30:00,0.0027214,0.0027264,0.0027169,0.0027248,269942110.0
2026-07-29 17:45:00,0.0027248,0.0027436,0.0027225,0.0027429,557472651.0
2026-07-29 18:00:00,0.0027428,0.0027761,0.0027415,0.0027601,2707817902.0
2026-07-29 18:15:00,0.00276,0.0027667,0.0027406,0.0027524,995628854.0
2026-07-29 18:30:00,0.0027524,0.0027704,0.0027279,0.0027666,1174816120.0
2026-07-29 18:45:00,0.0027665,0.002785,0.0027629,0.0027758,1118308822.0
2026-07-29 19:00:00,0.0027758,0.0027844,0.0027609,0.0027641,650552986.0
2026-07-29 19:15:00,0.0027641,0.0027676,0.0027377,0.002744,898447183.0
2026-07-29 19:30:00,0.0027441,0.0027457,0.0027286,0.0027335,621330555.0
2026-07-29 19:45:00,0.0027335,0.0027345,0.0027044,0.0027076,1527834189.0
2026-07-29 20:00:00,0.0027075,0.0027145,0.0026867,0.0027037,1943867943.0
2026-07-29 20:15:00,0.0027037,0.0027094,0.0026657,0.0026819,1360451378.0
2026-07-29 20:30:00,0.002682,0.0027025,0.0026772,0.0026954,560176283.0
2026-07-29 20:45:00,0.0026953,0.0026966,0.0026774,0.0026808,437487637.0
2026-07-29 21:00:00,0.0026807,0.0026876,0.002663,0.0026865,965084368.0
2026-07-29 21:15:00,0.0026864,0.0026933,0.0026682,0.0026931,776415529.0
2026-07-29 21:30:00,0.0026931,0.0026949,0.0026862,0.0026862,279870347.0
2026-07-29 21:45:00,0.0026862,0.0027022,0.0026827,0.0027015,298366596.0
2026-07-29 22:00:00,0.0027014,0.0027255,0.0027013,0.0027152,743942183.0
2026-07-29 22:15:00,0.0027151,0.0027278,0.0027136,0.0027268,477016391.0
2026-07-29 22:30:00,0.0027268,0.0027293,0.0027201,0.0027266,265504112.0
2026-07-29 22:45:00,0.0027266,0.0027271,0.0027214,0.0027257,174176315.0
2026-07-29 23:00:00,0.0027256,0.0027304,0.0027227,0.0027236,210636497.0
2026-07-29 23:15:00,0.0027236,0.002735,0.0027232,0.0027316,175768458.0
2026-07-29 23:30:00,0.0027316,0.0027368,0.002721,0.002727,356229186.0
2026-07-29 23:45:00,0.002727,0.0027303,0.0027224,0.0027259,270854461.0
2026-07-30 00:00:00,0.0027258,0.0027317,0.002721,0.0027276,282501927.0
2026-07-30 00:15:00,0.0027276,0.0027324,0.0027214,0.002724,300424856.0
2026-07-30 00:30:00,0.002724,0.0027242,0.0027024,0.0027048,676113325.0
2026-07-30 00:45:00,0.0027047,0.0027209,0.0027038,0.0027209,457726158.0
2026-07-30 01:00:00,0.0027209,0.0027365,0.0027165,0.002718,555745663.0
2026-07-30 01:15:00,0.002718,0.0027326,0.002716,0.0027305,231783982.0
2026-07-30 01:30:00,0.0027304,0.0027512,0.0027304,0.0027452,735181038.0
2026-07-30 01:45:00,0.0027453,0.0027592,0.0027422,0.0027505,411339015.0
2026-07-30 02:00:00,0.0027504,0.0027658,0.0027485,0.0027597,518070518.0
2026-07-30 02:15:00,0.0027596,0.0027596,0.0027486,0.0027509,282295299.0
2026-07-30 02:30:00,0.0027509,0.0027597,0.0027432,0.0027553,376022503.0
2026-07-30 02:45:00,0.0027553,0.002761,0.0027467,0.0027494,206653283.0
2026-07-30 03:00:00,0.0027493,0.0027609,0.0027481,0.0027505,338391625.0
2026-07-30 03:15:00,0.0027505,0.002761,0.0027496,0.0027558,216648125.0
2026-07-30 03:30:00,0.0027558,0.0027558,0.0027481,0.0027505,157046036.0
2026-07-30 03:45:00,0.0027506,0.0027546,0.0027494,0.0027516,176798400.0
2026-07-30 04:00:00,0.0027515,0.0027524,0.0027475,0.002751,169201058.0
2026-07-30 04:15:00,0.0027509,0.002756,0.0027467,0.0027513,244703150.0
2026-07-30 04:30:00,0.0027513,0.0027558,0.0027402,0.0027435,262127201.0
2026-07-30 04:45:00,0.0027434,0.0027467,0.0027317,0.0027348,374230414.0
2026-07-30 05:00:00,0.0027347,0.0027364,0.0027281,0.0027344,328889011.0
2026-07-30 05:15:00,0.0027344,0.0027397,0.0027311,0.002737,193829567.0
2026-07-30 05:30:00,0.0027371,0.0027498,0.0027366,0.0027458,254375348.0
2026-07-30 05:45:00,0.0027458,0.00275,0.0027375,0.0027457,220385984.0
2026-07-30 06:00:00,0.0027456,0.0027466,0.0027375,0.0027436,219886012.0
2026-07-30 06:15:00,0.0027436,0.0027441,0.0027395,0.0027436,143243529.0
2026-07-30 06:30:00,0.0027435,0.0027436,0.0027372,0.0027386,157604407.0
2026-07-30 06:45:00,0.0027386,0.0027407,0.002731,0.0027366,170657828.0
2026-07-30 07:00:00,0.0027366,0.0027476,0.0027349,0.0027413,224044222.0
2026-07-30 07:15:00,0.0027413,0.0027443,0.0027367,0.0027395,179887016.0
2026-07-30 07:30:00,0.0027396,0.0027399,0.0027312,0.0027361,312011850.0
2026-07-30 07:45:00,0.0027361,0.0027376,0.0027316,0.0027326,147335437.0
2026-07-30 08:00:00,0.0027326,0.002735,0.0027278,0.002731,302615144.0
2026-07-30 08:15:00,0.002731,0.0027537,0.0027287,0.0027483,322650018.0
2026-07-30 08:30:00,0.0027483,0.0027549,0.0027418,0.002749,412319459.0
2026-07-30 08:45:00,0.0027489,0.0027489,0.0027415,0.0027453,115385606.0
2026-07-30 09:00:00,0.0027452,0.0027514,0.002744,0.0027494,191914625.0
2026-07-30 09:15:00,0.0027493,0.0027493,0.0027431,0.0027441,186185980.0
2026-07-30 09:30:00,0.0027441,0.002754,0.0027402,0.0027428,428846468.0
2026-07-30 09:45:00,0.0027428,0.0027484,0.0027406,0.0027481,174699521.0
2026-07-30 10:00:00,0.002748,0.0027588,0.0027473,0.0027546,301177993.0
2026-07-30 10:15:00,0.0027545,0.0027584,0.0027536,0.0027553,226953956.0
2026-07-30 10:30:00,0.0027552,0.0027678,0.0027506,0.0027605,640320370.0
2026-07-30 10:45:00,0.0027604,0.0027646,0.0027477,0.0027499,291402718.0
2026-07-30 11:00:00,0.0027498,0.002759,0.0027474,0.0027528,234694306.0
2026-07-30 11:15:00,0.0027531,0.0027579,0.0027488,0.0027505,177543766.0
2026-07-30 11:30:00,0.0027505,0.0027601,0.00275,0.0027546,136573444.0
2026-07-30 11:45:00,0.0027546,0.0027679,0.0027546,0.0027606,310614822.0
2026-07-30 12:00:00,0.0027605,0.0027705,0.0027605,0.0027679,302088073.0
2026-07-30 12:15:00,0.0027679,0.002769,0.0027516,0.0027531,355193479.0
2026-07-30 12:30:00,0.002753,0.0027606,0.0027459,0.0027515,461103550.0
2026-07-30 12:45:00,0.0027515,0.0027614,0.0027507,0.0027578,167706656.0
2026-07-30 13:00:00,0.0027578,0.0027588,0.0027504,0.0027547,233879820.0
2026-07-30 13:15:00,0.0027546,0.0027607,0.0027531,0.0027547,219938535.0
2026-07-30 13:30:00,0.0027546,0.0027707,0.0027506,0.0027679,539111399.0
2026-07-30 13:45:00,0.0027679,0.0027848,0.0027675,0.0027736,966654609.0
2026-07-30 14:00:00,0.0027732,0.0027774,0.002759,0.0027611,887107287.0
2026-07-30 14:15:00,0.002761,0.002782,0.0027445,0.0027743,1369665402.0
2026-07-30 14:30:00,0.0027742,0.0027875,0.0027715,0.002786,817430716.0
2026-07-30 14:45:00,0.0027859,0.0027865,0.0027722,0.0027792,595621851.0
2026-07-30 15:00:00,0.0027791,0.0027851,0.0027676,0.0027718,717175704.0
2026-07-30 15:15:00,0.0027718,0.0027804,0.0027615,0.0027629,346954247.0
2026-07-30 15:30:00,0.0027628,0.00277,0.0027581,0.0027683,332609227.0
2026-07-30 15:45:00,0.0027683,0.0027725,0.0027641,0.0027674,280631227.0
2026-07-30 16:00:00,0.0027674,0.0027794,0.0027651,0.0027697,584056815.0
2026-07-30 16:15:00,0.0027697,0.0027709,0.0027597,0.0027629,383557910.0
2026-07-30 16:30:00,0.0027629,0.0027687,0.0027584,0.0027624,344844503.0
2026-07-30 16:45:00,0.0027623,0.002773,0.0027609,0.0027684,190619699.0
2026-07-30 17:00:00,0.0027684,0.0027726,0.0027592,0.0027633,221342529.0
2026-07-30 17:15:00,0.0027633,0.0027794,0.0027629,0.002776,249377317.0
2026-07-30 17:30:00,0.002776,0.0027859,0.0027736,0.002782,405169570.0
2026-07-30 17:45:00,0.0027819,0.0027872,0.002778,0.002783,427377860.0
2026-07-30 18:00:00,0.002783,0.0027868,0.0027709,0.0027725,457791021.0
2026-07-30 18:15:00,0.0027725,0.0027827,0.0027684,0.0027813,219126905.0
2026-07-30 18:30:00,0.0027814,0.0027838,0.0027719,0.0027723,442323161.0
2026-07-30 18:45:00,0.0027721,0.0027741,0.0027652,0.002766,204863475.0
2026-07-30 19:00:00,0.0027659,0.0027704,0.0027644,0.0027682,258828475.0
2026-07-30 19:15:00,0.0027683,0.00278,0.0027652,0.0027731,250949039.0
2026-07-30 19:30:00,0.0027731,0.0027758,0.0027705,0.0027755,144826587.0
2026-07-30 19:45:00,0.0027755,0.0027809,0.0027735,0.0027781,220828416.0
2026-07-30 20:00:00,0.0027782,0.0027896,0.0027708,0.0027711,533379751.0
2026-07-30 20:15:00,0.002771,0.0027752,0.0027688,0.0027715,149187626.0
2026-07-30 20:30:00,0.0027715,0.0027789,0.002769,0.0027767,207320588.0
2026-07-30 20:45:00,0.0027768,0.0027856,0.0027766,0.0027796,203156081.0
2026-07-30 21:00:00,0.0027796,0.0027866,0.0027781,0.0027839,179331046.0
2026-07-30 21:15:00,0.002784,0.0027865,0.0027768,0.0027782,137428698.0
2026-07-30 21:30:00,0.0027782,0.0027869,0.0027782,0.0027803,101034366.0
2026-07-30 21:45:00,0.0027804,0.0027806,0.0027721,0.0027747,126551054.0
2026-07-30 22:00:00,0.0027746,0.0027847,0.0027694,0.00278,333204907.0
2026-07-30 22:15:00,0.00278,0.0027865,0.0027755,0.0027845,202115122.0
2026-07-30 22:30:00,0.0027845,0.0027863,0.0027791,0.0027818,178072812.0
2026-07-30 22:45:00,0.0027819,0.0027869,0.0027764,0.0027765,244048821.0
2026-07-30 23:00:00,0.0027764,0.0027775,0.0027724,0.0027768,154974065.0
2026-07-30 23:15:00,0.0027768,0.0027796,0.0027724,0.0027782,161185481.0
2026-07-30 23:30:00,0.0027781,0.0027876,0.0027694,0.0027706,546615858.0
2026-07-30 23:45:00,0.0027706,0.0027732,0.0027589,0.0027618,675128731.0
2026-07-31 00:00:00,0.0027619,0.0027679,0.0027571,0.0027655,464997776.0
2026-07-31 00:15:00,0.0027655,0.0027672,0.0027602,0.0027672,178418701.0
2026-07-31 00:30:00,0.0027672,0.0027762,0.0027647,0.0027743,227882714.0
2026-07-31 00:45:00,0.0027744,0.0027775,0.0027699,0.0027758,236161881.0
2026-07-31 01:00:00,0.0027759,0.0028091,0.0027759,0.0027953,920753269.0
2026-07-31 01:15:00,0.0027953,0.0028,0.0027861,0.002796,422302846.0
2026-07-31 01:30:00,0.0027959,0.0027961,0.0027797,0.0027811,440306519.0
2026-07-31 01:45:00,0.0027811,0.0027836,0.0027591,0.0027636,625535887.0
2026-07-31 02:00:00,0.0027635,0.002767,0.0027532,0.0027567,443077705.0
2026-07-31 02:15:00,0.0027566,0.0027567,0.0027463,0.0027485,559013417.0
2026-07-31 02:30:00,0.0027484,0.0027503,0.0027265,0.0027306,961137472.0
2026-07-31 02:45:00,0.0027306,0.0027384,0.0027283,0.0027348,351512996.0
2026-07-31 03:00:00,0.0027348,0.0027348,0.0027131,0.0027267,829034075.0
2026-07-31 03:15:00,0.0027267,0.0027485,0.0027224,0.0027421,685970130.0
2026-07-31 03:30:00,0.0027422,0.002748,0.0027413,0.0027468,237413477.0
2026-07-31 03:45:00,0.0027468,0.0027522,0.0027426,0.0027436,307539454.0
2026-07-31 04:00:00,0.0027436,0.002748,0.0027361,0.0027376,199731322.0
2026-07-31 04:15:00,0.0027375,0.0027395,0.0027277,0.002737,256432291.0
2026-07-31 04:30:00,0.002737,0.0027447,0.0027366,0.0027439,195865540.0
2026-07-31 04:45:00,0.002744,0.002746,0.0027384,0.0027419,134295108.0
2026-07-31 05:00:00,0.002742,0.0027528,0.002742,0.0027528,276709026.0
2026-07-31 05:15:00,0.0027529,0.0027563,0.0027446,0.0027447,263861335.0
2026-07-31 05:30:00,0.0027447,0.0027481,0.0027384,0.0027395,231219737.0
2026-07-31 05:45:00,0.0027391,0.0027439,0.0027377,0.0027421,184638594.0
2026-07-31 06:00:00,0.0027422,0.0027477,0.0027398,0.0027443,250336186.0
2026-07-31 06:15:00,0.0027444,0.002748,0.0027406,0.0027479,155042604.0
2026-07-31 06:30:00,0.0027479,0.0027479,0.0027345,0.0027352,256643155.0
2026-07-31 06:45:00,0.0027352,0.0027417,0.0027315,0.0027376,234358368.0
2026-07-31 07:00:00,0.0027376,0.0027376,0.0027175,0.0027291,381134560.0
2026-07-31 07:15:00,0.0027291,0.0027334,0.0027241,0.0027243,249746849.0
2026-07-31 07:30:00,0.0027241,0.0027374,0.0027222,0.0027366,298861906.0
2026-07-31 07:45:00,0.0027366,0.0027532,0.0027366,0.0027373,386363542.0
2026-07-31 08:00:00,0.0027374,0.0027456,0.0027348,0.0027369,308668550.0
2026-07-31 08:15:00,0.0027368,0.0027389,0.0027293,0.0027304,244184010.0
2026-07-31 08:30:00,0.0027303,0.0027341,0.0027258,0.0027316,333468058.0
2026-07-31 08:45:00,0.0027316,0.0027388,0.0027313,0.0027346,227977982.0
2026-07-31 09:00:00,0.0027347,0.0027368,0.0027308,0.0027324,169240869.0
2026-07-31 09:15:00,0.0027324,0.0027341,0.0027193,0.0027274,344956217.0
2026-07-31 09:30:00,0.0027273,0.0027283,0.0027188,0.0027238,298803516.0
2026-07-31 09:45:00,0.0027238,0.0027287,0.002722,0.0027237,158004965.0
2026-07-31 10:00:00,0.0027237,0.0027324,0.0027136,0.0027294,469738105.0
2026-07-31 10:15:00,0.0027294,0.0027391,0.0027255,0.0027345,341122010.0
2026-07-31 10:30:00,0.0027345,0.0027386,0.0027331,0.0027385,242945711.0
2026-07-31 10:45:00,0.0027385,0.0027415,0.002727,0.0027337,355541780.0
2026-07-31 11:00:00,0.0027338,0.0027439,0.0027315,0.0027326,221328369.0
2026-07-31 11:15:00,0.0027326,0.0027427,0.0027276,0.0027356,224769778.0
2026-07-31 11:30:00,0.0027357,0.0027363,0.0027289,0.0027291,122810654.0
2026-07-31 11:45:00,0.0027291,0.0027358,0.0027285,0.0027357,109796844.0
2026-07-31 12:00:00,0.0027358,0.0027365,0.0027274,0.0027307,328835428.0
2026-07-31 12:15:00,0.0027306,0.0027506,0.0027286,0.0027451,386410830.0
2026-07-31 12:30:00,0.0027451,0.0027462,0.0027389,0.0027422,419155219.0
2026-07-31 12:45:00,0.0027423,0.0027595,0.0027413,0.0027594,498550219.0
2026-07-31 13:00:00,0.0027595,0.0027798,0.0027571,0.0027715,1006766804.0
2026-07-31 13:15:00,0.0027715,0.0027806,0.0027703,0.0027744,695090074.0
2026-07-31 13:30:00,0.0027745,0.0027773,0.0027605,0.0027627,911450234.0
2026-07-31 13:45:00,0.0027629,0.0027645,0.0027401,0.0027457,1675471539.0
2026-07-31 14:00:00,0.0027457,0.0027626,0.0027157,0.0027576,2290646758.0
2026-07-31 14:15:00,0.0027575,0.0027675,0.0027503,0.0027546,1368753264.0
2026-07-31 14:30:00,0.0027546,0.002768,0.0027343,0.0027385,925264247.0
2026-07-31 14:45:00,0.0027384,0.0027489,0.0027306,0.0027355,600510133.0
2026-07-31 15:00:00,0.0027355,0.0027388,0.0027276,0.0027371,502887628.0
2026-07-31 15:15:00,0.0027372,0.002745,0.0027183,0.0027261,713477137.0
2026-07-31 15:30:00,0.0027261,0.0027365,0.0027199,0.0027276,449178415.0
2026-07-31 15:45:00,0.0027277,0.0027339,0.0027155,0.0027195,424841157.0
2026-07-31 16:00:00,0.0027195,0.0027443,0.0027154,0.0027388,462155584.0
2026-07-31 16:15:00,0.0027389,0.0027461,0.002728,0.0027449,326162377.0
2026-07-31 16:30:00,0.0027449,0.002749,0.00274,0.002747,356748430.0
2026-07-31 16:45:00,0.0027471,0.0027832,0.0027471,0.0027709,1203917659.0
2026-07-31 17:00:00,0.0027709,0.0027823,0.0027628,0.0027679,598472621.0
2026-07-31 17:15:00,0.0027678,0.0027866,0.0027563,0.0027808,893791043.0
2026-07-31 17:30:00,0.002781,0.0028034,0.0027764,0.0027931,1220544310.0
2026-07-31 17:45:00,0.002793,0.0028249,0.002791,0.0027922,1275310833.0
2026-07-31 18:00:00,0.0027923,0.0027999,0.0027828,0.0027867,751869713.0
2026-07-31 18:15:00,0.0027866,0.0027986,0.0027761,0.0027784,639468226.0
2026-07-31 18:30:00,0.0027784,0.0027835,0.0027541,0.0027628,762301674.0
2026-07-31 18:45:00,0.0027628,0.00278,0.0027624,0.0027719,399322977.0
2026-07-31 19:00:00,0.0027717,0.0027796,0.0027568,0.002763,270592589.0
2026-07-31 19:15:00,0.002763,0.0027653,0.0027545,0.0027618,363574694.0
2026-07-31 19:30:00,0.0027618,0.0027626,0.0027422,0.0027473,562228788.0
2026-07-31 19:45:00,0.0027475,0.0027558,0.002745,0.0027522,337844372.0
2026-07-31 20:00:00,0.0027522,0.0027638,0.0027495,0.002763,242816617.0
2026-07-31 20:15:00,0.0027631,0.0027714,0.0027598,0.0027661,250257073.0
2026-07-31 20:30:00,0.002766,0.0027662,0.0027539,0.0027576,189705400.0
2026-07-31 20:45:00,0.0027576,0.0027588,0.002743,0.0027475,419613028.0
2026-07-31 21:00:00,0.0027475,0.002757,0.0027381,0.0027532,300945409.0
2026-07-31 21:15:00,0.0027532,0.0027655,0.0027521,0.0027573,200469523.0
2026-07-31 21:30:00,0.0027573,0.0027589,0.0027481,0.0027552,248446141.0
2026-07-31 21:45:00,0.0027552,0.0027583,0.0027406,0.0027433,261579764.0
2026-07-31 22:00:00,0.0027432,0.0027521,0.0027362,0.0027477,388185843.0
2026-07-31 22:15:00,0.0027477,0.0027556,0.0027454,0.0027539,146095503.0
2026-07-31 22:30:00,0.0027539,0.0027576,0.0027488,0.0027535,212138556.0
2026-07-31 22:45:00,0.0027535,0.0027562,0.00275,0.0027521,100163456.0
2026-07-31 23:00:00,0.0027521,0.0027628,0.0027513,0.0027546,256181070.0
2026-07-31 23:15:00,0.0027546,0.002756,0.0027513,0.0027539,80919606.0
2026-07-31 23:30:00,0.0027538,0.0027677,0.0027538,0.002767,191999571.0
2026-07-31 23:45:00,0.002767,0.0027672,0.0027459,0.0027544,433440642.0
2026-08-01 00:00:00,0.0027544,0.0027722,0.0027544,0.0027652,401832631.0
2026-08-01 00:15:00,0.0027653,0.002772,0.0027597,0.0027704,175647220.0
2026-08-01 00:30:00,0.0027704,0.0027903,0.0027633,0.0027846,604221377.0
2026-08-01 00:45:00,0.0027847,0.0027878,0.0027714,0.0027855,523273799.0
2026-08-01 01:00:00,0.0027856,0.0027936,0.0027761,0.002785,451113230.0
2026-08-01 01:15:00,0.002785,0.002787,0.0027735,0.0027783,372521616.0
2026-08-01 01:30:00,0.0027784,0.0027917,0.002777,0.0027869,446981654.0
2026-08-01 01:45:00,0.0027869,0.0027883,0.0027765,0.0027863,272821419.0
2026-08-01 02:00:00,0.0027864,0.0027897,0.0027763,0.0027826,262294952.0
2026-08-01 02:15:00,0.0027826,0.0027884,0.0027806,0.0027845,191073479.0
2026-08-01 02:30:00,0.0027846,0.0027862,0.0027714,0.0027719,219130916.0
2026-08-01 02:45:00,0.0027719,0.0027818,0.0027672,0.0027746,296786177.0
2026-08-01 03:00:00,0.0027747,0.0027791,0.0027669,0.0027711,245090879.0
2026-08-01 03:15:00,0.0027711,0.0027788,0.0027689,0.0027713,257312505.0
2026-08-01 03:30:00,0.0027712,0.0027838,0.0027706,0.0027772,255819644.0
2026-08-01 03:45:00,0.0027772,0.0027845,0.0027719,0.0027842,225833023.0
2026-08-01 04:00:00,0.0027843,0.0027965,0.0027823,0.0027861,419444712.0
2026-08-01 04:15:00,0.0027862,0.0028036,0.002784,0.0027981,431899296.0
2026-08-01 04:30:00,0.0027982,0.0028048,0.0027905,0.002797,277582316.0
2026-08-01 04:45:00,0.002797,0.0027995,0.0027904,0.0027914,280114080.0
2026-08-01 05:00:00,0.0027915,0.0027989,0.002791,0.0027957,227020184.0
2026-08-01 05:15:00,0.0027958,0.0027966,0.0027852,0.0027854,335174247.0
2026-08-01 05:30:00,0.0027855,0.0027971,0.0027813,0.0027825,380960967.0
2026-08-01 05:45:00,0.0027825,0.002797,0.0027784,0.0027952,515921396.0
2026-08-01 06:00:00,0.0027952,0.0027997,0.0027889,0.0027899,411619151.0
2026-08-01 06:15:00,0.0027899,0.0027951,0.0027849,0.00279,285644330.0
2026-08-01 06:30:00,0.00279,0.002791,0.0027816,0.002787,211924500.0
2026-08-01 06:45:00,0.0027871,0.0027924,0.0027842,0.0027887,152072226.0
2026-08-01 07:00:00,0.0027886,0.0027931,0.0027863,0.0027897,259908882.0
2026-08-01 07:15:00,0.0027896,0.0027904,0.0027805,0.0027822,226956124.0
2026-08-01 07:30:00,0.0027822,0.0027871,0.0027803,0.0027855,198025355.0
2026-08-01 07:45:00,0.0027856,0.0027859,0.0027781,0.0027784,157608153.0
2026-08-01 08:00:00,0.0027784,0.0027813,0.0027723,0.0027737,427418388.0
2026-08-01 08:15:00,0.0027737,0.002781,0.0027728,0.0027772,213900692.0
2026-08-01 08:30:00,0.0027772,0.0027873,0.0027772,0.0027799,424750867.0
2026-08-01 08:45:00,0.0027799,0.0027867,0.0027734,0.0027821,227941901.0
2026-08-01 09:00:00,0.0027821,0.0027829,0.0027665,0.0027735,315247435.0
2026-08-01 09:15:00,0.0027735,0.0027759,0.0027614,0.0027637,467115916.0
2026-08-01 09:30:00,0.0027636,0.0027716,0.0027622,0.0027679,401317295.0
2026-08-01 09:45:00,0.0027679,0.0027685,0.0027628,0.0027651,205905305.0
2026-08-01 10:00:00,0.0027652,0.0027669,0.0027445,0.0027524,1202441553.0
2026-08-01 10:15:00,0.0027525,0.0027576,0.0027502,0.0027538,227473837.0
2026-08-01 10:30:00,0.0027539,0.0027543,0.0027406,0.0027469,367046110.0
2026-08-01 10:45:00,0.0027469,0.0027483,0.0027424,0.0027466,248444229.0
2026-08-01 11:00:00,0.0027465,0.0027535,0.0027423,0.0027533,335310703.0
2026-08-01 11:15:00,0.0027533,0.0027549,0.0027498,0.0027515,239929133.0
2026-08-01 11:30:00,0.0027515,0.0027546,0.0027499,0.0027523,202598326.0
2026-08-01 11:45:00,0.0027523,0.0027576,0.00275,0.0027553,179360943.0
2026-08-01 12:00:00,0.0027553,0.00276,0.0027527,0.002756,305953911.0
2026-08-01 12:15:00,0.0027561,0.0027591,0.0027542,0.0027575,204618586.0
2026-08-01 12:30:00,0.0027575,0.0027575,0.0027494,0.0027515,215665350.0
2026-08-01 12:45:00,0.0027514,0.002762,0.0027506,0.0027561,261767017.0
2026-08-01 13:00:00,0.0027561,0.0027694,0.0027545,0.0027669,326870144.0
2026-08-01 13:15:00,0.002767,0.0027672,0.002762,0.0027629,160151615.0
2026-08-01 13:30:00,0.0027629,0.0027678,0.00276,0.0027628,206106193.0
2026-08-01 13:45:00,0.0027629,0.0027668,0.0027584,0.0027639,117686507.0
2026-08-01 14:00:00,0.002764,0.0027712,0.0027582,0.0027604,176325752.0
2026-08-01 14:15:00,0.0027604,0.0027679,0.0027598,0.0027644,182023123.0
2026-08-01 14:30:00,0.0027645,0.0027654,0.0027596,0.002763,204509249.0
2026-08-01 14:45:00,0.0027631,0.0027705,0.0027608,0.0027705,182625249.0
2026-08-01 15:00:00,0.0027705,0.0027706,0.0027645,0.0027667,177710460.0
2026-08-01 15:15:00,0.0027668,0.0027668,0.0027529,0.0027579,227405695.0
2026-08-01 15:30:00,0.0027579,0.0027819,0.0027554,0.0027759,713944821.0
2026-08-01 15:45:00,0.002776,0.0028069,0.002776,0.0027995,1416550979.0
2026-08-01 16:00:00,0.0027996,0.0028129,0.002791,0.0027928,1248228572.0
2026-08-01 16:15:00,0.0027929,0.0028049,0.0027908,0.0027971,531630617.0
2026-08-01 16:30:00,0.0027971,0.0028087,0.0027884,0.0027946,837258694.0
2026-08-01 16:45:00,0.0027947,0.0027956,0.0027675,0.0027817,791271356.0
2026-08-01 17:00:00,0.0027817,0.002787,0.0027703,0.0027748,481406490.0
2026-08-01 17:15:00,0.0027748,0.0027906,0.0027704,0.0027768,399999805.0
2026-08-01 17:30:00,0.0027768,0.002777,0.0027552,0.0027621,952590172.0
2026-08-01 17:45:00,0.0027621,0.0027627,0.0027444,0.0027575,589158728.0
2026-08-01 18:00:00,0.0027576,0.0027628,0.0027513,0.0027557,426045550.0
2026-08-01 18:15:00,0.0027557,0.0027562,0.0027431,0.0027519,557381468.0
2026-08-01 18:30:00,0.0027519,0.0027546,0.0027234,0.0027421,2026021822.0
2026-08-01 18:45:00,0.0027421,0.0027536,0.0027232,0.0027521,1178722515.0
2026-08-01 19:00:00,0.002752,0.0027752,0.0027478,0.0027689,1671747010.0
2026-08-01 19:15:00,0.002769,0.0027718,0.0027506,0.002755,1327853483.0
2026-08-01 19:30:00,0.002755,0.0027599,0.0027516,0.0027539,231134719.0
2026-08-01 19:45:00,0.002754,0.0027722,0.002754,0.0027619,281897481.0
2026-08-01 20:00:00,0.002762,0.0027732,0.0027556,0.0027723,294603531.0
2026-08-01 20:15:00,0.0027724,0.0027749,0.0027616,0.0027628,231207672.0
2026-08-01 20:30:00,0.0027628,0.0027628,0.002745,0.0027524,322226106.0
2026-08-01 20:45:00,0.0027524,0.0027577,0.0027448,0.0027549,282436543.0
2026-08-01 21:00:00,0.0027549,0.0027696,0.0027543,0.0027641,230747731.0
2026-08-01 21:15:00,0.0027641,0.0027703,0.0027612,0.0027652,165215854.0
2026-08-01 21:30:00,0.0027653,0.00278,0.0027646,0.0027765,435799587.0
2026-08-01 21:45:00,0.0027766,0.0027857,0.0027701,0.0027747,294590076.0
2026-08-01 22:00:00,0.0027748,0.0027788,0.0027709,0.0027746,154972727.0
2026-08-01 22:15:00,0.0027746,0.0027796,0.0027707,0.0027755,265333531.0
2026-08-01 22:30:00,0.0027756,0.0027773,0.0027726,0.0027733,105727867.0
2026-08-01 22:45:00,0.0027734,0.0027758,0.002768,0.0027694,100822853.0
2026-08-01 23:00:00,0.0027694,0.0027799,0.002769,0.002773,183689520.0
2026-08-01 23:15:00,0.0027731,0.0027781,0.0027716,0.0027769,166904385.0
2026-08-01 23:30:00,0.002777,0.0027773,0.0027699,0.0027734,176707161.0
2026-08-01 23:45:00,0.0027735,0.0027764,0.0027698,0.0027749,100154253.0
2026-08-02 00:00:00,0.0027749,0.0027932,0.0027738,0.0027886,440676761.0
2026-08-02 00:15:00,0.0027887,0.0027922,0.0027816,0.0027826,265040242.0
2026-08-02 00:30:00,0.0027827,0.0027909,0.0027776,0.0027839,289963514.0
2026-08-02 00:45:00,0.002784,0.0027922,0.0027794,0.0027868,259468514.0
2026-08-02 01:00:00,0.0027869,0.0028208,0.0027869,0.0028157,1813104267.0
2026-08-02 01:15:00,0.0028157,0.0028246,0.0028112,0.0028187,802125886.0
2026-08-02 01:30:00,0.0028187,0.0028318,0.0028158,0.0028282,599396762.0
2026-08-02 01:45:00,0.0028282,0.0028658,0.0028255,0.0028584,1405251691.0
2026-08-02 02:00:00,0.0028584,0.0028788,0.0028476,0.0028713,1981235860.0
2026-08-02 02:15:00,0.0028713,0.0028823,0.0028607,0.0028653,985793962.0
2026-08-02 02:30:00,0.0028653,0.002867,0.0028506,0.0028567,627117350.0
2026-08-02 02:45:00,0.0028567,0.0028656,0.0028447,0.0028631,646098711.0
2026-08-02 03:00:00,0.0028631,0.0028743,0.0028592,0.0028739,388067052.0
2026-08-02 03:15:00,0.0028737,0.0028777,0.0028633,0.0028763,485840720.0
2026-08-02 03:30:00,0.0028762,0.0028958,0.0028745,0.0028791,1078901764.0
2026-08-02 03:45:00,0.0028791,0.0028809,0.0028679,0.0028752,883748735.0
2026-08-02 04:00:00,0.0028752,0.002885,0.0028656,0.0028807,986980740.0
2026-08-02 04:15:00,0.0028807,0.0028911,0.002877,0.0028797,635738684.0
2026-08-02 04:30:00,0.0028796,0.0028823,0.0028726,0.0028778,473228188.0
2026-08-02 04:45:00,0.002878,0.0028897,0.0028776,0.0028882,294321705.0
2026-08-02 05:00:00,0.0028881,0.0028951,0.0028839,0.0028847,567143140.0
2026-08-02 05:15:00,0.0028847,0.0029,0.0028803,0.0028895,625639986.0
2026-08-02 05:30:00,0.0028895,0.0029283,0.0028851,0.0029266,1402549499.0
2026-08-02 05:45:00,0.0029265,0.0029421,0.0029158,0.0029359,1078400758.0
2026-08-02 06:00:00,0.0029359,0.0029585,0.002924,0.0029247,1293568904.0
2026-08-02 06:15:00,0.0029248,0.0029316,0.0029183,0.0029274,646498752.0
2026-08-02 06:30:00,0.0029273,0.0029307,0.0029181,0.0029252,468633199.0
2026-08-02 06:45:00,0.0029252,0.002937,0.0029238,0.0029241,406296705.0
2026-08-02 07:00:00,0.0029241,0.0029396,0.0029229,0.0029273,367459490.0
2026-08-02 07:15:00,0.0029272,0.0029299,0.0029185,0.0029277,362829418.0
2026-08-02 07:30:00,0.0029282,0.0029366,0.0029239,0.0029304,383962545.0
2026-08-02 07:45:00,0.0029304,0.0029491,0.0029304,0.002948,442521089.0
2026-08-02 08:00:00,0.002948,0.002955,0.0029286,0.0029337,778604854.0
2026-08-02 08:15:00,0.0029337,0.0029371,0.0029187,0.0029237,413075980.0
2026-08-02 08:30:00,0.0029238,0.0029241,0.0029031,0.0029153,1045040597.0
2026-08-02 08:45:00,0.0029153,0.0029177,0.0029093,0.0029134,325290496.0
2026-08-02 09:00:00,0.0029133,0.0029252,0.0029036,0.0029223,633037001.0
2026-08-02 09:15:00,0.0029224,0.002924,0.0029065,0.0029075,310250747.0
2026-08-02 09:30:00,0.0029075,0.0029121,0.0029016,0.0029061,337631252.0
2026-08-02 09:45:00,0.0029061,0.0029225,0.002906,0.0029166,536572727.0
2026-08-02 10:00:00,0.0029166,0.0029196,0.0029079,0.00291,241568569.0
2026-08-02 10:15:00,0.0029099,0.002911,0.0028909,0.0028942,642879230.0
2026-08-02 10:30:00,0.0028942,0.0029107,0.0028921,0.002904,455938400.0
2026-08-02 10:45:00,0.002904,0.0029059,0.0028928,0.0028945,275048507.0
2026-08-02 11:00:00,0.0028945,0.0028978,0.0028925,0.0028966,185959429.0
2026-08-02 11:15:00,0.0028966,0.002904,0.0028946,0.0028951,231677573.0
2026-08-02 11:30:00,0.0028951,0.0029057,0.0028928,0.002893,313418717.0
2026-08-02 11:45:00,0.0028929,0.0029092,0.0028888,0.0028963,651048190.0
2026-08-02 12:00:00,0.0028964,0.0029044,0.0028933,0.0028987,286340369.0
2026-08-02 12:15:00,0.0028986,0.0029048,0.0028926,0.0028958,231547156.0
2026-08-02 12:30:00,0.0028958,0.0028973,0.0028856,0.0028947,348239679.0
2026-08-02 12:45:00,0.0028947,0.0028994,0.0028919,0.0028972,248923776.0
2026-08-02 13:00:00,0.0028971,0.0029056,0.002894,0.0028947,309691951.0
2026-08-02 13:15:00,0.0028947,0.0028989,0.0028865,0.0028933,406948636.0
2026-08-02 13:30:00,0.0028934,0.0028999,0.0028877,0.0028943,356614910.0
2026-08-02 13:45:00,0.0028943,0.0028983,0.0028929,0.0028942,158840496.0
2026-08-02 14:00:00,0.0028941,0.0028992,0.002893,0.0028952,172504847.0
2026-08-02 14:15:00,0.0028952,0.0029112,0.0028926,0.002906,444339273.0
2026-08-02 14:30:00,0.002906,0.0029429,0.0029015,0.0029411,1352211428.0
2026-08-02 14:45:00,0.0029409,0.0029639,0.0029148,0.0029195,1774221224.0
2026-08-02 15:00:00,0.0029195,0.0029258,0.0029103,0.0029131,502937942.0
2026-08-02 15:15:00,0.002913,0.0029187,0.0029042,0.0029055,403371144.0
2026-08-02 15:30:00,0.0029055,0.0029098,0.0029024,0.0029041,366565499.0
2026-08-02 15:45:00,0.0029042,0.0029085,0.0028956,0.0028996,408274893.0
2026-08-02 16:00:00,0.0028997,0.0029036,0.0028863,0.0028875,543721478.0
2026-08-02 16:15:00,0.0028873,0.0029097,0.0028868,0.0029046,599169499.0
2026-08-02 16:30:00,0.0029046,0.0029194,0.0029035,0.0029143,584268681.0
2026-08-02 16:45:00,0.0029144,0.0029168,0.0029047,0.0029083,264065730.0
2026-08-02 17:00:00,0.0029083,0.0029256,0.0029055,0.0029243,336077267.0
2026-08-02 17:15:00,0.0029243,0.0029244,0.0029137,0.0029173,231961107.0
2026-08-02 17:30:00,0.0029173,0.0029211,0.0029153,0.0029182,158891147.0
2026-08-02 17:45:00,0.0029182,0.0029197,0.0029114,0.0029123,171384288.0
2026-08-02 18:00:00,0.0029122,0.0029123,0.0029057,0.0029084,209798717.0
2026-08-02 18:15:00,0.0029083,0.0029144,0.0029032,0.002907,216062297.0
2026-08-02 18:30:00,0.002907,0.0029238,0.0029053,0.0029153,391019457.0
2026-08-02 18:45:00,0.0029154,0.0029202,0.0029121,0.0029124,285066472.0
2026-08-02 19:00:00,0.0029124,0.0029174,0.0029095,0.002916,116176531.0
2026-08-02 19:15:00,0.002916,0.0029253,0.0029112,0.0029155,1111524226.0
2026-08-02 19:30:00,0.0029154,0.002919,0.002913,0.0029175,199501430.0
2026-08-02 19:45:00,0.0029175,0.0029212,0.0029159,0.0029184,108758147.0
2026-08-02 20:00:00,0.0029184,0.0029196,0.0029121,0.002918,138156107.0
2026-08-02 20:15:00,0.002918,0.002918,0.0029119,0.0029152,104195295.0
2026-08-02 20:30:00,0.0029154,0.0029173,0.0029081,0.0029099,101755199.0
2026-08-02 20:45:00,0.0029099,0.0029153,0.0029059,0.0029075,131164624.0
2026-08-02 21:00:00,0.0029075,0.0029122,0.0029057,0.0029103,131602958.0
2026-08-02 21:15:00,0.0029103,0.0029112,0.0029055,0.0029091,73029050.0
2026-08-02 21:30:00,0.0029091,0.0029293,0.0029079,0.0029279,269974407.0
2026-08-02 21:45:00,0.0029279,0.0029346,0.0029211,0.0029266,299610986.0
2026-08-02 22:00:00,0.0029267,0.0029381,0.0029255,0.0029274,514577053.0
2026-08-02 22:15:00,0.0029275,0.0029368,0.0029174,0.0029183,299392370.0
2026-08-02 22:30:00,0.0029184,0.002919,0.002901,0.0029097,492568743.0
2026-08-02 22:45:00,0.0029096,0.0029103,0.0028969,0.0028975,424818847.0
2026-08-02 23:00:00,0.0028975,0.0028999,0.0028885,0.0028941,403800348.0
2026-08-02 23:15:00,0.0028942,0.0029027,0.0028932,0.0028989,289007420.0
2026-08-02 23:30:00,0.0028989,0.0028993,0.0028924,0.0028927,225571186.0
2026-08-02 23:45:00,0.0028927,0.0029146,0.00289,0.0029073,405223646.0
2026-08-03 00:00:00,0.0029073,0.0029123,0.0028908,0.002892,421150263.0
2026-08-03 00:15:00,0.0028919,0.002901,0.0028888,0.0028937,287274272.0
2026-08-03 00:30:00,0.0028936,0.0029,0.0028862,0.002888,322187784.0
2026-08-03 00:45:00,0.002888,0.0028917,0.0028828,0.0028883,323945021.0
2026-08-03 01:00:00,0.0028882,0.0028938,0.0028717,0.0028787,704141812.0
2026-08-03 01:15:00,0.0028787,0.0028827,0.0028726,0.0028749,344259819.0
2026-08-03 01:30:00,0.0028748,0.0028794,0.0028725,0.002875,227725697.0
2026-08-03 01:45:00,0.002875,0.0028772,0.0028721,0.0028748,110417592.0
2026-08-03 02:00:00,0.0028748,0.0028748,0.0028602,0.0028663,807260815.0
2026-08-03 02:15:00,0.0028663,0.002883,0.0028647,0.0028708,298197673.0
2026-08-03 02:30:00,0.0028707,0.0028772,0.0028682,0.002873,161067164.0
2026-08-03 02:45:00,0.0028729,0.0028816,0.0028727,0.0028748,157184083.0
2026-08-03 03:00:00,0.0028748,0.0028751,0.0028665,0.0028673,334142296.0
2026-08-03 03:15:00,0.0028672,0.0028723,0.0028652,0.0028694,187160441.0
2026-08-03 03:30:00,0.0028693,0.0028693,0.0028639,0.0028666,117891617.0
2026-08-03 03:45:00,0.0028666,0.0028666,0.0028452,0.0028546,917895094.0
2026-08-03 04:00:00,0.0028546,0.0028628,0.0028527,0.0028564,291130546.0
2026-08-03 04:15:00,0.0028563,0.0028677,0.0028554,0.0028634,186503471.0
2026-08-03 04:30:00,0.0028635,0.0028724,0.0028634,0.0028695,333236812.0
2026-08-03 04:45:00,0.0028696,0.0028696,0.0028567,0.0028572,153452990.0
2026-08-03 05:00:00,0.0028572,0.0028693,0.0028572,0.0028686,232702772.0
2026-08-03 05:15:00,0.0028686,0.0028709,0.0028568,0.0028583,296303036.0
2026-08-03 05:30:00,0.0028583,0.0028625,0.0028522,0.002856,259431302.0
2026-08-03 05:45:00,0.002856,0.0028595,0.0028547,0.0028571,161057062.0
2026-08-03 06:00:00,0.0028571,0.0028587,0.0028471,0.0028471,252999985.0
2026-08-03 06:15:00,0.0028472,0.0028484,0.0028408,0.0028437,325658463.0
2026-08-03 06:30:00,0.0028438,0.0028473,0.0028331,0.002834,381798082.0
2026-08-03 06:45:00,0.0028341,0.0028392,0.0028283,0.0028313,391865642.0
2026-08-03 07:00:00,0.0028313,0.0028325,0.002822,0.0028253,677495694.0
2026-08-03 07:15:00,0.0028253,0.0028349,0.002821,0.0028337,295076133.0
2026-08-03 07:30:00,0.0028337,0.0028408,0.0028325,0.0028332,220437932.0
2026-08-03 07:45:00,0.0028332,0.0028358,0.0028282,0.0028326,178614364.0
2026-08-03 08:00:00,0.0028327,0.002839,0.0028324,0.0028369,245606672.0
2026-08-03 08:15:00,0.002837,0.0028391,0.0028224,0.0028258,327145274.0
2026-08-03 08:30:00,0.0028257,0.0028354,0.0028224,0.0028353,350079758.0
2026-08-03 08:45:00,0.0028354,0.0028442,0.0028332,0.0028349,321239282.0
2026-08-03 09:00:00,0.002835,0.0028368,0.0028321,0.0028352,196378468.0
2026-08-03 09:15:00,0.0028352,0.0028426,0.002835,0.0028424,272439158.0
2026-08-03 09:30:00,0.0028424,0.0028428,0.0028366,0.0028423,282868626.0
2026-08-03 09:45:00,0.0028423,0.0028576,0.0028412,0.0028511,531601782.0
2026-08-03 10:00:00,0.0028511,0.0028558,0.0028437,0.0028441,434023298.0
2026-08-03 10:15:00,0.0028441,0.0028461,0.0028413,0.0028431,206656294.0
2026-08-03 10:30:00,0.0028431,0.0028497,0.0028383,0.0028466,160773635.0
2026-08-03 10:45:00,0.0028465,0.0028551,0.0028384,0.0028524,224999483.0
2026-08-03 11:00:00,0.0028525,0.0028528,0.0028451,0.0028499,160828125.0
2026-08-03 11:15:00,0.0028498,0.0028584,0.0028473,0.0028514,248298227.0
2026-08-03 11:30:00,0.0028515,0.0028594,0.0028488,0.0028563,179090125.0
2026-08-03 11:45:00,0.0028563,0.002864,0.0028534,0.0028597,239019666.0
2026-08-03 12:00:00,0.0028597,0.0028637,0.0028564,0.0028634,346876097.0
2026-08-03 12:15:00,0.0028635,0.0028651,0.0028525,0.0028543,149942658.0
2026-08-03 12:30:00,0.0028543,0.0028622,0.002852,0.0028622,192508534.0
2026-08-03 12:45:00,0.0028622,0.0028639,0.0028554,0.0028633,121821384.0
2026-08-03 13:00:00,0.0028633,0.0028636,0.0028511,0.0028606,316313446.0
2026-08-03 13:15:00,0.0028606,0.0028919,0.0028606,0.0028757,875484149.0
2026-08-03 13:30:00,0.0028757,0.0028901,0.0028651,0.0028889,901322715.0
2026-08-03 13:45:00,0.0028889,0.0029088,0.0028795,0.0029048,1081543107.0
2026-08-03 14:00:00,0.0029048,0.0029142,0.00289,0.0028921,1012566209.0
2026-08-03 14:15:00,0.0028919,0.0029142,0.0028823,0.0029035,1051561472.0
2026-08-03 14:30:00,0.0029036,0.0029074,0.0028873,0.0028922,899471738.0
2026-08-03 14:45:00,0.0028921,0.002908,0.0028882,0.0029057,666104300.0
2026-08-03 15:00:00,0.0029057,0.0029077,0.0028941,0.0029042,395223169.0
2026-08-03 15:15:00,0.0029043,0.0029237,0.0029043,0.0029112,1000532994.0
2026-08-03 15:30:00,0.0029111,0.002928,0.0029074,0.0029157,616899394.0
2026-08-03 15:45:00,0.0029157,0.0029194,0.0029082,0.0029178,344795946.0
2026-08-03 16:00:00,0.0029178,0.0029275,0.0029085,0.0029172,570143340.0
2026-08-03 16:15:00,0.0029172,0.0029311,0.002915,0.0029263,474804742.0
2026-08-03 16:30:00,0.0029262,0.0029302,0.002909,0.0029167,478651060.0
2026-08-03 16:45:00,0.0029167,0.0029245,0.0029083,0.0029149,451710349.0
2026-08-03 17:00:00,0.0029149,0.0029192,0.0029066,0.0029179,348236159.0
2026-08-03 17:15:00,0.0029178,0.0029279,0.0029149,0.0029173,316196077.0
2026-08-03 17:30:00,0.0029174,0.0029269,0.0029125,0.0029176,419009902.0
2026-08-03 17:45:00,0.0029176,0.0029229,0.0029137,0.0029166,205986223.0
2026-08-03 18:00:00,0.0029165,0.0029344,0.0029154,0.0029318,510274933.0
2026-08-03 18:15:00,0.0029317,0.0029381,0.0029235,0.002925,474002369.0
2026-08-03 18:30:00,0.002925,0.0029294,0.0029217,0.0029254,180553072.0
2026-08-03 18:45:00,0.0029254,0.0029464,0.0029254,0.0029451,669704779.0
2026-08-03 19:00:00,0.0029451,0.0029616,0.0029426,0.0029481,967374310.0
2026-08-03 19:15:00,0.0029481,0.0029579,0.002945,0.0029471,438860085.0
2026-08-03 19:30:00,0.0029471,0.0029502,0.0029335,0.002939,561461824.0
2026-08-03 19:45:00,0.0029389,0.002941,0.0029294,0.0029303,495333668.0
2026-08-03 20:00:00,0.0029303,0.0029421,0.0029271,0.0029381,266127658.0
2026-08-03 20:15:00,0.0029381,0.0029407,0.002929,0.0029307,211067315.0
2026-08-03 20:30:00,0.0029306,0.0029479,0.0029293,0.0029479,262912974.0
2026-08-03 20:45:00,0.0029476,0.0029624,0.0029387,0.0029566,670320032.0
2026-08-03 21:00:00,0.0029566,0.0029615,0.0029355,0.0029379,539020015.0
2026-08-03 21:15:00,0.002938,0.002945,0.0029344,0.0029397,240584557.0
2026-08-03 21:30:00,0.0029398,0.0029403,0.002932,0.0029374,185285278.0
2026-08-03 21:45:00,0.0029375,0.0029385,0.0029317,0.0029351,172435178.0
2026-08-03 22:00:00,0.002935,0.0029362,0.0029073,0.0029138,857121320.0
2026-08-03 22:15:00,0.0029138,0.0029182,0.0029034,0.0029065,385762828.0
2026-08-03 22:30:00,0.0029065,0.0029068,0.0028946,0.0028988,436439114.0
2026-08-03 22:45:00,0.0028988,0.0029186,0.0028981,0.0029154,451199057.0
2026-08-03 23:00:00,0.0029153,0.0029153,0.0029067,0.0029086,205035123.0
2026-08-03 23:15:00,0.0029086,0.0029156,0.0029085,0.0029142,225834876.0
2026-08-03 23:30:00,0.0029142,0.0029181,0.0029079,0.002911,390933508.0
2026-08-03 23:45:00,0.0029109,0.0029117,0.0029035,0.002907,162276749.0
2026-08-04 00:00:00,0.002907,0.0029149,0.0029027,0.0029062,415304266.0
2026-08-04 00:15:00,0.0029062,0.0029092,0.0029024,0.0029056,210457899.0
2026-08-04 00:30:00,0.0029055,0.0029088,0.0028903,0.002897,570580758.0
2026-08-04 00:45:00,0.002897,0.0029009,0.0028922,0.0028964,182863522.0
2026-08-04 01:00:00,0.0028963,0.0029065,0.002894,0.002904,242176755.0
2026-08-04 01:15:00,0.0029039,0.0029184,0.0029035,0.0029167,338132847.0
2026-08-04 01:30:00,0.0029166,0.0029527,0.0029154,0.0029484,1005013162.0
2026-08-04 01:45:00,0.0029484,0.0029553,0.0029421,0.0029423,633624298.0
2026-08-04 02:00:00,0.0029424,0.0029482,0.0029352,0.0029415,557144948.0
2026-08-04 02:15:00,0.0029415,0.0029523,0.0029382,0.0029507,330179539.0
2026-08-04 02:30:00,0.0029507,0.0029619,0.0029474,0.0029547,455593428.0
2026-08-04 02:45:00,0.0029548,0.0029583,0.0029463,0.0029464,230272199.0
2026-08-04 03:00:00,0.0029465,0.0029481,0.002937,0.0029372,486480643.0
2026-08-04 03:15:00,0.0029372,0.002944,0.0029312,0.0029434,352651186.0
2026-08-04 03:30:00,0.0029435,0.0029529,0.0029435,0.0029484,370214359.0
2026-08-04 03:45:00,0.0029484,0.0029496,0.0029356,0.0029374,232481936.0
2026-08-04 04:00:00,0.0029375,0.0029432,0.002934,0.002942,210204953.0
2026-08-04 04:15:00,0.002942,0.0029508,0.0029412,0.0029413,155809792.0
2026-08-04 04:30:00,0.0029413,0.0029558,0.0029402,0.0029548,270284696.0
2026-08-04 04:45:00,0.0029549,0.002993,0.0029536,0.0029564,1773711298.0
2026-08-04 05:00:00,0.0029565,0.002959,0.0029378,0.0029387,553924527.0
2026-08-04 05:15:00,0.0029386,0.0029404,0.0029348,0.0029358,340908925.0
2026-08-04 05:30:00,0.0029359,0.0029423,0.0029355,0.0029393,210673204.0
2026-08-04 05:45:00,0.0029393,0.0029424,0.0029351,0.0029385,186037770.0
2026-08-04 06:00:00,0.0029386,0.0029414,0.0029351,0.0029364,207179671.0
2026-08-04 06:15:00,0.0029364,0.0029447,0.0029266,0.0029293,342432356.0
2026-08-04 06:30:00,0.0029293,0.0029293,0.0029022,0.0029097,802458865.0
2026-08-04 06:45:00,0.0029096,0.0029133,0.0029029,0.0029133,416067970.0
2026-08-04 07:00:00,0.0029133,0.002919,0.0029099,0.0029145,345185023.0
2026-08-04 07:15:00,0.0029145,0.0029194,0.0029029,0.0029185,361647461.0
2026-08-04 07:30:00,0.0029185,0.0029288,0.0029174,0.0029192,441801224.0
2026-08-04 07:45:00,0.0029193,0.0029285,0.0029193,0.0029237,215936255.0
2026-08-04 08:00:00,0.0029237,0.0029295,0.0029166,0.0029176,269105501.0
2026-08-04 08:15:00,0.0029176,0.0029232,0.0029156,0.0029181,161511635.0
2026-08-04 08:30:00,0.0029181,0.0029181,0.0029122,0.002918,192580215.0
2026-08-04 08:45:00,0.002918,0.0029189,0.0029133,0.0029166,146517053.0
2026-08-04 09:00:00,0.0029165,0.002917,0.0028911,0.0028989,958988768.0
2026-08-04 09:15:00,0.002899,0.0029019,0.0028921,0.0028988,512461749.0
2026-08-04 09:30:00,0.0028988,0.0029047,0.0028961,0.0029002,314896334.0
2026-08-04 09:45:00,0.0029002,0.0029068,0.0028989,0.0029054,260515764.0
2026-08-04 10:00:00,0.0029055,0.0029062,0.002899,0.0029002,176991981.0
2026-08-04 10:15:00,0.0029002,0.0029048,0.0028966,0.0028974,286555298.0
2026-08-04 10:30:00,0.0028974,0.0029144,0.0028964,0.0029144,279967725.0
2026-08-04 10:45:00,0.0029135,0.0029228,0.0029089,0.0029139,533720941.0
2026-08-04 11:00:00,0.0029139,0.002917,0.0029075,0.0029077,272893799.0
2026-08-04 11:15:00,0.0029076,0.0029112,0.0029011,0.0029052,400193835.0
2026-08-04 11:30:00,0.0029052,0.0029126,0.0029014,0.0029103,332304551.0
2026-08-04 11:45:00,0.0029103,0.0029145,0.0029055,0.0029072,358164509.0
2026-08-04 12:00:00,0.0029071,0.0029101,0.0028992,0.0029027,342124857.0
2026-08-04 12:15:00,0.0029027,0.002908,0.0029008,0.002908,120453347.0
2026-08-04 12:30:00,0.0029081,0.0029176,0.0029068,0.0029118,687044723.0
2026-08-04 12:45:00,0.0029117,0.0029117,0.0028997,0.0029021,286765962.0
2026-08-04 13:00:00,0.0029021,0.0029027,0.0028874,0.0028916,621144993.0
2026-08-04 13:15:00,0.0028916,0.0029004,0.0028888,0.0028941,475314114.0
2026-08-04 13:30:00,0.0028942,0.0029088,0.0028911,0.0029051,527948660.0
2026-08-04 13:45:00,0.0029051,0.0029056,0.0028853,0.0028897,713996124.0
2026-08-04 14:00:00,0.0028897,0.0028906,0.0028694,0.0028842,1333243933.0
2026-08-04 14:15:00,0.0028841,0.0028854,0.0028662,0.0028765,839605664.0
2026-08-04 14:30:00,0.0028765,0.0028905,0.0028736,0.0028861,658258405.0
2026-08-04 14:45:00,0.0028862,0.0028906,0.0028831,0.0028862,280328380.0
2026-08-04 15:00:00,0.0028863,0.002896,0.0028857,0.0028946,402524497.0
2026-08-04 15:15:00,0.0028946,0.0028956,0.002878,0.0028843,381387460.0
2026-08-04 15:30:00,0.0028843,0.00291,0.0028837,0.002908,605230921.0
2026-08-04 15:45:00,0.0029079,0.002913,0.0029026,0.0029034,536563029.0
2026-08-04 16:00:00,0.0029034,0.002907,0.0028976,0.0029018,337009105.0
2026-08-04 16:15:00,0.0029018,0.0029095,0.0029006,0.0029024,193096824.0
2026-08-04 16:30:00,0.0029024,0.002913,0.0029016,0.0029072,237370710.0
2026-08-04 16:45:00,0.0029072,0.0029105,0.002898,0.0029073,162921428.0
2026-08-04 17:00:00,0.0029072,0.0029226,0.0029056,0.0029133,499157446.0
2026-08-04 17:15:00,0.0029133,0.0029142,0.0029035,0.0029131,247666907.0
2026-08-04 17:30:00,0.0029131,0.0029169,0.0029103,0.0029151,176242731.0
2026-08-04 17:45:00,0.0029151,0.0029154,0.0029001,0.0029005,224837955.0
2026-08-04 18:00:00,0.0029003,0.0029169,0.0028996,0.0029169,214250614.0
2026-08-04 18:15:00,0.0029169,0.0029267,0.0029132,0.002916,598251373.0
2026-08-04 18:30:00,0.002916,0.002918,0.0029108,0.0029156,221065845.0
2026-08-04 18:45:00,0.0029156,0.0029196,0.0029142,0.0029158,133021844.0
2026-08-04 19:00:00,0.0029158,0.0029356,0.0029126,0.0029346,489961789.0
2026-08-04 19:15:00,0.0029347,0.002936,0.0029223,0.0029252,327253249.0
2026-08-04 19:30:00,0.0029252,0.0029301,0.0029203,0.0029284,233483732.0
2026-08-04 19:45:00,0.0029284,0.0029289,0.0029212,0.0029238,238948689.0
2026-08-04 20:00:00,0.0029238,0.002926,0.0029142,0.0029192,431450950.0
2026-08-04 20:15:00,0.0029191,0.0029191,0.0029043,0.0029143,437895392.0
2026-08-04 20:30:00,0.0029144,0.0029316,0.0029143,0.0029286,311276884.0
2026-08-04 20:45:00,0.0029285,0.0029304,0.0029226,0.0029264,246431644.0
2026-08-04 21:00:00,0.0029264,0.0029289,0.0029233,0.0029237,154150141.0
2026-08-04 21:15:00,0.0029238,0.0029271,0.0029163,0.0029228,188482545.0
2026-08-04 21:30:00,0.0029228,0.0029274,0.002922,0.0029249,152836714.0
2026-08-04 21:45:00,0.0029248,0.0029248,0.0029138,0.0029151,118459744.0
2026-08-04 22:00:00,0.002915,0.0029161,0.0029039,0.002908,310302733.0
2026-08-04 22:15:00,0.0029079,0.002915,0.0029046,0.0029141,201387969.0
2026-08-04 22:30:00,0.002914,0.0029178,0.0029131,0.002914,103431416.0
2026-08-04 22:45:00,0.002914,0.0029218,0.0029135,0.0029187,121272200.0
2026-08-04 23:00:00,0.0029187,0.0029216,0.0029123,0.0029192,167667020.0
2026-08-04 23:15:00,0.0029193,0.0029234,0.0028993,0.0029,272491906.0
2026-08-04 23:30:00,0.0028999,0.0029,0.0028921,0.0028962,332569386.0
2026-08-04 23:45:00,0.0028961,0.0028961,0.0028867,0.0028876,352896204.0
2026-08-05 00:00:00,0.0028876,0.0028907,0.0028787,0.0028809,463986652.0
2026-08-05 00:15:00,0.0028809,0.0028831,0.0028766,0.0028809,393837531.0
2026-08-05 00:30:00,0.0028809,0.0028926,0.00287,0.0028744,571326837.0
2026-08-05 00:45:00,0.0028743,0.0028774,0.0028602,0.0028629,584137471.0
2026-08-05 01:00:00,0.002863,0.0028723,0.0028534,0.0028715,620472203.0
2026-08-05 01:15:00,0.0028714,0.0028816,0.0028701,0.0028811,259685881.0
2026-08-05 01:30:00,0.002881,0.0028935,0.0028781,0.0028855,353176156.0
2026-08-05 01:45:00,0.0028855,0.0028939,0.0028827,0.0028885,173610956.0
2026-08-05 02:00:00,0.0028885,0.0028982,0.0028873,0.0028972,259233008.0
2026-08-05 02:15:00,0.0028972,0.0028984,0.0028897,0.0028951,270914468.0
2026-08-05 02:30:00,0.0028951,0.0028971,0.0028899,0.0028969,123862552.0
2026-08-05 02:45:00,0.0028969,0.0028988,0.0028921,0.0028958,235562921.0
2026-08-05 03:00:00,0.0028957,0.0029,0.0028816,0.0028823,406866275.0
2026-08-05 03:15:00,0.0028823,0.0028833,0.0028434,0.0028536,1664526352.0
2026-08-05 03:30:00,0.0028535,0.0028565,0.0028446,0.0028453,757761894.0
2026-08-05 03:45:00,0.0028453,0.0028556,0.002837,0.0028523,1157593118.0
2026-08-05 04:00:00,0.0028522,0.0028555,0.0028446,0.0028518,419464038.0
2026-08-05 04:15:00,0.0028518,0.0028609,0.0028511,0.0028555,313419956.0
2026-08-05 04:30:00,0.0028556,0.0028641,0.0028539,0.0028555,532765572.0
2026-08-05 04:45:00,0.0028556,0.0028604,0.0028536,0.002858,144710250.0
2026-08-05 05:00:00,0.002858,0.0028713,0.002856,0.0028686,401925306.0
2026-08-05 05:15:00,0.0028686,0.0028727,0.002863,0.0028661,339014926.0
2026-08-05 05:30:00,0.0028661,0.0028668,0.0028556,0.0028633,356802608.0
2026-08-05 05:45:00,0.0028633,0.0028662,0.0028595,0.0028601,210870008.0
2026-08-05 06:00:00,0.0028601,0.0028618,0.0028577,0.0028582,192105915.0
2026-08-05 06:15:00,0.0028582,0.0028605,0.0028472,0.0028526,301546541.0
2026-08-05 06:30:00,0.0028527,0.0028599,0.0028517,0.002855,256154927.0
2026-08-05 06:45:00,0.002855,0.0028558,0.0028502,0.0028527,231885301.0
2026-08-05 07:00:00,0.0028527,0.0028573,0.0028502,0.0028532,195967742.0
2026-08-05 07:15:00,0.0028532,0.002854,0.002848,0.002851,283108809.0
2026-08-05 07:30:00,0.002851,0.002858,0.0028483,0.0028491,297806151.0
2026-08-05 07:45:00,0.0028492,0.0028591,0.0028486,0.0028584,261145678.0
2026-08-05 08:00:00,0.0028585,0.0028641,0.0028542,0.0028555,290986053.0
2026-08-05 08:15:00,0.0028555,0.0028622,0.0028517,0.0028594,291578096.0
2026-08-05 08:30:00,0.0028595,0.002872,0.0028555,0.0028685,696388705.0
2026-08-05 08:45:00,0.0028685,0.0028687,0.0028624,0.002865,204839104.0
2026-08-05 09:00:00,0.002865,0.0028684,0.0028614,0.0028675,147686269.0
2026-08-05 09:15:00,0.0028676,0.0028793,0.0028669,0.0028751,278332597.0
2026-08-05 09:30:00,0.0028752,0.002877,0.0028723,0.002875,143835404.0
2026-08-05 09:45:00,0.0028751,0.0028785,0.0028708,0.0028714,198177886.0
2026-08-05 10:00:00,0.0028714,0.002877,0.0028686,0.0028739,150956833.0
2026-08-05 10:15:00,0.0028739,0.0028832,0.0028697,0.0028814,144558691.0
2026-08-05 10:30:00,0.0028815,0.0028877,0.0028775,0.0028792,261624378.0
2026-08-05 10:45:00,0.0028793,0.0028806,0.0028642,0.0028706,336558174.0
2026-08-05 11:00:00,0.0028706,0.0028749,0.002867,0.0028684,223436208.0
2026-08-05 11:15:00,0.0028685,0.0028702,0.0028622,0.0028641,286897452.0
2026-08-05 11:30:00,0.0028641,0.0028755,0.0028632,0.0028694,184752697.0
2026-08-05 11:45:00,0.0028694,0.0028722,0.002865,0.0028654,220970259.0
2026-08-05 12:00:00,0.0028654,0.0028748,0.0028627,0.0028728,241704885.0
2026-08-05 12:15:00,0.0028728,0.0028978,0.0028722,0.002893,922319765.0
2026-08-05 12:30:00,0.0028931,0.0028951,0.0028842,0.0028853,395238842.0
2026-08-05 12:45:00,0.0028853,0.0028853,0.0028734,0.0028755,312679620.0
2026-08-05 13:00:00,0.0028755,0.00288,0.0028653,0.0028694,401764273.0
2026-08-05 13:15:00,0.0028694,0.0028772,0.002867,0.0028713,329490559.0
2026-08-05 13:30:00,0.0028714,0.0028715,0.0028363,0.0028574,1828972258.0
2026-08-05 13:45:00,0.0028575,0.0028709,0.002851,0.0028687,872948440.0
2026-08-05 14:00:00,0.0028687,0.0028783,0.0028615,0.0028735,618026802.0
2026-08-05 14:15:00,0.0028736,0.0028767,0.0028459,0.0028532,890077563.0
2026-08-05 14:30:00,0.0028532,0.0028569,0.0028417,0.0028491,709872392.0
2026-08-05 14:45:00,0.0028491,0.0028571,0.0028355,0.0028556,862764750.0
2026-08-05 15:00:00,0.0028557,0.0028671,0.002852,0.0028608,504174175.0
2026-08-05 15:15:00,0.0028608,0.0028611,0.0028456,0.0028555,445470021.0
2026-08-05 15:30:00,0.0028555,0.002871,0.0028552,0.0028646,460726147.0
2026-08-05 15:45:00,0.0028646,0.0028663,0.0028476,0.0028476,351595375.0
2026-08-05 16:00:00,0.0028476,0.0028685,0.0028454,0.002868,443088267.0
2026-08-05 16:15:00,0.0028679,0.0028848,0.0028641,0.0028833,756390093.0
2026-08-05 16:30:00,0.0028832,0.0028884,0.0028774,0.0028795,522801098.0
2026-08-05 16:45:00,0.0028795,0.0028837,0.002873,0.0028791,355979567.0
2026-08-05 17:00:00,0.002879,0.0028877,0.002874,0.0028749,333106396.0
2026-08-05 17:15:00,0.0028749,0.0028799,0.0028707,0.0028756,171446105.0
2026-08-05 17:30:00,0.0028756,0.0028936,0.0028746,0.0028843,512998477.0
2026-08-05 17:45:00,0.0028842,0.0028907,0.0028834,0.0028843,289138296.0
2026-08-05 18:00:00,0.0028842,0.0028914,0.0028743,0.002884,555908180.0
2026-08-05 18:15:00,0.0028841,0.0028954,0.0028801,0.0028833,289650744.0
2026-08-05 18:30:00,0.0028832,0.0028876,0.0028799,0.0028874,202233341.0
2026-08-05 18:45:00,0.0028876,0.0028879,0.0028735,0.0028754,170179666.0
2026-08-05 19:00:00,0.0028753,0.0028787,0.0028685,0.0028735,478115571.0
2026-08-05 19:15:00,0.0028735,0.0028772,0.0028709,0.0028742,102281806.0
2026-08-05 19:30:00,0.0028741,0.0028796,0.0028708,0.0028763,213936679.0
2026-08-05 19:45:00,0.0028763,0.0028769,0.0028713,0.0028722,183385291.0
2026-08-05 20:00:00,0.0028721,0.0028821,0.0028664,0.0028811,493057362.0
2026-08-05 20:15:00,0.002881,0.0028921,0.0028772,0.0028916,405260446.0
2026-08-05 20:30:00,0.0028916,0.0028996,0.0028904,0.0028996,402191967.0
2026-08-05 20:45:00,0.0028996,0.002903,0.002884,0.0028846,391837944.0
2026-08-05 21:00:00,0.0028845,0.0028856,0.002873,0.0028829,346921090.0
2026-08-05 21:15:00,0.0028829,0.0028869,0.0028763,0.0028785,293822658.0
2026-08-05 21:30:00,0.0028785,0.0028815,0.0028722,0.0028743,158962466.0
2026-08-05 21:45:00,0.0028743,0.0028868,0.0028743,0.0028822,89812525.0
2026-08-05 22:00:00,0.0028822,0.0028857,0.002877,0.0028776,240802938.0
2026-08-05 22:15:00,0.0028776,0.0028841,0.0028745,0.0028775,160678427.0
2026-08-05 22:30:00,0.0028775,0.0028775,0.0028672,0.0028711,176927831.0
2026-08-05 22:45:00,0.0028712,0.0028732,0.0028677,0.0028682,141257915.0
2026-08-05 23:00:00,0.0028682,0.0028728,0.0028607,0.0028715,217739476.0
2026-08-05 23:15:00,0.0028714,0.0028732,0.002868,0.002871,89981914.0
2026-08-05 23:30:00,0.0028709,0.0028763,0.0028705,0.0028731,139017220.0
2026-08-05 23:45:00,0.002873,0.0028781,0.0028694,0.0028744,206823757.0
2026-08-06 00:00:00,0.0028745,0.0028847,0.0028705,0.0028824,396376541.0
2026-08-06 00:15:00,0.0028823,0.0028925,0.00288,0.0028874,249119471.0
2026-08-06 00:30:00,0.0028875,0.0028921,0.0028764,0.0028846,196039295.0
2026-08-06 00:45:00,0.0028847,0.0028943,0.0028831,0.0028903,150524886.0
2026-08-06 01:00:00,0.0028903,0.0028971,0.0028836,0.0028839,285470775.0
2026-08-06 01:15:00,0.0028839,0.0028839,0.0028656,0.0028694,393658059.0
2026-08-06 01:30:00,0.0028693,0.0028747,0.0028638,0.0028658,301780295.0
2026-08-06 01:45:00,0.0028657,0.0028738,0.0028518,0.0028525,418334970.0
2026-08-06 02:00:00,0.0028525,0.0028648,0.0028468,0.0028552,629243606.0
2026-08-06 02:15:00,0.0028552,0.0028583,0.0028404,0.0028435,541308218.0
2026-08-06 02:30:00,0.0028435,0.0028523,0.0028371,0.0028492,669101526.0
2026-08-06 02:45:00,0.0028491,0.0028512,0.0028442,0.002846,196551893.0
2026-08-06 03:00:00,0.002846,0.002848,0.0028374,0.0028465,303699256.0
2026-08-06 03:15:00,0.0028464,0.0028496,0.0028407,0.0028496,401292694.0
2026-08-06 03:30:00,0.0028496,0.0028523,0.0028422,0.0028438,174081073.0
2026-08-06 03:45:00,0.0028439,0.0028465,0.0028387,0.0028426,147085831.0
2026-08-06 04:00:00,0.0028427,0.0028431,0.0028152,0.0028222,1612245640.0
2026-08-06 04:15:00,0.0028223,0.0028456,0.0028205,0.0028432,618895124.0
2026-08-06 04:30:00,0.0028432,0.0028514,0.0028402,0.0028428,373751033.0
2026-08-06 04:45:00,0.0028429,0.002846,0.0028387,0.0028438,170983805.0
2026-08-06 05:00:00,0.0028437,0.0028648,0.0028437,0.0028597,533283188.0
2026-08-06 05:15:00,0.0028596,0.0028628,0.0028486,0.0028501,288463047.0
2026-08-06 05:30:00,0.00285,0.002858,0.0028481,0.0028564,167944636.0
2026-08-06 05:45:00,0.0028564,0.0028568,0.0028507,0.0028568,156990295.0
2026-08-06 06:00:00,0.0028567,0.0028568,0.0028383,0.0028398,281260040.0
2026-08-06 06:15:00,0.0028398,0.0028527,0.0028352,0.0028527,280219638.0
2026-08-06 06:30:00,0.0028527,0.0028562,0.0028505,0.0028543,208298613.0
2026-08-06 06:45:00,0.0028544,0.0028557,0.0028513,0.0028547,67503357.0
2026-08-06 07:00:00,0.0028546,0.0028547,0.0028463,0.0028497,319521393.0
2026-08-06 07:15:00,0.0028497,0.0028508,0.0028412,0.0028418,236559942.0
2026-08-06 07:30:00,0.0028418,0.0028447,0.0028384,0.0028411,194546926.0
2026-08-06 07:45:00,0.0028411,0.0028465,0.0028405,0.0028419,183753227.0
2026-08-06 08:00:00,0.0028419,0.0028444,0.0028296,0.00283,381564224.0
2026-08-06 08:15:00,0.00283,0.0028322,0.0028252,0.0028293,343160793.0
2026-08-06 08:30:00,0.0028293,0.0028331,0.0028243,0.0028321,259970024.0
2026-08-06 08:45:00,0.0028321,0.0028414,0.0028317,0.002833,329299373.0
2026-08-06 09:00:00,0.002833,0.0028356,0.0028021,0.0028154,1181003765.0
2026-08-06 09:15:00,0.0028151,0.0028178,0.0028064,0.0028104,544592452.0
2026-08-06 09:30:00,0.0028106,0.0028207,0.0027878,0.0027952,1649312157.0
2026-08-06 09:45:00,0.0027947,0.0028,0.0027733,0.0027835,1953396079.0
2026-08-06 10:00:00,0.0027835,0.0027864,0.0027665,0.0027708,1029688935.0
2026-08-06 10:15:00,0.0027706,0.0027863,0.0027696,0.0027848,470352521.0
2026-08-06 10:30:00,0.0027848,0.0027889,0.0027817,0.0027831,337321234.0
2026-08-06 10:45:00,0.0027832,0.0027867,0.0027825,0.0027837,328727867.0
2026-08-06 11:00:00,0.002784,0.0027902,0.0027802,0.0027881,442132692.0
2026-08-06 11:15:00,0.0027882,0.0027972,0.0027882,0.002793,457607743.0
2026-08-06 11:30:00,0.002793,0.002804,0.002793,0.0028,392751254.0
2026-08-06 11:45:00,0.0028,0.0028054,0.0028,0.0028018,339996425.0
2026-08-06 12:00:00,0.0028018,0.0028046,0.0027966,0.0027971,426118783.0
2026-08-06 12:15:00,0.0027972,0.002806,0.0027972,0.0028047,368708931.0
2026-08-06 12:30:00,0.0028047,0.0028085,0.0028011,0.0028034,237749485.0
2026-08-06 12:45:00,0.0028034,0.002804,0.0027945,0.0027949,298813927.0
2026-08-06 13:00:00,0.0027949,0.0028002,0.002785,0.0027921,826726608.0
2026-08-06 13:15:00,0.0027921,0.0027968,0.0027882,0.0027951,490601923.0
2026-08-06 13:30:00,0.0027951,0.0028169,0.0027906,0.0028131,744006054.0
2026-08-06 13:45:00,0.0028131,0.0028155,0.0028025,0.0028025,404509206.0
2026-08-06 14:00:00,0.0028025,0.0028067,0.0028003,0.0028005,409822301.0
2026-08-06 14:15:00,0.0028005,0.0028097,0.0027989,0.0028021,508431528.0
2026-08-06 14:30:00,0.0028021,0.0028222,0.0027982,0.0028198,596458541.0
2026-08-06 14:45:00,0.0028199,0.0028231,0.0028107,0.0028142,340483635.0
2026-08-06 15:00:00,0.0028143,0.0028229,0.0028123,0.0028179,420670124.0
2026-08-06 15:15:00,0.0028179,0.0028189,0.0028097,0.0028147,380002233.0
2026-08-06 15:30:00,0.0028148,0.0028207,0.0028096,0.0028119,385812795.0
2026-08-06 15:45:00,0.0028119,0.0028215,0.0028036,0.0028048,495582150.0
2026-08-06 16:00:00,0.0028049,0.0028062,0.002793,0.0027961,565000486.0
2026-08-06 16:15:00,0.0027961,0.0028085,0.002795,0.0028085,386919748.0
2026-08-06 16:30:00,0.0028085,0.0028161,0.0028047,0.0028135,404678707.0
2026-08-06 16:45:00,0.0028136,0.0028173,0.0028095,0.0028131,259316225.0
2026-08-06 17:00:00,0.0028132,0.0028207,0.0028125,0.0028127,245790428.0
2026-08-06 17:15:00,0.0028127,0.0028157,0.0028113,0.0028146,206756313.0
2026-08-06 17:30:00,0.0028146,0.002816,0.0028049,0.002812,254008054.0
2026-08-06 17:45:00,0.0028121,0.0028167,0.002811,0.0028162,173213386.0
2026-08-06 18:00:00,0.0028162,0.0028163,0.002804,0.0028128,273359106.0
2026-08-06 18:15:00,0.0028129,0.0028231,0.0028108,0.0028166,385186549.0
2026-08-06 18:30:00,0.0028165,0.0028166,0.0028013,0.0028028,252177741.0
2026-08-06 18:45:00,0.0028027,0.0028053,0.0027974,0.0028034,353066240.0
2026-08-06 19:00:00,0.0028034,0.0028099,0.0028018,0.0028049,259187603.0
2026-08-06 19:15:00,0.0028049,0.0028058,0.0027961,0.0027967,289160251.0
2026-08-06 19:30:00,0.0027967,0.0027992,0.0027925,0.0027957,258274859.0
2026-08-06 19:45:00,0.0027957,0.0027985,0.0027908,0.0027923,276658488.0
2026-08-06 20:00:00,0.0027923,0.0028045,0.0027922,0.0028044,238763235.0
2026-08-06 20:15:00,0.0028045,0.0028063,0.0028016,0.0028047,234621462.0
2026-08-06 20:30:00,0.0028047,0.0028189,0.0028025,0.0028151,473479654.0
2026-08-06 20:45:00,0.0028151,0.0028162,0.0028105,0.002812,359533586.0
2026-08-06 21:00:00,0.002812,0.0028188,0.0028097,0.0028135,239303851.0
2026-08-06 21:15:00,0.0028135,0.0028164,0.0028102,0.0028147,146016368.0
2026-08-06 21:30:00,0.0028147,0.0028204,0.0028147,0.0028199,126016937.0
2026-08-06 21:45:00,0.0028199,0.0028214,0.0028178,0.0028189,171191807.0
2026-08-06 22:00:00,0.002819,0.0028209,0.0028134,0.0028167,215621262.0
2026-08-06 22:15:00,0.0028167,0.0028168,0.0028032,0.0028052,211065173.0
2026-08-06 22:30:00,0.0028052,0.0028078,0.0028042,0.0028044,121030783.0
2026-08-06 22:45:00,0.0028044,0.0028082,0.0028034,0.0028079,78473425.0
2026-08-06 23:00:00,0.0028078,0.0028113,0.0028053,0.0028112,157472158.0
2026-08-06 23:15:00,0.0028112,0.0028126,0.0028002,0.0028047,282413534.0
2026-08-06 23:30:00,0.0028046,0.0028099,0.0028026,0.0028079,181548460.0
2026-08-06 23:45:00,0.0028078,0.0028098,0.0028033,0.0028098,211374210.0
2026-08-07 00:00:00,0.0028098,0.0028192,0.0028058,0.0028131,338915043.0
2026-08-07 00:15:00,0.002813,0.0028131,0.0028025,0.002807,335702090.0
2026-08-07 00:30:00,0.0028069,0.0028157,0.0028049,0.0028157,220891426.0
2026-08-07 00:45:00,0.0028156,0.0028169,0.0028102,0.0028164,190150975.0
2026-08-07 01:00:00,0.0028164,0.00282,0.0028065,0.0028083,303415986.0
2026-08-07 01:15:00,0.0028083,0.0028094,0.0028051,0.0028061,118200480.0
2026-08-07 01:30:00,0.0028061,0.0028119,0.0027955,0.0028019,436704550.0
2026-08-07 01:45:00,0.0028019,0.0028128,0.002801,0.0028095,179274186.0
2026-08-07 02:00:00,0.0028096,0.0028104,0.0027934,0.0028058,359323057.0
2026-08-07 02:15:00,0.0028058,0.002814,0.0027951,0.0027971,405505309.0
2026-08-07 02:30:00,0.0027972,0.0028079,0.0027941,0.0028043,269346854.0
2026-08-07 02:45:00,0.0028043,0.0028104,0.0028033,0.0028063,186558538.0
2026-08-07 03:00:00,0.0028062,0.0028087,0.0028003,0.0028019,197345939.0
2026-08-07 03:15:00,0.0028019,0.0028089,0.002799,0.0028061,246052743.0
2026-08-07 03:30:00,0.002806,0.0028122,0.0028009,0.0028014,158862639.0
2026-08-07 03:45:00,0.0028014,0.0028052,0.0027909,0.0027959,326188319.0
2026-08-07 04:00:00,0.0027959,0.0027959,0.0027882,0.0027923,285427502.0
2026-08-07 04:15:00,0.0027924,0.0028037,0.0027923,0.0028033,220542469.0
2026-08-07 04:30:00,0.0028033,0.0028039,0.0027912,0.0027934,178624785.0
2026-08-07 04:45:00,0.0027934,0.002794,0.0027829,0.0027929,508939629.0
2026-08-07 05:00:00,0.0027929,0.0028012,0.0027924,0.0027986,180214747.0
2026-08-07 05:15:00,0.0027985,0.0027992,0.0027894,0.0027913,149529779.0
2026-08-07 05:30:00,0.0027913,0.0027913,0.0027803,0.0027867,366074594.0
2026-08-07 05:45:00,0.0027868,0.002805,0.002786,0.0028044,317801633.0
2026-08-07 06:00:00,0.0028043,0.0028052,0.0027988,0.0028046,189822636.0
2026-08-07 06:15:00,0.0028046,0.0028148,0.0028038,0.0028106,303347932.0
2026-08-07 06:30:00,0.0028106,0.0028113,0.0028031,0.002806,272485927.0
2026-08-07 06:45:00,0.002806,0.0028074,0.0028013,0.0028064,109684556.0
2026-08-07 07:00:00,0.0028063,0.0028092,0.0027973,0.0028091,319536427.0
2026-08-07 07:15:00,0.0028091,0.0028147,0.0028087,0.0028128,275420561.0
2026-08-07 07:30:00,0.0028129,0.0028133,0.0028058,0.0028071,138867299.0
2026-08-07 07:45:00,0.0028071,0.0028077,0.0028032,0.0028049,141154837.0
2026-08-07 08:00:00,0.002805,0.0028185,0.0028045,0.0028159,340961197.0
2026-08-07 08:15:00,0.002816,0.0028179,0.0028092,0.002812,164457296.0
2026-08-07 08:30:00,0.0028121,0.0028272,0.002807,0.0028203,417938974.0
2026-08-07 08:45:00,0.0028204,0.0028208,0.0028096,0.0028127,185863620.0
2026-08-07 09:00:00,0.0028127,0.0028176,0.0028088,0.0028144,296046358.0
2026-08-07 09:15:00,0.0028145,0.0028232,0.002814,0.0028152,266554374.0
2026-08-07 09:30:00,0.0028153,0.002832,0.0028127,0.0028262,563528907.0
2026-08-07 09:45:00,0.0028263,0.0028296,0.0028169,0.0028231,310076859.0
2026-08-07 10:00:00,0.0028231,0.0028262,0.002816,0.0028162,193199391.0
2026-08-07 10:15:00,0.0028162,0.0028169,0.0028118,0.0028166,193994189.0
2026-08-07 10:30:00,0.0028166,0.0028204,0.0028121,0.0028136,172681434.0
2026-08-07 10:45:00,0.0028136,0.0028155,0.0028112,0.0028133,190053068.0
2026-08-07 11:00:00,0.0028132,0.0028337,0.0028132,0.0028239,410011102.0
2026-08-07 11:15:00,0.0028239,0.0028361,0.0028196,0.0028261,451741829.0
2026-08-07 11:30:00,0.0028261,0.0028285,0.0028224,0.0028245,244621710.0
2026-08-07 11:45:00,0.0028245,0.0028318,0.0028227,0.0028308,197700248.0
2026-08-07 12:00:00,0.0028308,0.0028477,0.0028294,0.0028422,911444106.0
2026-08-07 12:15:00,0.0028423,0.002853,0.0028354,0.0028485,558444144.0
2026-08-07 12:30:00,0.0028486,0.002873,0.0028302,0.0028364,1269970165.0
2026-08-07 12:45:00,0.0028362,0.0028469,0.0028354,0.002843,297333823.0
2026-08-07 13:00:00,0.0028431,0.0028484,0.0028361,0.0028412,328145820.0
2026-08-07 13:15:00,0.0028412,0.002848,0.0028393,0.0028457,226660531.0
2026-08-07 13:30:00,0.0028458,0.0028507,0.0028378,0.0028446,471313493.0
2026-08-07 13:45:00,0.0028446,0.0028449,0.0028312,0.002833,525200247.0
2026-08-07 14:00:00,0.0028328,0.0028369,0.0028207,0.0028228,1023620911.0
2026-08-07 14:15:00,0.0028229,0.0028362,0.0028177,0.0028349,439146936.0
2026-08-07 14:30:00,0.002835,0.002836,0.0028188,0.0028203,369014569.0
2026-08-07 14:45:00,0.0028203,0.0028227,0.0028037,0.0028127,560642381.0
2026-08-07 15:00:00,0.0028128,0.0028273,0.0028104,0.0028235,429490479.0
2026-08-07 15:15:00,0.0028235,0.0028298,0.0028191,0.0028215,228432658.0
2026-08-07 15:30:00,0.0028216,0.0028292,0.002816,0.0028235,214990547.0
2026-08-07 15:45:00,0.0028235,0.0028265,0.00282,0.0028243,155713184.0
2026-08-07 16:00:00,0.0028243,0.0028386,0.0028226,0.0028358,301028736.0
2026-08-07 16:15:00,0.0028357,0.0028377,0.0028228,0.0028257,537244112.0
2026-08-07 16:30:00,0.0028257,0.0028276,0.0028187,0.0028258,183449474.0
2026-08-07 16:45:00,0.0028258,0.0028261,0.0028134,0.0028134,206863755.0
2026-08-07 17:00:00,0.0028134,0.0028134,0.0027967,0.0028005,787627467.0
2026-08-07 17:15:00,0.0028005,0.0028036,0.002793,0.0027974,453823043.0
2026-08-07 17:30:00,0.0027973,0.0028104,0.0027917,0.0028076,365001341.0
2026-08-07 17:45:00,0.0028076,0.0028091,0.0027956,0.0028054,289839950.0
2026-08-07 18:00:00,0.0028055,0.0028103,0.0028024,0.002806,228749060.0
2026-08-07 18:15:00,0.0028061,0.0028069,0.002803,0.0028063,108134470.0
2026-08-07 18:30:00,0.0028063,0.0028108,0.0027947,0.0027953,216082935.0
2026-08-07 18:45:00,0.0027952,0.0027995,0.0027922,0.0027967,329141845.0
2026-08-07 19:00:00,0.0027967,0.002824,0.0027956,0.0028219,405064334.0
2026-08-07 19:15:00,0.002822,0.0028371,0.002822,0.0028322,481048123.0
2026-08-07 19:30:00,0.0028322,0.0028365,0.0028269,0.0028317,410613010.0
2026-08-07 19:45:00,0.0028316,0.0028369,0.0028291,0.0028353,254976325.0
2026-08-07 20:00:00,0.0028353,0.0028384,0.002829,0.0028353,602910938.0
2026-08-07 20:15:00,0.0028353,0.0028363,0.0028318,0.0028354,116442675.0
2026-08-07 20:30:00,0.0028354,0.0028354,0.002826,0.0028311,286794369.0
2026-08-07 20:45:00,0.0028311,0.002837,0.0028311,0.0028339,150620730.0
2026-08-07 21:00:00,0.0028339,0.0028382,0.0028301,0.0028321,183519871.0
2026-08-07 21:15:00,0.0028321,0.0028346,0.0028258,0.0028272,209107269.0
2026-08-07 21:30:00,0.0028271,0.0028307,0.0028222,0.0028244,365206889.0
2026-08-07 21:45:00,0.0028245,0.0028253,0.0028176,0.0028187,132239736.0
2026-08-07 22:00:00,0.0028187,0.0028219,0.0028119,0.0028205,320584457.0
2026-08-07 22:15:00,0.0028205,0.002823,0.002815,0.0028165,179309841.0
2026-08-07 22:30:00,0.0028165,0.0028165,0.0028047,0.0028117,248447613.0
2026-08-07 22:45:00,0.0028116,0.002815,0.0028093,0.002815,135182369.0
2026-08-07 23:00:00,0.002815,0.0028232,0.0028149,0.0028223,116609566.0
2026-08-07 23:15:00,0.0028223,0.002823,0.0028137,0.0028158,135915483.0
2026-08-07 23:30:00,0.0028157,0.0028181,0.0028104,0.0028125,143657773.0
2026-08-07 23:45:00,0.0028125,0.0028137,0.0028085,0.0028099,125497341.0
2026-08-08 00:00:00,0.00281,0.0028172,0.0028058,0.0028069,317981538.0
2026-08-08 00:15:00,0.0028069,0.0028124,0.0028031,0.0028074,341031086.0
2026-08-08 00:30:00,0.0028073,0.0028117,0.0028035,0.0028064,188640779.0
2026-08-08 00:45:00,0.0028064,0.0028147,0.0028039,0.0028137,130335317.0
2026-08-08 01:00:00,0.0028138,0.0028199,0.0028121,0.0028146,131204796.0
2026-08-08 01:15:00,0.0028147,0.0028257,0.002814,0.0028246,277977784.0
2026-08-08 01:30:00,0.0028247,0.0028396,0.0028244,0.0028394,639296348.0
2026-08-08 01:45:00,0.0028395,0.0028427,0.0028327,0.002841,424211199.0
2026-08-08 02:00:00,0.0028411,0.0028439,0.0028356,0.0028399,229024810.0
2026-08-08 02:15:00,0.0028399,0.0028414,0.0028334,0.0028381,140627777.0
2026-08-08 02:30:00,0.0028381,0.0028412,0.0028305,0.0028312,169214886.0
2026-08-08 02:45:00,0.0028313,0.0028358,0.0028304,0.0028344,128257010.0
2026-08-08 03:00:00,0.0028345,0.0028446,0.0028343,0.0028401,198349107.0
2026-08-08 03:15:00,0.0028401,0.0028499,0.00284,0.0028434,254004120.0
2026-08-08 03:30:00,0.0028433,0.0028665,0.0028432,0.0028541,821959405.0
2026-08-08 03:45:00,0.0028541,0.002869,0.0028537,0.0028651,491857046.0
2026-08-08 04:00:00,0.0028652,0.0028706,0.0028574,0.0028589,593668967.0
2026-08-08 04:15:00,0.002859,0.0028791,0.0028543,0.0028653,623741133.0
2026-08-08 04:30:00,0.0028653,0.002881,0.0028644,0.0028764,431651499.0
2026-08-08 04:45:00,0.0028765,0.00288,0.0028686,0.0028732,397680528.0
2026-08-08 05:00:00,0.0028733,0.0028765,0.0028647,0.0028666,280564922.0
2026-08-08 05:15:00,0.0028665,0.0028672,0.0028581,0.0028638,189953165.0
2026-08-08 05:30:00,0.0028639,0.0028719,0.0028608,0.002861,370426239.0
2026-08-08 05:45:00,0.0028608,0.0028651,0.0028567,0.0028616,231999113.0
2026-08-08 06:00:00,0.0028614,0.0028698,0.0028608,0.0028643,231066699.0
2026-08-08 06:15:00,0.0028643,0.0028669,0.0028602,0.0028633,256073032.0
2026-08-08 06:30:00,0.0028633,0.0028673,0.0028614,0.0028664,141491804.0
2026-08-08 06:45:00,0.0028664,0.0028686,0.0028565,0.002862,381643917.0
2026-08-08 07:00:00,0.002862,0.0028709,0.0028619,0.0028634,217628984.0
2026-08-08 07:15:00,0.0028633,0.002869,0.0028615,0.0028666,227067976.0
2026-08-08 07:30:00,0.0028666,0.002868,0.0028531,0.00286,236875008.0
2026-08-08 07:45:00,0.00286,0.0028609,0.0028557,0.0028589,285182713.0
2026-08-08 08:00:00,0.0028589,0.0028645,0.002856,0.0028614,185794354.0
2026-08-08 08:15:00,0.0028614,0.0028662,0.0028605,0.002865,81810021.0
2026-08-08 08:30:00,0.002865,0.002877,0.0028648,0.0028746,448467850.0
2026-08-08 08:45:00,0.0028746,0.0028746,0.0028646,0.0028673,220846197.0
2026-08-08 09:00:00,0.0028673,0.0028795,0.0028667,0.0028729,275553713.0
2026-08-08 09:15:00,0.0028728,0.002875,0.0028705,0.0028728,164039921.0
2026-08-08 09:30:00,0.0028729,0.0028797,0.0028676,0.002874,284404881.0
2026-08-08 09:45:00,0.0028739,0.0028766,0.0028725,0.0028738,108663177.0
2026-08-08 10:00:00,0.0028738,0.0028762,0.002868,0.0028724,131578880.0
2026-08-08 10:15:00,0.0028724,0.0028747,0.0028659,0.0028684,160356576.0
2026-08-08 10:30:00,0.0028683,0.0028767,0.002868,0.0028758,199495518.0
2026-08-08 10:45:00,0.0028758,0.0028786,0.0028726,0.0028752,120417511.0
2026-08-08 11:00:00,0.0028752,0.0028798,0.0028718,0.0028738,229069860.0
2026-08-08 11:15:00,0.0028737,0.0028772,0.0028711,0.0028767,111195791.0
2026-08-08 11:30:00,0.0028766,0.0028766,0.0028676,0.0028697,278138533.0
2026-08-08 11:45:00,0.0028697,0.0028697,0.0028653,0.0028667,193580733.0
2026-08-08 12:00:00,0.0028667,0.0028733,0.002863,0.0028724,261426224.0
2026-08-08 12:15:00,0.0028724,0.002873,0.0028623,0.0028631,120924379.0
2026-08-08 12:30:00,0.0028631,0.0028661,0.0028565,0.0028583,363306691.0
2026-08-08 12:45:00,0.0028582,0.0028584,0.0028513,0.0028546,277487904.0
2026-08-08 13:00:00,0.0028546,0.0028579,0.0028535,0.0028552,160471317.0
2026-08-08 13:15:00,0.0028551,0.0028572,0.0028501,0.0028562,301461894.0
2026-08-08 13:30:00,0.0028561,0.0028595,0.0028551,0.0028578,113285491.0
2026-08-08 13:45:00,0.0028577,0.0028595,0.0028521,0.0028543,96746280.0
2026-08-08 14:00:00,0.0028543,0.0028597,0.0028511,0.002856,314735826.0
2026-08-08 14:15:00,0.002856,0.0028777,0.0028558,0.002874,711012751.0
2026-08-08 14:30:00,0.002874,0.0028861,0.0028712,0.0028734,589892158.0
2026-08-08 14:45:00,0.0028734,0.0028893,0.0028734,0.0028825,601045734.0
2026-08-08 15:00:00,0.0028825,0.0028866,0.0028785,0.0028832,363949105.0
2026-08-08 15:15:00,0.0028832,0.0028897,0.0028827,0.0028871,259930906.0
2026-08-08 15:30:00,0.0028871,0.0028871,0.0028765,0.0028792,328976352.0
2026-08-08 15:45:00,0.0028792,0.002892,0.0028765,0.0028861,464832039.0
2026-08-08 16:00:00,0.0028861,0.0028962,0.0028854,0.0028861,249972101.0
2026-08-08 16:15:00,0.0028861,0.0028902,0.0028799,0.0028834,213252247.0
2026-08-08 16:30:00,0.0028834,0.0028837,0.0028734,0.0028777,272239046.0
2026-08-08 16:45:00,0.0028777,0.0028836,0.002875,0.0028836,174341321.0
2026-08-08 17:00:00,0.0028836,0.0028836,0.0028747,0.0028764,162846365.0
2026-08-08 17:15:00,0.0028764,0.0028795,0.002875,0.0028787,170724047.0
2026-08-08 17:30:00,0.0028786,0.0028796,0.0028744,0.002876,144125993.0
2026-08-08 17:45:00,0.0028759,0.0028775,0.0028713,0.0028716,156643001.0
2026-08-08 18:00:00,0.0028716,0.0028734,0.0028701,0.0028723,134428051.0
2026-08-08 18:15:00,0.0028723,0.0028732,0.0028641,0.0028671,323501600.0
2026-08-08 18:30:00,0.002867,0.0028705,0.0028645,0.002868,143321665.0
2026-08-08 18:45:00,0.002868,0.002869,0.002865,0.0028662,74688861.0
2026-08-08 19:00:00,0.0028662,0.0028678,0.0028631,0.0028647,86574625.0
2026-08-08 19:15:00,0.0028646,0.0028656,0.0028609,0.002861,114079877.0
2026-08-08 19:30:00,0.0028609,0.0028677,0.0028609,0.0028675,119735509.0
2026-08-08 19:45:00,0.0028674,0.0028712,0.0028654,0.0028655,95978144.0
2026-08-08 20:00:00,0.0028655,0.0028688,0.0028625,0.0028688,82937851.0
2026-08-08 20:15:00,0.0028687,0.00287,0.0028631,0.0028643,88279249.0
2026-08-08 20:30:00,0.0028643,0.002867,0.0028622,0.0028642,107431325.0
2026-08-08 20:45:00,0.0028642,0.0028695,0.0028638,0.0028693,136164610.0
2026-08-08 21:00:00,0.0028693,0.0028694,0.0028638,0.0028643,92168653.0
2026-08-08 21:15:00,0.0028642,0.0028685,0.0028637,0.002865,49578500.0
2026-08-08 21:30:00,0.0028649,0.0028698,0.0028622,0.0028688,78879510.0
2026-08-08 21:45:00,0.0028687,0.0028692,0.0028607,0.0028648,125432654.0
2026-08-08 22:00:00,0.0028648,0.0028666,0.0028538,0.0028566,319427433.0
2026-08-08 22:15:00,0.0028565,0.0028584,0.0028554,0.0028582,76604021.0
2026-08-08 22:30:00,0.0028581,0.0028581,0.0028546,0.0028567,110020360.0
2026-08-08 22:45:00,0.0028566,0.0028571,0.0028512,0.0028538,179055448.0
2026-08-08 23:00:00,0.0028538,0.0028547,0.0028422,0.0028472,432629985.0
2026-08-08 23:15:00,0.0028471,0.0028521,0.0028452,0.0028502,195508540.0
2026-08-08 23:30:00,0.0028501,0.0028536,0.0028485,0.0028528,117375032.0
2026-08-08 23:45:00,0.0028527,0.0028545,0.0028514,0.0028525,87942325.0
2026-08-09 00:00:00,0.0028525,0.0028551,0.0028508,0.0028521,175585956.0
2026-08-09 00:15:00,0.002852,0.0028522,0.0028478,0.0028488,234923089.0
2026-08-09 00:30:00,0.0028487,0.0028589,0.0028478,0.0028557,154687051.0
2026-08-09 00:45:00,0.0028556,0.0028577,0.0028523,0.0028576,140251001.0
2026-08-09 01:00:00,0.0028575,0.0028634,0.0028564,0.0028624,273891384.0
2026-08-09 01:15:00,0.0028624,0.0028638,0.0028476,0.0028482,229266200.0
2026-08-09 01:30:00,0.0028482,0.0028551,0.0028462,0.002854,172339144.0
2026-08-09 01:45:00,0.0028539,0.0028548,0.0028481,0.0028506,144783753.0
2026-08-09 02:00:00,0.0028505,0.0028517,0.0028452,0.002851,148932593.0
2026-08-09 02:15:00,0.002851,0.0028529,0.0028484,0.0028524,84995796.0
2026-08-09 02:30:00,0.0028523,0.0028528,0.002842,0.0028457,246985823.0
2026-08-09 02:45:00,0.0028457,0.0028468,0.0028424,0.0028428,166488969.0
2026-08-09 03:00:00,0.0028428,0.0028452,0.0028378,0.0028404,286935471.0
2026-08-09 03:15:00,0.0028404,0.002848,0.0028404,0.0028477,108241227.0
2026-08-09 03:30:00,0.0028476,0.0028529,0.0028452,0.0028463,197565013.0
2026-08-09 03:45:00,0.0028462,0.0028476,0.0028433,0.002844,68907408.0
2026-08-09 04:00:00,0.002844,0.0028559,0.0028433,0.0028557,216029002.0
2026-08-09 04:15:00,0.0028557,0.0028621,0.0028533,0.0028607,396016230.0
2026-08-09 04:30:00,0.0028608,0.002861,0.0028523,0.0028534,100447899.0
2026-08-09 04:45:00,0.0028533,0.0028566,0.0028526,0.0028565,76617276.0
2026-08-09 05:00:00,0.0028565,0.0028572,0.0028513,0.0028531,72477918.0
2026-08-09 05:15:00,0.002853,0.0028536,0.0028475,0.0028476,73638751.0
2026-08-09 05:30:00,0.0028476,0.0028503,0.0028452,0.0028488,111524858.0
2026-08-09 05:45:00,0.0028488,0.0028538,0.0028486,0.0028538,60968260.0
2026-08-09 06:00:00,0.0028537,0.0028596,0.0028525,0.002858,172343309.0
2026-08-09 06:15:00,0.002858,0.00286,0.0028577,0.0028595,117782229.0
2026-08-09 06:30:00,0.0028595,0.0028762,0.0028581,0.0028721,440921967.0
2026-08-09 06:45:00,0.0028722,0.00288,0.002871,0.0028756,425557868.0
2026-08-09 07:00:00,0.0028757,0.002877,0.002865,0.0028687,362987042.0
2026-08-09 07:15:00,0.0028687,0.0028694,0.0028629,0.002868,160199658.0
2026-08-09 07:30:00,0.0028681,0.0028734,0.0028646,0.0028719,406758920.0
2026-08-09 07:45:00,0.0028719,0.0028764,0.0028705,0.0028741,246408635.0
2026-08-09 08:00:00,0.0028741,0.002887,0.002874,0.0028778,421398958.0
2026-08-09 08:15:00,0.0028778,0.0028827,0.0028735,0.0028752,111076701.0
2026-08-09 08:30:00,0.0028752,0.0028766,0.0028673,0.0028746,210631758.0
2026-08-09 08:45:00,0.0028746,0.0028774,0.0028711,0.0028726,117777031.0
2026-08-09 09:00:00,0.0028726,0.0028726,0.0028679,0.0028701,115644604.0
2026-08-09 09:15:00,0.0028702,0.0028733,0.0028675,0.0028682,126838720.0
2026-08-09 09:30:00,0.0028683,0.0028765,0.0028678,0.0028748,152770862.0
2026-08-09 09:45:00,0.0028749,0.0028775,0.0028728,0.0028774,89491494.0
2026-08-09 10:00:00,0.0028775,0.002882,0.0028752,0.0028771,272507632.0
2026-08-09 10:15:00,0.0028772,0.0028788,0.0028603,0.0028624,415281319.0
2026-08-09 10:30:00,0.0028624,0.0028649,0.0028584,0.0028643,233050801.0
2026-08-09 10:45:00,0.0028644,0.0028698,0.0028624,0.0028639,182082387.0
2026-08-09 11:00:00,0.0028639,0.0028683,0.0028625,0.0028672,157255463.0
2026-08-09 11:15:00,0.0028672,0.0028685,0.0028642,0.0028664,74605495.0
2026-08-09 11:30:00,0.0028665,0.0028714,0.002866,0.0028701,165505542.0
2026-08-09 11:45:00,0.0028702,0.002873,0.0028667,0.0028699,148843285.0
2026-08-09 12:00:00,0.0028699,0.0028748,0.0028645,0.0028748,240825994.0
2026-08-09 12:15:00,0.0028748,0.0028784,0.0028725,0.0028749,250024408.0
2026-08-09 12:30:00,0.002875,0.0028752,0.0028652,0.0028655,126755709.0
2026-08-09 12:45:00,0.0028656,0.002874,0.0028651,0.0028732,104954489.0
2026-08-09 13:00:00,0.0028733,0.0028832,0.0028733,0.0028799,383363592.0
2026-08-09 13:15:00,0.00288,0.0028948,0.0028797,0.0028919,843549438.0
2026-08-09 13:30:00,0.0028919,0.0028945,0.0028862,0.0028871,433336703.0
2026-08-09 13:45:00,0.0028872,0.0028922,0.0028869,0.0028876,203413138.0
2026-08-09 14:00:00,0.0028875,0.0028924,0.002886,0.0028865,211191757.0
2026-08-09 14:15:00,0.0028865,0.0028911,0.0028808,0.0028823,198505332.0
2026-08-09 14:30:00,0.0028822,0.0028856,0.0028782,0.0028822,248684279.0
2026-08-09 14:45:00,0.0028823,0.0028924,0.0028815,0.0028887,312240767.0
2026-08-09 15:00:00,0.0028887,0.0028887,0.002882,0.0028835,240415808.0
2026-08-09 15:15:00,0.0028834,0.0028866,0.0028816,0.0028859,119205343.0
2026-08-09 15:30:00,0.0028858,0.002887,0.0028818,0.002886,135253267.0
2026-08-09 15:45:00,0.002886,0.0028926,0.002885,0.0028893,153770798.0
2026-08-09 16:00:00,0.0028893,0.0029072,0.0028893,0.0028978,806112154.0
2026-08-09 16:15:00,0.0028978,0.0029076,0.0028948,0.0028968,288071786.0
2026-08-09 16:30:00,0.0028968,0.0029,0.0028925,0.0028984,220934281.0
2026-08-09 16:45:00,0.0028983,0.0029022,0.0028923,0.0028995,508252491.0
2026-08-09 17:00:00,0.0028995,0.0029116,0.0028967,0.002907,563227739.0
2026-08-09 17:15:00,0.0029069,0.0029283,0.0029054,0.0029099,1312999533.0
2026-08-09 17:30:00,0.0029098,0.002916,0.0029058,0.0029084,240403787.0
2026-08-09 17:45:00,0.0029084,0.0029092,0.0029003,0.0029039,263119711.0
2026-08-09 18:00:00,0.002904,0.00292,0.002904,0.0029186,694129080.0
2026-08-09 18:15:00,0.0029186,0.0029349,0.0029134,0.0029301,856271662.0
2026-08-09 18:30:00,0.0029301,0.0029418,0.0029265,0.0029338,579603289.0
2026-08-09 18:45:00,0.0029338,0.0029388,0.0029268,0.0029301,410876434.0
2026-08-09 19:00:00,0.0029301,0.002936,0.0029174,0.0029188,433680795.0
2026-08-09 19:15:00,0.0029187,0.002923,0.0029136,0.0029197,289950230.0
2026-08-09 19:30:00,0.0029196,0.0029246,0.0029143,0.0029246,193631416.0
2026-08-09 19:45:00,0.0029245,0.0029292,0.0029222,0.002925,224379881.0
2026-08-09 20:00:00,0.002925,0.0029345,0.0029127,0.0029143,461993061.0
2026-08-09 20:15:00,0.0029144,0.0029216,0.0029127,0.002919,192393700.0
2026-08-09 20:30:00,0.0029189,0.0029303,0.0029162,0.0029274,358368972.0
2026-08-09 20:45:00,0.0029273,0.0029296,0.0029241,0.0029295,199272776.0
2026-08-09 21:00:00,0.0029295,0.0029319,0.0029158,0.0029177,256069035.0
2026-08-09 21:15:00,0.0029176,0.0029378,0.0029167,0.0029366,273651306.0
2026-08-09 21:30:00,0.0029368,0.0029641,0.0029368,0.0029481,1770177812.0
2026-08-09 21:45:00,0.002948,0.0029481,0.0029357,0.0029389,386016367.0
2026-08-09 22:00:00,0.0029389,0.0029614,0.002932,0.0029602,519972311.0
2026-08-09 22:15:00,0.0029602,0.0029626,0.0029411,0.0029438,538631680.0
2026-08-09 22:30:00,0.0029438,0.0029459,0.0029103,0.0029131,787130056.0
2026-08-09 22:45:00,0.0029131,0.0029131,0.0028928,0.0029056,881792406.0
2026-08-09 23:00:00,0.0029056,0.002908,0.002898,0.002899,423627932.0
2026-08-09 23:15:00,0.002899,0.002899,0.0028753,0.0028824,1158844281.0
2026-08-09 23:30:00,0.0028824,0.0028853,0.0028717,0.0028801,880485936.0
2026-08-09 23:45:00,0.0028801,0.002884,0.002876,0.0028824,433356565.0
2026-08-10 00:00:00,0.0028823,0.0029157,0.0028736,0.0029056,894176904.0
2026-08-10 00:15:00,0.0029055,0.0029067,0.0028916,0.0028972,415776184.0
2026-08-10 00:30:00,0.0028973,0.0029009,0.0028844,0.0028857,424686393.0
2026-08-10 00:45:00,0.0028858,0.0029079,0.002883,0.0028962,325913351.0
2026-08-10 01:00:00,0.0028962,0.0029035,0.0028912,0.0029018,273245596.0
2026-08-10 01:15:00,0.0029018,0.002908,0.0028972,0.0028972,214344637.0
2026-08-10 01:30:00,0.0028972,0.0029036,0.0028882,0.0029032,314809414.0
2026-08-10 01:45:00,0.0029031,0.0029404,0.0028996,0.0029279,705913363.0
2026-08-10 02:00:00,0.0029279,0.0029314,0.0029145,0.0029156,424621865.0
2026-08-10 02:15:00,0.0029156,0.0029156,0.0028816,0.0028854,760666586.0
2026-08-10 02:30:00,0.0028854,0.0029057,0.0028802,0.0029053,402078976.0
2026-08-10 02:45:00,0.0029053,0.0029108,0.0028949,0.0029092,317405032.0
2026-08-10 03:00:00,0.0029092,0.0029168,0.0028945,0.0028958,447124661.0
2026-08-10 03:15:00,0.0028958,0.0029145,0.0028867,0.0028965,583392905.0
2026-08-10 03:30:00,0.0028966,0.0029048,0.0028931,0.0028973,244842778.0
2026-08-10 03:45:00,0.0028972,0.0028986,0.0028833,0.0028874,257016089.0
2026-08-10 04:00:00,0.0028875,0.0029013,0.0028862,0.0029013,285411448.0
2026-08-10 04:15:00,0.0029012,0.0029081,0.0028901,0.0028934,311917294.0
2026-08-10 04:30:00,0.0028934,0.002895,0.0028748,0.0028859,416580203.0
2026-08-10 04:45:00,0.0028859,0.0028965,0.0028837,0.0028877,293351036.0
2026-08-10 05:00:00,0.0028877,0.0028958,0.0028846,0.0028854,151146067.0
2026-08-10 05:15:00,0.0028855,0.0028954,0.0028828,0.0028953,319769766.0
2026-08-10 05:30:00,0.0028952,0.0029046,0.0028913,0.0029035,237022363.0
2026-08-10 05:45:00,0.0029036,0.0029077,0.0028956,0.0029013,221330341.0
2026-08-10 06:00:00,0.0029013,0.002908,0.0028977,0.0029002,260148730.0
2026-08-10 06:15:00,0.0029003,0.002907,0.0028971,0.0028984,213465897.0
2026-08-10 06:30:00,0.0028985,0.0029068,0.0028976,0.0029054,161564545.0
2026-08-10 06:45:00,0.0029054,0.002906,0.002895,0.002906,130803439.0
2026-08-10 07:00:00,0.002906,0.0029074,0.0028947,0.0028947,223154468.0
2026-08-10 07:15:00,0.0028947,0.0029035,0.0028933,0.0029018,165594423.0
2026-08-10 07:30:00,0.0029018,0.0029046,0.0028954,0.0028957,147645796.0
2026-08-10 07:45:00,0.0028957,0.0028957,0.0028875,0.0028922,141840152.0
2026-08-10 08:00:00,0.0028923,0.0028997,0.0028899,0.0028917,194553955.0
2026-08-10 08:15:00,0.0028916,0.0028974,0.0028887,0.0028933,153195152.0
2026-08-10 08:30:00,0.0028933,0.0028947,0.0028827,0.0028879,381589712.0
2026-08-10 08:45:00,0.002888,0.0029049,0.0028856,0.0029012,286071741.0
2026-08-10 09:00:00,0.0029012,0.0029012,0.0028938,0.0028963,149930076.0
2026-08-10 09:15:00,0.0028963,0.0028982,0.0028888,0.0028888,126343860.0
2026-08-10 09:30:00,0.0028888,0.0028888,0.0028708,0.0028775,681130090.0
2026-08-10 09:45:00,0.0028775,0.0028848,0.0028744,0.0028781,268662109.0
2026-08-10 10:00:00,0.0028781,0.0028809,0.0028711,0.0028731,280053245.0
2026-08-10 10:15:00,0.0028731,0.0028818,0.0028706,0.0028805,214132657.0
2026-08-10 10:30:00,0.0028805,0.002884,0.002879,0.0028839,138233510.0
2026-08-10 10:45:00,0.0028839,0.002884,0.0028766,0.0028788,131131530.0
2026-08-10 11:00:00,0.0028789,0.0028793,0.0028655,0.0028775,459122570.0
2026-08-10 11:15:00,0.0028776,0.0028859,0.0028767,0.0028855,243032720.0
2026-08-10 11:30:00,0.0028856,0.002886,0.002881,0.0028836,147759698.0
2026-08-10 11:45:00,0.0028837,0.0028936,0.0028832,0.0028934,252498708.0
2026-08-10 12:00:00,0.0028933,0.0029048,0.0028916,0.0028948,518070111.0
2026-08-10 12:15:00,0.0028949,0.0029023,0.0028868,0.0028868,293699456.0
2026-08-10 12:30:00,0.0028869,0.0028922,0.0028821,0.0028917,347704114.0
2026-08-10 12:45:00,0.0028918,0.002892,0.0028744,0.0028766,444715567.0
2026-08-10 13:00:00,0.0028766,0.0028853,0.0028745,0.0028823,302767780.0
2026-08-10 13:15:00,0.0028823,0.0028881,0.0028805,0.0028844,151408256.0
2026-08-10 13:30:00,0.0028844,0.0028852,0.0028671,0.0028743,763595482.0
2026-08-10 13:45:00,0.0028743,0.0028798,0.0028663,0.0028776,418571917.0
2026-08-10 14:00:00,0.0028777,0.002896,0.0028771,0.0028931,492644738.0
2026-08-10 14:15:00,0.0028931,0.0028957,0.0028823,0.0028823,335241651.0
2026-08-10 14:30:00,0.0028823,0.002893,0.0028807,0.0028866,300860695.0
2026-08-10 14:45:00,0.0028866,0.0028884,0.0028681,0.0028704,301488966.0
2026-08-10 15:00:00,0.0028705,0.0028779,0.00285,0.002857,1473802485.0
2026-08-10 15:15:00,0.002857,0.0028654,0.0028442,0.0028605,803671294.0
2026-08-10 15:30:00,0.0028605,0.0028724,0.0028578,0.0028686,491993335.0
2026-08-10 15:45:00,0.0028687,0.0028753,0.0028647,0.0028702,513050737.0
2026-08-10 16:00:00,0.0028701,0.0028812,0.002864,0.0028733,560510197.0
2026-08-10 16:15:00,0.0028732,0.0028757,0.0028599,0.0028608,694800747.0
2026-08-10 16:30:00,0.0028608,0.002873,0.002856,0.0028645,514764053.0
2026-08-10 16:45:00,0.0028644,0.0028668,0.0028555,0.0028614,445170133.0
2026-08-10 17:00:00,0.0028612,0.0028695,0.0028513,0.0028673,427122736.0
2026-08-10 17:15:00,0.0028672,0.0028718,0.0028637,0.0028643,220492883.0
2026-08-10 17:30:00,0.0028643,0.0028764,0.0028639,0.0028662,200918470.0
2026-08-10 17:45:00,0.0028661,0.0028661,0.0028602,0.0028634,160258791.0
2026-08-10 18:00:00,0.0028633,0.0028664,0.0028555,0.0028629,330388410.0
2026-08-10 18:15:00,0.0028629,0.0028726,0.0028627,0.0028671,218332048.0
2026-08-10 18:30:00,0.002867,0.0028693,0.0028538,0.0028618,258271314.0
2026-08-10 18:45:00,0.0028617,0.0028617,0.002851,0.0028583,195231535.0
2026-08-10 19:00:00,0.0028583,0.0028688,0.0028575,0.0028667,213101604.0
2026-08-10 19:15:00,0.0028667,0.0028721,0.0028654,0.0028694,199994806.0
2026-08-10 19:30:00,0.0028694,0.00288,0.0028677,0.0028746,706732341.0
2026-08-10 19:45:00,0.0028746,0.002875,0.0028642,0.0028703,569609871.0
2026-08-10 20:00:00,0.0028701,0.002872,0.0028636,0.0028644,300703319.0
2026-08-10 20:15:00,0.0028644,0.0028692,0.0028637,0.002867,89058419.0
2026-08-10 20:30:00,0.002867,0.0028721,0.0028659,0.0028665,208647961.0
2026-08-10 20:45:00,0.0028665,0.0028696,0.0028625,0.0028684,134313784.0
2026-08-10 21:00:00,0.0028683,0.0028751,0.0028609,0.0028643,349799039.0
2026-08-10 21:15:00,0.0028645,0.0028679,0.0028513,0.0028676,515309147.0
2026-08-10 21:30:00,0.0028676,0.0028793,0.0028628,0.0028783,431341052.0
2026-08-10 21:45:00,0.0028784,0.0028788,0.0028627,0.0028632,155065856.0
2026-08-10 22:00:00,0.0028632,0.0028769,0.002859,0.0028758,271185742.0
2026-08-10 22:15:00,0.0028759,0.0028843,0.0028744,0.0028822,289984585.0
2026-08-10 22:30:00,0.0028822,0.0028827,0.0028689,0.0028712,182898691.0
2026-08-10 22:45:00,0.0028713,0.0028827,0.0028707,0.0028727,217392055.0
2026-08-10 23:00:00,0.0028728,0.0028775,0.0028675,0.0028774,126494480.0
2026-08-10 23:15:00,0.0028774,0.0028816,0.0028707,0.0028756,116122903.0
2026-08-10 23:30:00,0.0028756,0.002877,0.0028704,0.0028766,100730221.0
2026-08-10 23:45:00,0.0028766,0.0028799,0.0028711,0.0028757,171875868.0
2026-08-11 00:00:00,0.0028758,0.0028791,0.0028721,0.0028772,208707557.0
2026-08-11 00:15:00,0.0028773,0.0028864,0.002873,0.0028862,252387672.0
2026-08-11 00:30:00,0.0028863,0.0028867,0.0028743,0.002878,156489838.0
2026-08-11 00:45:00,0.002878,0.0028831,0.0028762,0.0028811,138919509.0
2026-08-11 01:00:00,0.002881,0.0028895,0.0028743,0.0028777,348027124.0
2026-08-11 01:15:00,0.0028778,0.0028828,0.0028735,0.0028755,265384372.0
2026-08-11 01:30:00,0.0028758,0.0028772,0.0028695,0.0028738,153827615.0
2026-08-11 01:45:00,0.0028738,0.0028967,0.0028726,0.0028932,364081463.0
2026-08-11 02:00:00,0.0028932,0.002897,0.002885,0.0028871,183285220.0
2026-08-11 02:15:00,0.0028872,0.0028918,0.0028846,0.0028892,185560089.0
2026-08-11 02:30:00,0.0028893,0.0028919,0.0028836,0.0028913,116416148.0
2026-08-11 02:45:00,0.0028914,0.0028914,0.0028779,0.0028787,119421149.0
2026-08-11 03:00:00,0.0028787,0.0028832,0.0028758,0.0028761,140747969.0
2026-08-11 03:15:00,0.0028762,0.002877,0.0028685,0.0028695,241100815.0
2026-08-11 03:30:00,0.0028695,0.0028726,0.0028636,0.0028686,396684660.0
2026-08-11 03:45:00,0.0028686,0.002871,0.002864,0.0028657,203328415.0
2026-08-11 04:00:00,0.0028657,0.0028696,0.002863,0.002868,150345999.0
2026-08-11 04:15:00,0.002868,0.0028762,0.0028643,0.002869,205081821.0
2026-08-11 04:30:00,0.0028691,0.0028713,0.002864,0.002864,138083932.0
2026-08-11 04:45:00,0.002864,0.0028654,0.002858,0.0028607,253304392.0
2026-08-11 05:00:00,0.0028607,0.0028681,0.0028584,0.0028674,147027249.0
2026-08-11 05:15:00,0.0028674,0.0028674,0.0028531,0.0028584,345633392.0
2026-08-11 05:30:00,0.0028585,0.0028683,0.0028575,0.0028677,143761766.0
2026-08-11 05:45:00,0.0028678,0.002869,0.002862,0.0028623,91941768.0
2026-08-11 06:00:00,0.0028623,0.0028813,0.00286,0.0028771,590508479.0
2026-08-11 06:15:00,0.0028771,0.0028818,0.002874,0.0028777,552349975.0
2026-08-11 06:30:00,0.0028778,0.0028829,0.0028732,0.0028754,389657094.0
2026-08-11 06:45:00,0.0028754,0.0028755,0.0028585,0.0028655,571224362.0
2026-08-11 07:00:00,0.0028655,0.0028668,0.0028604,0.0028605,211986667.0
2026-08-11 07:15:00,0.0028605,0.0028609,0.00285,0.0028509,415616770.0
2026-08-11 07:30:00,0.002851,0.0028596,0.002851,0.0028533,336699904.0
2026-08-11 07:45:00,0.0028533,0.0028552,0.0028473,0.0028491,355662413.0
2026-08-11 08:00:00,0.0028491,0.0028532,0.0028476,0.002849,368722850.0
2026-08-11 08:15:00,0.002849,0.0028559,0.0028482,0.0028529,246994912.0
2026-08-11 08:30:00,0.002853,0.0028578,0.0028523,0.0028564,221924539.0
2026-08-11 08:45:00,0.0028565,0.0028617,0.002856,0.0028571,197752468.0
2026-08-11 09:00:00,0.0028571,0.0028589,0.002851,0.0028538,178669256.0
2026-08-11 09:15:00,0.0028538,0.002869,0.0028528,0.0028602,442423953.0
2026-08-11 09:30:00,0.0028602,0.0028629,0.0028555,0.0028579,218065141.0
2026-08-11 09:45:00,0.002858,0.0028643,0.0028563,0.0028635,387508893.0
2026-08-11 10:00:00,0.0028633,0.002871,0.0028555,0.0028565,324678193.0
2026-08-11 10:15:00,0.0028565,0.0028575,0.0028484,0.0028544,300018343.0
2026-08-11 10:30:00,0.0028545,0.0028564,0.0028507,0.0028523,101689468.0
2026-08-11 10:45:00,0.0028523,0.0028626,0.0028523,0.0028549,264224422.0
2026-08-11 11:00:00,0.0028549,0.0028726,0.0028539,0.0028637,705202730.0
2026-08-11 11:15:00,0.0028638,0.0028656,0.0028602,0.0028613,148906340.0
2026-08-11 11:30:00,0.0028614,0.0028635,0.0028555,0.0028587,228930010.0
2026-08-11 11:45:00,0.0028587,0.0028689,0.0028587,0.0028669,164605108.0
2026-08-11 12:00:00,0.0028669,0.0028685,0.0028621,0.0028624,144171862.0
2026-08-11 12:15:00,0.0028625,0.0028632,0.0028499,0.0028517,480271084.0
2026-08-11 12:30:00,0.0028517,0.0028575,0.0028465,0.0028572,344966638.0
2026-08-11 12:45:00,0.0028572,0.0028584,0.0028524,0.0028527,216463691.0
2026-08-11 13:00:00,0.0028527,0.0028626,0.002851,0.0028553,276891320.0
2026-08-11 13:15:00,0.0028552,0.0028559,0.0028413,0.0028515,473625106.0
2026-08-11 13:30:00,0.0028516,0.0028607,0.0028469,0.0028552,345086511.0
2026-08-11 13:45:00,0.0028552,0.002861,0.0028474,0.0028509,388804610.0
2026-08-11 14:00:00,0.0028509,0.0028565,0.0028486,0.0028552,196895793.0
2026-08-11 14:15:00,0.0028553,0.00286,0.0028406,0.0028506,401304162.0
2026-08-11 14:30:00,0.0028506,0.0028506,0.0028339,0.0028364,588169396.0
2026-08-11 14:45:00,0.0028364,0.0028364,0.0027713,0.0027866,5354454367.0
2026-08-11 15:00:00,0.0027866,0.0027904,0.0027808,0.0027826,1062450982.0
2026-08-11 15:15:00,0.0027826,0.0028051,0.0027802,0.0028027,816410503.0
2026-08-11 15:30:00,0.0028027,0.0028045,0.002767,0.0027824,1355505426.0
2026-08-11 15:45:00,0.0027822,0.0027886,0.0027747,0.0027844,677857224.0
2026-08-11 16:00:00,0.0027844,0.0027973,0.002778,0.0027933,595403204.0
2026-08-11 16:15:00,0.0027934,0.0027958,0.0027891,0.0027919,401284222.0
2026-08-11 16:30:00,0.002792,0.0027976,0.0027897,0.0027927,191346467.0
2026-08-11 16:45:00,0.0027927,0.0027964,0.0027892,0.0027897,216915075.0
2026-08-11 17:00:00,0.0027897,0.0027982,0.0027897,0.0027938,235888000.0
2026-08-11 17:15:00,0.0027938,0.0027977,0.002792,0.0027943,152287931.0
2026-08-11 17:30:00,0.0027943,0.0027959,0.0027889,0.0027937,202074170.0
2026-08-11 17:45:00,0.0027936,0.0027966,0.0027892,0.0027897,171868751.0
2026-08-11 18:00:00,0.0027896,0.0027958,0.0027891,0.0027906,270427798.0
2026-08-11 18:15:00,0.0027906,0.0028,0.0027891,0.0027929,230229753.0
2026-08-11 18:30:00,0.0027929,0.0027975,0.0027852,0.0027901,384250920.0
2026-08-11 18:45:00,0.00279,0.0027949,0.0027865,0.0027945,241533540.0
2026-08-11 19:00:00,0.0027944,0.002796,0.0027886,0.0027894,201389909.0
2026-08-11 19:15:00,0.0027894,0.0028011,0.0027894,0.0027977,170607627.0
2026-08-11 19:30:00,0.0027977,0.0028036,0.0027928,0.0028028,198756014.0
2026-08-11 19:45:00,0.0028028,0.0028078,0.0027979,0.0028061,419688103.0
2026-08-11 20:00:00,0.0028061,0.0028399,0.0028025,0.0028259,2901232690.0
2026-08-11 20:15:00,0.0028259,0.0028263,0.0028196,0.0028252,393553805.0
2026-08-11 20:30:00,0.0028252,0.0028305,0.0028142,0.002815,323989175.0
2026-08-11 20:45:00,0.0028151,0.0028242,0.0028151,0.0028234,229489376.0
2026-08-11 21:00:00,0.0028233,0.0028257,0.0028178,0.0028233,205026037.0
2026-08-11 21:15:00,0.0028232,0.0028251,0.0028193,0.0028215,167197175.0
2026-08-11 21:30:00,0.0028215,0.0028295,0.0028212,0.0028286,156171245.0
2026-08-11 21:45:00,0.0028286,0.0028396,0.0028286,0.002839,330496147.0
2026-08-11 22:00:00,0.0028389,0.0028528,0.0028389,0.0028458,456124780.0
2026-08-11 22:15:00,0.0028458,0.0028484,0.0028386,0.0028409,326287687.0
2026-08-11 22:30:00,0.0028409,0.002842,0.0028341,0.0028349,201748203.0
2026-08-11 22:45:00,0.0028348,0.0028463,0.0028319,0.0028462,154119779.0
2026-08-11 23:00:00,0.0028462,0.0028462,0.0028224,0.0028241,297711143.0
2026-08-11 23:15:00,0.002824,0.0028322,0.002824,0.0028282,265755658.0
2026-08-11 23:30:00,0.0028282,0.0028385,0.0028232,0.0028381,228781358.0
2026-08-11 23:45:00,0.0028382,0.0028402,0.0028352,0.0028397,193172968.0
2026-08-12 00:00:00,0.0028397,0.0028398,0.0028342,0.0028376,219356155.0
2026-08-12 00:15:00,0.0028376,0.0028446,0.0028338,0.00284,250455255.0
2026-08-12 00:30:00,0.0028399,0.0028463,0.0028399,0.0028401,214263827.0
2026-08-12 00:45:00,0.0028401,0.0028466,0.00284,0.0028447,129999164.0
2026-08-12 01:00:00,0.0028447,0.0028575,0.0028431,0.0028575,490326538.0
2026-08-12 01:15:00,0.0028575,0.0028588,0.0028506,0.0028534,338466054.0
2026-08-12 01:30:00,0.0028535,0.0028604,0.002852,0.002859,336885024.0
2026-08-12 01:45:00,0.002859,0.0028641,0.0028538,0.0028561,527532236.0
2026-08-12 02:00:00,0.0028561,0.0028607,0.0028527,0.0028562,153899417.0
2026-08-12 02:15:00,0.0028562,0.0028575,0.0028442,0.0028516,259628772.0
2026-08-12 02:30:00,0.0028517,0.0028529,0.0028456,0.00285,189243686.0
2026-08-12 02:45:00,0.00285,0.0028529,0.0028402,0.0028436,189570973.0
2026-08-12 03:00:00,0.0028436,0.002852,0.0028417,0.0028428,114613150.0
2026-08-12 03:15:00,0.0028429,0.0028556,0.0028427,0.0028534,279320617.0
2026-08-12 03:30:00,0.0028533,0.0028588,0.00285,0.0028503,153800599.0
2026-08-12 03:45:00,0.0028503,0.002853,0.0028452,0.0028472,151150304.0
2026-08-12 04:00:00,0.0028471,0.0028511,0.002845,0.0028505,177052535.0
2026-08-12 04:15:00,0.0028504,0.002862,0.0028504,0.0028537,257665759.0
2026-08-12 04:30:00,0.0028536,0.0028559,0.0028484,0.0028531,91265378.0
2026-08-12 04:45:00,0.002853,0.0028599,0.0028522,0.0028535,88018167.0
2026-08-12 05:00:00,0.0028534,0.0028543,0.002845,0.002853,108543830.0
2026-08-12 05:15:00,0.0028529,0.002856,0.0028509,0.0028529,62014999.0
2026-08-12 05:30:00,0.0028528,0.0028539,0.0028438,0.0028443,108245688.0
2026-08-12 05:45:00,0.0028443,0.0028491,0.0028428,0.0028477,230202272.0
2026-08-12 06:00:00,0.0028477,0.0028498,0.0028419,0.0028448,298843144.0
2026-08-12 06:15:00,0.0028447,0.0028466,0.0028327,0.0028337,276193308.0
2026-08-12 06:30:00,0.0028336,0.0028338,0.0028294,0.0028306,248542729.0
2026-08-12 06:45:00,0.0028305,0.002835,0.0028303,0.0028346,201035439.0
2026-08-12 07:00:00,0.0028346,0.0028401,0.0028333,0.0028338,264585816.0
2026-08-12 07:15:00,0.0028338,0.0028349,0.0028302,0.0028307,214963688.0
2026-08-12 07:30:00,0.0028307,0.002835,0.002828,0.0028294,292633892.0
2026-08-12 07:45:00,0.0028293,0.0028365,0.0028244,0.002836,392486117.0
2026-08-12 08:00:00,0.0028359,0.0028396,0.0028254,0.0028257,297387095.0
2026-08-12 08:15:00,0.0028257,0.0028296,0.0028257,0.0028271,153821718.0
2026-08-12 08:30:00,0.0028272,0.0028308,0.0028235,0.0028242,229394573.0
2026-08-12 08:45:00,0.0028242,0.002826,0.0028113,0.0028157,477119531.0
2026-08-12 09:00:00,0.0028157,0.0028304,0.0028126,0.00283,268711849.0
2026-08-12 09:15:00,0.0028295,0.002846,0.0028295,0.0028428,447980381.0
2026-08-12 09:30:00,0.0028428,0.0028469,0.0028381,0.0028411,281064975.0
2026-08-12 09:45:00,0.0028411,0.0028445,0.0028398,0.0028443,118724918.0
2026-08-12 10:00:00,0.0028442,0.0028533,0.0028414,0.002844,354557714.0
2026-08-12 10:15:00,0.002844,0.0028459,0.0028401,0.0028409,157356291.0
2026-08-12 10:30:00,0.0028409,0.002847,0.0028404,0.0028446,136401390.0
2026-08-12 10:45:00,0.0028445,0.0028493,0.0028435,0.0028456,249490275.0
2026-08-12 11:00:00,0.0028455,0.0028488,0.002837,0.0028377,338455506.0
2026-08-12 11:15:00,0.0028375,0.0028453,0.002836,0.0028449,269681376.0
2026-08-12 11:30:00,0.0028448,0.002846,0.0028373,0.0028394,192111115.0
2026-08-12 11:45:00,0.0028394,0.0028446,0.0028381,0.0028424,236906215.0
2026-08-12 12:00:00,0.0028422,0.0028468,0.0028401,0.0028418,270664261.0
2026-08-12 12:15:00,0.0028418,0.00286,0.0028417,0.0028539,448487772.0
2026-08-12 12:30:00,0.0028538,0.0028595,0.0028343,0.0028359,1337415433.0
2026-08-12 12:45:00,0.002836,0.0028377,0.0028301,0.0028358,378362451.0
2026-08-12 13:00:00,0.0028357,0.002838,0.002827,0.0028307,371885306.0
2026-08-12 13:15:00,0.0028307,0.0028365,0.002827,0.0028309,276690052.0
2026-08-12 13:30:00,0.0028309,0.0028373,0.0028222,0.0028271,521576982.0
2026-08-12 13:45:00,0.0028271,0.0028341,0.0028255,0.0028281,347741674.0
2026-08-12 14:00:00,0.002828,0.002828,0.0028077,0.0028158,993034645.0
2026-08-12 14:15:00,0.0028158,0.0028209,0.0028101,0.0028111,453648868.0
2026-08-12 14:30:00,0.002811,0.0028131,0.0027762,0.0027884,2874556725.0
2026-08-12 14:45:00,0.0027885,0.0027966,0.0027825,0.0027838,669729444.0
2026-08-12 15:00:00,0.0027837,0.0027972,0.0027799,0.0027957,500264785.0
2026-08-12 15:15:00,0.0027956,0.0028028,0.0027922,0.0027957,344222361.0
2026-08-12 15:30:00,0.0027958,0.0027981,0.0027899,0.0027937,351508945.0
2026-08-12 15:45:00,0.0027937,0.0027963,0.0027902,0.0027913,323659276.0
2026-08-12 16:00:00,0.0027912,0.0027959,0.0027882,0.0027952,252444142.0
2026-08-12 16:15:00,0.0027953,0.0028011,0.0027894,0.0027915,361159476.0
2026-08-12 16:30:00,0.0027914,0.0027922,0.0027852,0.002788,338294153.0
2026-08-12 16:45:00,0.002788,0.0027893,0.0027807,0.0027888,312977938.0
2026-08-12 17:00:00,0.0027888,0.0027953,0.0027858,0.002794,244129433.0
2026-08-12 17:15:00,0.002794,0.0027941,0.0027816,0.0027851,265000687.0
2026-08-12 17:30:00,0.002785,0.0027936,0.0027825,0.0027849,240236942.0
2026-08-12 17:45:00,0.002785,0.0027908,0.0027847,0.0027856,178299771.0
2026-08-12 18:00:00,0.0027856,0.0027886,0.0027831,0.002786,157703587.0
2026-08-12 18:15:00,0.002786,0.0027863,0.0027826,0.0027861,152080198.0
2026-08-12 18:30:00,0.0027862,0.0027903,0.0027831,0.0027858,194505645.0
2026-08-12 18:45:00,0.0027858,0.0027865,0.0027705,0.0027763,552790916.0
2026-08-12 19:00:00,0.0027764,0.0027853,0.002772,0.002779,422421278.0
2026-08-12 19:15:00,0.002779,0.0027824,0.0027723,0.0027773,258175652.0
2026-08-12 19:30:00,0.0027773,0.0027786,0.0027733,0.0027743,136974502.0
2026-08-12 19:45:00,0.0027743,0.0027818,0.0027738,0.0027811,228355028.0
2026-08-12 20:00:00,0.0027811,0.0027867,0.0027803,0.0027813,165288130.0
2026-08-12 20:15:00,0.0027812,0.0027865,0.0027774,0.0027861,186139652.0
2026-08-12 20:30:00,0.0027861,0.0027934,0.0027861,0.0027901,364573938.0
2026-08-12 20:45:00,0.00279,0.0027919,0.0027848,0.0027863,231399047.0
2026-08-12 21:00:00,0.0027863,0.0027906,0.0027821,0.0027829,210687389.0
2026-08-12 21:15:00,0.0027829,0.0027841,0.0027432,0.0027528,1893062251.0
2026-08-12 21:30:00,0.0027527,0.0027598,0.0027463,0.0027555,593460612.0
2026-08-12 21:45:00,0.0027556,0.0027583,0.002715,0.0027226,1537319106.0
2026-08-12 22:00:00,0.0027226,0.0027281,0.0027109,0.0027221,932960110.0
2026-08-12 22:15:00,0.0027221,0.00273,0.0027204,0.0027253,394737473.0
2026-08-12 22:30:00,0.0027252,0.0027252,0.0027002,0.0027063,927916524.0
2026-08-12 22:45:00,0.0027063,0.0027072,0.0026635,0.0026817,2650933864.0
2026-08-12 23:00:00,0.0026817,0.0026877,0.0026779,0.0026812,742649450.0
2026-08-12 23:15:00,0.0026811,0.0026845,0.0026239,0.0026638,3126848302.0
2026-08-12 23:30:00,0.0026638,0.0026742,0.00266,0.0026724,629623394.0
2026-08-12 23:45:00,0.0026724,0.0026811,0.0026703,0.0026737,538748392.0
2026-08-13 00:00:00,0.0026738,0.0026822,0.0026643,0.0026815,823486039.0
2026-08-13 00:15:00,0.0026816,0.0026865,0.0026808,0.0026841,401764344.0
2026-08-13 00:30:00,0.002684,0.0026855,0.0026767,0.0026789,331988117.0
2026-08-13 00:45:00,0.0026788,0.0026883,0.0026777,0.0026785,354042941.0
2026-08-13 01:00:00,0.0026786,0.0026909,0.0026772,0.0026899,281795375.0
2026-08-13 01:15:00,0.0026898,0.0026898,0.0026777,0.0026802,276597720.0
2026-08-13 01:30:00,0.0026802,0.0026847,0.0026759,0.0026772,316452148.0
2026-08-13 01:45:00,0.0026772,0.0026864,0.0026753,0.0026814,346650696.0
2026-08-13 02:00:00,0.0026813,0.0026821,0.0026754,0.0026767,251136538.0
2026-08-13 02:15:00,0.0026767,0.0026838,0.002675,0.002683,214405074.0
2026-08-13 02:30:00,0.002683,0.0026832,0.0026722,0.0026768,303744866.0
2026-08-13 02:45:00,0.0026768,0.0027103,0.0026715,0.0027084,1279184406.0
2026-08-13 03:00:00,0.0027084,0.0027159,0.0027037,0.0027105,726774742.0
2026-08-13 03:15:00,0.0027104,0.0027169,0.0027089,0.0027139,582779648.0
2026-08-13 03:30:00,0.002714,0.0027179,0.0027131,0.0027164,236297236.0
2026-08-13 03:45:00,0.0027164,0.002733,0.0027145,0.0027172,2052336886.0
2026-08-13 04:00:00,0.0027173,0.002718,0.00271,0.0027118,416749857.0
2026-08-13 04:15:00,0.0027119,0.0027169,0.0027081,0.0027148,277140313.0
2026-08-13 04:30:00,0.0027148,0.0027165,0.002712,0.0027144,241128470.0
2026-08-13 04:45:00,0.0027145,0.0027179,0.0027118,0.0027149,275143841.0
2026-08-13 05:00:00,0.0027148,0.0027185,0.0027115,0.0027171,288178461.0
2026-08-13 05:15:00,0.0027172,0.0027234,0.0027153,0.0027168,414906560.0
2026-08-13 05:30:00,0.0027169,0.002724,0.0027157,0.0027226,184585225.0
2026-08-13 05:45:00,0.0027226,0.002724,0.0027164,0.0027164,391893762.0
2026-08-13 06:00:00,0.0027164,0.0027172,0.0027129,0.0027162,254468780.0
2026-08-13 06:15:00,0.0027162,0.002723,0.0027157,0.0027185,297114605.0
2026-08-13 06:30:00,0.0027186,0.0027244,0.0027156,0.0027215,319668483.0
2026-08-13 06:45:00,0.0027216,0.002733,0.0027216,0.0027262,660610952.0
2026-08-13 07:00:00,0.0027261,0.0027277,0.0027235,0.0027273,222365101.0
2026-08-13 07:15:00,0.0027273,0.0027312,0.0027242,0.0027304,178647140.0
2026-08-13 07:30:00,0.0027303,0.0027303,0.0027208,0.0027213,150436615.0
2026-08-13 07:45:00,0.0027214,0.0027236,0.0026984,0.0027063,1129791111.0
2026-08-13 08:00:00,0.0027062,0.002709,0.0026954,0.0026969,677769927.0
2026-08-13 08:15:00,0.0026969,0.0027029,0.0026966,0.0027005,288466907.0
2026-08-13 08:30:00,0.0027006,0.0027026,0.0026976,0.0026999,251674795.0
2026-08-13 08:45:00,0.0026999,0.002701,0.0026946,0.0026962,579522627.0
2026-08-13 09:00:00,0.0026961,0.002697,0.0026856,0.0026906,562412272.0
2026-08-13 09:15:00,0.0026907,0.0027024,0.0026892,0.0027005,514349945.0
2026-08-13 09:30:00,0.0027005,0.0027109,0.002699,0.0027093,426584058.0
2026-08-13 09:45:00,0.0027092,0.0027156,0.0027065,0.0027142,452072367.0
2026-08-13 10:00:00,0.0027142,0.0027152,0.0026994,0.002701,684245815.0
2026-08-13 10:15:00,0.0027009,0.0027086,0.0027004,0.0027051,269514802.0
2026-08-13 10:30:00,0.002705,0.0027067,0.0026923,0.0026967,1316418498.0
2026-08-13 10:45:00,0.0026967,0.0026978,0.0026867,0.0026917,772781809.0
2026-08-13 11:00:00,0.0026916,0.0026965,0.0026916,0.0026947,239909450.0
2026-08-13 11:15:00,0.0026946,0.0026962,0.0026916,0.0026924,217212318.0
2026-08-13 11:30:00,0.0026923,0.0026934,0.0026872,0.0026905,286140829.0
2026-08-13 11:45:00,0.0026907,0.0026919,0.002687,0.0026894,290024320.0
2026-08-13 12:00:00,0.0026894,0.0026992,0.0026883,0.0026954,431722641.0
2026-08-13 12:15:00,0.0026954,0.0026954,0.0026865,0.0026866,322051333.0
2026-08-13 12:30:00,0.0026866,0.002696,0.0026839,0.0026926,415959342.0
2026-08-13 12:45:00,0.0026926,0.0026962,0.0026881,0.0026938,365506605.0
2026-08-13 13:00:00,0.0026938,0.0027036,0.002693,0.0027002,456631826.0
2026-08-13 13:15:00,0.0027002,0.0027003,0.0026881,0.0026903,274030193.0
2026-08-13 13:30:00,0.0026903,0.0027072,0.0026889,0.002701,424092849.0
2026-08-13 13:45:00,0.0027011,0.0027017,0.0026937,0.0026973,312834427.0
2026-08-13 14:00:00,0.0026973,0.0027037,0.0026919,0.0026954,326347596.0
2026-08-13 14:15:00,0.0026954,0.0026984,0.002688,0.0026914,293318687.0
2026-08-13 14:30:00,0.0026915,0.0027029,0.0026884,0.0027008,304263114.0
2026-08-13 14:45:00,0.0027009,0.0027024,0.0026954,0.0026965,322311355.0
2026-08-13 15:00:00,0.0026965,0.0027019,0.0026896,0.0026933,420003805.0
2026-08-13 15:15:00,0.0026933,0.002695,0.00267,0.00268,1250089154.0
2026-08-13 15:30:00,0.0026801,0.0026804,0.0026665,0.0026706,742013383.0
2026-08-13 15:45:00,0.0026706,0.0026745,0.0026587,0.0026647,1163840557.0
2026-08-13 16:00:00,0.0026646,0.0026696,0.0026344,0.0026512,2648932890.0
2026-08-13 16:15:00,0.0026512,0.0026613,0.002642,0.0026451,932979876.0
2026-08-13 16:30:00,0.0026452,0.0026479,0.0026304,0.0026436,1270450292.0
2026-08-13 16:45:00,0.0026437,0.0026563,0.0026395,0.0026505,751958171.0
2026-08-13 17:00:00,0.0026505,0.0026605,0.0026452,0.0026544,466119560.0
2026-08-13 17:15:00,0.0026545,0.002657,0.002648,0.002649,274816737.0
2026-08-13 17:30:00,0.0026491,0.0026533,0.0026415,0.0026529,378525785.0
2026-08-13 17:45:00,0.0026528,0.002655,0.0026485,0.0026512,229155838.0
2026-08-13 18:00:00,0.0026512,0.0026564,0.0026504,0.0026545,143861000.0
2026-08-13 18:15:00,0.0026546,0.0026581,0.0026508,0.0026528,209194753.0
2026-08-13 18:30:00,0.0026528,0.0026623,0.002652,0.0026615,230893467.0
2026-08-13 18:45:00,0.0026615,0.0026656,0.0026602,0.0026626,304854722.0
2026-08-13 19:00:00,0.0026625,0.002677,0.0026625,0.0026723,543838878.0
2026-08-13 19:15:00,0.0026723,0.0026771,0.0026701,0.0026746,207863848.0
2026-08-13 19:30:00,0.0026746,0.0026762,0.0026721,0.0026759,146743877.0
2026-08-13 19:45:00,0.0026759,0.0026773,0.0026725,0.0026749,174165185.0
2026-08-13 20:00:00,0.0026749,0.0026815,0.0026706,0.0026718,338907645.0
2026-08-13 20:15:00,0.0026718,0.0026751,0.0026712,0.0026721,171157079.0
2026-08-13 20:30:00,0.0026721,0.0026744,0.0026708,0.0026737,116294088.0
2026-08-13 20:45:00,0.0026737,0.0026744,0.0026674,0.0026693,229449980.0
2026-08-13 21:00:00,0.0026692,0.0026751,0.0026692,0.0026735,130968407.0
2026-08-13 21:15:00,0.0026734,0.0026773,0.0026726,0.0026763,123989867.0
2026-08-13 21:30:00,0.0026763,0.002677,0.0026743,0.0026752,97889196.0
2026-08-13 21:45:00,0.0026752,0.0026769,0.0026735,0.0026742,110908082.0
2026-08-13 22:00:00,0.0026741,0.0026869,0.0026741,0.0026838,344377481.0
2026-08-13 22:15:00,0.0026838,0.0026869,0.0026805,0.0026866,217155930.0
2026-08-13 22:30:00,0.0026867,0.0026879,0.0026827,0.0026827,142608768.0
2026-08-13 22:45:00,0.0026828,0.0026857,0.0026818,0.0026855,170937554.0
2026-08-13 23:00:00,0.0026855,0.0026875,0.0026839,0.0026865,176064637.0
2026-08-13 23:15:00,0.0026864,0.0026864,0.0026815,0.0026847,151376811.0
2026-08-13 23:30:00,0.0026848,0.0026931,0.0026828,0.002685,234668255.0
2026-08-13 23:45:00,0.0026851,0.0026866,0.0026815,0.0026866,157124137.0
2026-08-14 00:00:00,0.0026866,0.0026898,0.0026831,0.0026846,277442910.0
2026-08-14 00:15:00,0.0026845,0.0026932,0.0026831,0.0026836,250767831.0
2026-08-14 00:30:00,0.0026835,0.0026914,0.0026795,0.0026905,319535750.0
2026-08-14 00:45:00,0.0026905,0.0026928,0.0026842,0.0026904,282019637.0
2026-08-14 01:00:00,0.0026904,0.0026935,0.002689,0.0026892,230416142.0
2026-08-14 01:15:00,0.0026893,0.002699,0.0026869,0.0026936,380417319.0
2026-08-14 01:30:00,0.0026936,0.0027078,0.0026925,0.0027052,537440220.0
2026-08-14 01:45:00,0.0027053,0.0027053,0.0027002,0.0027033,306972702.0
2026-08-14 02:00:00,0.0027033,0.0027062,0.002701,0.0027045,227131262.0
2026-08-14 02:15:00,0.0027045,0.0027099,0.0027021,0.0027029,337836468.0
2026-08-14 02:30:00,0.0027029,0.0027096,0.0027009,0.0027044,273184985.0
2026-08-14 02:45:00,0.0027044,0.0027073,0.0026971,0.0026977,272025189.0
2026-08-14 03:00:00,0.0026977,0.002698,0.0026814,0.0026876,1000355260.0
2026-08-14 03:15:00,0.0026876,0.002695,0.002687,0.0026922,223625895.0
2026-08-14 03:30:00,0.0026921,0.0026921,0.0026807,0.002685,223692329.0
2026-08-14 03:45:00,0.002685,0.0026886,0.0026791,0.0026837,287995730.0
2026-08-14 04:00:00,0.0026836,0.0026931,0.0026812,0.0026917,228734044.0
2026-08-14 04:15:00,0.0026918,0.0026965,0.0026866,0.0026881,162301230.0
2026-08-14 04:30:00,0.002688,0.00269,0.002685,0.0026855,122131657.0
2026-08-14 04:45:00,0.0026854,0.0026866,0.0026823,0.0026831,140508104.0
2026-08-14 05:00:00,0.002683,0.0026871,0.002682,0.0026841,110652257.0
2026-08-14 05:15:00,0.0026841,0.0026847,0.0026746,0.0026781,305614250.0
2026-08-14 05:30:00,0.0026781,0.0026815,0.0026741,0.0026782,220749998.0
2026-08-14 05:45:00,0.0026782,0.0026789,0.0026717,0.0026734,296003272.0
2026-08-14 06:00:00,0.0026735,0.0026739,0.0026628,0.0026642,516552426.0
2026-08-14 06:15:00,0.0026641,0.0026669,0.0026595,0.0026609,343639536.0
2026-08-14 06:30:00,0.0026609,0.0026676,0.0026551,0.002666,460435013.0
2026-08-14 06:45:00,0.002666,0.0026723,0.0026562,0.0026597,620050583.0
2026-08-14 07:00:00,0.0026597,0.0026635,0.0026551,0.0026601,460787783.0
2026-08-14 07:15:00,0.0026602,0.0026643,0.0026568,0.0026628,198072471.0
2026-08-14 07:30:00,0.0026628,0.0026628,0.0026534,0.002654,256415047.0
2026-08-14 07:45:00,0.0026541,0.0026571,0.0026475,0.0026514,412987220.0
2026-08-14 08:00:00,0.0026514,0.0026565,0.0026503,0.0026534,293955310.0
2026-08-14 08:15:00,0.0026535,0.0026566,0.00265,0.0026558,237412713.0
2026-08-14 08:30:00,0.0026558,0.0026674,0.0026539,0.0026624,560054716.0
2026-08-14 08:45:00,0.0026624,0.0026687,0.002662,0.0026671,373724113.0
2026-08-14 09:00:00,0.0026672,0.0026719,0.0026632,0.0026686,261627046.0
2026-08-14 09:15:00,0.0026686,0.002672,0.0026615,0.0026619,275132065.0
2026-08-14 09:30:00,0.0026619,0.0026619,0.0026435,0.0026465,777238064.0
2026-08-14 09:45:00,0.0026466,0.0026514,0.002646,0.002646,337241944.0
2026-08-14 10:00:00,0.002646,0.0026529,0.0026441,0.0026513,370777515.0
2026-08-14 10:15:00,0.0026513,0.0026531,0.0026391,0.002643,570634273.0
2026-08-14 10:30:00,0.002643,0.002643,0.0026331,0.0026351,582891387.0
2026-08-14 10:45:00,0.0026351,0.0026392,0.0026338,0.0026352,306200601.0
2026-08-14 11:00:00,0.0026353,0.0026455,0.0026353,0.0026376,355588364.0
2026-08-14 11:15:00,0.0026376,0.0026453,0.002634,0.0026353,448184472.0
2026-08-14 11:30:00,0.0026353,0.0026385,0.0026342,0.0026372,143765751.0
2026-08-14 11:45:00,0.0026372,0.002639,0.0026344,0.0026357,205568762.0
2026-08-14 12:00:00,0.0026357,0.0026397,0.0026263,0.0026315,554643690.0
2026-08-14 12:15:00,0.0026315,0.002642,0.0026315,0.0026402,457967924.0
2026-08-14 12:30:00,0.0026402,0.0026418,0.0026332,0.0026338,349676925.0
2026-08-14 12:45:00,0.0026338,0.0026362,0.0026295,0.0026357,283940954.0
2026-08-14 13:00:00,0.0026358,0.0026397,0.0026341,0.0026369,312002120.0
2026-08-14 13:15:00,0.0026369,0.0026454,0.0026322,0.0026426,338582816.0
2026-08-14 13:30:00,0.0026426,0.0026535,0.0026402,0.0026471,740028273.0
2026-08-14 13:45:00,0.0026472,0.0026488,0.0026437,0.002647,306766618.0
2026-08-14 14:00:00,0.0026471,0.0026475,0.0026331,0.0026336,412285332.0
2026-08-14 14:15:00,0.0026336,0.0026344,0.0026125,0.0026329,1478207665.0
2026-08-14 14:30:00,0.002633,0.0026372,0.0026298,0.0026309,272353422.0
2026-08-14 14:45:00,0.002631,0.0026343,0.0026203,0.0026238,341742950.0
2026-08-14 15:00:00,0.0026238,0.0026315,0.0026112,0.0026231,1049366474.0
2026-08-14 15:15:00,0.0026232,0.002637,0.0026221,0.0026366,284787535.0
2026-08-14 15:30:00,0.0026367,0.0026487,0.0026297,0.0026457,539450574.0
2026-08-14 15:45:00,0.0026458,0.0026529,0.0026417,0.002648,574703640.0
2026-08-14 16:00:00,0.002648,0.0026571,0.0026477,0.002655,405110991.0
2026-08-14 16:15:00,0.0026551,0.0026649,0.0026522,0.002662,504210403.0
2026-08-14 16:30:00,0.002662,0.0026722,0.0026615,0.0026676,380419976.0
2026-08-14 16:45:00,0.0026677,0.0026799,0.0026641,0.002676,707806428.0
2026-08-14 17:00:00,0.0026761,0.0026796,0.0026657,0.0026725,497040570.0
2026-08-14 17:15:00,0.0026726,0.0026764,0.0026701,0.0026735,229687471.0
2026-08-14 17:30:00,0.0026736,0.0026776,0.0026677,0.00267,283789278.0
2026-08-14 17:45:00,0.0026701,0.0026727,0.0026603,0.0026634,244436486.0
2026-08-14 18:00:00,0.0026635,0.0026659,0.0026564,0.0026618,367085596.0
2026-08-14 18:15:00,0.0026618,0.0026718,0.0026618,0.002667,275651789.0
2026-08-14 18:30:00,0.002667,0.0026685,0.002662,0.0026641,190181683.0
2026-08-14 18:45:00,0.0026642,0.0026654,0.0026523,0.0026535,287094384.0
2026-08-14 19:00:00,0.0026536,0.0026539,0.0026454,0.0026501,511889035.0
2026-08-14 19:15:00,0.00265,0.002654,0.0026486,0.0026523,150659840.0
2026-08-14 19:30:00,0.0026523,0.0026529,0.0026486,0.0026522,128564100.0
2026-08-14 19:45:00,0.0026523,0.0026542,0.0026481,0.0026483,141354126.0
2026-08-14 20:00:00,0.0026483,0.0026529,0.0026453,0.0026461,205425895.0
2026-08-14 20:15:00,0.0026462,0.0026474,0.0026434,0.0026462,153034202.0
2026-08-14 20:30:00,0.0026463,0.0026506,0.0026445,0.0026474,161010418.0
2026-08-14 20:45:00,0.0026475,0.0026477,0.0026421,0.0026423,98254146.0
2026-08-14 21:00:00,0.0026423,0.0026465,0.00264,0.0026448,173737673.0
2026-08-14 21:15:00,0.0026449,0.002649,0.002642,0.0026467,114994181.0
2026-08-14 21:30:00,0.0026468,0.0026468,0.0026383,0.002639,155541113.0
2026-08-14 21:45:00,0.0026391,0.0026422,0.0026339,0.0026415,218617330.0
2026-08-14 22:00:00,0.0026415,0.002647,0.0026373,0.0026424,210994483.0
2026-08-14 22:15:00,0.0026424,0.0026436,0.0026294,0.0026297,286136338.0
2026-08-14 22:30:00,0.0026298,0.0026412,0.0026293,0.0026403,226430865.0
2026-08-14 22:45:00,0.0026402,0.0026446,0.0026402,0.0026428,86847142.0
2026-08-14 23:00:00,0.0026428,0.0026523,0.002641,0.0026508,291095798.0
2026-08-14 23:15:00,0.0026509,0.0026539,0.0026417,0.0026522,312933926.0
2026-08-14 23:30:00,0.0026522,0.002667,0.0026511,0.0026667,443246984.0
2026-08-14 23:45:00,0.0026668,0.0026695,0.0026584,0.0026621,389567764.0
2026-08-15 00:00:00,0.0026622,0.0026664,0.0026589,0.0026636,301142563.0
2026-08-15 00:15:00,0.0026637,0.0026669,0.0026605,0.0026625,185154563.0
2026-08-15 00:30:00,0.0026626,0.0026634,0.0026588,0.0026593,113543259.0
2026-08-15 00:45:00,0.0026594,0.0026656,0.0026594,0.0026637,122729829.0
2026-08-15 01:00:00,0.0026636,0.0026647,0.0026527,0.0026546,273349987.0
2026-08-15 01:15:00,0.0026546,0.0026617,0.002652,0.0026572,199335496.0
2026-08-15 01:30:00,0.0026572,0.0026611,0.0026544,0.0026562,168726649.0
2026-08-15 01:45:00,0.0026562,0.0026564,0.0026523,0.0026557,93627059.0
2026-08-15 02:00:00,0.0026557,0.0026601,0.0026535,0.0026591,176997565.0
2026-08-15 02:15:00,0.002659,0.0026685,0.002659,0.0026645,379558311.0
2026-08-15 02:30:00,0.0026645,0.0026714,0.0026624,0.0026645,325739656.0
2026-08-15 02:45:00,0.0026646,0.0026738,0.0026632,0.0026684,403041243.0
2026-08-15 03:00:00,0.0026685,0.00267,0.0026647,0.0026656,216680043.0
2026-08-15 03:15:00,0.0026655,0.0026709,0.0026614,0.0026629,242631320.0
2026-08-15 03:30:00,0.0026629,0.002664,0.0026565,0.0026602,182521117.0
2026-08-15 03:45:00,0.0026601,0.0026621,0.0026569,0.0026598,134356712.0
2026-08-15 04:00:00,0.0026598,0.0026636,0.0026588,0.0026623,121906233.0
2026-08-15 04:15:00,0.0026623,0.0026676,0.0026618,0.0026647,117913839.0
2026-08-15 04:30:00,0.0026647,0.0026704,0.002662,0.0026699,114729063.0
2026-08-15 04:45:00,0.0026699,0.0026709,0.0026635,0.0026652,160862924.0
2026-08-15 05:00:00,0.0026651,0.0026661,0.002663,0.0026643,111338357.0
2026-08-15 05:15:00,0.0026642,0.0026648,0.0026605,0.0026616,96945397.0
2026-08-15 05:30:00,0.0026615,0.0026649,0.0026538,0.0026573,293696756.0
2026-08-15 05:45:00,0.0026574,0.0026613,0.0026536,0.0026544,263149860.0
2026-08-15 06:00:00,0.0026544,0.0026558,0.0026459,0.002648,245860308.0
2026-08-15 06:15:00,0.0026481,0.002656,0.0026481,0.0026522,161184844.0
2026-08-15 06:30:00,0.0026522,0.0026534,0.0026504,0.0026522,154930743.0
2026-08-15 06:45:00,0.0026521,0.0026563,0.0026512,0.0026555,163778244.0
2026-08-15 07:00:00,0.0026555,0.0026555,0.0026506,0.0026536,275165962.0
2026-08-15 07:15:00,0.0026536,0.0026554,0.002643,0.0026437,321163482.0
2026-08-15 07:30:00,0.0026437,0.0026464,0.0026403,0.0026408,237182489.0
2026-08-15 07:45:00,0.0026408,0.0026425,0.0026372,0.0026391,298688509.0
2026-08-15 08:00:00,0.0026392,0.0026452,0.0026367,0.0026447,265820605.0
2026-08-15 08:15:00,0.0026447,0.002647,0.0026427,0.0026451,187702524.0
2026-08-15 08:30:00,0.0026452,0.0026465,0.0026418,0.0026429,153609296.0
2026-08-15 08:45:00,0.0026429,0.0026445,0.0026359,0.0026385,279308237.0
2026-08-15 09:00:00,0.0026386,0.0026451,0.0026366,0.0026435,281951914.0
2026-08-15 09:15:00,0.0026436,0.0026471,0.0026422,0.0026449,128720572.0
2026-08-15 09:30:00,0.002645,0.0026452,0.0026428,0.002643,118066035.0
2026-08-15 09:45:00,0.0026431,0.002646,0.0026425,0.0026451,122883763.0
2026-08-15 10:00:00,0.0026451,0.0026466,0.002642,0.0026449,132028103.0
2026-08-15 10:15:00,0.0026449,0.0026449,0.0026413,0.0026438,81344729.0
2026-08-15 10:30:00,0.0026438,0.002645,0.0026407,0.0026418,121248407.0
2026-08-15 10:45:00,0.0026418,0.0026432,0.0026367,0.0026415,241860559.0
2026-08-15 11:00:00,0.0026415,0.0026431,0.0026395,0.0026426,114114085.0
2026-08-15 11:15:00,0.0026426,0.0026441,0.0026394,0.0026426,119069782.0
2026-08-15 11:30:00,0.0026426,0.0026446,0.002641,0.0026436,98294466.0
2026-08-15 11:45:00,0.0026437,0.0026437,0.0026385,0.0026411,132137274.0
2026-08-15 12:00:00,0.0026411,0.0026419,0.0026396,0.0026403,99353877.0
2026-08-15 12:15:00,0.0026402,0.0026422,0.002638,0.0026396,157755370.0
2026-08-15 12:30:00,0.0026396,0.0026411,0.002639,0.0026404,107991599.0
2026-08-15 12:45:00,0.0026404,0.0026465,0.0026392,0.002646,173481335.0
2026-08-15 13:00:00,0.002646,0.0026491,0.0026425,0.0026475,281989548.0
2026-08-15 13:15:00,0.0026476,0.002648,0.0026435,0.0026449,138054625.0
2026-08-15 13:30:00,0.002645,0.0026463,0.0026418,0.0026431,132894951.0
2026-08-15 13:45:00,0.0026431,0.002647,0.0026421,0.0026446,142314486.0
2026-08-15 14:00:00,0.0026446,0.0026466,0.0026422,0.0026451,158651617.0
2026-08-15 14:15:00,0.0026452,0.0026452,0.0026417,0.002644,95614722.0
2026-08-15 14:30:00,0.002644,0.0026459,0.0026429,0.0026447,82296688.0
2026-08-15 14:45:00,0.0026447,0.0026468,0.0026444,0.002646,103056712.0
2026-08-15 15:00:00,0.002646,0.002646,0.0026436,0.0026455,109836387.0
2026-08-15 15:15:00,0.0026455,0.002648,0.0026437,0.0026466,214223243.0
2026-08-15 15:30:00,0.0026465,0.0026543,0.0026465,0.0026507,231868685.0
2026-08-15 15:45:00,0.0026507,0.0026532,0.0026494,0.0026525,149620761.0
2026-08-15 16:00:00,0.0026526,0.0026531,0.0026449,0.0026485,273115647.0
2026-08-15 16:15:00,0.0026485,0.0026533,0.0026452,0.0026505,167699887.0
2026-08-15 16:30:00,0.0026506,0.0026529,0.0026485,0.0026504,164807155.0
2026-08-15 16:45:00,0.0026505,0.0026538,0.0026493,0.0026538,111973316.0
2026-08-15 17:00:00,0.0026537,0.0026583,0.0026536,0.0026583,226413881.0
2026-08-15 17:15:00,0.0026582,0.0026614,0.0026522,0.002653,261268774.0
2026-08-15 17:30:00,0.002653,0.0026566,0.0026527,0.0026546,163101734.0
2026-08-15 17:45:00,0.0026545,0.0026551,0.002652,0.0026522,174670426.0
2026-08-15 18:00:00,0.0026523,0.0026526,0.0026463,0.002649,228692344.0
2026-08-15 18:15:00,0.002649,0.0026504,0.0026412,0.0026431,185942961.0
2026-08-15 18:30:00,0.0026431,0.0026464,0.0026431,0.0026463,127392303.0
2026-08-15 18:45:00,0.0026463,0.0026469,0.0026432,0.0026442,114650950.0
2026-08-15 19:00:00,0.0026442,0.002646,0.0026417,0.002643,123853515.0
2026-08-15 19:15:00,0.0026431,0.0026449,0.0026416,0.0026417,92709953.0
2026-08-15 19:30:00,0.0026418,0.0026439,0.0026415,0.0026434,78646425.0
2026-08-15 19:45:00,0.0026435,0.0026479,0.0026435,0.0026462,88817439.0
2026-08-15 20:00:00,0.0026462,0.0026465,0.0026419,0.0026431,73975372.0
2026-08-15 20:15:00,0.0026431,0.0026433,0.0026401,0.0026412,86521644.0
2026-08-15 20:30:00,0.0026412,0.0026439,0.0026401,0.0026434,82640804.0
2026-08-15 20:45:00,0.0026434,0.0026455,0.002642,0.0026436,101380338.0
2026-08-15 21:00:00,0.0026436,0.0026495,0.0026429,0.0026456,105911599.0
2026-08-15 21:15:00,0.0026457,0.0026515,0.0026452,0.0026508,54492084.0
2026-08-15 21:30:00,0.0026508,0.0026536,0.0026462,0.0026531,115268072.0
2026-08-15 21:45:00,0.0026531,0.0026531,0.0026432,0.0026455,126282299.0
2026-08-15 22:00:00,0.0026455,0.0026529,0.0026446,0.0026504,157567288.0
2026-08-15 22:15:00,0.0026504,0.0026504,0.0026435,0.0026438,140881045.0
2026-08-15 22:30:00,0.0026438,0.0026458,0.0026421,0.0026449,84823855.0
2026-08-15 22:45:00,0.002645,0.002645,0.0026385,0.0026391,175144939.0
2026-08-15 23:00:00,0.0026391,0.0026391,0.0026161,0.0026266,1131329471.0
2026-08-15 23:15:00,0.0026265,0.0026275,0.0026176,0.0026211,364949638.0
2026-08-15 23:30:00,0.0026211,0.0026248,0.0026134,0.0026246,506983208.0
2026-08-15 23:45:00,0.0026246,0.002625,0.002619,0.0026225,158505692.0
2026-08-16 00:00:00,0.0026226,0.0026266,0.0026163,0.0026233,300318716.0
2026-08-16 00:15:00,0.0026232,0.0026298,0.0026222,0.0026274,126727644.0
2026-08-16 00:30:00,0.0026275,0.0026284,0.0026235,0.0026256,88987094.0
2026-08-16 00:45:00,0.0026257,0.0026274,0.002616,0.0026202,252651686.0
2026-08-16 01:00:00,0.0026202,0.0026234,0.002615,0.0026172,195121466.0
2026-08-16 01:15:00,0.0026173,0.002618,0.0026028,0.0026062,805211193.0
2026-08-16 01:30:00,0.0026062,0.0026176,0.0026026,0.0026176,267634833.0
2026-08-16 01:45:00,0.0026175,0.0026193,0.0026101,0.0026137,197143650.0
2026-08-16 02:00:00,0.0026138,0.0026143,0.0026048,0.0026048,231168860.0
2026-08-16 02:15:00,0.0026047,0.0026146,0.002586,0.0026144,1208810994.0
2026-08-16 02:30:00,0.0026143,0.0026166,0.0026091,0.0026122,354268415.0
2026-08-16 02:45:00,0.0026122,0.0026122,0.0026051,0.0026116,215275681.0
2026-08-16 03:00:00,0.0026116,0.002617,0.0026107,0.0026155,185167663.0
2026-08-16 03:15:00,0.0026156,0.0026198,0.002614,0.0026173,417552054.0
2026-08-16 03:30:00,0.0026173,0.0026215,0.0026166,0.0026167,230351200.0
2026-08-16 03:45:00,0.0026167,0.0026186,0.0026126,0.0026151,332317953.0
2026-08-16 04:00:00,0.002615,0.0026194,0.0026112,0.0026135,218150647.0
2026-08-16 04:15:00,0.0026135,0.0026208,0.0026111,0.0026176,260733237.0
2026-08-16 04:30:00,0.0026175,0.0026178,0.0026124,0.0026156,101763711.0
2026-08-16 04:45:00,0.0026156,0.0026164,0.0026132,0.0026156,84079570.0
2026-08-16 05:00:00,0.0026156,0.0026173,0.002613,0.0026143,91877738.0
2026-08-16 05:15:00,0.0026143,0.0026144,0.0026056,0.0026071,207362725.0
2026-08-16 05:30:00,0.0026072,0.0026105,0.002603,0.0026074,312486186.0
2026-08-16 05:45:00,0.0026074,0.0026114,0.0026056,0.0026063,289829839.0
2026-08-16 06:00:00,0.0026064,0.0026091,0.0026013,0.0026045,274513979.0
2026-08-16 06:15:00,0.0026046,0.0026046,0.0025912,0.0025996,713112112.0
2026-08-16 06:30:00,0.0025996,0.0026035,0.0025963,0.0026022,318829581.0
2026-08-16 06:45:00,0.0026023,0.0026064,0.0025917,0.0025918,526821839.0
2026-08-16 07:00:00,0.0025919,0.0026026,0.0025884,0.002601,514426266.0
2026-08-16 07:15:00,0.002601,0.002606,0.0025979,0.0026052,215387914.0
2026-08-16 07:30:00,0.0026053,0.0026065,0.0026024,0.002604,138189081.0
2026-08-16 07:45:00,0.0026041,0.002607,0.0026039,0.0026053,153825677.0
2026-08-16 08:00:00,0.0026054,0.0026091,0.0026021,0.0026042,156964892.0
2026-08-16 08:15:00,0.0026042,0.0026105,0.0026024,0.0026032,266953354.0
2026-08-16 08:30:00,0.0026033,0.0026055,0.0026007,0.0026045,164044008.0
2026-08-16 08:45:00,0.0026046,0.0026062,0.0026023,0.0026046,120239142.0
2026-08-16 09:00:00,0.0026046,0.0026064,0.0026029,0.0026063,119361521.0
2026-08-16 09:15:00,0.0026063,0.002608,0.0026037,0.0026042,112663767.0
2026-08-16 09:30:00,0.0026042,0.0026062,0.0025986,0.0026014,312662626.0
2026-08-16 09:45:00,0.0026014,0.0026067,0.0026005,0.0026026,161198573.0
2026-08-16 10:00:00,0.0026026,0.002606,0.0026001,0.0026014,202688227.0
2026-08-16 10:15:00,0.0026014,0.0026051,0.0026,0.0026048,268510025.0
2026-08-16 10:30:00,0.0026049,0.0026071,0.0026024,0.0026063,360225870.0
2026-08-16 10:45:00,0.0026063,0.0026097,0.0026055,0.0026061,112317285.0
2026-08-16 11:00:00,0.0026061,0.0026096,0.0026061,0.0026095,82448480.0
2026-08-16 11:15:00,0.0026096,0.0026099,0.0026051,0.0026065,111576637.0
2026-08-16 11:30:00,0.0026066,0.0026087,0.0026043,0.0026067,171420416.0
2026-08-16 11:45:00,0.0026068,0.0026073,0.0026034,0.0026069,94221706.0
2026-08-16 12:00:00,0.0026069,0.0026073,0.0025989,0.0026014,180850027.0
2026-08-16 12:15:00,0.0026015,0.0026089,0.0026015,0.002607,130639737.0
2026-08-16 12:30:00,0.002607,0.0026071,0.0026019,0.0026029,95847981.0
2026-08-16 12:45:00,0.0026029,0.0026068,0.0026029,0.0026064,93615648.0
2026-08-16 13:00:00,0.0026064,0.0026111,0.0026064,0.0026078,152318527.0
2026-08-16 13:15:00,0.0026078,0.002612,0.0026066,0.0026069,129672207.0
2026-08-16 13:30:00,0.0026069,0.0026098,0.0026066,0.0026076,89148104.0
2026-08-16 13:45:00,0.0026077,0.0026128,0.0026076,0.0026113,168162201.0
2026-08-16 14:00:00,0.0026113,0.0026149,0.0026112,0.0026123,170212946.0
2026-08-16 14:15:00,0.0026124,0.0026186,0.0026123,0.0026146,192096675.0
2026-08-16 14:30:00,0.0026147,0.0026197,0.0026145,0.0026171,223273441.0
2026-08-16 14:45:00,0.0026172,0.0026176,0.0026139,0.002617,219687572.0
2026-08-16 15:00:00,0.002617,0.0026229,0.0026151,0.0026186,381593765.0
2026-08-16 15:15:00,0.0026187,0.0026229,0.0026156,0.0026225,184130929.0
2026-08-16 15:30:00,0.0026226,0.0026237,0.0026162,0.0026168,181404505.0
2026-08-16 15:45:00,0.0026169,0.0026254,0.0026169,0.0026224,211941955.0
2026-08-16 16:00:00,0.0026224,0.0026237,0.0026177,0.0026196,285648096.0
2026-08-16 16:15:00,0.0026196,0.002625,0.0026195,0.0026217,317523093.0
2026-08-16 16:30:00,0.0026218,0.0026261,0.0026165,0.0026173,353069799.0
2026-08-16 16:45:00,0.0026174,0.0026207,0.0026131,0.0026163,249698195.0
2026-08-16 17:00:00,0.0026163,0.0026173,0.0026132,0.0026133,193613115.0
2026-08-16 17:15:00,0.0026134,0.0026159,0.0026125,0.0026137,109592600.0
2026-08-16 17:30:00,0.0026137,0.0026158,0.0026115,0.0026122,175009364.0
2026-08-16 17:45:00,0.0026122,0.0026126,0.0026072,0.002608,303020851.0
2026-08-16 18:00:00,0.002608,0.0026089,0.0025955,0.002602,475131637.0
2026-08-16 18:15:00,0.0026021,0.0026032,0.002592,0.002595,381719323.0
2026-08-16 18:30:00,0.0025949,0.0026001,0.0025921,0.0025949,434919342.0
2026-08-16 18:45:00,0.0025949,0.0025966,0.002577,0.002585,1173446805.0
2026-08-16 19:00:00,0.002585,0.0025946,0.002582,0.0025885,445753551.0
2026-08-16 19:15:00,0.0025885,0.0025947,0.0025885,0.0025944,226274058.0
2026-08-16 19:30:00,0.0025945,0.0025994,0.0025928,0.0025945,261100963.0
2026-08-16 19:45:00,0.0025946,0.0025948,0.0025901,0.0025919,110034446.0
2026-08-16 20:00:00,0.0025919,0.0025965,0.0025905,0.0025957,121656815.0
2026-08-16 20:15:00,0.0025957,0.0025957,0.0025918,0.0025919,156469415.0
2026-08-16 20:30:00,0.0025919,0.0025941,0.0025835,0.0025868,194562718.0
2026-08-16 20:45:00,0.0025868,0.0025869,0.0025509,0.002572,1853331189.0
2026-08-16 21:00:00,0.002572,0.002573,0.0025561,0.0025626,1076598970.0
2026-08-16 21:15:00,0.0025626,0.0025677,0.002555,0.0025637,431662787.0
2026-08-16 21:30:00,0.0025637,0.0025688,0.0025283,0.0025501,1525677962.0
2026-08-16 21:45:00,0.0025502,0.0025591,0.0025444,0.0025511,564554376.0
2026-08-16 22:00:00,0.0025512,0.0025626,0.002545,0.0025619,557798195.0
2026-08-16 22:15:00,0.0025619,0.0025721,0.0025615,0.002569,414572402.0
2026-08-16 22:30:00,0.002569,0.0025748,0.0025656,0.0025743,345834354.0
2026-08-16 22:45:00,0.0025742,0.002576,0.0025717,0.0025732,279355350.0
2026-08-16 23:00:00,0.0025731,0.0025773,0.0025718,0.002573,237088081.0
2026-08-16 23:15:00,0.002573,0.0025824,0.0025725,0.002573,378469295.0
2026-08-16 23:30:00,0.0025729,0.0025774,0.002571,0.0025766,224118865.0
2026-08-16 23:45:00,0.0025766,0.0025766,0.0025684,0.0025705,248147021.0
2026-08-17 00:00:00,0.0025705,0.0025732,0.0025589,0.0025608,377295079.0
2026-08-17 00:15:00,0.0025608,0.0025667,0.0025511,0.0025665,521968426.0
2026-08-17 00:30:00,0.0025665,0.0025713,0.0025616,0.0025706,399069562.0
2026-08-17 00:45:00,0.0025705,0.0025721,0.0025633,0.0025692,207734340.0
2026-08-17 01:00:00,0.0025692,0.0025942,0.0025672,0.0025829,711975722.0
2026-08-17 01:15:00,0.0025828,0.0025933,0.0025815,0.0025908,554522662.0
2026-08-17 01:30:00,0.0025909,0.0025985,0.0025909,0.0025949,367798864.0
2026-08-17 01:45:00,0.002595,0.0025969,0.0025908,0.002591,178033183.0
2026-08-17 02:00:00,0.002591,0.0025963,0.0025872,0.0025939,241959441.0
2026-08-17 02:15:00,0.002594,0.0025989,0.002592,0.0025968,194352408.0
2026-08-17 02:30:00,0.0025968,0.0026099,0.0025951,0.0026055,790806088.0
2026-08-17 02:45:00,0.0026055,0.0026213,0.002605,0.0026174,952824711.0
2026-08-17 03:00:00,0.0026174,0.0026205,0.0026145,0.0026171,388217570.0
2026-08-17 03:15:00,0.0026172,0.0026189,0.0026106,0.0026141,1100118968.0
2026-08-17 03:30:00,0.0026141,0.0026156,0.0026113,0.0026124,342520543.0
2026-08-17 03:45:00,0.0026125,0.0026246,0.0026119,0.002616,246039835.0
2026-08-17 04:00:00,0.002616,0.0026228,0.0026159,0.0026162,280485556.0
2026-08-17 04:15:00,0.0026163,0.0026179,0.00261,0.0026119,434913359.0
2026-08-17 04:30:00,0.002612,0.0026138,0.0026102,0.0026112,235157952.0
2026-08-17 04:45:00,0.0026113,0.0026191,0.0026112,0.0026124,242399176.0
2026-08-17 05:00:00,0.0026123,0.0026134,0.0026047,0.0026076,409860617.0
2026-08-17 05:15:00,0.0026076,0.0026124,0.0026073,0.0026098,160031199.0
2026-08-17 05:30:00,0.0026098,0.0026099,0.0026057,0.0026066,217681941.0
2026-08-17 05:45:00,0.0026066,0.0026097,0.0026045,0.0026067,147070234.0
2026-08-17 06:00:00,0.0026067,0.002609,0.0026045,0.0026053,296275240.0
2026-08-17 06:15:00,0.0026053,0.0026116,0.002605,0.0026068,330214423.0
2026-08-17 06:30:00,0.0026069,0.0026165,0.0026057,0.0026149,371824386.0
2026-08-17 06:45:00,0.0026149,0.002622,0.0026101,0.0026102,701798415.0
2026-08-17 07:00:00,0.0026102,0.0026128,0.0026019,0.0026048,648031101.0
2026-08-17 07:15:00,0.0026049,0.0026067,0.0026031,0.0026053,260293365.0
2026-08-17 07:30:00,0.0026054,0.00261,0.0026042,0.0026076,252064511.0
2026-08-17 07:45:00,0.0026076,0.0026149,0.0026069,0.0026133,345986257.0
2026-08-17 08:00:00,0.0026134,0.0026138,0.0025901,0.0025924,1028895374.0
2026-08-17 08:15:00,0.0025924,0.002593,0.0025808,0.0025844,1480656719.0
2026-08-17 08:30:00,0.0025845,0.0025861,0.0025815,0.0025838,377441201.0
2026-08-17 08:45:00,0.0025839,0.002585,0.0025768,0.0025773,548656186.0
2026-08-17 09:00:00,0.0025773,0.0025852,0.0025773,0.0025836,415373173.0
2026-08-17 09:15:00,0.0025835,0.002584,0.002579,0.0025822,303928200.0
2026-08-17 09:30:00,0.0025822,0.0025836,0.0025815,0.0025825,197519579.0
2026-08-17 09:45:00,0.0025825,0.0025844,0.0025805,0.0025825,231615464.0
2026-08-17 10:00:00,0.0025825,0.0025849,0.0025825,0.0025847,142210152.0
2026-08-17 10:15:00,0.0025847,0.0025899,0.0025803,0.0025893,316242473.0
2026-08-17 10:30:00,0.0025893,0.002596,0.0025863,0.0025949,545765334.0
2026-08-17 10:45:00,0.0025949,0.0025973,0.0025911,0.0025942,286276697.0
2026-08-17 11:00:00,0.0025941,0.0025957,0.0025927,0.0025932,230204518.0
2026-08-17 11:15:00,0.0025931,0.0025948,0.0025908,0.0025926,170443352.0
2026-08-17 11:30:00,0.0025927,0.002595,0.0025915,0.0025941,114710356.0
2026-08-17 11:45:00,0.002594,0.002596,0.0025859,0.0025899,263223610.0
2026-08-17 12:00:00,0.0025898,0.0025933,0.0025832,0.0025861,270809271.0
2026-08-17 12:15:00,0.0025861,0.002587,0.0025762,0.00258,385543569.0
2026-08-17 12:30:00,0.00258,0.0025834,0.0025638,0.0025653,865525938.0
2026-08-17 12:45:00,0.0025653,0.0025727,0.0025634,0.0025714,602137308.0
2026-08-17 13:00:00,0.0025714,0.002575,0.0025671,0.0025719,400636399.0
2026-08-17 13:15:00,0.0025718,0.0025756,0.0025699,0.0025749,282442171.0
2026-08-17 13:30:00,0.002575,0.0025927,0.0025745,0.0025847,860565806.0
2026-08-17 13:45:00,0.0025847,0.0025892,0.0025827,0.0025859,331542327.0
2026-08-17 14:00:00,0.002586,0.0025877,0.002581,0.0025852,249409960.0
2026-08-17 14:15:00,0.0025853,0.0025869,0.0025733,0.0025757,274113167.0
2026-08-17 14:30:00,0.0025757,0.0025796,0.0025738,0.0025764,195337041.0
2026-08-17 14:45:00,0.0025765,0.0025933,0.0025759,0.0025905,377009790.0
2026-08-17 15:00:00,0.0025906,0.0025932,0.0025796,0.0025811,501092083.0
2026-08-17 15:15:00,0.002581,0.0025868,0.0025741,0.0025862,578533119.0
2026-08-17 15:30:00,0.0025862,0.0025926,0.002582,0.0025875,363953155.0
2026-08-17 15:45:00,0.0025875,0.0026014,0.0025863,0.002596,638999039.0
2026-08-17 16:00:00,0.002596,0.002598,0.002584,0.0025841,624685830.0
2026-08-17 16:15:00,0.0025841,0.0025879,0.0025806,0.0025809,316556056.0
2026-08-17 16:30:00,0.0025809,0.0025873,0.0025809,0.0025825,233853974.0
2026-08-17 16:45:00,0.0025826,0.0025863,0.0025792,0.0025795,195673266.0
2026-08-17 17:00:00,0.0025795,0.0025837,0.0025776,0.0025795,316459686.0
2026-08-17 17:15:00,0.0025795,0.0025964,0.0025773,0.0025897,503650528.0
2026-08-17 17:30:00,0.0025897,0.0025908,0.0025813,0.0025863,311028314.0
2026-08-17 17:45:00,0.0025863,0.0025958,0.0025863,0.0025939,277227693.0
2026-08-17 18:00:00,0.0025938,0.0025959,0.0025905,0.0025931,241532091.0
2026-08-17 18:15:00,0.002593,0.0026005,0.002591,0.0025936,452572695.0
2026-08-17 18:30:00,0.0025936,0.0025961,0.002591,0.0025953,196899482.0
2026-08-17 18:45:00,0.0025952,0.0025973,0.0025926,0.0025932,247049448.0
2026-08-17 19:00:00,0.0025931,0.0025938,0.0025869,0.0025877,351264452.0
2026-08-17 19:15:00,0.0025878,0.002592,0.002578,0.0025868,441099414.0
2026-08-17 19:30:00,0.0025868,0.0025912,0.0025829,0.0025891,169196831.0
2026-08-17 19:45:00,0.002589,0.0025894,0.0025822,0.0025828,144510120.0
2026-08-17 20:00:00,0.0025827,0.0025831,0.0025712,0.0025747,453398467.0
2026-08-17 20:15:00,0.0025748,0.0025861,0.0025733,0.0025854,357309779.0
2026-08-17 20:30:00,0.0025854,0.0025985,0.0025791,0.0025983,603955236.0
2026-08-17 20:45:00,0.0025982,0.0026015,0.0025908,0.0025916,294128557.0
2026-08-17 21:00:00,0.0025916,0.0025978,0.0025904,0.0025954,243332333.0
2026-08-17 21:15:00,0.0025954,0.0026026,0.0025941,0.0026015,239870771.0
2026-08-17 21:30:00,0.0026015,0.0026155,0.0026015,0.0026123,454180425.0
2026-08-17 21:45:00,0.0026123,0.0026124,0.0026025,0.0026036,208429925.0
2026-08-17 22:00:00,0.0026036,0.0026044,0.0025878,0.002591,582164058.0
2026-08-17 22:15:00,0.002591,0.0025934,0.0025848,0.0025881,425948771.0
2026-08-17 22:30:00,0.0025881,0.0025916,0.002585,0.0025854,213264553.0
2026-08-17 22:45:00,0.0025855,0.0025855,0.002581,0.0025823,152932188.0
2026-08-17 23:00:00,0.0025823,0.0025846,0.0025762,0.0025819,286368306.0
2026-08-17 23:15:00,0.0025819,0.0025921,0.0025816,0.0025921,256116764.0
2026-08-17 23:30:00,0.002592,0.0025946,0.0025831,0.0025845,235779545.0
2026-08-17 23:45:00,0.0025844,0.002591,0.0025841,0.0025885,191021886.0
2026-08-18 00:00:00,0.0025884,0.0025888,0.0025825,0.002586,193210897.0
2026-08-18 00:15:00,0.0025859,0.0025883,0.002583,0.002585,197270429.0
2026-08-18 00:30:00,0.0025849,0.0025854,0.0025787,0.0025828,231589275.0
2026-08-18 00:45:00,0.0025828,0.0025853,0.0025806,0.0025848,116166536.0
2026-08-18 01:00:00,0.0025848,0.0025864,0.0025809,0.0025826,212251172.0
2026-08-18 01:15:00,0.0025826,0.0025836,0.002575,0.0025756,307450949.0
2026-08-18 01:30:00,0.0025755,0.002577,0.0025712,0.0025724,270242345.0
2026-08-18 01:45:00,0.0025723,0.0025725,0.0025593,0.0025693,1087609502.0
2026-08-18 02:00:00,0.0025693,0.0025735,0.0025623,0.0025631,478425804.0
2026-08-18 02:15:00,0.002563,0.0025661,0.0025567,0.0025568,469342498.0
2026-08-18 02:30:00,0.0025568,0.0025589,0.0025466,0.0025512,736796364.0
2026-08-18 02:45:00,0.0025511,0.0025562,0.002541,0.0025503,925038481.0
2026-08-18 03:00:00,0.0025503,0.0025569,0.0025483,0.0025515,431448840.0
2026-08-18 03:15:00,0.0025515,0.002559,0.0025503,0.0025544,368012051.0
2026-08-18 03:30:00,0.0025544,0.002559,0.0025488,0.0025576,287171403.0
2026-08-18 03:45:00,0.0025577,0.002559,0.0025541,0.0025564,328318595.0
2026-08-18 04:00:00,0.0025565,0.0025595,0.0025527,0.002555,293027302.0
2026-08-18 04:15:00,0.0025551,0.0025603,0.0025526,0.0025592,169426416.0
2026-08-18 04:30:00,0.0025592,0.0025649,0.0025582,0.0025647,299308701.0
2026-08-18 04:45:00,0.0025647,0.0025664,0.002563,0.0025636,228329135.0
2026-08-18 05:00:00,0.0025637,0.0025682,0.0025618,0.0025652,290284786.0
2026-08-18 05:15:00,0.0025651,0.0025666,0.0025618,0.0025618,181206223.0
2026-08-18 05:30:00,0.0025618,0.0025621,0.0025463,0.0025563,497879927.0
2026-08-18 05:45:00,0.0025564,0.0025578,0.0025529,0.0025552,194205013.0
2026-08-18 06:00:00,0.0025552,0.0025594,0.0025485,0.002557,337509748.0
2026-08-18 06:15:00,0.002557,0.0025677,0.0025566,0.0025677,364998179.0
2026-08-18 06:30:00,0.0025677,0.0025715,0.0025625,0.0025652,422488006.0
2026-08-18 06:45:00,0.0025652,0.002566,0.0025506,0.0025552,405794306.0
2026-08-18 07:00:00,0.0025552,0.0025605,0.0025552,0.0025588,276520450.0
2026-08-18 07:15:00,0.0025587,0.0025589,0.0025493,0.00255,245923692.0
2026-08-18 07:30:00,0.0025499,0.0025526,0.0025444,0.0025521,392451395.0
2026-08-18 07:45:00,0.0025521,0.002558,0.0025481,0.0025571,455546516.0
2026-08-18 08:00:00,0.0025572,0.0025583,0.002537,0.0025464,881975011.0
2026-08-18 08:15:00,0.0025464,0.0025527,0.0025445,0.0025515,332149262.0
2026-08-18 08:30:00,0.0025516,0.0025596,0.0025515,0.0025568,218990253.0
2026-08-18 08:45:00,0.0025568,0.00256,0.002552,0.0025587,529879350.0
2026-08-18 09:00:00,0.0025587,0.0025643,0.0025566,0.0025621,474806931.0
2026-08-18 09:15:00,0.0025621,0.0025621,0.0025525,0.0025539,243171241.0
2026-08-18 09:30:00,0.002554,0.0025672,0.0025535,0.0025652,274515022.0
2026-08-18 09:45:00,0.0025652,0.0025684,0.0025643,0.0025645,285129585.0
2026-08-18 10:00:00,0.0025645,0.0025692,0.0025636,0.0025645,155303506.0
2026-08-18 10:15:00,0.0025644,0.0025676,0.0025616,0.0025622,121998077.0
2026-08-18 10:30:00,0.0025621,0.0025672,0.0025617,0.0025655,128817306.0
2026-08-18 10:45:00,0.0025654,0.0025677,0.0025645,0.0025673,123208848.0
2026-08-18 11:00:00,0.0025673,0.0025764,0.0025651,0.0025763,442346206.0
2026-08-18 11:15:00,0.0025763,0.0025891,0.0025757,0.0025814,563938070.0
2026-08-18 11:30:00,0.0025815,0.0025845,0.0025811,0.0025838,222425537.0
2026-08-18 11:45:00,0.0025839,0.0025843,0.0025743,0.0025785,365932293.0
2026-08-18 12:00:00,0.0025784,0.0025853,0.0025767,0.0025789,354426253.0
2026-08-18 12:15:00,0.0025789,0.0025802,0.002573,0.0025731,690701401.0
2026-08-18 12:30:00,0.0025731,0.0025738,0.0025651,0.0025694,945193176.0
2026-08-18 12:45:00,0.0025693,0.0025771,0.0025682,0.0025719,321539921.0
2026-08-18 13:00:00,0.0025719,0.0025719,0.0025635,0.0025656,296813853.0
2026-08-18 13:15:00,0.0025655,0.002568,0.0025631,0.0025637,343831103.0
2026-08-18 13:30:00,0.0025636,0.0025689,0.0025612,0.0025614,382927550.0
2026-08-18 13:45:00,0.0025614,0.0025621,0.0025507,0.0025571,524523796.0
2026-08-18 14:00:00,0.002557,0.0025677,0.0025553,0.0025568,377944608.0
2026-08-18 14:15:00,0.0025569,0.0025949,0.0025557,0.0025926,1441759386.0
2026-08-18 14:30:00,0.0025925,0.0026,0.002581,0.0025854,924941810.0
2026-08-18 14:45:00,0.0025854,0.0025926,0.0025785,0.0025796,445765564.0
2026-08-18 15:00:00,0.0025796,0.0025931,0.0025794,0.0025924,546751655.0
2026-08-18 15:15:00,0.0025924,0.0025988,0.0025908,0.0025962,386490115.0
2026-08-18 15:30:00,0.0025962,0.0026029,0.0025908,0.0025911,704989315.0
2026-08-18 15:45:00,0.0025912,0.0026101,0.0025888,0.002609,638299540.0
2026-08-18 16:00:00,0.0026091,0.0026197,0.002607,0.0026082,985769075.0
2026-08-18 16:15:00,0.0026082,0.0026082,0.0026007,0.0026035,463811001.0
2026-08-18 16:30:00,0.0026034,0.0026146,0.0026018,0.0026051,629280011.0
2026-08-18 16:45:00,0.0026052,0.0026083,0.0026016,0.0026038,287569768.0
2026-08-18 17:00:00,0.0026038,0.0026118,0.0025961,0.0026067,576485654.0
2026-08-18 17:15:00,0.0026068,0.0026122,0.0026043,0.0026075,262918415.0
2026-08-18 17:30:00,0.0026075,0.0026121,0.0026047,0.0026068,255550555.0
2026-08-18 17:45:00,0.0026068,0.002608,0.0025989,0.0026033,232750973.0
2026-08-18 18:00:00,0.0026032,0.0026084,0.0026023,0.0026075,159967511.0
2026-08-18 18:15:00,0.0026076,0.0026157,0.0026052,0.0026143,276750304.0
2026-08-18 18:30:00,0.0026143,0.0026196,0.0026088,0.0026093,538054568.0
2026-08-18 18:45:00,0.0026092,0.0026179,0.0026087,0.0026156,212524527.0
2026-08-18 19:00:00,0.0026156,0.0026167,0.0026076,0.0026095,245760359.0
2026-08-18 19:15:00,0.0026095,0.0026155,0.0026078,0.0026131,141357967.0
2026-08-18 19:30:00,0.002613,0.0026137,0.002606,0.0026071,148001895.0
2026-08-18 19:45:00,0.0026071,0.0026076,0.0026008,0.0026034,197960783.0
2026-08-18 20:00:00,0.0026034,0.0026043,0.0025956,0.0025987,278946196.0
2026-08-18 20:15:00,0.0025986,0.0026009,0.0025931,0.0025954,237330787.0
2026-08-18 20:30:00,0.0025955,0.0025988,0.0025878,0.0025878,210420490.0
2026-08-18 20:45:00,0.0025879,0.0025897,0.0025748,0.0025789,495631098.0
2026-08-18 21:00:00,0.002579,0.0025885,0.0025789,0.0025853,150788813.0
2026-08-18 21:15:00,0.0025853,0.0025896,0.002583,0.0025864,155099977.0
2026-08-18 21:30:00,0.0025864,0.002589,0.0025825,0.0025862,119811289.0
2026-08-18 21:45:00,0.0025863,0.0025873,0.0025813,0.0025863,242204433.0
2026-08-18 22:00:00,0.0025863,0.0025958,0.0025827,0.0025925,273933938.0
2026-08-18 22:15:00,0.0025924,0.0025931,0.0025822,0.0025835,178937776.0
2026-08-18 22:30:00,0.0025835,0.0025847,0.0025794,0.0025802,207713393.0
2026-08-18 22:45:00,0.0025802,0.0025832,0.0025764,0.002581,212367520.0
2026-08-18 23:00:00,0.002581,0.0025891,0.0025806,0.0025842,159183712.0
2026-08-18 23:15:00,0.0025843,0.0025903,0.0025836,0.0025858,170528993.0
2026-08-18 23:30:00,0.0025858,0.0025877,0.0025846,0.0025865,98441118.0
2026-08-18 23:45:00,0.0025864,0.0025903,0.0025848,0.0025862,110289706.0
2026-08-19 00:00:00,0.0025862,0.0025877,0.0025706,0.0025706,390761255.0
2026-08-19 00:15:00,0.0025706,0.002578,0.002567,0.002575,229289091.0
2026-08-19 00:30:00,0.002575,0.0025864,0.0025732,0.0025862,255354464.0
2026-08-19 00:45:00,0.0025861,0.0025939,0.0025852,0.0025896,295005085.0
2026-08-19 01:00:00,0.0025896,0.0025958,0.0025845,0.0025906,251491713.0
2026-08-19 01:15:00,0.0025906,0.002594,0.0025869,0.0025939,149439189.0
2026-08-19 01:30:00,0.0025939,0.0026026,0.0025919,0.0025959,284087700.0
2026-08-19 01:45:00,0.002596,0.0025995,0.0025941,0.0025941,134159009.0
2026-08-19 02:00:00,0.0025941,0.0025952,0.0025855,0.0025875,331244743.0
2026-08-19 02:15:00,0.0025874,0.0025935,0.0025828,0.002588,139809233.0
2026-08-19 02:30:00,0.0025881,0.0025944,0.002586,0.0025921,135197581.0
2026-08-19 02:45:00,0.0025921,0.0025946,0.0025841,0.0025875,132881979.0
2026-08-19 03:00:00,0.0025876,0.0025937,0.0025819,0.0025926,180751414.0
2026-08-19 03:15:00,0.0025926,0.0026014,0.0025924,0.0025964,233591003.0
2026-08-19 03:30:00,0.0025964,0.0025992,0.0025931,0.0025981,99822360.0
2026-08-19 03:45:00,0.0025981,0.0026003,0.0025951,0.0025952,133032997.0
2026-08-19 04:00:00,0.0025952,0.0025967,0.0025901,0.002591,103235815.0
2026-08-19 04:15:00,0.002591,0.0025965,0.0025907,0.0025947,70481829.0
2026-08-19 04:30:00,0.0025947,0.0025947,0.0025905,0.0025937,95406848.0
2026-08-19 04:45:00,0.0025938,0.0025996,0.0025905,0.0025923,218708759.0
2026-08-19 05:00:00,0.0025924,0.0026057,0.0025915,0.0026016,252413232.0
2026-08-19 05:15:00,0.0026017,0.0026022,0.0025916,0.002596,281589503.0
2026-08-19 05:30:00,0.002596,0.0025968,0.0025913,0.0025922,95549403.0
2026-08-19 05:45:00,0.0025922,0.0025967,0.0025906,0.0025915,137992023.0
2026-08-19 06:00:00,0.0025914,0.0025924,0.0025806,0.0025836,514466042.0
2026-08-19 06:15:00,0.0025837,0.0026039,0.0025836,0.0026028,505161415.0
2026-08-19 06:30:00,0.0026029,0.0026037,0.0025929,0.0025972,288747823.0
2026-08-19 06:45:00,0.0025972,0.0026064,0.002597,0.0026059,648005182.0
2026-08-19 07:00:00,0.002606,0.0026069,0.0025949,0.0025969,1056055288.0
2026-08-19 07:15:00,0.002597,0.0025973,0.0025896,0.0025921,373802557.0
2026-08-19 07:30:00,0.0025921,0.0025986,0.0025919,0.0025938,334726233.0
2026-08-19 07:45:00,0.0025938,0.0025997,0.002588,0.002588,1395000723.0
2026-08-19 08:00:00,0.0025881,0.0025902,0.0025801,0.0025814,469704875.0
2026-08-19 08:15:00,0.0025815,0.0025851,0.0025776,0.0025828,457214459.0
2026-08-19 08:30:00,0.0025828,0.0025946,0.0025816,0.0025867,593774708.0
2026-08-19 08:45:00,0.0025868,0.0025898,0.0025829,0.002584,366717757.0
2026-08-19 09:00:00,0.0025841,0.0025907,0.0025841,0.0025859,286897207.0
2026-08-19 09:15:00,0.0025858,0.0025896,0.0025841,0.0025893,255807735.0
2026-08-19 09:30:00,0.0025893,0.0025905,0.0025833,0.0025849,180898234.0
2026-08-19 09:45:00,0.0025849,0.0025861,0.0025828,0.0025831,320133342.0
2026-08-19 10:00:00,0.0025832,0.002584,0.0025808,0.0025819,222444938.0
2026-08-19 10:15:00,0.002582,0.002582,0.002575,0.0025792,377754186.0
2026-08-19 10:30:00,0.0025791,0.0025875,0.0025775,0.0025828,215677045.0
2026-08-19 10:45:00,0.0025829,0.0025854,0.002577,0.0025844,261001797.0
2026-08-19 11:00:00,0.0025845,0.0025966,0.0025825,0.0025938,445704876.0
2026-08-19 11:15:00,0.0025939,0.0025959,0.0025908,0.0025934,154879504.0
2026-08-19 11:30:00,0.0025934,0.0025978,0.0025925,0.0025954,253665125.0
2026-08-19 11:45:00,0.0025954,0.0026024,0.0025953,0.0026017,289821897.0
2026-08-19 12:00:00,0.0026017,0.0026084,0.0026007,0.0026083,285888672.0
2026-08-19 12:15:00,0.0026083,0.0026179,0.0026066,0.0026124,519289281.0
2026-08-19 12:30:00,0.0026125,0.0026222,0.002612,0.0026206,751744490.0
2026-08-19 12:45:00,0.0026205,0.0026286,0.0026157,0.0026172,884456460.0
2026-08-19 13:00:00,0.0026173,0.0026181,0.0026119,0.0026124,451068146.0
2026-08-19 13:15:00,0.0026124,0.0026165,0.0026059,0.002614,330519065.0
2026-08-19 13:30:00,0.0026141,0.0026158,0.0025962,0.0025981,906752793.0
2026-08-19 13:45:00,0.0025981,0.0026023,0.0025909,0.0025962,646479768.0
2026-08-19 14:00:00,0.0025961,0.0026121,0.0025933,0.0026105,957521606.0
2026-08-19 14:15:00,0.0026105,0.0026143,0.0026024,0.0026054,534682209.0
2026-08-19 14:30:00,0.0026054,0.0026187,0.0026029,0.0026181,690670384.0
2026-08-19 14:45:00,0.0026182,0.0026571,0.0026176,0.0026509,2300559903.0
2026-08-19 15:00:00,0.002651,0.0026946,0.0026432,0.0026809,4294490180.0
2026-08-19 15:15:00,0.0026809,0.0027613,0.0026724,0.00274,5375517092.0
2026-08-19 15:30:00,0.0027401,0.0027486,0.0027191,0.00272,2995823470.0
2026-08-19 15:45:00,0.00272,0.0027217,0.0026861,0.0026916,2347301885.0
2026-08-19 16:00:00,0.0026917,0.0027128,0.0026857,0.0027005,1688134235.0
2026-08-19 16:15:00,0.0027005,0.0027269,0.0027004,0.0027224,1332758802.0
2026-08-19 16:30:00,0.0027223,0.002723,0.0027086,0.0027105,986051719.0
2026-08-19 16:45:00,0.0027105,0.0027234,0.0027086,0.0027142,629390611.0
2026-08-19 17:00:00,0.0027142,0.0027188,0.0026987,0.0027082,1291542891.0
2026-08-19 17:15:00,0.0027082,0.0027133,0.0026777,0.0026857,1601977730.0
2026-08-19 17:30:00,0.0026857,0.0026945,0.0026793,0.0026937,590532973.0
2026-08-19 17:45:00,0.0026936,0.0027116,0.0026932,0.0027049,732041907.0
2026-08-19 18:00:00,0.0027049,0.0027078,0.0026855,0.0027021,714415517.0
2026-08-19 18:15:00,0.0027022,0.0027158,0.0027013,0.0027149,517936827.0
2026-08-19 18:30:00,0.002715,0.0027178,0.0027076,0.0027171,384551458.0
2026-08-19 18:45:00,0.002717,0.0027195,0.0027016,0.0027073,413018402.0
2026-08-19 19:00:00,0.0027072,0.0027195,0.002697,0.0026988,509640319.0
2026-08-19 19:15:00,0.0026988,0.0027146,0.0026981,0.0027007,846210653.0
2026-08-19 19:30:00,0.0027006,0.0027075,0.0026938,0.0027075,864549660.0
2026-08-19 19:45:00,0.0027074,0.0027199,0.0027045,0.002717,477115392.0
2026-08-19 20:00:00,0.002717,0.0027227,0.0027129,0.0027168,465707980.0
2026-08-19 20:15:00,0.0027168,0.0027271,0.002713,0.0027212,481969975.0
2026-08-19 20:30:00,0.0027211,0.0027219,0.002712,0.0027166,440103364.0
2026-08-19 20:45:00,0.0027165,0.0027639,0.0027117,0.0027549,3785728281.0
2026-08-19 21:00:00,0.0027549,0.0028323,0.0027512,0.002824,5915351005.0
2026-08-19 21:15:00,0.0028241,0.002855,0.0028095,0.0028532,2496231331.0
2026-08-19 21:30:00,0.0028534,0.0028783,0.0028381,0.0028781,2612181605.0
2026-08-19 21:45:00,0.002878,0.0029284,0.0028776,0.0029163,2718980590.0
2026-08-19 22:00:00,0.0029163,0.0029312,0.002864,0.0028756,2573485164.0
2026-08-19 22:15:00,0.0028755,0.0028922,0.002865,0.0028652,1103558489.0
2026-08-19 22:30:00,0.0028651,0.0029057,0.0028478,0.0028886,1713524851.0
2026-08-19 22:45:00,0.0028886,0.0029059,0.0028777,0.0028905,1354902792.0
2026-08-19 23:00:00,0.0028904,0.0029001,0.002869,0.0028883,1102124719.0
2026-08-19 23:15:00,0.0028882,0.0028984,0.0028757,0.002896,890317479.0
2026-08-19 23:30:00,0.002896,0.0029092,0.0028854,0.0029071,938017980.0
2026-08-19 23:45:00,0.0029071,0.0029078,0.0028686,0.0028766,1117578649.0
2026-08-20 00:00:00,0.0028765,0.002899,0.0028731,0.0028952,1120756449.0
2026-08-20 00:15:00,0.0028953,0.0029059,0.0028919,0.0029005,795198802.0
2026-08-20 00:30:00,0.0029004,0.0029145,0.0028963,0.0029092,1134266515.0
2026-08-20 00:45:00,0.0029089,0.0029468,0.0029039,0.0029085,2500618255.0
2026-08-20 01:00:00,0.0029085,0.0029196,0.0028906,0.0029006,1170296866.0
2026-08-20 01:15:00,0.0029005,0.0029188,0.002885,0.0028943,1231091840.0
2026-08-20 01:30:00,0.0028942,0.0029149,0.0028929,0.0028985,750794502.0
2026-08-20 01:45:00,0.0028984,0.0029492,0.0028978,0.0029264,1620962489.0
2026-08-20 02:00:00,0.0029263,0.0029438,0.002912,0.0029152,1462585915.0
2026-08-20 02:15:00,0.0029151,0.002932,0.0029092,0.002912,1025823238.0
2026-08-20 02:30:00,0.002912,0.0029275,0.0029046,0.0029181,768842482.0
2026-08-20 02:45:00,0.002918,0.0029235,0.0029052,0.0029063,718476249.0
2026-08-20 03:00:00,0.0029064,0.0029108,0.002876,0.0028901,1913124404.0
2026-08-20 03:15:00,0.00289,0.0029069,0.0028834,0.0028872,738044023.0
2026-08-20 03:30:00,0.0028871,0.0029077,0.0028861,0.0029057,512771570.0
2026-08-20 03:45:00,0.0029056,0.0029194,0.0029054,0.0029132,564038497.0
2026-08-20 04:00:00,0.0029131,0.00296,0.0029112,0.0029349,1890120155.0
2026-08-20 04:15:00,0.0029349,0.0029579,0.0029342,0.0029392,849581574.0
2026-08-20 04:30:00,0.0029391,0.0029665,0.0029267,0.0029579,908832620.0
2026-08-20 04:45:00,0.002958,0.0029666,0.0029424,0.002953,736909697.0
2026-08-20 05:00:00,0.002953,0.0029554,0.0029151,0.0029151,747589193.0
2026-08-20 05:15:00,0.0029151,0.0029218,0.0029028,0.0029044,1021176159.0
2026-08-20 05:30:00,0.0029043,0.0029082,0.0028926,0.0028975,990104862.0
2026-08-20 05:45:00,0.0028974,0.0029019,0.002888,0.0028893,660882406.0
2026-08-20 06:00:00,0.0028894,0.0028996,0.0028861,0.0028907,661253432.0
2026-08-20 06:15:00,0.0028906,0.0029256,0.0028886,0.0029146,1050417622.0
2026-08-20 06:30:00,0.0029145,0.0029392,0.0029137,0.0029378,808478311.0
2026-08-20 06:45:00,0.0029379,0.002943,0.0029215,0.0029369,916736970.0
2026-08-20 07:00:00,0.0029369,0.0029467,0.0029322,0.0029447,837927437.0
2026-08-20 07:15:00,0.0029448,0.0029525,0.0029257,0.0029487,1232272722.0
2026-08-20 07:30:00,0.0029486,0.0029577,0.0029354,0.0029552,703538315.0
2026-08-20 07:45:00,0.0029548,0.0029849,0.0029529,0.0029716,2491460536.0
2026-08-20 08:00:00,0.0029715,0.0030528,0.00296,0.0030496,3915577780.0
2026-08-20 08:15:00,0.0030495,0.0031498,0.0030362,0.0031485,8256257786.0
2026-08-20 08:30:00,0.0031484,0.0031752,0.00312,0.0031574,5593094385.0
2026-08-20 08:45:00,0.0031574,0.0032054,0.0031493,0.0031924,4616918060.0
2026-08-20 09:00:00,0.0031924,0.003214,0.003183,0.0031986,3006436075.0
2026-08-20 09:15:00,0.0031986,0.0032073,0.0031236,0.0031267,4367497118.0
2026-08-20 09:30:00,0.0031267,0.0031592,0.0031104,0.003145,4272744106.0
2026-08-20 09:45:00,0.0031449,0.0031494,0.0030739,0.0030851,4134340511.0
2026-08-20 10:00:00,0.003085,0.0030958,0.003066,0.003089,2517620559.0
2026-08-20 10:15:00,0.0030889,0.0031197,0.0030868,0.003105,2360166171.0
2026-08-20 10:30:00,0.0031052,0.0031121,0.0030854,0.0030975,1460074101.0
2026-08-20 10:45:00,0.0030975,0.0031197,0.0030922,0.003115,710538166.0
2026-08-20 11:00:00,0.0031149,0.0031329,0.0031051,0.0031225,1792864990.0
2026-08-20 11:15:00,0.0031225,0.0031403,0.003109,0.0031249,1681121753.0
2026-08-20 11:30:00,0.003125,0.0031672,0.0031221,0.0031525,2599108442.0
2026-08-20 11:45:00,0.0031525,0.0031602,0.003117,0.0031518,2263515896.0
2026-08-20 12:00:00,0.0031517,0.0031694,0.0031112,0.0031313,2437135733.0
2026-08-20 12:15:00,0.0031314,0.0031477,0.0031169,0.0031233,1278770298.0
2026-08-20 12:30:00,0.0031234,0.0031351,0.0031061,0.0031143,1297858447.0
2026-08-20 12:45:00,0.0031144,0.0031407,0.0031044,0.0031285,1530532249.0
2026-08-20 13:00:00,0.0031287,0.0031353,0.0031146,0.0031329,1052310760.0
2026-08-20 13:15:00,0.0031329,0.0031586,0.0031192,0.0031534,995569395.0
2026-08-20 13:30:00,0.0031534,0.0031536,0.0030882,0.0031395,3557932550.0
2026-08-20 13:45:00,0.0031394,0.0031538,0.0031281,0.0031391,1367993984.0
2026-08-20 14:00:00,0.0031391,0.0031418,0.0031224,0.0031321,763131315.0
2026-08-20 14:15:00,0.0031321,0.0031333,0.0030972,0.0031014,1426916314.0
2026-08-20 14:30:00,0.0031014,0.0031313,0.0030999,0.0031133,1646000250.0
2026-08-20 14:45:00,0.0031133,0.0031198,0.0031015,0.0031154,852802414.0
2026-08-20 15:00:00,0.0031154,0.0031994,0.0031099,0.0031986,4104776049.0
2026-08-20 15:15:00,0.0031987,0.003204,0.0031528,0.0031784,3432004379.0
2026-08-20 15:30:00,0.0031784,0.0031943,0.0031611,0.0031753,1647496710.0
2026-08-20 15:45:00,0.0031753,0.0032356,0.003169,0.00321,2538415401.0
2026-08-20 16:00:00,0.0032101,0.0032159,0.0031794,0.0031861,2573846863.0
2026-08-20 16:15:00,0.003186,0.0032036,0.0031788,0.0031916,873694216.0
2026-08-20 16:30:00,0.0031916,0.003232,0.0031831,0.0032263,1646536147.0
2026-08-20 16:45:00,0.0032262,0.0032273,0.003195,0.0032069,1306748361.0
2026-08-20 17:00:00,0.0032067,0.0032067,0.0031852,0.0031887,1133393952.0
2026-08-20 17:15:00,0.0031887,0.0032004,0.0031783,0.0031986,1063415297.0
2026-08-20 17:30:00,0.0031986,0.0032277,0.0031956,0.0032031,982041314.0
2026-08-20 17:45:00,0.0032031,0.0032126,0.0031724,0.003178,938002114.0
2026-08-20 18:00:00,0.003178,0.0031857,0.0031222,0.0031356,2506914517.0
2026-08-20 18:15:00,0.0031356,0.0031509,0.0031222,0.0031352,1097668743.0
2026-08-20 18:30:00,0.0031349,0.0031358,0.0031041,0.0031318,1460668001.0
2026-08-20 18:45:00,0.0031318,0.0031364,0.0030904,0.0030926,1074922694.0
2026-08-20 19:00:00,0.0030926,0.0031251,0.0030923,0.0031195,1221274407.0
2026-08-20 19:15:00,0.0031195,0.0031294,0.0031131,0.0031176,739775754.0
2026-08-20 19:30:00,0.0031176,0.00313,0.003112,0.0031239,358589169.0
2026-08-20 19:45:00,0.0031241,0.00313,0.0031172,0.0031299,392637981.0
2026-08-20 20:00:00,0.0031297,0.0031528,0.003127,0.0031526,901350845.0
2026-08-20 20:15:00,0.0031526,0.0031685,0.0031484,0.0031646,896695924.0
2026-08-20 20:30:00,0.0031645,0.003197,0.003164,0.0031963,861390030.0
2026-08-20 20:45:00,0.0031963,0.0032085,0.0031862,0.0031984,831800276.0
2026-08-20 21:00:00,0.0031984,0.0032418,0.0031966,0.0032353,1515950827.0
2026-08-20 21:15:00,0.0032353,0.0032568,0.0032067,0.0032162,1255929864.0
2026-08-20 21:30:00,0.0032162,0.0032278,0.0032051,0.0032106,609566086.0
2026-08-20 21:45:00,0.0032105,0.0032161,0.00319,0.0032001,463960601.0
2026-08-20 22:00:00,0.0032001,0.0032046,0.003186,0.003192,591347964.0
2026-08-20 22:15:00,0.003192,0.003198,0.0031636,0.0031936,1568004469.0
2026-08-20 22:30:00,0.0031936,0.0031984,0.0031842,0.0031887,488641464.0
2026-08-20 22:45:00,0.0031886,0.0032111,0.0031876,0.0032106,549635310.0
2026-08-20 23:00:00,0.0032106,0.0032208,0.0032072,0.0032204,513789793.0
2026-08-20 23:15:00,0.0032204,0.0032623,0.0032158,0.0032614,1629799172.0
2026-08-20 23:30:00,0.0032614,0.0032681,0.0032262,0.0032297,974317027.0
2026-08-20 23:45:00,0.0032297,0.0032309,0.0032072,0.0032074,961375553.0
2026-08-21 00:00:00,0.0032075,0.0032287,0.0031969,0.0032268,1237167518.0
2026-08-21 00:15:00,0.0032268,0.003247,0.0032166,0.0032189,1399001729.0
2026-08-21 00:30:00,0.003219,0.0032236,0.0031739,0.0031817,2143641864.0
2026-08-21 00:45:00,0.0031818,0.003212,0.0031813,0.0031995,763027939.0
2026-08-21 01:00:00,0.0031995,0.0032134,0.0031932,0.0032049,455987215.0
2026-08-21 01:15:00,0.0032049,0.0032361,0.0031943,0.0032155,1500323547.0
2026-08-21 01:30:00,0.0032155,0.0032426,0.003215,0.0032381,1086297770.0
2026-08-21 01:45:00,0.0032381,0.0032756,0.0032318,0.0032374,2243495837.0
2026-08-21 02:00:00,0.0032373,0.0032482,0.0032078,0.0032191,1470573083.0
2026-08-21 02:15:00,0.0032192,0.0032275,0.0032102,0.0032239,753517991.0
2026-08-21 02:30:00,0.003224,0.003249,0.0031966,0.0032381,1268885482.0
2026-08-21 02:45:00,0.0032382,0.0032584,0.0032265,0.0032287,1250691930.0
2026-08-21 03:00:00,0.0032284,0.0032464,0.0032232,0.0032283,653669776.0
2026-08-21 03:15:00,0.0032284,0.0032338,0.0032125,0.0032262,930935608.0
2026-08-21 03:30:00,0.0032263,0.0032427,0.0032232,0.0032272,449290138.0
2026-08-21 03:45:00,0.0032278,0.003255,0.0032273,0.0032346,657017265.0
2026-08-21 04:00:00,0.0032346,0.0032487,0.0032246,0.0032261,696911604.0
2026-08-21 04:15:00,0.0032263,0.0032563,0.0032256,0.0032452,720941122.0
2026-08-21 04:30:00,0.0032453,0.0032569,0.0032397,0.0032544,445281164.0
2026-08-21 04:45:00,0.0032543,0.0033306,0.0032532,0.0033163,3401676540.0
2026-08-21 05:00:00,0.0033163,0.003343,0.0032945,0.00332,2282535233.0
2026-08-21 05:15:00,0.0033199,0.0033473,0.0033161,0.0033422,1231682648.0
2026-08-21 05:30:00,0.0033421,0.0033843,0.0033307,0.0033811,2350780486.0
2026-08-21 05:45:00,0.0033808,0.0033819,0.0033522,0.0033803,1381602806.0
2026-08-21 06:00:00,0.0033802,0.0034217,0.0033758,0.0034204,2481322282.0
2026-08-21 06:15:00,0.0034205,0.0034522,0.0034107,0.003429,2596083187.0
2026-08-21 06:30:00,0.003429,0.0034562,0.0033736,0.0033767,2506837018.0
2026-08-21 06:45:00,0.0033768,0.0034066,0.0033666,0.0033938,1795617205.0
2026-08-21 07:00:00,0.0033938,0.003403,0.003375,0.0033829,1388810871.0
2026-08-21 07:15:00,0.0033829,0.0034248,0.0033788,0.003416,2331131411.0
2026-08-21 07:30:00,0.0034159,0.0035117,0.0034076,0.0034873,3000116222.0
2026-08-21 07:45:00,0.0034874,0.0034981,0.0034459,0.0034503,1943317408.0
2026-08-21 08:00:00,0.0034504,0.003498,0.0034503,0.0034926,1770316593.0
2026-08-21 08:15:00,0.0034927,0.003535,0.00348,0.0035247,2388030388.0
2026-08-21 08:30:00,0.0035247,0.0035486,0.0035104,0.0035245,2514271323.0
2026-08-21 08:45:00,0.0035246,0.0035646,0.0035228,0.0035646,2872451607.0
2026-08-21 09:00:00,0.0035646,0.0035654,0.0034248,0.0034816,6677164091.0
2026-08-21 09:15:00,0.0034815,0.0034852,0.003426,0.003458,2474849178.0
2026-08-21 09:30:00,0.003458,0.0034997,0.0034409,0.0034987,1443412314.0
2026-08-21 09:45:00,0.0034987,0.0035842,0.0034945,0.0035773,2959101222.0
2026-08-21 10:00:00,0.0035776,0.0036455,0.0035624,0.0036351,4913324559.0
2026-08-21 10:15:00,0.0036352,0.003717,0.0036241,0.0037073,4290272651.0
2026-08-21 10:30:00,0.0037073,0.0037327,0.0036213,0.0036226,5318704961.0
2026-08-21 10:45:00,0.0036228,0.0036681,0.0036132,0.0036214,2982911552.0
2026-08-21 11:00:00,0.0036215,0.0036742,0.0036012,0.0036331,2549417362.0
2026-08-21 11:15:00,0.0036331,0.0036338,0.0035617,0.0035675,2522732063.0
2026-08-21 11:30:00,0.0035676,0.0035726,0.0034814,0.0035235,4388702033.0
2026-08-21 11:45:00,0.0035238,0.0035484,0.0035082,0.003532,1218913959.0
2026-08-21 12:00:00,0.0035318,0.0035428,0.00351,0.0035376,1036245958.0
2026-08-21 12:15:00,0.0035376,0.0035723,0.0035339,0.0035606,1369671241.0
2026-08-21 12:30:00,0.0035605,0.0036325,0.0035461,0.0036189,1608013409.0
2026-08-21 12:45:00,0.0036191,0.0036589,0.0036165,0.0036283,1983080548.0
2026-08-21 13:00:00,0.0036284,0.0036389,0.0036053,0.0036232,1411410638.0
2026-08-21 13:15:00,0.0036232,0.0036384,0.0035858,0.0036245,1530762997.0
2026-08-21 13:30:00,0.0036244,0.0036514,0.0035812,0.0036409,2151125295.0
2026-08-21 13:45:00,0.0036406,0.0036631,0.0036176,0.0036605,1619857088.0
2026-08-21 14:00:00,0.0036604,0.0036605,0.0036191,0.003623,1449231443.0
2026-08-21 14:15:00,0.003623,0.0036778,0.003615,0.0036746,2352404475.0
2026-08-21 14:30:00,0.0036746,0.0036937,0.0036423,0.003685,1886418928.0
2026-08-21 14:45:00,0.0036849,0.0037287,0.0036841,0.0037246,2014290985.0
2026-08-21 15:00:00,0.0037246,0.0037656,0.0037172,0.0037552,2291643321.0
2026-08-21 15:15:00,0.0037552,0.0037582,0.0036732,0.0036786,2651586240.0
2026-08-21 15:30:00,0.0036788,0.0037296,0.0036733,0.0037213,2167571913.0
2026-08-21 15:45:00,0.0037214,0.0037431,0.00369,0.0036996,1599812001.0
2026-08-21 16:00:00,0.0036996,0.0037277,0.003672,0.0037046,2012267359.0
2026-08-21 16:15:00,0.0037046,0.0037882,0.0037018,0.0037716,3290169847.0
2026-08-21 16:30:00,0.0037716,0.0038085,0.0037628,0.0037682,1924737415.0
2026-08-21 16:45:00,0.0037682,0.0038244,0.0037663,0.0038179,1927832983.0
2026-08-21 17:00:00,0.003818,0.003983,0.003806,0.0039695,6996712131.0
2026-08-21 17:15:00,0.0039695,0.003972,0.0038357,0.0038909,5062677421.0
2026-08-21 17:30:00,0.0038909,0.0039541,0.0038907,0.003919,2300735119.0
2026-08-21 17:45:00,0.0039189,0.0039929,0.0039048,0.0039809,2848161996.0
2026-08-21 18:00:00,0.0039809,0.0040696,0.0039801,0.0040153,4974943139.0
2026-08-21 18:15:00,0.0040153,0.0040974,0.0040107,0.004062,3151044921.0
2026-08-21 18:30:00,0.004062,0.0040639,0.0039271,0.003941,4078490721.0
2026-08-21 18:45:00,0.0039408,0.003946,0.0038558,0.0038883,4945353203.0
2026-08-21 19:00:00,0.0038883,0.0039007,0.003744,0.003776,7621702439.0
2026-08-21 19:15:00,0.0037765,0.0038223,0.0037295,0.00382,3792398460.0
2026-08-21 19:30:00,0.0038199,0.003835,0.0037769,0.0037801,3046332366.0
2026-08-21 19:45:00,0.0037797,0.0038143,0.0037537,0.0038011,1814095233.0
2026-08-21 20:00:00,0.0038013,0.0038483,0.0037785,0.0038449,1645706432.0
2026-08-21 20:15:00,0.0038449,0.0038646,0.0038356,0.0038566,1548434678.0
2026-08-21 20:30:00,0.0038567,0.0038736,0.003829,0.0038433,1293634656.0
2026-08-21 20:45:00,0.0038432,0.0038617,0.0038112,0.0038234,1142185027.0
2026-08-21 21:00:00,0.0038234,0.0038647,0.0038154,0.0038476,1673919642.0
2026-08-21 21:15:00,0.0038477,0.0038871,0.0038321,0.0038704,1231576238.0
2026-08-21 21:30:00,0.0038705,0.0039404,0.0038661,0.0039102,2555914769.0
2026-08-21 21:45:00,0.0039102,0.0039698,0.0038969,0.0039635,1676120390.0
2026-08-21 22:00:00,0.0039636,0.0040087,0.0039461,0.0039929,2168350166.0
2026-08-21 22:15:00,0.0039928,0.004073,0.0039805,0.0040533,2871203126.0
2026-08-21 22:30:00,0.0040534,0.0040538,0.0039712,0.0040102,3302480835.0
2026-08-21 22:45:00,0.0040102,0.0041434,0.004002,0.0041137,3975634754.0
2026-08-21 23:00:00,0.0041137,0.0042017,0.0040781,0.0041847,3962843593.0
2026-08-21 23:15:00,0.0041846,0.0042093,0.0041506,0.0041636,2869645808.0
2026-08-21 23:30:00,0.0041637,0.0042398,0.0040885,0.004129,5234462196.0
2026-08-21 23:45:00,0.0041291,0.0041986,0.0041119,0.0041212,3871518830.0
2026-08-22 00:00:00,0.0041215,0.0041872,0.0040644,0.0041055,3949480720.0
2026-08-22 00:15:00,0.0041054,0.0041527,0.0040924,0.0041023,1893987601.0
2026-08-22 00:30:00,0.0041022,0.0041282,0.0040396,0.0040775,2426288595.0
2026-08-22 00:45:00,0.0040775,0.0041039,0.004046,0.0040896,1685330254.0
2026-08-22 01:00:00,0.0040894,0.004135,0.0040792,0.004089,1337209405.0
2026-08-22 01:15:00,0.0040889,0.0041199,0.004064,0.0041163,2257574549.0
2026-08-22 01:30:00,0.0041162,0.0041636,0.0041151,0.0041266,1856458701.0
2026-08-22 01:45:00,0.0041265,0.0041938,0.0041211,0.0041574,2121061185.0
2026-08-22 02:00:00,0.0041575,0.0042797,0.0041558,0.0042676,3280792599.0
2026-08-22 02:15:00,0.0042677,0.004305,0.0042288,0.0042722,2465769131.0
2026-08-22 02:30:00,0.0042724,0.0042738,0.0041338,0.0041736,4365434199.0
2026-08-22 02:45:00,0.0041734,0.0041966,0.0041502,0.0041961,1489458645.0
2026-08-22 03:00:00,0.0041962,0.004199,0.0041602,0.0041662,1551777258.0
2026-08-22 03:15:00,0.004166,0.004334,0.0041653,0.0043156,3241028875.0
2026-08-22 03:30:00,0.0043157,0.0043622,0.0042545,0.004281,2744015120.0
2026-08-22 03:45:00,0.004281,0.0042914,0.004226,0.004232,1740576313.0
2026-08-22 04:00:00,0.0042321,0.0043533,0.0042085,0.0043467,2633445235.0
2026-08-22 04:15:00,0.0043464,0.0044849,0.0043252,0.0044507,5530140961.0
2026-08-22 04:30:00,0.0044515,0.0045632,0.0044265,0.0045314,4198191108.0
2026-08-22 04:45:00,0.004532,0.0045435,0.004362,0.0043646,6115716997.0
2026-08-22 05:00:00,0.0043647,0.0044184,0.0036226,0.0040044,18039958354.0
2026-08-22 05:15:00,0.0040045,0.0040939,0.00385,0.0040141,8635721134.0
2026-08-22 05:30:00,0.0040141,0.0040903,0.0039227,0.0040329,5009199417.0
2026-08-22 05:45:00,0.0040325,0.0041132,0.003982,0.0040851,4112452303.0
2026-08-22 06:00:00,0.0040851,0.0040851,0.0039935,0.0040209,2787185701.0
2026-08-22 06:15:00,0.0040207,0.0040605,0.0039964,0.0040018,2092614206.0
2026-08-22 06:30:00,0.0040018,0.0041138,0.003955,0.0040716,5068001393.0
2026-08-22 06:45:00,0.0040716,0.0041648,0.0040693,0.0041377,2279216236.0
2026-08-22 07:00:00,0.0041379,0.0041882,0.0041165,0.0041794,2952463031.0
2026-08-22 07:15:00,0.0041793,0.0043,0.0041701,0.0042509,4349906797.0
2026-08-22 07:30:00,0.0042505,0.0042786,0.0041698,0.0041831,2322546012.0
2026-08-22 07:45:00,0.0041831,0.0041996,0.0041337,0.0041589,2148257887.0
2026-08-22 08:00:00,0.0041592,0.004182,0.0040859,0.0041793,2454871810.0
2026-08-22 08:15:00,0.0041794,0.00419,0.0040493,0.0040729,2155720431.0
2026-08-22 08:30:00,0.004073,0.0040966,0.0040259,0.0040841,2634268951.0
2026-08-22 08:45:00,0.0040846,0.0041383,0.0040612,0.0041015,1510735967.0
2026-08-22 09:00:00,0.004101,0.0041572,0.0040356,0.0041475,2375948811.0
2026-08-22 09:15:00,0.0041478,0.004155,0.0040664,0.004096,1506970709.0
2026-08-22 09:30:00,0.004096,0.0041196,0.004084,0.0040979,1167514322.0
2026-08-22 09:45:00,0.0040983,0.0041161,0.0040261,0.0040872,2058133067.0
2026-08-22 10:00:00,0.0040874,0.004091,0.0039691,0.0039797,3328778469.0
2026-08-22 10:15:00,0.0039798,0.003994,0.0039004,0.0039784,4220766149.0
2026-08-22 10:30:00,0.0039784,0.0040338,0.0039519,0.0040316,2004166582.0
2026-08-22 10:45:00,0.0040315,0.0040337,0.0039821,0.003993,1394177214.0
2026-08-22 11:00:00,0.0039929,0.004022,0.0039664,0.0040054,1165342779.0
2026-08-22 11:15:00,0.0040053,0.0040265,0.0039783,0.0039925,840973387.0
2026-08-22 11:30:00,0.0039924,0.0040417,0.00399,0.0040101,1324446628.0
2026-08-22 11:45:00,0.00401,0.0040181,0.0039904,0.0040059,659176708.0
2026-08-22 12:00:00,0.004006,0.0040686,0.0039877,0.004059,1589444352.0
2026-08-22 12:15:00,0.004059,0.004099,0.0040253,0.0040477,2185058848.0
2026-08-22 12:30:00,0.0040476,0.0040535,0.0040229,0.0040497,771611120.0
2026-08-22 12:45:00,0.0040496,0.0040531,0.0039866,0.0039913,1486292889.0
2026-08-22 13:00:00,0.0039912,0.0040294,0.0039512,0.0039993,1431935800.0
2026-08-22 13:15:00,0.0039995,0.004022,0.0039678,0.0039895,1384953698.0
2026-08-22 13:30:00,0.0039895,0.0040104,0.003976,0.0040004,624630810.0
2026-08-22 13:45:00,0.0040004,0.0040474,0.0039901,0.0040185,851281424.0
2026-08-22 14:00:00,0.0040189,0.0040236,0.0039618,0.004008,1561565575.0
2026-08-22 14:15:00,0.0040081,0.0040108,0.0039507,0.0040054,1451703895.0
2026-08-22 14:30:00,0.0040049,0.004046,0.0039819,0.0039886,1557634773.0
2026-08-22 14:45:00,0.0039889,0.0040219,0.0039755,0.004019,1152283829.0
2026-08-22 15:00:00,0.004019,0.0040449,0.003989,0.0039919,1031315368.0
2026-08-22 15:15:00,0.0039919,0.0040446,0.0039873,0.004035,1106497251.0
2026-08-22 15:30:00,0.0040354,0.0040644,0.0039995,0.0040104,1772380302.0
2026-08-22 15:45:00,0.0040104,0.004032,0.004003,0.0040067,688356491.0
2026-08-22 16:00:00,0.0040066,0.0040487,0.004,0.0040305,819833681.0
2026-08-22 16:15:00,0.0040305,0.004127,0.0040262,0.0040913,2141760404.0
2026-08-22 16:30:00,0.0040913,0.0042011,0.0040908,0.0041764,2492417734.0
2026-08-22 16:45:00,0.0041764,0.0042095,0.0041,0.0041206,4437865032.0
2026-08-22 17:00:00,0.0041211,0.0041489,0.004113,0.0041489,1309071265.0
2026-08-22 17:15:00,0.0041489,0.0041641,0.0040514,0.0040581,2689566939.0
2026-08-22 17:30:00,0.0040577,0.0041033,0.0040522,0.004101,1566166393.0
2026-08-22 17:45:00,0.004101,0.0041184,0.0040896,0.0041095,483852351.0
2026-08-22 18:00:00,0.0041095,0.0041141,0.0040598,0.0040798,1358439538.0
2026-08-22 18:15:00,0.0040796,0.0041064,0.0040786,0.0040886,498288695.0
2026-08-22 18:30:00,0.0040886,0.004096,0.0040514,0.0040615,923196710.0
2026-08-22 18:45:00,0.0040615,0.0040774,0.0040328,0.0040676,1433452174.0
2026-08-22 19:00:00,0.004068,0.0040989,0.0040565,0.0040982,661050488.0
2026-08-22 19:15:00,0.0040981,0.0041185,0.0040824,0.004111,996341736.0
2026-08-22 19:30:00,0.0041109,0.0041538,0.0041098,0.0041465,1126500725.0
2026-08-22 19:45:00,0.0041468,0.0041663,0.0041241,0.0041404,1196492779.0
2026-08-22 20:00:00,0.0041406,0.0041857,0.0041362,0.0041682,1369755686.0
2026-08-22 20:15:00,0.0041682,0.0041719,0.0041231,0.0041512,1192729298.0
2026-08-22 20:30:00,0.0041514,0.0041631,0.0041192,0.0041408,597527538.0
2026-08-22 20:45:00,0.0041407,0.0041525,0.0041043,0.0041216,1005104070.0
2026-08-22 21:00:00,0.0041216,0.0041242,0.0040445,0.0040534,1903658173.0
2026-08-22 21:15:00,0.0040529,0.0041169,0.0040521,0.0041062,798890878.0
2026-08-22 21:30:00,0.0041063,0.0041078,0.0040474,0.0040861,1056397459.0
2026-08-22 21:45:00,0.0040864,0.0040865,0.004,0.0040154,1601092056.0
2026-08-22 22:00:00,0.0040154,0.004131,0.003988,0.0041175,2551532122.0
2026-08-22 22:15:00,0.0041176,0.0041442,0.0040941,0.0041267,1665844853.0
2026-08-22 22:30:00,0.0041267,0.0041289,0.0040899,0.0041034,1199775485.0
2026-08-22 22:45:00,0.0041034,0.0041145,0.0040667,0.0040794,677309199.0
2026-08-22 23:00:00,0.0040794,0.0040819,0.0040412,0.0040562,706131279.0
2026-08-22 23:15:00,0.0040562,0.0040732,0.0040297,0.0040525,1046771873.0
2026-08-22 23:30:00,0.0040524,0.0040706,0.0040298,0.0040598,566486823.0
2026-08-22 23:45:00,0.0040597,0.0040987,0.0040582,0.0040722,629702940.0
2026-08-23 00:00:00,0.0040722,0.0040909,0.0040454,0.0040607,651115510.0
2026-08-23 00:15:00,0.0040611,0.0040938,0.0040499,0.0040873,742051763.0
2026-08-23 00:30:00,0.0040872,0.0041463,0.0040851,0.0041249,1371516689.0
2026-08-23 00:45:00,0.004125,0.0041667,0.004119,0.0041505,900246128.0
2026-08-23 01:00:00,0.0041506,0.0041509,0.0041117,0.0041418,1076108247.0
2026-08-23 01:15:00,0.0041419,0.0041535,0.0041142,0.0041363,615528525.0
2026-08-23 01:30:00,0.0041364,0.0041422,0.0040851,0.0041128,922213009.0
2026-08-23 01:45:00,0.0041127,0.0041299,0.0040881,0.0041019,564665552.0
2026-08-23 02:00:00,0.004102,0.0041175,0.0040635,0.0040643,1020136816.0
2026-08-23 02:15:00,0.0040641,0.0040993,0.0040435,0.0040617,1203578392.0
2026-08-23 02:30:00,0.0040617,0.004125,0.0040554,0.0041087,791254125.0
2026-08-23 02:45:00,0.0041087,0.0041372,0.0040732,0.0040779,835120682.0
2026-08-23 03:00:00,0.0040778,0.0040918,0.0040188,0.0040388,1136827357.0
2026-08-23 03:15:00,0.0040387,0.0040476,0.0039967,0.0040186,1521110359.0
2026-08-23 03:30:00,0.0040185,0.0040189,0.0039729,0.0039786,1600331156.0
2026-08-23 03:45:00,0.0039789,0.0040256,0.0039782,0.0040131,835296111.0
2026-08-23 04:00:00,0.0040131,0.0040615,0.003994,0.0040569,1012033567.0
2026-08-23 04:15:00,0.004057,0.0040739,0.0040194,0.0040483,916518538.0
2026-08-23 04:30:00,0.0040483,0.0040506,0.0039972,0.0040179,656186710.0
2026-08-23 04:45:00,0.0040179,0.0040195,0.0039368,0.0039677,2957116576.0
2026-08-23 05:00:00,0.0039674,0.0040284,0.0039623,0.0039798,1972520129.0
2026-08-23 05:15:00,0.0039798,0.004076,0.0039555,0.0040317,2483299812.0
2026-08-23 05:30:00,0.0040316,0.0040395,0.0039555,0.0039733,1755879757.0
2026-08-23 05:45:00,0.003973,0.0039893,0.0039234,0.0039273,1298104856.0
2026-08-23 06:00:00,0.0039273,0.00394,0.00388,0.0039305,2505420351.0
2026-08-23 06:15:00,0.0039301,0.0039726,0.0038801,0.003882,3043465762.0
2026-08-23 06:30:00,0.0038821,0.0039196,0.0038515,0.0038657,2397422430.0
2026-08-23 06:45:00,0.0038656,0.0038701,0.0038368,0.0038562,1190919614.0
2026-08-23 07:00:00,0.0038561,0.0039166,0.0038535,0.0038966,1345938912.0
2026-08-23 07:15:00,0.0038966,0.0039323,0.0038941,0.0039234,1142915936.0
2026-08-23 07:30:00,0.0039234,0.0039243,0.0038786,0.0038944,995113017.0
2026-08-23 07:45:00,0.0038944,0.0039215,0.0038832,0.0039087,513261935.0
2026-08-23 08:00:00,0.0039088,0.0039594,0.0038955,0.0039455,1158332079.0
2026-08-23 08:15:00,0.0039455,0.0039595,0.0039309,0.0039349,628698946.0
2026-08-23 08:30:00,0.003935,0.0039917,0.0039347,0.0039817,992753755.0
2026-08-23 08:45:00,0.0039817,0.0039846,0.0039518,0.0039773,934036148.0
2026-08-23 09:00:00,0.0039773,0.0040083,0.0039653,0.0039857,1008537177.0
2026-08-23 09:15:00,0.0039859,0.0040004,0.0039745,0.0039903,952607555.0
2026-08-23 09:30:00,0.0039903,0.0039918,0.0039594,0.00398,679052640.0
2026-08-23 09:45:00,0.0039799,0.0039949,0.0039668,0.0039821,528816070.0
2026-08-23 10:00:00,0.003982,0.0039934,0.0039716,0.0039887,456190933.0
2026-08-23 10:15:00,0.0039888,0.0040335,0.0039812,0.0040008,1572041305.0
2026-08-23 10:30:00,0.0040008,0.0040427,0.0039953,0.0040355,1061247994.0
2026-08-23 10:45:00,0.0040354,0.0040362,0.0039916,0.0039989,859058940.0
2026-08-23 11:00:00,0.0039989,0.0040243,0.0039989,0.004006,441544928.0
2026-08-23 11:15:00,0.0040062,0.0040644,0.0040035,0.0040363,1177621213.0
2026-08-23 11:30:00,0.0040363,0.0040777,0.0040227,0.0040741,1011758303.0
2026-08-23 11:45:00,0.0040742,0.0040913,0.0040591,0.0040743,1125753001.0
2026-08-23 12:00:00,0.0040744,0.0040845,0.0040483,0.0040795,921708103.0
2026-08-23 12:15:00,0.0040795,0.0040894,0.0040626,0.0040661,420388943.0
2026-08-23 12:30:00,0.0040661,0.0040788,0.004052,0.0040647,386382401.0
2026-08-23 12:45:00,0.0040646,0.0040646,0.0040265,0.0040442,985740696.0
2026-08-23 13:00:00,0.0040441,0.0040702,0.0040412,0.0040674,392250243.0
2026-08-23 13:15:00,0.0040674,0.0041222,0.0040566,0.0040839,1534492391.0
2026-08-23 13:30:00,0.0040838,0.0041089,0.0040731,0.0040982,909005686.0
2026-08-23 13:45:00,0.0040981,0.0041545,0.0040856,0.0041269,1571188246.0
2026-08-23 14:00:00,0.0041271,0.0041534,0.0041142,0.004138,1066409194.0
2026-08-23 14:15:00,0.0041381,0.0041455,0.0040973,0.004113,775041625.0
2026-08-23 14:30:00,0.0041129,0.004135,0.0039812,0.0040447,3186577048.0
2026-08-23 14:45:00,0.0040452,0.0040899,0.0040444,0.0040857,1064874118.0
2026-08-23 15:00:00,0.0040858,0.0041012,0.004054,0.0040659,1263017409.0
2026-08-23 15:15:00,0.0040658,0.0040834,0.0040404,0.0040738,820450001.0
2026-08-23 15:30:00,0.004074,0.0041205,0.0040675,0.0041125,1157024642.0
2026-08-23 15:45:00,0.0041119,0.0041239,0.004085,0.0041069,865866536.0
2026-08-23 16:00:00,0.004107,0.0041429,0.00408,0.0040862,939313987.0
2026-08-23 16:15:00,0.0040863,0.0040931,0.0040644,0.0040804,859936952.0
2026-08-23 16:30:00,0.0040803,0.0041051,0.0040701,0.0040772,751533689.0
2026-08-23 16:45:00,0.0040769,0.0041046,0.0040731,0.0041009,380174092.0
2026-08-23 17:00:00,0.004101,0.0041167,0.0040585,0.0041053,945635504.0
2026-08-23 17:15:00,0.0041055,0.0041241,0.0040834,0.0040976,602464085.0
2026-08-23 17:30:00,0.0040975,0.0041052,0.0040773,0.0040864,493376820.0
2026-08-23 17:45:00,0.0040864,0.0041089,0.0040723,0.0040816,487442909.0
2026-08-23 18:00:00,0.0040815,0.0041053,0.0040655,0.0041018,515430502.0
2026-08-23 18:15:00,0.0041018,0.0041098,0.0040866,0.0040894,314762736.0
2026-08-23 18:30:00,0.0040893,0.0040955,0.0040758,0.0040846,294074757.0
2026-08-23 18:45:00,0.0040846,0.0040992,0.0040757,0.0040977,256295280.0
2026-08-23 19:00:00,0.0040977,0.0040992,0.0040665,0.0040841,326022192.0
2026-08-23 19:15:00,0.004084,0.0040894,0.004074,0.004081,261175113.0
2026-08-23 19:30:00,0.004081,0.0040968,0.0040683,0.0040963,445595880.0
2026-08-23 19:45:00,0.0040962,0.0041107,0.0040816,0.0040836,334320416.0
2026-08-23 20:00:00,0.0040836,0.0040887,0.0040681,0.0040789,487009287.0
2026-08-23 20:15:00,0.0040788,0.0041029,0.0040762,0.0040908,321534502.0
2026-08-23 20:30:00,0.0040908,0.0041055,0.0040901,0.0041055,254847300.0
2026-08-23 20:45:00,0.0041055,0.0041397,0.0040938,0.004125,659548162.0
2026-08-23 21:00:00,0.004125,0.004188,0.0041248,0.0041856,1440966308.0
2026-08-23 21:15:00,0.0041859,0.0042715,0.0041842,0.0042623,2082631280.0
2026-08-23 21:30:00,0.0042622,0.0042666,0.0041655,0.004182,2122848638.0
2026-08-23 21:45:00,0.004182,0.0041926,0.004154,0.0041677,678859330.0
2026-08-23 22:00:00,0.0041673,0.0041928,0.0041284,0.0041329,1561934703.0
2026-08-23 22:15:00,0.004133,0.0041574,0.0041155,0.0041451,1030576637.0
2026-08-23 22:30:00,0.0041451,0.0041638,0.0041431,0.0041475,653966699.0
2026-08-23 22:45:00,0.0041475,0.0041569,0.0041422,0.0041473,473660688.0
2026-08-23 23:00:00,0.0041472,0.0041544,0.004106,0.0041166,761665003.0
2026-08-23 23:15:00,0.0041168,0.0041397,0.0040867,0.0041178,910029044.0
2026-08-23 23:30:00,0.004118,0.0041361,0.0040722,0.0040829,852781329.0
2026-08-23 23:45:00,0.0040831,0.004112,0.0040826,0.0040985,516847713.0
2026-08-24 00:00:00,0.0040986,0.0041061,0.0040347,0.0040516,1529850531.0
2026-08-24 00:15:00,0.0040516,0.0040565,0.004016,0.0040383,1058588372.0
2026-08-24 00:30:00,0.0040383,0.0040666,0.0040211,0.0040276,664244680.0
2026-08-24 00:45:00,0.0040276,0.0040781,0.0040097,0.0040775,742476833.0
2026-08-24 01:00:00,0.0040775,0.0040777,0.0040345,0.0040372,581108559.0
2026-08-24 01:15:00,0.0040372,0.0040467,0.0040097,0.004013,524443391.0
2026-08-24 01:30:00,0.0040129,0.0040293,0.0039908,0.0039946,709741933.0
2026-08-24 01:45:00,0.0039947,0.0040027,0.0039693,0.0039753,728110672.0
2026-08-24 02:00:00,0.0039751,0.0040206,0.003957,0.0040142,1150039046.0
2026-08-24 02:15:00,0.0040141,0.0040612,0.0040135,0.0040603,921276098.0
2026-08-24 02:30:00,0.0040604,0.004072,0.0040469,0.0040501,485865242.0
2026-08-24 02:45:00,0.0040501,0.0040513,0.0040172,0.0040314,634497743.0
2026-08-24 03:00:00,0.0040313,0.0040345,0.0039953,0.0039953,414114232.0
2026-08-24 03:15:00,0.0039953,0.0040333,0.0039896,0.0040029,529345804.0
2026-08-24 03:30:00,0.0040029,0.0040119,0.0039862,0.0039992,472068461.0
2026-08-24 03:45:00,0.0039991,0.0040124,0.0039898,0.0039929,276382343.0
2026-08-24 04:00:00,0.0039928,0.0040165,0.0039926,0.0040056,341771973.0
2026-08-24 04:15:00,0.0040057,0.0040485,0.0040057,0.0040484,527581383.0
2026-08-24 04:30:00,0.0040483,0.004054,0.004028,0.0040466,470905699.0
2026-08-24 04:45:00,0.0040467,0.0040492,0.0040088,0.0040371,726128724.0
2026-08-24 05:00:00,0.0040371,0.0040529,0.0040031,0.0040515,631162464.0
2026-08-24 05:15:00,0.0040515,0.0040559,0.0040112,0.0040146,585513150.0
2026-08-24 05:30:00,0.0040146,0.0040332,0.0039824,0.0040187,739740506.0
2026-08-24 05:45:00,0.0040188,0.0040273,0.0040083,0.0040144,236163989.0
2026-08-24 06:00:00,0.0040145,0.0040299,0.0039916,0.0040265,427202605.0
2026-08-24 06:15:00,0.0040263,0.0040295,0.0040079,0.004012,395552310.0
2026-08-24 06:30:00,0.004012,0.0040133,0.0039826,0.0039878,528351189.0
2026-08-24 06:45:00,0.0039878,0.004026,0.0039834,0.0040247,594613370.0
2026-08-24 07:00:00,0.0040246,0.0040836,0.0040178,0.0040778,1313496248.0
2026-08-24 07:15:00,0.0040778,0.0040779,0.0040295,0.0040452,682154163.0
2026-08-24 07:30:00,0.0040452,0.0040452,0.0040111,0.0040128,462569742.0
2026-08-24 07:45:00,0.0040128,0.0040394,0.0040114,0.0040209,328482221.0
2026-08-24 08:00:00,0.004021,0.0040369,0.0039983,0.0040105,661754918.0
2026-08-24 08:15:00,0.0040104,0.0040112,0.003977,0.0039877,1108772092.0
2026-08-24 08:30:00,0.0039876,0.0040316,0.0039728,0.0040196,847882549.0
2026-08-24 08:45:00,0.0040197,0.0040231,0.0039967,0.0039994,376917572.0
2026-08-24 09:00:00,0.0039994,0.0040213,0.0039803,0.0040161,802068570.0
2026-08-24 09:15:00,0.0040161,0.0040319,0.0040093,0.0040295,544087093.0
2026-08-24 09:30:00,0.0040294,0.0040433,0.0040255,0.0040286,642723491.0
2026-08-24 09:45:00,0.0040287,0.0040401,0.0040158,0.004039,449480599.0
2026-08-24 10:00:00,0.004039,0.0040635,0.0040296,0.0040541,1059432150.0
2026-08-24 10:15:00,0.0040541,0.0040562,0.0040377,0.0040402,438494874.0
2026-08-24 10:30:00,0.0040398,0.004053,0.004012,0.0040169,504573333.0
2026-08-24 10:45:00,0.0040169,0.0040316,0.0040002,0.0040222,785039684.0
2026-08-24 11:00:00,0.0040222,0.0040239,0.0039882,0.0040202,765889761.0
2026-08-24 11:15:00,0.00402,0.0040326,0.0040049,0.0040293,401542012.0
2026-08-24 11:30:00,0.0040293,0.0041336,0.0040233,0.0041316,2338536759.0
2026-08-24 11:45:00,0.0041315,0.0041319,0.0040637,0.0040892,1176521053.0
2026-08-24 12:00:00,0.0040892,0.0040905,0.0040425,0.0040441,1193322879.0
2026-08-24 12:15:00,0.0040442,0.0040806,0.0040135,0.0040667,1262823464.0
2026-08-24 12:30:00,0.0040666,0.0041022,0.0040558,0.0040868,1262952359.0
2026-08-24 12:45:00,0.0040868,0.0041789,0.004082,0.0041788,2462536355.0
2026-08-24 13:00:00,0.0041786,0.004191,0.0041314,0.0041528,1850443281.0
2026-08-24 13:15:00,0.0041528,0.0041703,0.0041183,0.0041451,1286402942.0
2026-08-24 13:30:00,0.0041452,0.0041482,0.0040334,0.0040632,3889480069.0
2026-08-24 13:45:00,0.0040629,0.0040751,0.0040196,0.0040704,2720942331.0
2026-08-24 14:00:00,0.0040703,0.0041085,0.0040629,0.004104,1384463731.0
2026-08-24 14:15:00,0.0041045,0.0041466,0.0040764,0.0041204,2151675520.0
2026-08-24 14:30:00,0.0041202,0.0041711,0.0041163,0.004144,1700922090.0
2026-08-24 14:45:00,0.0041441,0.0041529,0.0041023,0.0041307,1241633150.0
2026-08-24 15:00:00,0.0041307,0.0041776,0.0041229,0.0041395,1184294630.0
2026-08-24 15:15:00,0.0041395,0.0042076,0.004133,0.0041751,1639588470.0
2026-08-24 15:30:00,0.0041753,0.0041766,0.0041025,0.0041161,1772775067.0
2026-08-24 15:45:00,0.0041158,0.0041361,0.0040733,0.0040858,2625029867.0
2026-08-24 16:00:00,0.0040858,0.0041399,0.0040858,0.0041207,1327425967.0
2026-08-24 16:15:00,0.0041206,0.004187,0.0041176,0.0041721,1637180188.0
2026-08-24 16:30:00,0.0041727,0.0041967,0.004125,0.0041442,1965328319.0
2026-08-24 16:45:00,0.0041442,0.0041609,0.0040801,0.004097,1974280299.0
2026-08-24 17:00:00,0.004097,0.004099,0.0040248,0.0040458,2264345012.0
2026-08-24 17:15:00,0.0040457,0.0040638,0.0039477,0.0039553,3220184309.0
2026-08-24 17:30:00,0.0039548,0.0039802,0.0039427,0.0039553,1366995186.0
2026-08-24 17:45:00,0.0039554,0.0040038,0.0039528,0.0040025,800891723.0
2026-08-24 18:00:00,0.0040028,0.0040254,0.0040028,0.0040234,848111015.0
2026-08-24 18:15:00,0.0040235,0.0040553,0.0040174,0.0040425,776589108.0
2026-08-24 18:30:00,0.0040425,0.0040571,0.0040129,0.0040371,738769150.0
2026-08-24 18:45:00,0.0040374,0.0040434,0.0039946,0.0040107,584364043.0
2026-08-24 19:00:00,0.0040107,0.0040249,0.0039876,0.0040137,642449596.0
2026-08-24 19:15:00,0.0040137,0.0040176,0.0039858,0.0040142,511320910.0
2026-08-24 19:30:00,0.0040141,0.0040326,0.0040055,0.0040171,381335693.0
2026-08-24 19:45:00,0.0040171,0.00402,0.0039866,0.0040037,406354658.0
2026-08-24 20:00:00,0.0040038,0.0040149,0.0039837,0.0040039,361026655.0
2026-08-24 20:15:00,0.0040038,0.0040144,0.0039933,0.0040006,270009276.0
2026-08-24 20:30:00,0.0040007,0.0040434,0.003995,0.004032,973931744.0
2026-08-24 20:45:00,0.0040315,0.004035,0.0040185,0.0040321,341223721.0
2026-08-24 21:00:00,0.0040322,0.004045,0.0040255,0.0040431,303738593.0
2026-08-24 21:15:00,0.004043,0.0040467,0.0040263,0.0040331,189177038.0
2026-08-24 21:30:00,0.0040331,0.0040374,0.0040122,0.0040249,238698465.0
2026-08-24 21:45:00,0.0040248,0.0040336,0.0040152,0.0040314,153883211.0
2026-08-24 22:00:00,0.0040314,0.0040452,0.0040168,0.0040297,350060986.0
2026-08-24 22:15:00,0.0040297,0.0040371,0.0040158,0.0040191,230025651.0
2026-08-24 22:30:00,0.004019,0.0040409,0.004018,0.0040241,291943461.0
2026-08-24 22:45:00,0.0040241,0.00403,0.004013,0.0040152,256083120.0
2026-08-24 23:00:00,0.0040151,0.0040208,0.003991,0.0040078,367452859.0
2026-08-24 23:15:00,0.0040077,0.0040362,0.0040042,0.0040286,373714724.0
2026-08-24 23:30:00,0.0040285,0.0040399,0.0040227,0.0040376,251912416.0
2026-08-24 23:45:00,0.0040376,0.0040493,0.0040253,0.0040447,508109417.0
2026-08-25 00:00:00,0.0040447,0.0040633,0.0040302,0.0040445,863070775.0
2026-08-25 00:15:00,0.0040444,0.0040444,0.0040149,0.0040257,492899187.0
2026-08-25 00:30:00,0.0040256,0.0040977,0.0040223,0.0040961,1109748147.0
2026-08-25 00:45:00,0.0040968,0.0041375,0.0040928,0.0041323,1511890363.0
2026-08-25 01:00:00,0.0041323,0.0041464,0.0040737,0.0040917,1290254111.0
2026-08-25 01:15:00,0.0040919,0.004119,0.0040733,0.0040977,703058618.0
2026-08-25 01:30:00,0.0040976,0.004124,0.0040871,0.0040985,556299904.0
2026-08-25 01:45:00,0.0040984,0.0041099,0.0040833,0.0041027,444689646.0
2026-08-25 02:00:00,0.0041027,0.0041103,0.0040903,0.004108,433426570.0
2026-08-25 02:15:00,0.0041079,0.0041991,0.0041042,0.0041932,2337379466.0
2026-08-25 02:30:00,0.004193,0.0042249,0.0041721,0.0042059,1837341712.0
2026-08-25 02:45:00,0.0042057,0.0042355,0.0041647,0.0041943,2131080071.0
2026-08-25 03:00:00,0.0041943,0.0042925,0.0041804,0.0042456,2379599995.0
2026-08-25 03:15:00,0.0042455,0.0042722,0.0042304,0.0042683,1123219029.0
2026-08-25 03:30:00,0.0042682,0.004315,0.0042498,0.0042545,1864614797.0
2026-08-25 03:45:00,0.0042545,0.0042563,0.0041837,0.0042032,1982114767.0
2026-08-25 04:00:00,0.0042033,0.0042378,0.0041852,0.0042095,1435693557.0
2026-08-25 04:15:00,0.0042095,0.0042256,0.0041836,0.0041986,887796024.0
2026-08-25 04:30:00,0.0041986,0.0041997,0.0041462,0.0041557,1856834867.0
2026-08-25 04:45:00,0.0041558,0.0041896,0.0041547,0.0041861,730087106.0
2026-08-25 05:00:00,0.004186,0.0042494,0.0041778,0.0042448,1046074193.0
2026-08-25 05:15:00,0.0042448,0.0042763,0.0042307,0.004258,943588886.0
2026-08-25 05:30:00,0.004258,0.0042621,0.0042158,0.0042255,852533877.0
2026-08-25 05:45:00,0.0042256,0.0042529,0.0042108,0.0042168,781028772.0
2026-08-25 06:00:00,0.0042168,0.0042265,0.0041854,0.0041977,937216282.0
2026-08-25 06:15:00,0.0041975,0.0042075,0.0041858,0.0041932,732043348.0
2026-08-25 06:30:00,0.0041931,0.0042165,0.0041782,0.0041994,846238012.0
2026-08-25 06:45:00,0.0041994,0.0042012,0.0041262,0.0041397,1370444668.0
2026-08-25 07:00:00,0.0041397,0.004176,0.0041334,0.0041686,655122437.0
2026-08-25 07:15:00,0.0041686,0.0041785,0.0041596,0.0041676,471792709.0
2026-08-25 07:30:00,0.0041676,0.0041676,0.0041362,0.0041556,493076047.0
2026-08-25 07:45:00,0.0041557,0.0041577,0.0040373,0.0040616,4116489230.0
2026-08-25 08:00:00,0.0040617,0.0040735,0.0040469,0.0040705,1184445952.0
2026-08-25 08:15:00,0.0040703,0.0041014,0.0040669,0.0040947,1051262622.0
2026-08-25 08:30:00,0.0040948,0.0041021,0.0040793,0.00409,475491241.0
2026-08-25 08:45:00,0.0040899,0.004095,0.004059,0.0040761,607086638.0
2026-08-25 09:00:00,0.0040762,0.004093,0.0040583,0.0040802,722997218.0
2026-08-25 09:15:00,0.0040803,0.004101,0.0040777,0.0040904,486515974.0
2026-08-25 09:30:00,0.0040905,0.0040967,0.004085,0.0040881,354277625.0
2026-08-25 09:45:00,0.0040881,0.0041008,0.0040117,0.0040358,2069977346.0
2026-08-25 10:00:00,0.0040359,0.0040453,0.004015,0.0040351,780484052.0
2026-08-25 10:15:00,0.0040352,0.0040466,0.004026,0.0040347,683431147.0
2026-08-25 10:30:00,0.0040348,0.0040369,0.0040211,0.0040334,321680483.0
2026-08-25 10:45:00,0.0040334,0.0040561,0.0040334,0.0040408,508834124.0
2026-08-25 11:00:00,0.0040408,0.004053,0.0040171,0.0040207,1145837478.0
2026-08-25 11:15:00,0.0040208,0.0040504,0.004019,0.0040425,542923797.0
2026-08-25 11:30:00,0.0040426,0.0040576,0.004036,0.0040368,364496338.0
2026-08-25 11:45:00,0.0040369,0.0040491,0.0040222,0.0040287,381435602.0
2026-08-25 12:00:00,0.0040286,0.0040297,0.003988,0.004015,1680271662.0
2026-08-25 12:15:00,0.0040149,0.0040175,0.0039691,0.0039973,1155863408.0
2026-08-25 12:30:00,0.0039973,0.0040117,0.0039831,0.0040059,683399280.0
2026-08-25 12:45:00,0.0040058,0.0040311,0.0040029,0.0040185,516473841.0
2026-08-25 13:00:00,0.0040185,0.0040278,0.0039857,0.003988,662956144.0
2026-08-25 13:15:00,0.003988,0.0039899,0.0039438,0.0039521,1690701418.0
2026-08-25 13:30:00,0.0039517,0.0040119,0.0039477,0.003974,1279325061.0
2026-08-25 13:45:00,0.003974,0.0039758,0.0038827,0.0039349,3322575641.0
2026-08-25 14:00:00,0.0039348,0.0039944,0.0039239,0.0039707,2015549544.0
2026-08-25 14:15:00,0.0039708,0.0039849,0.003951,0.0039796,1099614364.0
2026-08-25 14:30:00,0.0039795,0.0039998,0.0039516,0.0039574,935694517.0
2026-08-25 14:45:00,0.0039575,0.0039805,0.0039575,0.003972,575474708.0
2026-08-25 15:00:00,0.0039721,0.0039794,0.0039454,0.0039477,584292709.0
2026-08-25 15:15:00,0.0039478,0.0039747,0.0039376,0.0039628,485351547.0
2026-08-25 15:30:00,0.0039628,0.0039844,0.0039575,0.0039723,917425001.0
2026-08-25 15:45:00,0.0039724,0.0039954,0.003964,0.0039925,755218818.0
2026-08-25 16:00:00,0.0039924,0.0039983,0.0039545,0.0039637,811897229.0
2026-08-25 16:15:00,0.0039638,0.0039735,0.003943,0.0039485,757802687.0
2026-08-25 16:30:00,0.0039486,0.0039794,0.0039437,0.0039697,520366899.0
2026-08-25 16:45:00,0.0039697,0.0039809,0.0039568,0.0039645,424464175.0
2026-08-25 17:00:00,0.0039645,0.0039673,0.0039171,0.003934,1456778442.0
2026-08-25 17:15:00,0.003934,0.0039411,0.00391,0.0039149,665196321.0
2026-08-25 17:30:00,0.003915,0.003939,0.0039149,0.0039376,528270209.0
2026-08-25 17:45:00,0.0039377,0.0039595,0.0039351,0.003955,483313196.0
2026-08-25 18:00:00,0.003955,0.0039648,0.0039482,0.003958,451723313.0
2026-08-25 18:15:00,0.003958,0.0039806,0.0039539,0.0039684,536039973.0
2026-08-25 18:30:00,0.0039684,0.0039732,0.003959,0.0039715,278552629.0
2026-08-25 18:45:00,0.0039716,0.003977,0.003953,0.0039677,489041296.0
2026-08-25 19:00:00,0.0039678,0.0039779,0.0039475,0.0039617,701159301.0
2026-08-25 19:15:00,0.0039616,0.0039637,0.0039408,0.0039412,413787146.0
2026-08-25 19:30:00,0.0039412,0.0039449,0.0039203,0.0039239,564394549.0
2026-08-25 19:45:00,0.0039239,0.0039408,0.0039239,0.0039345,438088082.0
2026-08-25 20:00:00,0.0039344,0.00394,0.0038333,0.0039034,3018853954.0
2026-08-25 20:15:00,0.0039034,0.00392,0.0038897,0.003892,674882502.0
2026-08-25 20:30:00,0.003892,0.003895,0.0038342,0.0038526,1603257303.0
2026-08-25 20:45:00,0.0038531,0.0038595,0.0038083,0.0038111,2382230301.0
2026-08-25 21:00:00,0.0038112,0.0038346,0.0037455,0.0038077,4301702338.0
2026-08-25 21:15:00,0.0038076,0.0038217,0.0037922,0.0038217,1188633546.0
2026-08-25 21:30:00,0.0038217,0.0038453,0.0038173,0.0038291,678793324.0
2026-08-25 21:45:00,0.0038291,0.0038346,0.0038038,0.0038238,559497097.0
2026-08-25 22:00:00,0.0038238,0.0038623,0.0038232,0.0038601,842638568.0
2026-08-25 22:15:00,0.0038601,0.0038641,0.0038287,0.0038359,438369756.0
2026-08-25 22:30:00,0.0038359,0.0038557,0.0038319,0.0038477,337886816.0
2026-08-25 22:45:00,0.0038477,0.0038639,0.0038472,0.003857,321934186.0
2026-08-25 23:00:00,0.0038569,0.003866,0.0038452,0.0038473,275233196.0
2026-08-25 23:15:00,0.0038473,0.003859,0.0038409,0.0038506,324815479.0
2026-08-25 23:30:00,0.0038506,0.0038509,0.0038166,0.0038203,563381907.0
2026-08-25 23:45:00,0.0038202,0.0038241,0.0038092,0.0038204,474297891.0
2026-08-26 00:00:00,0.0038204,0.0038273,0.0038077,0.0038089,487009258.0
2026-08-26 00:15:00,0.0038089,0.0038241,0.0038052,0.0038232,368273506.0
2026-08-26 00:30:00,0.0038233,0.0038326,0.0038087,0.0038155,473688560.0
2026-08-26 00:45:00,0.0038154,0.003843,0.0038135,0.0038326,467225887.0
2026-08-26 01:00:00,0.0038326,0.0038571,0.00383,0.0038372,694631984.0
2026-08-26 01:15:00,0.0038373,0.0038477,0.0038287,0.0038288,450431777.0
2026-08-26 01:30:00,0.0038289,0.0038569,0.0038289,0.0038536,383831255.0
2026-08-26 01:45:00,0.0038535,0.0038577,0.0038478,0.0038548,229287639.0
2026-08-26 02:00:00,0.0038549,0.0038654,0.0038392,0.0038445,503449729.0
2026-08-26 02:15:00,0.0038445,0.0038824,0.0038435,0.0038805,524848311.0
2026-08-26 02:30:00,0.0038806,0.0038818,0.0038703,0.0038773,388767142.0
2026-08-26 02:45:00,0.0038773,0.0038807,0.003869,0.0038716,262890228.0
2026-08-26 03:00:00,0.0038717,0.0038822,0.0038519,0.0038539,413929050.0
2026-08-26 03:15:00,0.003854,0.0038685,0.0038527,0.0038598,280473452.0
2026-08-26 03:30:00,0.0038599,0.0038671,0.003846,0.0038606,513958266.0
2026-08-26 03:45:00,0.0038606,0.0038634,0.0038438,0.0038544,322574691.0
2026-08-26 04:00:00,0.0038544,0.003864,0.0038373,0.0038442,356027459.0
2026-08-26 04:15:00,0.0038437,0.0038582,0.0038386,0.0038534,318345445.0
2026-08-26 04:30:00,0.0038535,0.0038615,0.0038447,0.0038537,207301551.0
2026-08-26 04:45:00,0.0038537,0.0038537,0.0038253,0.0038306,400982257.0
2026-08-26 05:00:00,0.0038306,0.0038364,0.0038131,0.0038207,522072213.0
2026-08-26 05:15:00,0.0038206,0.0038409,0.0038085,0.0038372,416302451.0
2026-08-26 05:30:00,0.0038372,0.0038577,0.0038346,0.0038493,392596344.0
2026-08-26 05:45:00,0.0038493,0.003851,0.003841,0.0038491,198079803.0
2026-08-26 06:00:00,0.0038491,0.0038711,0.0038431,0.0038462,619429723.0
2026-08-26 06:15:00,0.0038461,0.0038463,0.0038208,0.0038216,545346064.0
2026-08-26 06:30:00,0.0038216,0.0038353,0.0038176,0.0038298,586485014.0
2026-08-26 06:45:00,0.0038297,0.0038366,0.0038222,0.0038338,500976224.0
2026-08-26 07:00:00,0.0038338,0.0038472,0.003826,0.0038376,456659117.0
2026-08-26 07:15:00,0.0038376,0.0038416,0.003819,0.003819,266485556.0
2026-08-26 07:30:00,0.003819,0.0038215,0.0038111,0.0038177,374443837.0
2026-08-26 07:45:00,0.0038176,0.0038259,0.0038075,0.0038124,347813563.0
2026-08-26 08:00:00,0.0038125,0.0038304,0.0038045,0.0038176,531885140.0
2026-08-26 08:15:00,0.0038176,0.0038265,0.003806,0.0038192,448320000.0
2026-08-26 08:30:00,0.0038193,0.0038276,0.0038104,0.0038249,280509789.0
2026-08-26 08:45:00,0.0038249,0.0038257,0.0037897,0.0038017,702419256.0
2026-08-26 09:00:00,0.0038017,0.0038109,0.0037983,0.0037997,395017347.0
2026-08-26 09:15:00,0.0037997,0.0038006,0.0037669,0.0037755,1237242509.0
2026-08-26 09:30:00,0.0037755,0.0037882,0.0037683,0.0037695,574290943.0
2026-08-26 09:45:00,0.0037695,0.0037778,0.0037591,0.0037673,669025344.0
2026-08-26 10:00:00,0.0037673,0.003771,0.0037573,0.0037683,582221689.0
2026-08-26 10:15:00,0.0037683,0.0037989,0.0037676,0.0037975,577176528.0
2026-08-26 10:30:00,0.0037975,0.003819,0.0037893,0.0038129,667012886.0
2026-08-26 10:45:00,0.0038129,0.0038293,0.0038109,0.0038166,620144283.0
2026-08-26 11:00:00,0.0038165,0.0038237,0.0038061,0.0038106,444647810.0
2026-08-26 11:15:00,0.0038106,0.0038192,0.0037958,0.0037978,508125119.0
2026-08-26 11:30:00,0.0037978,0.0037984,0.0037666,0.0037875,804542691.0
2026-08-26 11:45:00,0.0037875,0.0037896,0.0037729,0.0037851,475682661.0
2026-08-26 12:00:00,0.0037852,0.0037919,0.0037794,0.0037828,447530409.0
2026-08-26 12:15:00,0.0037828,0.0038233,0.0037803,0.0038203,726448176.0
2026-08-26 12:30:00,0.0038203,0.0038206,0.0037338,0.0037719,2788634085.0
2026-08-26 12:45:00,0.0037719,0.0037895,0.00377,0.0037769,540357664.0
2026-08-26 13:00:00,0.0037769,0.0037856,0.0037433,0.0037515,1268659057.0
2026-08-26 13:15:00,0.0037516,0.0037542,0.0037264,0.0037314,1363454280.0
2026-08-26 13:30:00,0.0037315,0.0037705,0.0037315,0.0037677,1266832940.0
2026-08-26 13:45:00,0.0037676,0.0037778,0.0037316,0.0037532,887209651.0
2026-08-26 14:00:00,0.0037532,0.0037695,0.0037352,0.0037509,559853232.0
2026-08-26 14:15:00,0.0037508,0.0037604,0.0037162,0.0037211,782827568.0
2026-08-26 14:30:00,0.0037211,0.003729,0.00369,0.0037027,1638718260.0
2026-08-26 14:45:00,0.0037026,0.0037079,0.0036693,0.0036789,1539255015.0
2026-08-26 15:00:00,0.0036788,0.0036997,0.0036476,0.0036782,2387829868.0
2026-08-26 15:15:00,0.0036782,0.0037198,0.0036693,0.0037175,1144659957.0
2026-08-26 15:30:00,0.0037175,0.0037194,0.0036926,0.0037055,845948947.0
2026-08-26 15:45:00,0.0037056,0.0037175,0.0036932,0.0036964,369539968.0
2026-08-26 16:00:00,0.0036964,0.0037155,0.0036815,0.0036856,780464423.0
2026-08-26 16:15:00,0.0036855,0.0036944,0.0036666,0.0036769,840822376.0
2026-08-26 16:30:00,0.0036768,0.0036872,0.0036555,0.0036574,688383149.0
2026-08-26 16:45:00,0.0036575,0.0036786,0.0036556,0.0036684,585471132.0
2026-08-26 17:00:00,0.0036684,0.0036943,0.0036682,0.0036914,580039698.0
2026-08-26 17:15:00,0.0036915,0.0037348,0.0036902,0.0037334,906799877.0
2026-08-26 17:30:00,0.0037334,0.0037363,0.0037185,0.0037195,583336758.0
2026-08-26 17:45:00,0.0037196,0.0037203,0.0036909,0.0037057,573062039.0
2026-08-26 18:00:00,0.0037058,0.0037098,0.00369,0.0036957,463578061.0
2026-08-26 18:15:00,0.0036958,0.0037174,0.0036887,0.0037039,429870638.0
2026-08-26 18:30:00,0.003704,0.0037103,0.0036997,0.0037059,216399623.0
2026-08-26 18:45:00,0.003706,0.0037257,0.0037053,0.0037206,359949620.0
2026-08-26 19:00:00,0.0037206,0.0037269,0.0037079,0.0037083,243305789.0
2026-08-26 19:15:00,0.0037083,0.0037392,0.0037071,0.0037344,315027455.0
2026-08-26 19:30:00,0.0037344,0.0037353,0.0037127,0.0037144,196770611.0
2026-08-26 19:45:00,0.0037144,0.003722,0.0037093,0.0037122,152030283.0
2026-08-26 20:00:00,0.0037118,0.0037146,0.003699,0.0037037,236639124.0
2026-08-26 20:15:00,0.0037038,0.00371,0.0036808,0.0037087,405782729.0
2026-08-26 20:30:00,0.0037087,0.0037214,0.0036969,0.0037187,195051535.0
2026-08-26 20:45:00,0.0037187,0.0037362,0.003717,0.0037356,217392032.0
2026-08-26 21:00:00,0.0037356,0.0037855,0.0037306,0.0037808,1091558814.0
2026-08-26 21:15:00,0.0037809,0.00379,0.0037738,0.0037869,660241068.0
2026-08-26 21:30:00,0.0037867,0.0038068,0.0037735,0.0037883,474164374.0
2026-08-26 21:45:00,0.0037885,0.0038431,0.0037849,0.0038299,1013146775.0
2026-08-26 22:00:00,0.0038299,0.0038541,0.0038214,0.0038313,1066993808.0
2026-08-26 22:15:00,0.0038312,0.003877,0.0038299,0.0038622,1466291319.0
2026-08-26 22:30:00,0.0038621,0.00387,0.0038366,0.0038504,606624003.0
2026-08-26 22:45:00,0.0038504,0.0038504,0.0038239,0.0038304,488430049.0
2026-08-26 23:00:00,0.0038305,0.0038366,0.0038132,0.0038183,518126110.0
2026-08-26 23:15:00,0.0038183,0.0038486,0.0038129,0.0038394,661773162.0
2026-08-26 23:30:00,0.0038394,0.0038619,0.0038342,0.0038571,529558848.0
2026-08-26 23:45:00,0.0038572,0.0038727,0.0038565,0.0038583,615836154.0
2026-08-27 00:00:00,0.0038583,0.0038586,0.0038329,0.0038377,706220738.0
2026-08-27 00:15:00,0.0038377,0.0038466,0.003829,0.0038388,397823093.0
2026-08-27 00:30:00,0.0038387,0.0038392,0.0038264,0.0038364,316431616.0
2026-08-27 00:45:00,0.0038364,0.0038364,0.0038206,0.003822,448941925.0
2026-08-27 01:00:00,0.0038219,0.003832,0.0038181,0.0038243,347045180.0
2026-08-27 01:15:00,0.0038242,0.003857,0.0038145,0.0038508,605893531.0
2026-08-27 01:30:00,0.0038507,0.0038595,0.0038249,0.0038254,507161549.0
2026-08-27 01:45:00,0.0038253,0.0038529,0.0038247,0.0038389,326940111.0
2026-08-27 02:00:00,0.0038389,0.003855,0.0038379,0.0038415,363624824.0
2026-08-27 02:15:00,0.0038415,0.0038441,0.0038274,0.0038278,293109351.0
2026-08-27 02:30:00,0.0038278,0.0038395,0.0038252,0.0038273,356290424.0
2026-08-27 02:45:00,0.0038272,0.0038328,0.0038228,0.0038268,241504717.0
2026-08-27 03:00:00,0.0038268,0.003831,0.0037955,0.0038003,565136417.0
2026-08-27 03:15:00,0.0038005,0.003828,0.0037943,0.0038203,628577692.0
2026-08-27 03:30:00,0.0038203,0.0038218,0.0038031,0.0038064,247853101.0
2026-08-27 03:45:00,0.0038063,0.0038137,0.0037901,0.0038034,419516680.0
2026-08-27 04:00:00,0.0038033,0.0038143,0.0038014,0.0038078,234082453.0
2026-08-27 04:15:00,0.0038078,0.0038136,0.0037989,0.0037989,272162483.0
2026-08-27 04:30:00,0.0037988,0.0037989,0.0037719,0.0037964,895856303.0
2026-08-27 04:45:00,0.0037964,0.0037985,0.003777,0.0037885,233069294.0
2026-08-27 05:00:00,0.0037885,0.0038043,0.0037805,0.0037826,348519919.0
2026-08-27 05:15:00,0.0037826,0.0037987,0.0037748,0.0037806,367116636.0
2026-08-27 05:30:00,0.0037806,0.0037903,0.0037578,0.0037796,649468416.0
2026-08-27 05:45:00,0.0037797,0.0038095,0.0037796,0.0037985,453503205.0
2026-08-27 06:00:00,0.0037984,0.0037993,0.003767,0.0037744,461634219.0
2026-08-27 06:15:00,0.0037743,0.0037846,0.0037669,0.003778,344126172.0
2026-08-27 06:30:00,0.003778,0.0037998,0.0037779,0.0037978,387809646.0
2026-08-27 06:45:00,0.0037977,0.0038047,0.0037951,0.0037994,274953613.0
2026-08-27 07:00:00,0.0037993,0.0038013,0.0037874,0.0037958,340240387.0
2026-08-27 07:15:00,0.0037958,0.0038139,0.0037936,0.0038013,323542183.0
2026-08-27 07:30:00,0.0038013,0.0038177,0.0037993,0.0038137,316686621.0
2026-08-27 07:45:00,0.0038136,0.0038312,0.0038136,0.003825,571182671.0
2026-08-27 08:00:00,0.0038249,0.0039363,0.0038207,0.003897,3780410009.0
2026-08-27 08:15:00,0.003897,0.0039299,0.0038773,0.0039282,1440807560.0
2026-08-27 08:30:00,0.0039287,0.0039801,0.0039111,0.0039231,2702502961.0
2026-08-27 08:45:00,0.0039231,0.0039299,0.0039063,0.0039287,1117861577.0
2026-08-27 09:00:00,0.0039288,0.0039375,0.0039071,0.0039253,720921299.0
2026-08-27 09:15:00,0.0039254,0.003967,0.0039154,0.0039557,1266712567.0
2026-08-27 09:30:00,0.0039557,0.0039798,0.0039366,0.0039662,1049311389.0
2026-08-27 09:45:00,0.0039661,0.0039798,0.0039225,0.0039433,1873632053.0
2026-08-27 10:00:00,0.0039435,0.0039946,0.0039389,0.0039745,2263578719.0
2026-08-27 10:15:00,0.0039744,0.0039914,0.0039092,0.0039549,2203322446.0
2026-08-27 10:30:00,0.003955,0.0039662,0.0039106,0.0039333,1546892034.0
2026-08-27 10:45:00,0.0039332,0.0039363,0.0039064,0.0039294,825325800.0
2026-08-27 11:00:00,0.0039294,0.0039583,0.0039277,0.0039534,629235302.0
2026-08-27 11:15:00,0.0039534,0.0039603,0.0039161,0.0039198,545119664.0
2026-08-27 11:30:00,0.00392,0.0039345,0.0039068,0.0039263,571494968.0
2026-08-27 11:45:00,0.0039264,0.0039277,0.0038882,0.0039165,672913109.0
2026-08-27 12:00:00,0.0039165,0.0039322,0.0039148,0.0039266,313749426.0
2026-08-27 12:15:00,0.0039267,0.0039323,0.0039013,0.0039128,884520420.0
2026-08-27 12:30:00,0.0039128,0.0039212,0.0038812,0.003895,1060698912.0
2026-08-27 12:45:00,0.003895,0.0039176,0.0038872,0.003894,603721072.0
2026-08-27 13:00:00,0.0038941,0.0039174,0.0038931,0.0039082,525220627.0
2026-08-27 13:15:00,0.0039083,0.0039516,0.0039082,0.0039362,717126536.0
2026-08-27 13:30:00,0.0039362,0.0039441,0.0039023,0.0039211,780744522.0
2026-08-27 13:45:00,0.0039211,0.0039467,0.0038909,0.0039429,972682553.0
2026-08-27 14:00:00,0.0039428,0.003968,0.0039186,0.0039246,1258069987.0
2026-08-27 14:15:00,0.0039246,0.0039809,0.0039174,0.0039639,986161911.0
2026-08-27 14:30:00,0.0039639,0.0040166,0.003957,0.0040021,1589210913.0
2026-08-27 14:45:00,0.0040022,0.0040036,0.0039589,0.0039717,968543540.0
2026-08-27 15:00:00,0.0039718,0.0040062,0.0039588,0.0039854,808365642.0
2026-08-27 15:15:00,0.0039853,0.0039995,0.0039703,0.0039983,611921481.0
2026-08-27 15:30:00,0.0039984,0.0039992,0.0039672,0.0039785,543629383.0
2026-08-27 15:45:00,0.0039787,0.0039796,0.0039081,0.0039186,3943318528.0
2026-08-27 16:00:00,0.0039186,0.0039358,0.0038984,0.003915,1546255725.0
2026-08-27 16:15:00,0.0039149,0.0039317,0.0038916,0.0039082,1204635248.0
2026-08-27 16:30:00,0.0039082,0.0039424,0.0038968,0.0039407,885533738.0
2026-08-27 16:45:00,0.0039407,0.0039506,0.0039304,0.0039327,781217914.0
2026-08-27 17:00:00,0.0039327,0.0039499,0.0039083,0.0039453,812126020.0
2026-08-27 17:15:00,0.0039453,0.0039618,0.0039332,0.0039375,553374122.0
2026-08-27 17:30:00,0.0039374,0.0039469,0.0039128,0.0039145,782898623.0
2026-08-27 17:45:00,0.0039145,0.0039266,0.0039081,0.0039218,310189124.0
2026-08-27 18:00:00,0.0039219,0.0039232,0.0038611,0.0038815,1291656398.0
2026-08-27 18:15:00,0.0038815,0.0038939,0.0038451,0.003861,1332070881.0
2026-08-27 18:30:00,0.003861,0.0038744,0.0038547,0.0038703,577099554.0
2026-08-27 18:45:00,0.0038703,0.003893,0.0038658,0.0038911,532895035.0
2026-08-27 19:00:00,0.0038912,0.0039095,0.0038875,0.0039007,468880594.0
2026-08-27 19:15:00,0.0039012,0.003921,0.0038959,0.0039197,381713223.0
2026-08-27 19:30:00,0.0039197,0.0039252,0.0039083,0.0039164,590781449.0
2026-08-27 19:45:00,0.0039165,0.003932,0.0039072,0.0039118,781107576.0
2026-08-27 20:00:00,0.0039119,0.0039225,0.0039009,0.0039092,562997768.0
2026-08-27 20:15:00,0.0039093,0.0039299,0.0039041,0.0039056,488609688.0
2026-08-27 20:30:00,0.0039056,0.0039068,0.0038904,0.0038999,359019343.0
2026-08-27 20:45:00,0.0039,0.0039077,0.0038866,0.0039047,246471570.0
2026-08-27 21:00:00,0.0039047,0.0039186,0.0038977,0.0039046,444680401.0
2026-08-27 21:15:00,0.0039045,0.003907,0.0038804,0.0038808,285115665.0
2026-08-27 21:30:00,0.0038808,0.0038865,0.0038672,0.0038769,266265131.0
2026-08-27 21:45:00,0.0038769,0.0038883,0.0038736,0.0038815,143795271.0
2026-08-27 22:00:00,0.0038816,0.0039179,0.0038799,0.0039139,499558117.0
2026-08-27 22:15:00,0.0039139,0.0039282,0.0039024,0.0039025,361029030.0
2026-08-27 22:30:00,0.0039025,0.0039127,0.003895,0.0038997,316743688.0
2026-08-27 22:45:00,0.0038997,0.0039032,0.0038949,0.0039026,116416855.0
2026-08-27 23:00:00,0.0039026,0.0039078,0.0038837,0.0038858,305855641.0
2026-08-27 23:15:00,0.0038858,0.0039054,0.0038808,0.003902,206126312.0
2026-08-27 23:30:00,0.003902,0.0039028,0.0038902,0.0038909,346780474.0
2026-08-27 23:45:00,0.003891,0.0038934,0.003883,0.0038919,150453123.0
2026-08-28 00:00:00,0.0038919,0.0038936,0.003809,0.0038659,2512198695.0
2026-08-28 00:15:00,0.003866,0.003883,0.003866,0.003879,427557657.0
2026-08-28 00:30:00,0.003879,0.0038899,0.0038692,0.0038787,433802152.0
2026-08-28 00:45:00,0.0038782,0.0038999,0.0038692,0.0038845,438152921.0
2026-08-28 01:00:00,0.0038845,0.003901,0.0038824,0.0038915,442266941.0
2026-08-28 01:15:00,0.0038917,0.0039498,0.0038889,0.0039481,1224590103.0
2026-08-28 01:30:00,0.003948,0.0039697,0.0039138,0.0039184,1209990343.0
2026-08-28 01:45:00,0.0039184,0.0039209,0.0038654,0.0038813,1269613950.0
2026-08-28 02:00:00,0.0038813,0.0038816,0.0038438,0.0038501,902457457.0
2026-08-28 02:15:00,0.0038502,0.0038556,0.0038156,0.0038174,1766864399.0
2026-08-28 02:30:00,0.0038172,0.003836,0.0037867,0.0038235,1348216971.0
2026-08-28 02:45:00,0.0038235,0.0038299,0.0037944,0.0038246,950989271.0
2026-08-28 03:00:00,0.0038247,0.0038254,0.0037954,0.0038045,653526495.0
2026-08-28 03:15:00,0.0038046,0.0038376,0.0038046,0.0038229,377238110.0
2026-08-28 03:30:00,0.0038229,0.0038268,0.0038126,0.0038155,228880624.0
2026-08-28 03:45:00,0.0038154,0.0038236,0.0038116,0.0038166,342923710.0
2026-08-28 04:00:00,0.0038166,0.0038301,0.0037914,0.0038287,654478278.0
2026-08-28 04:15:00,0.0038287,0.003838,0.0038215,0.0038224,387112693.0
2026-08-28 04:30:00,0.0038225,0.0038272,0.0037983,0.0038124,327078252.0
2026-08-28 04:45:00,0.0038127,0.0038278,0.0038076,0.0038235,257738406.0
2026-08-28 05:00:00,0.0038236,0.0038237,0.0038053,0.0038185,362078778.0
2026-08-28 05:15:00,0.0038185,0.0038194,0.0038055,0.0038186,147218429.0
2026-08-28 05:30:00,0.0038187,0.0038348,0.003815,0.0038263,490135111.0
2026-08-28 05:45:00,0.0038264,0.0038346,0.0038065,0.0038133,430612321.0
2026-08-28 06:00:00,0.0038134,0.0038339,0.0038134,0.0038316,302527423.0
2026-08-28 06:15:00,0.0038316,0.0038316,0.0038101,0.0038141,288515457.0
2026-08-28 06:30:00,0.0038142,0.0038228,0.003811,0.003818,191804590.0
2026-08-28 06:45:00,0.003818,0.0038291,0.0038174,0.0038201,278072708.0
2026-08-28 07:00:00,0.0038202,0.0038212,0.0037558,0.0037759,2288726041.0
2026-08-28 07:15:00,0.0037759,0.0037902,0.0037759,0.0037877,325900744.0
2026-08-28 07:30:00,0.0037877,0.0037896,0.0037783,0.0037816,285062818.0
2026-08-28 07:45:00,0.0037816,0.0038001,0.0037816,0.0037916,250068883.0
2026-08-28 08:00:00,0.0037916,0.003808,0.0037864,0.0037885,349574862.0
2026-08-28 08:15:00,0.0037886,0.0038004,0.0037885,0.0037917,241047189.0
2026-08-28 08:30:00,0.0037917,0.0037971,0.0037879,0.0037912,180001078.0
2026-08-28 08:45:00,0.0037912,0.0037984,0.0037737,0.0037984,934355015.0
2026-08-28 09:00:00,0.0037985,0.0038078,0.0037881,0.0038046,446457015.0
2026-08-28 09:15:00,0.0038046,0.003818,0.0038043,0.0038134,367971580.0
2026-08-28 09:30:00,0.0038133,0.0038133,0.0037882,0.0037882,402045311.0
2026-08-28 09:45:00,0.0037882,0.0037976,0.0037853,0.0037884,236468245.0
2026-08-28 10:00:00,0.0037885,0.0037923,0.0037553,0.0037819,1107482938.0
2026-08-28 10:15:00,0.0037819,0.0037874,0.0037718,0.0037866,335027417.0
2026-08-28 10:30:00,0.0037866,0.0037989,0.0037859,0.0037921,415329556.0
2026-08-28 10:45:00,0.0037921,0.0038146,0.0037921,0.0038142,393714973.0
2026-08-28 11:00:00,0.0038143,0.0038231,0.0038055,0.003816,606593743.0
2026-08-28 11:15:00,0.003816,0.0038248,0.0038144,0.0038173,432261950.0
2026-08-28 11:30:00,0.0038172,0.00382,0.0037964,0.0038029,417542896.0
2026-08-28 11:45:00,0.0038028,0.0038054,0.0037935,0.0038001,187217103.0
2026-08-28 12:00:00,0.0038001,0.0038047,0.0037869,0.0037899,287907353.0
2026-08-28 12:15:00,0.00379,0.0038053,0.0037892,0.0037907,292747293.0
2026-08-28 12:30:00,0.0037908,0.0037938,0.0037814,0.0037935,233962623.0
2026-08-28 12:45:00,0.0037935,0.0037961,0.0037819,0.0037946,168431781.0
2026-08-28 13:00:00,0.0037946,0.0038055,0.0037895,0.0037929,338191198.0
2026-08-28 13:15:00,0.003793,0.0037943,0.0037762,0.0037803,384864505.0
2026-08-28 13:30:00,0.0037803,0.0037964,0.0037794,0.0037874,463776566.0
2026-08-28 13:45:00,0.0037874,0.0038141,0.0037852,0.0037976,1087522975.0
2026-08-28 14:00:00,0.0037974,0.0038347,0.003717,0.0037465,4509406701.0
2026-08-28 14:15:00,0.0037466,0.0037818,0.0037409,0.0037777,1410481354.0
2026-08-28 14:30:00,0.0037776,0.00385,0.0037657,0.0038119,1939478008.0
2026-08-28 14:45:00,0.0038119,0.00383,0.0037909,0.0038214,992471671.0
2026-08-28 15:00:00,0.0038215,0.0038373,0.0037838,0.0037878,1460454310.0
2026-08-28 15:15:00,0.0037878,0.0038281,0.0037763,0.0038085,809136509.0
2026-08-28 15:30:00,0.0038084,0.0038128,0.0037579,0.0037617,830449583.0
2026-08-28 15:45:00,0.0037618,0.0037718,0.0037263,0.0037283,1173679979.0
2026-08-28 16:00:00,0.0037282,0.0037355,0.003672,0.0036741,3537688664.0
2026-08-28 16:15:00,0.0036741,0.0036774,0.003612,0.0036692,3844277183.0
2026-08-28 16:30:00,0.0036693,0.0037132,0.0036622,0.0036972,1776114464.0
2026-08-28 16:45:00,0.0036972,0.0037174,0.0036955,0.0036965,620239413.0
2026-08-28 17:00:00,0.0036964,0.0037109,0.0036818,0.0037095,627490211.0
2026-08-28 17:15:00,0.0037094,0.0037173,0.0036852,0.0036983,692149334.0
2026-08-28 17:30:00,0.0036982,0.0037047,0.0036836,0.0036863,350128343.0
2026-08-28 17:45:00,0.0036863,0.0037055,0.0036848,0.0036918,329527560.0
2026-08-28 18:00:00,0.0036917,0.003695,0.0036779,0.00368,345300577.0
2026-08-28 18:15:00,0.00368,0.0036847,0.0036531,0.0036607,928868984.0
2026-08-28 18:30:00,0.0036607,0.0036645,0.00364,0.0036469,1264291474.0
2026-08-28 18:45:00,0.0036467,0.0036583,0.0036328,0.0036583,968068800.0
2026-08-28 19:00:00,0.0036583,0.0036825,0.0036574,0.0036763,574124860.0
2026-08-28 19:15:00,0.0036763,0.0036953,0.003672,0.0036877,661395052.0
2026-08-28 19:30:00,0.0036875,0.0036875,0.0036628,0.0036714,1076265301.0
2026-08-28 19:45:00,0.0036714,0.0036809,0.003662,0.0036721,316650845.0
2026-08-28 20:00:00,0.0036721,0.0036815,0.0036629,0.0036753,361594569.0
2026-08-28 20:15:00,0.0036752,0.0036756,0.0036642,0.003674,115521158.0
2026-08-28 20:30:00,0.003674,0.003676,0.0036613,0.0036704,244411419.0
2026-08-28 20:45:00,0.0036704,0.0036776,0.0036638,0.0036676,210439699.0
2026-08-28 21:00:00,0.0036676,0.0036744,0.0036595,0.003673,273587360.0
2026-08-28 21:15:00,0.0036729,0.0036744,0.0036544,0.0036665,243931713.0
2026-08-28 21:30:00,0.0036665,0.0036758,0.0036585,0.0036608,244327305.0
2026-08-28 21:45:00,0.0036608,0.0036608,0.0036413,0.003651,362356487.0
2026-08-28 22:00:00,0.003651,0.0036665,0.0036471,0.0036665,239501208.0
2026-08-28 22:15:00,0.0036665,0.003672,0.0036592,0.00367,304753754.0
2026-08-28 22:30:00,0.0036699,0.0036897,0.0036684,0.0036856,428128158.0
2026-08-28 22:45:00,0.0036856,0.0036986,0.0036852,0.0036867,351368037.0
2026-08-28 23:00:00,0.0036867,0.0036955,0.0036829,0.0036938,334772304.0
2026-08-28 23:15:00,0.0036938,0.0036963,0.0036894,0.0036926,237243794.0
2026-08-28 23:30:00,0.0036926,0.0036956,0.0036901,0.0036938,112159913.0
2026-08-28 23:45:00,0.0036937,0.0036974,0.0036882,0.0036918,166221327.0
2026-08-29 00:00:00,0.0036921,0.003706,0.0036909,0.0036966,388905709.0
2026-08-29 00:15:00,0.0036966,0.0037053,0.0036943,0.0036979,201947493.0
2026-08-29 00:30:00,0.003698,0.0036989,0.0036898,0.0036932,118646863.0
2026-08-29 00:45:00,0.0036933,0.0036933,0.0036838,0.0036845,193185509.0
2026-08-29 01:00:00,0.0036845,0.003686,0.0036752,0.0036753,208683550.0
2026-08-29 01:15:00,0.0036752,0.0036825,0.0036724,0.0036819,175820928.0
2026-08-29 01:30:00,0.0036819,0.0036838,0.0036749,0.0036795,146866447.0
2026-08-29 01:45:00,0.0036795,0.0036837,0.0036695,0.0036779,237594304.0
2026-08-29 02:00:00,0.003678,0.0036839,0.0036707,0.0036723,208511578.0
2026-08-29 02:15:00,0.0036724,0.0036733,0.003658,0.0036628,285832782.0
2026-08-29 02:30:00,0.0036627,0.003673,0.0036576,0.0036629,187066832.0
2026-08-29 02:45:00,0.003663,0.003677,0.0036615,0.003674,143448948.0
2026-08-29 03:00:00,0.003674,0.0036779,0.0036693,0.0036693,102383995.0
2026-08-29 03:15:00,0.0036694,0.0036786,0.0036653,0.0036761,187784172.0
2026-08-29 03:30:00,0.0036761,0.0036773,0.003634,0.003653,1046268138.0
2026-08-29 03:45:00,0.003653,0.0036544,0.003624,0.0036329,719647074.0
2026-08-29 04:00:00,0.0036329,0.0036466,0.003631,0.0036442,286094851.0
2026-08-29 04:15:00,0.0036442,0.0036507,0.0036428,0.0036447,164763272.0
2026-08-29 04:30:00,0.0036448,0.0036511,0.0036407,0.0036473,189009020.0
2026-08-29 04:45:00,0.0036473,0.0036567,0.0036451,0.0036477,269202570.0
2026-08-29 05:00:00,0.0036478,0.0036579,0.0036432,0.0036555,344864520.0
2026-08-29 05:15:00,0.0036555,0.0036565,0.0036511,0.0036541,134494349.0
2026-08-29 05:30:00,0.0036542,0.0036626,0.00365,0.0036622,196749451.0
2026-08-29 05:45:00,0.0036622,0.0036642,0.0036477,0.0036545,181507226.0
2026-08-29 06:00:00,0.0036546,0.0036563,0.0036278,0.0036296,317981428.0
2026-08-29 06:15:00,0.0036295,0.0036338,0.0036128,0.0036229,562566171.0
2026-08-29 06:30:00,0.003623,0.0036312,0.0036205,0.0036273,342102200.0
2026-08-29 06:45:00,0.0036273,0.0036321,0.003624,0.0036258,231318998.0
2026-08-29 07:00:00,0.0036259,0.0036356,0.0036196,0.0036207,251180829.0
2026-08-29 07:15:00,0.0036208,0.0036287,0.0036151,0.0036201,196595805.0
2026-08-29 07:30:00,0.0036201,0.0036298,0.0036174,0.0036227,214006062.0
2026-08-29 07:45:00,0.0036227,0.003626,0.0036136,0.0036177,172841804.0
2026-08-29 08:00:00,0.0036178,0.0036198,0.0036029,0.0036158,612057323.0
2026-08-29 08:15:00,0.0036159,0.0036235,0.0036125,0.0036206,189115536.0
2026-08-29 08:30:00,0.0036206,0.0036209,0.00361,0.0036118,162450339.0
2026-08-29 08:45:00,0.0036118,0.0036147,0.0035906,0.0036146,610581310.0
2026-08-29 09:00:00,0.0036146,0.0036233,0.003612,0.0036166,238048910.0
2026-08-29 09:15:00,0.0036166,0.003619,0.0036095,0.0036152,227338683.0
2026-08-29 09:30:00,0.0036153,0.0036249,0.0036141,0.0036176,193721545.0
2026-08-29 09:45:00,0.0036177,0.0036295,0.0036161,0.0036233,254600070.0
2026-08-29 10:00:00,0.0036234,0.0036244,0.0036136,0.003623,173072762.0
2026-08-29 10:15:00,0.0036231,0.0036353,0.0036216,0.0036314,365840560.0
2026-08-29 10:30:00,0.0036315,0.0036376,0.0036289,0.0036322,171160359.0
2026-08-29 10:45:00,0.0036323,0.0036368,0.003623,0.003624,173386336.0
2026-08-29 11:00:00,0.003624,0.0036327,0.0036217,0.0036327,106130171.0
2026-08-29 11:15:00,0.0036327,0.0036349,0.0036286,0.0036308,83146389.0
2026-08-29 11:30:00,0.0036308,0.003632,0.0036194,0.0036197,136616875.0
2026-08-29 11:45:00,0.0036197,0.0036269,0.0036197,0.003621,78219067.0
2026-08-29 12:00:00,0.0036211,0.003627,0.0036128,0.0036269,222571863.0
2026-08-29 12:15:00,0.0036269,0.00364,0.0036067,0.0036181,537904255.0
2026-08-29 12:30:00,0.0036181,0.0036183,0.0036072,0.0036143,128580274.0
2026-08-29 12:45:00,0.0036143,0.0036194,0.003613,0.0036155,93596516.0
2026-08-29 13:00:00,0.0036156,0.0036182,0.003611,0.0036181,139261658.0
2026-08-29 13:15:00,0.0036181,0.0036255,0.0036161,0.0036194,198378815.0
2026-08-29 13:30:00,0.0036195,0.003627,0.0036175,0.00362,107243526.0
2026-08-29 13:45:00,0.00362,0.0036325,0.0036195,0.0036271,152406379.0
2026-08-29 14:00:00,0.0036271,0.0036428,0.003627,0.0036366,398532752.0
2026-08-29 14:15:00,0.0036367,0.0036457,0.003632,0.0036399,305758043.0
2026-08-29 14:30:00,0.0036398,0.0036612,0.0036322,0.0036532,641221187.0
2026-08-29 14:45:00,0.0036531,0.0036769,0.0036525,0.0036715,823852827.0
2026-08-29 15:00:00,0.0036716,0.003673,0.003648,0.0036516,480455700.0
2026-08-29 15:15:00,0.0036516,0.0036569,0.0036416,0.0036419,445606533.0
2026-08-29 15:30:00,0.0036419,0.0036419,0.0036315,0.0036336,411047775.0
2026-08-29 15:45:00,0.0036337,0.0036497,0.0036322,0.0036441,393237936.0
2026-08-29 16:00:00,0.0036441,0.0036564,0.0036436,0.0036556,311379782.0
2026-08-29 16:15:00,0.0036556,0.003663,0.0036322,0.0036376,426035384.0
2026-08-29 16:30:00,0.0036376,0.0036502,0.0036349,0.0036422,346685757.0
2026-08-29 16:45:00,0.0036423,0.0036461,0.0036316,0.0036333,192651969.0
2026-08-29 17:00:00,0.0036334,0.0036411,0.0036328,0.0036376,120377402.0
2026-08-29 17:15:00,0.0036377,0.0036418,0.0036201,0.0036212,385361232.0
2026-08-29 17:30:00,0.0036212,0.0036334,0.0036207,0.0036308,367720897.0
2026-08-29 17:45:00,0.0036309,0.0036372,0.0036257,0.003634,137107758.0
2026-08-29 18:00:00,0.003634,0.0036393,0.00363,0.0036355,149101609.0
2026-08-29 18:15:00,0.0036356,0.0036471,0.003631,0.0036414,185744338.0
2026-08-29 18:30:00,0.0036412,0.0036549,0.003637,0.00365,343155601.0
2026-08-29 18:45:00,0.0036501,0.00367,0.003647,0.0036546,630726225.0
2026-08-29 19:00:00,0.0036546,0.0036604,0.0036534,0.0036588,197523814.0
2026-08-29 19:15:00,0.0036589,0.0036658,0.0036525,0.0036553,184758186.0
2026-08-29 19:30:00,0.0036554,0.003659,0.0036481,0.0036524,356421466.0
2026-08-29 19:45:00,0.0036524,0.0036553,0.0036462,0.0036511,114500206.0
2026-08-29 20:00:00,0.0036512,0.0036597,0.00365,0.0036562,123311954.0
2026-08-29 20:15:00,0.0036563,0.0036651,0.0036521,0.0036527,138809390.0
2026-08-29 20:30:00,0.0036527,0.0036568,0.0036455,0.0036545,150548697.0
2026-08-29 20:45:00,0.0036545,0.0036549,0.003647,0.0036488,135783151.0
2026-08-29 21:00:00,0.0036489,0.0036596,0.0036416,0.0036522,228745260.0
2026-08-29 21:15:00,0.0036523,0.0036578,0.003644,0.0036465,96322621.0
2026-08-29 21:30:00,0.0036466,0.0036543,0.0036458,0.0036504,194988899.0
2026-08-29 21:45:00,0.0036505,0.0036613,0.0036449,0.003648,190497465.0
2026-08-29 22:00:00,0.003648,0.003654,0.0036408,0.0036454,467263723.0
2026-08-29 22:15:00,0.0036454,0.0036482,0.0036401,0.0036458,153655756.0
2026-08-29 22:30:00,0.0036458,0.0036544,0.0036458,0.0036531,114916850.0
2026-08-29 22:45:00,0.0036531,0.0036559,0.0036523,0.0036526,64156444.0
2026-08-29 23:00:00,0.0036527,0.0036612,0.0036515,0.0036531,158349767.0
2026-08-29 23:15:00,0.0036531,0.0036599,0.0036523,0.0036575,305125220.0
2026-08-29 23:30:00,0.0036576,0.0036596,0.0036514,0.0036529,138448758.0
2026-08-29 23:45:00,0.003653,0.0036637,0.003653,0.0036579,141514273.0
2026-08-30 00:00:00,0.003658,0.0036591,0.0036495,0.0036544,192936048.0
2026-08-30 00:15:00,0.0036544,0.0036674,0.0036512,0.0036521,237679562.0
2026-08-30 00:30:00,0.003652,0.003658,0.0036479,0.0036523,237163113.0
2026-08-30 00:45:00,0.0036522,0.0036595,0.0036509,0.003651,173269449.0
2026-08-30 01:00:00,0.0036509,0.0036526,0.0036361,0.0036401,404831256.0
2026-08-30 01:15:00,0.0036401,0.0036422,0.0036319,0.0036331,414460678.0
2026-08-30 01:30:00,0.0036331,0.0036409,0.0036309,0.0036374,207505338.0
2026-08-30 01:45:00,0.0036374,0.0036421,0.003627,0.0036286,268976827.0
2026-08-30 02:00:00,0.0036286,0.003639,0.003627,0.0036375,175559947.0
2026-08-30 02:15:00,0.0036375,0.0036416,0.003634,0.0036379,168956369.0
2026-08-30 02:30:00,0.003638,0.0036428,0.0036323,0.0036387,132969605.0
2026-08-30 02:45:00,0.0036386,0.0036451,0.0036344,0.0036362,142221373.0
2026-08-30 03:00:00,0.0036362,0.0036391,0.0036321,0.0036338,84182379.0
2026-08-30 03:15:00,0.0036338,0.0036423,0.0036329,0.0036417,73464019.0
2026-08-30 03:30:00,0.0036417,0.0036468,0.0036374,0.0036422,116047029.0
2026-08-30 03:45:00,0.0036421,0.0036421,0.0036293,0.0036324,75511604.0
2026-08-30 04:00:00,0.0036324,0.0036396,0.0036307,0.0036352,84600610.0
2026-08-30 04:15:00,0.0036352,0.0036406,0.003633,0.0036382,133975273.0
2026-08-30 04:30:00,0.0036381,0.0036381,0.0036295,0.0036299,100229984.0
2026-08-30 04:45:00,0.0036298,0.003639,0.0036217,0.0036386,170279442.0
2026-08-30 05:00:00,0.0036386,0.0036539,0.0036367,0.0036468,298532410.0
2026-08-30 05:15:00,0.0036467,0.0036468,0.0036412,0.0036447,92533171.0
2026-08-30 05:30:00,0.0036447,0.0036451,0.0036375,0.0036398,124295057.0
2026-08-30 05:45:00,0.0036398,0.0036448,0.0036379,0.0036448,73399098.0
2026-08-30 06:00:00,0.0036447,0.0036448,0.0036347,0.003638,77068854.0
2026-08-30 06:15:00,0.0036379,0.0036459,0.0036364,0.0036443,106933002.0
2026-08-30 06:30:00,0.0036443,0.0036571,0.0036428,0.0036527,135635363.0
2026-08-30 06:45:00,0.0036525,0.0036594,0.0036507,0.003659,151819666.0
2026-08-30 07:00:00,0.0036589,0.0036606,0.0036505,0.0036522,127664104.0
2026-08-30 07:15:00,0.0036522,0.0036524,0.0036436,0.0036446,98164782.0
2026-08-30 07:30:00,0.0036446,0.0036455,0.0036353,0.0036375,178136536.0
2026-08-30 07:45:00,0.0036374,0.0036392,0.00363,0.0036334,215618845.0
2026-08-30 08:00:00,0.0036335,0.0036404,0.0036319,0.003636,224976917.0
2026-08-30 08:15:00,0.003636,0.0036422,0.0036348,0.0036397,78521599.0
2026-08-30 08:30:00,0.0036398,0.0036432,0.0036293,0.0036305,120154000.0
2026-08-30 08:45:00,0.0036306,0.0036349,0.0036264,0.0036318,155579752.0
2026-08-30 09:00:00,0.0036318,0.0036356,0.003631,0.0036326,70312739.0
2026-08-30 09:15:00,0.0036326,0.0036337,0.0036138,0.0036148,355570059.0
2026-08-30 09:30:00,0.0036149,0.0036234,0.0036143,0.0036229,251564154.0
2026-08-30 09:45:00,0.003623,0.0036272,0.0036195,0.0036226,178712512.0
2026-08-30 10:00:00,0.0036226,0.0036289,0.0036197,0.0036206,202527286.0
2026-08-30 10:15:00,0.0036207,0.0036353,0.0036183,0.0036294,252279685.0
2026-08-30 10:30:00,0.0036295,0.0036417,0.003629,0.0036404,180402481.0
2026-08-30 10:45:00,0.0036404,0.0036465,0.0036398,0.0036409,259276487.0
2026-08-30 11:00:00,0.003641,0.0036469,0.0036369,0.0036443,213707932.0
2026-08-30 11:15:00,0.0036443,0.0036461,0.003641,0.0036448,83188130.0
2026-08-30 11:30:00,0.0036448,0.0036449,0.0036321,0.0036408,209157903.0
2026-08-30 11:45:00,0.0036409,0.0036436,0.0036355,0.0036417,131949451.0
2026-08-30 12:00:00,0.0036418,0.0036636,0.0036387,0.0036616,1033366718.0
2026-08-30 12:15:00,0.0036617,0.0036618,0.0036433,0.0036517,259593391.0
2026-08-30 12:30:00,0.0036518,0.0036534,0.0036316,0.0036392,860607210.0
2026-08-30 12:45:00,0.0036392,0.0036502,0.0036328,0.0036475,316317533.0
2026-08-30 13:00:00,0.0036475,0.0036501,0.0036346,0.0036346,430706314.0
2026-08-30 13:15:00,0.0036346,0.0036518,0.0036319,0.0036503,216207826.0
2026-08-30 13:30:00,0.0036503,0.0036613,0.0036464,0.0036601,243080511.0
2026-08-30 13:45:00,0.0036602,0.0036841,0.0036597,0.0036783,843288266.0
2026-08-30 14:00:00,0.0036784,0.0036814,0.0036576,0.0036757,531373769.0
2026-08-30 14:15:00,0.0036757,0.003679,0.0036602,0.0036709,367022044.0
2026-08-30 14:30:00,0.003671,0.0036771,0.0036596,0.0036697,322755602.0
2026-08-30 14:45:00,0.0036697,0.0036736,0.0036638,0.0036649,130418901.0
2026-08-30 15:00:00,0.0036649,0.0036938,0.0036586,0.0036595,717563892.0
2026-08-30 15:15:00,0.0036596,0.0036845,0.0036558,0.0036737,486317219.0
2026-08-30 15:30:00,0.0036736,0.0036989,0.0036736,0.0036849,788582703.0
2026-08-30 15:45:00,0.0036848,0.0036876,0.0036695,0.003679,508711885.0
2026-08-30 16:00:00,0.0036791,0.0037117,0.0036704,0.0037048,1173252760.0
2026-08-30 16:15:00,0.0037049,0.0037309,0.0036969,0.0037016,1702840683.0
2026-08-30 16:30:00,0.0037016,0.0037205,0.0036995,0.0037133,483695497.0
2026-08-30 16:45:00,0.0037132,0.0037679,0.0037127,0.0037662,1428966651.0
2026-08-30 17:00:00,0.0037661,0.0038064,0.0037467,0.0037805,1878046896.0
2026-08-30 17:15:00,0.0037804,0.0037893,0.003709,0.0037479,2104555937.0
2026-08-30 17:30:00,0.0037479,0.003777,0.0037317,0.0037765,757129523.0
2026-08-30 17:45:00,0.0037765,0.0037786,0.0037459,0.00377,561215588.0
2026-08-30 18:00:00,0.00377,0.0037864,0.003732,0.003749,782231420.0
2026-08-30 18:15:00,0.003749,0.0037494,0.0037201,0.0037449,678768146.0
2026-08-30 18:30:00,0.003745,0.0037718,0.0037428,0.00375,607681177.0
2026-08-30 18:45:00,0.0037501,0.0037597,0.0037432,0.0037522,264085468.0
2026-08-30 19:00:00,0.0037522,0.0037538,0.0037324,0.0037494,324624505.0
2026-08-30 19:15:00,0.0037492,0.0037515,0.0037257,0.0037332,627918881.0
2026-08-30 19:30:00,0.0037333,0.0037421,0.0036949,0.0036973,687834288.0
2026-08-30 19:45:00,0.0036972,0.0037083,0.0036832,0.003706,589175481.0
2026-08-30 20:00:00,0.003706,0.0037206,0.0037058,0.0037104,322558519.0
2026-08-30 20:15:00,0.0037105,0.0037161,0.0036945,0.0036954,399488047.0
2026-08-30 20:30:00,0.0036953,0.0036989,0.0036403,0.003651,1266012090.0
2026-08-30 20:45:00,0.003651,0.0036747,0.0036499,0.0036678,530929509.0
2026-08-30 21:00:00,0.0036679,0.003671,0.0036148,0.0036551,1564858726.0
2026-08-30 21:15:00,0.0036551,0.003661,0.003635,0.0036565,336813149.0
2026-08-30 21:30:00,0.0036565,0.0036745,0.003652,0.0036549,608529885.0
2026-08-30 21:45:00,0.0036548,0.0036587,0.0036412,0.0036553,223113015.0
2026-08-30 22:00:00,0.0036553,0.0036779,0.0036378,0.0036414,499887759.0
2026-08-30 22:15:00,0.0036413,0.0036415,0.0036036,0.0036173,1134484729.0
2026-08-30 22:30:00,0.0036174,0.0036205,0.003572,0.0036126,1550451722.0
2026-08-30 22:45:00,0.0036126,0.0036177,0.0036015,0.0036116,432861701.0
2026-08-30 23:00:00,0.003611,0.003611,0.0035551,0.0035615,1776934257.0
2026-08-30 23:15:00,0.0035613,0.0035652,0.0034395,0.0034583,5651043052.0
2026-08-30 23:30:00,0.0034585,0.0034746,0.00338,0.0033934,4528831674.0
2026-08-30 23:45:00,0.0033935,0.0034128,0.0033601,0.0034011,2376049119.0
2026-08-31 00:00:00,0.0034012,0.0034224,0.0033876,0.0034222,1394014189.0
2026-08-31 00:15:00,0.0034221,0.0034398,0.0034145,0.0034297,851217337.0
2026-08-31 00:30:00,0.0034297,0.0034464,0.0034246,0.003442,626110567.0
2026-08-31 00:45:00,0.0034419,0.0034467,0.0034335,0.0034346,360729848.0
2026-08-31 01:00:00,0.0034346,0.0034406,0.0034027,0.0034119,1153510670.0
2026-08-31 01:15:00,0.0034118,0.0034359,0.0034054,0.0034275,642208043.0
2026-08-31 01:30:00,0.0034275,0.0034424,0.0034141,0.0034207,818393004.0
2026-08-31 01:45:00,0.0034207,0.0034309,0.0034074,0.003418,409792014.0
2026-08-31 02:00:00,0.003418,0.0034674,0.0034138,0.0034605,1067822421.0
2026-08-31 02:15:00,0.0034604,0.0034683,0.0034411,0.0034426,570718524.0
2026-08-31 02:30:00,0.0034426,0.0034526,0.0034134,0.0034257,717230023.0
2026-08-31 02:45:00,0.0034257,0.003427,0.0034015,0.0034242,725637199.0
2026-08-31 03:00:00,0.0034243,0.003442,0.0034159,0.0034377,493758871.0
2026-08-31 03:15:00,0.0034377,0.0034497,0.003435,0.0034451,556868491.0
2026-08-31 03:30:00,0.0034451,0.0034528,0.0034343,0.0034498,435964439.0
2026-08-31 03:45:00,0.0034498,0.0034566,0.0034432,0.0034441,415919994.0
2026-08-31 04:00:00,0.0034442,0.0034461,0.0034227,0.0034265,455341227.0
2026-08-31 04:15:00,0.0034265,0.0034289,0.0034185,0.0034216,260729489.0
2026-08-31 04:30:00,0.0034217,0.0034309,0.0034167,0.0034284,313882957.0
2026-08-31 04:45:00,0.0034284,0.0034352,0.0034192,0.0034314,262977840.0
2026-08-31 05:00:00,0.0034315,0.0034421,0.003424,0.0034401,301983947.0
2026-08-31 05:15:00,0.0034401,0.0034782,0.0034394,0.0034661,934507675.0
2026-08-31 05:30:00,0.0034662,0.0034706,0.0034542,0.0034659,294238547.0
2026-08-31 05:45:00,0.003466,0.0034723,0.0034569,0.0034659,552842361.0
2026-08-31 06:00:00,0.003466,0.0034812,0.0034606,0.0034672,952786387.0
2026-08-31 06:15:00,0.0034673,0.0034909,0.0034672,0.0034874,544895312.0
2026-08-31 06:30:00,0.0034874,0.0034874,0.0034715,0.0034773,370606715.0
2026-08-31 06:45:00,0.0034773,0.003488,0.0034761,0.0034825,224680908.0
2026-08-31 07:00:00,0.0034825,0.0034941,0.0034773,0.0034879,478712398.0
2026-08-31 07:15:00,0.0034879,0.0035181,0.0034879,0.0035107,865204573.0
2026-08-31 07:30:00,0.0035107,0.0035175,0.0034984,0.0035154,523778872.0
2026-08-31 07:45:00,0.0035155,0.0035166,0.003506,0.0035129,350560302.0
2026-08-31 08:00:00,0.0035129,0.0035419,0.0035077,0.0035279,915896635.0
2026-08-31 08:15:00,0.0035278,0.0035322,0.0035125,0.0035213,648969799.0
2026-08-31 08:30:00,0.0035213,0.0035611,0.0035192,0.0035343,1027553216.0
2026-08-31 08:45:00,0.0035343,0.0035458,0.0035245,0.0035429,629554494.0
2026-08-31 09:00:00,0.0035429,0.0035762,0.0035296,0.003553,894163550.0
2026-08-31 09:15:00,0.0035531,0.0035912,0.0035484,0.0035717,1022182864.0
2026-08-31 09:30:00,0.0035712,0.0035827,0.0035654,0.0035746,474844620.0
2026-08-31 09:45:00,0.0035746,0.0035842,0.0035624,0.0035657,474083689.0
2026-08-31 10:00:00,0.0035657,0.0035826,0.0035583,0.0035727,661472240.0
2026-08-31 10:15:00,0.0035727,0.0035744,0.003561,0.003567,416987343.0
2026-08-31 10:30:00,0.0035671,0.0035804,0.003563,0.0035748,329365965.0
2026-08-31 10:45:00,0.0035748,0.00361,0.0035732,0.0035904,791331361.0
2026-08-31 11:00:00,0.0035905,0.0036016,0.0035781,0.0035928,585361430.0
2026-08-31 11:15:00,0.0035929,0.0035997,0.0035809,0.0035809,365786845.0
2026-08-31 11:30:00,0.0035809,0.003596,0.0035736,0.0035826,615691763.0
2026-08-31 11:45:00,0.0035827,0.0035879,0.0035634,0.0035846,831991706.0
2026-08-31 12:00:00,0.0035847,0.0036228,0.0035749,0.0035936,1203165348.0
2026-08-31 12:15:00,0.0035937,0.0036166,0.0035832,0.0036003,588388577.0
2026-08-31 12:30:00,0.0036002,0.0036024,0.0035523,0.003565,1482886094.0
2026-08-31 12:45:00,0.0035649,0.0035723,0.0035556,0.0035716,659711214.0
2026-08-31 13:00:00,0.0035716,0.0035981,0.003568,0.0035936,546596649.0
2026-08-31 13:15:00,0.0035935,0.0036007,0.0035802,0.0035885,605205023.0
2026-08-31 13:30:00,0.0035884,0.0036054,0.0035777,0.0035828,736743967.0
2026-08-31 13:45:00,0.0035829,0.0035862,0.0035317,0.0035412,1811300950.0
2026-08-31 14:00:00,0.0035411,0.0035572,0.0035108,0.0035411,2881197727.0
2026-08-31 14:15:00,0.0035411,0.0035666,0.003531,0.0035634,1247925736.0
2026-08-31 14:30:00,0.0035633,0.0036122,0.0035546,0.0036,1227292889.0
2026-08-31 14:45:00,0.0036001,0.0036134,0.0035844,0.0035993,1179803249.0
2026-08-31 15:00:00,0.0035993,0.0036056,0.0035708,0.0035719,620984322.0
2026-08-31 15:15:00,0.003572,0.0035756,0.0035407,0.0035564,2209154749.0
2026-08-31 15:30:00,0.0035563,0.0035654,0.0035427,0.0035605,502728502.0
2026-08-31 15:45:00,0.0035604,0.0035635,0.0035436,0.0035467,501211393.0
2026-08-31 16:00:00,0.0035466,0.0035549,0.0035362,0.0035476,609468822.0
2026-08-31 16:15:00,0.0035477,0.0035586,0.0035322,0.0035458,628198339.0
2026-08-31 16:30:00,0.0035458,0.0035695,0.0035425,0.003565,431339474.0
2026-08-31 16:45:00,0.0035651,0.0035743,0.0035507,0.0035528,420933484.0
2026-08-31 17:00:00,0.0035528,0.0035671,0.0035502,0.0035622,290046753.0
2026-08-31 17:15:00,0.0035625,0.0035651,0.0035404,0.003546,434028378.0
2026-08-31 17:30:00,0.003546,0.003582,0.003546,0.0035727,429240433.0
2026-08-31 17:45:00,0.0035727,0.0035804,0.0035655,0.0035755,309344771.0
2026-08-31 18:00:00,0.0035755,0.0035778,0.0035639,0.0035775,608382774.0
2026-08-31 18:15:00,0.0035775,0.0035962,0.003565,0.0035734,707790515.0
2026-08-31 18:30:00,0.0035734,0.0036084,0.0035672,0.0036054,892547918.0
2026-08-31 18:45:00,0.0036053,0.0036053,0.0035793,0.0035831,700773046.0
2026-08-31 19:00:00,0.0035831,0.0035968,0.0035819,0.0035881,267496548.0
2026-08-31 19:15:00,0.0035881,0.0035881,0.0035596,0.0035733,781153388.0
2026-08-31 19:30:00,0.0035732,0.0035752,0.0035541,0.0035614,501537736.0
2026-08-31 19:45:00,0.0035614,0.0035766,0.0035559,0.003562,229440521.0
2026-08-31 20:00:00,0.003562,0.0035811,0.0035606,0.0035793,218652530.0
2026-08-31 20:15:00,0.0035793,0.0035979,0.0035758,0.0035763,659799370.0
2026-08-31 20:30:00,0.0035763,0.0035835,0.0035652,0.0035734,437832978.0
2026-08-31 20:45:00,0.0035734,0.0035805,0.003567,0.0035724,309238753.0
2026-08-31 21:00:00,0.0035724,0.0035748,0.003557,0.0035629,421774873.0
2026-08-31 21:15:00,0.0035628,0.0035759,0.0035554,0.0035752,272557522.0
2026-08-31 21:30:00,0.0035752,0.0035841,0.0035727,0.003579,328945755.0
2026-08-31 21:45:00,0.0035792,0.0035871,0.0035726,0.0035743,155357135.0
2026-08-31 22:00:00,0.0035742,0.00358,0.0035658,0.0035669,346379050.0
2026-08-31 22:15:00,0.0035668,0.0035685,0.0035593,0.0035625,227677300.0
2026-08-31 22:30:00,0.0035625,0.0035686,0.0035594,0.0035601,495808355.0
2026-08-31 22:45:00,0.0035601,0.0035692,0.0035584,0.0035641,250639537.0
2026-08-31 23:00:00,0.003564,0.0035641,0.0035467,0.0035555,367688787.0
2026-08-31 23:15:00,0.0035555,0.0035606,0.0035482,0.003555,213860378.0
2026-08-31 23:30:00,0.003555,0.003555,0.0035408,0.0035442,443510416.0
2026-08-31 23:45:00,0.0035441,0.0035582,0.0035417,0.0035558,372998312.0
2026-09-01 00:00:00,0.0035557,0.0035681,0.0035524,0.0035629,475741346.0
2026-09-01 00:15:00,0.003563,0.0035718,0.0035614,0.0035636,614553709.0
2026-09-01 00:30:00,0.0035636,0.0035665,0.0035538,0.0035621,323267716.0
2026-09-01 00:45:00,0.0035621,0.0035679,0.0035526,0.0035607,337474736.0
2026-09-01 01:00:00,0.0035607,0.0035696,0.0035436,0.0035491,411503647.0
2026-09-01 01:15:00,0.0035491,0.0035548,0.0035321,0.0035441,491417001.0
2026-09-01 01:30:00,0.0035441,0.003563,0.0035392,0.0035627,330020552.0
2026-09-01 01:45:00,0.0035628,0.0035645,0.0035529,0.0035566,209794038.0
2026-09-01 02:00:00,0.0035566,0.0035566,0.0035391,0.0035464,385913602.0
2026-09-01 02:15:00,0.0035464,0.0035585,0.0035416,0.0035471,333330723.0
2026-09-01 02:30:00,0.0035471,0.0035605,0.0035441,0.0035441,246521664.0
2026-09-01 02:45:00,0.0035442,0.0035503,0.0035387,0.0035488,170836524.0
2026-09-01 03:00:00,0.0035489,0.0035519,0.0035449,0.0035491,189543793.0
2026-09-01 03:15:00,0.003549,0.0035539,0.0035433,0.003553,272373362.0
2026-09-01 03:30:00,0.003553,0.0035914,0.0035505,0.0035709,1129528334.0
2026-09-01 03:45:00,0.0035709,0.0035709,0.0035535,0.0035579,246600078.0
2026-09-01 04:00:00,0.003558,0.0035626,0.003546,0.0035517,289983849.0
2026-09-01 04:15:00,0.0035518,0.0035678,0.0035517,0.0035544,209637957.0
2026-09-01 04:30:00,0.0035545,0.0035574,0.0035408,0.0035428,197176999.0
2026-09-01 04:45:00,0.0035429,0.0035432,0.0035129,0.0035269,1318982343.0
2026-09-01 05:00:00,0.0035269,0.0035447,0.003523,0.0035347,331639873.0
2026-09-01 05:15:00,0.0035348,0.0035471,0.003533,0.0035464,274093715.0
2026-09-01 05:30:00,0.0035464,0.0035647,0.0035442,0.0035634,488556477.0
2026-09-01 05:45:00,0.0035634,0.0035683,0.0035584,0.0035647,447177291.0
2026-09-01 06:00:00,0.0035648,0.0035648,0.0035404,0.0035523,448719425.0
2026-09-01 06:15:00,0.0035523,0.0035542,0.0035372,0.0035487,326481543.0
2026-09-01 06:30:00,0.0035488,0.0035566,0.003545,0.0035479,198216411.0
2026-09-01 06:45:00,0.003548,0.0035505,0.003527,0.003529,432613998.0
2026-09-01 07:00:00,0.0035291,0.0035362,0.0035285,0.0035349,189179531.0
2026-09-01 07:15:00,0.003535,0.0035419,0.0035308,0.0035356,243135639.0
2026-09-01 07:30:00,0.0035356,0.003536,0.0035115,0.0035253,491859477.0
2026-09-01 07:45:00,0.0035253,0.003533,0.0035186,0.0035309,226578643.0
2026-09-01 08:00:00,0.003531,0.0035354,0.0035031,0.0035056,641678741.0
2026-09-01 08:15:00,0.0035057,0.0035125,0.0034686,0.0034708,1497654898.0
2026-09-01 08:30:00,0.0034709,0.0034946,0.0034604,0.0034812,1624518105.0
2026-09-01 08:45:00,0.0034814,0.0034857,0.0034645,0.0034692,593907860.0
2026-09-01 09:00:00,0.0034693,0.0034768,0.003465,0.0034693,457470916.0
2026-09-01 09:15:00,0.0034693,0.0034954,0.0034686,0.0034816,559826406.0
2026-09-01 09:30:00,0.0034815,0.0034878,0.0034777,0.0034858,285274924.0
2026-09-01 09:45:00,0.0034858,0.0034877,0.0034802,0.0034831,163589044.0
2026-09-01 10:00:00,0.0034831,0.0034883,0.0034767,0.0034825,368505331.0
2026-09-01 10:15:00,0.0034825,0.0034968,0.0034728,0.0034944,417816767.0
2026-09-01 10:30:00,0.0034945,0.0035046,0.0034854,0.0034854,678026499.0
2026-09-01 10:45:00,0.0034855,0.0034904,0.0034819,0.0034854,225580570.0
2026-09-01 11:00:00,0.0034855,0.0034924,0.0034798,0.0034861,365878708.0
2026-09-01 11:15:00,0.0034862,0.0034971,0.0034836,0.0034964,204247506.0
2026-09-01 11:30:00,0.0034963,0.0035138,0.0034909,0.0035042,609404623.0
2026-09-01 11:45:00,0.0035043,0.0035172,0.0034999,0.0035082,400021121.0
2026-09-01 12:00:00,0.0035082,0.0035124,0.0034964,0.0034996,485685273.0
2026-09-01 12:15:00,0.0034997,0.0035185,0.003494,0.003505,641734496.0
2026-09-01 12:30:00,0.0035051,0.0035051,0.0034834,0.0035028,792291556.0
2026-09-01 12:45:00,0.0035028,0.0035209,0.0034994,0.0035073,932717391.0
2026-09-01 13:00:00,0.0035074,0.00351,0.003464,0.003494,1326771513.0
2026-09-01 13:15:00,0.0034941,0.0035052,0.0034894,0.0034988,421899514.0
2026-09-01 13:30:00,0.0034988,0.0035196,0.0034786,0.0034962,1219630510.0
2026-09-01 13:45:00,0.0034962,0.0035351,0.0034925,0.0035288,1711100368.0
2026-09-01 14:00:00,0.0035289,0.00355,0.0035209,0.003529,1364270474.0
2026-09-01 14:15:00,0.0035289,0.0035425,0.0035156,0.0035189,671204721.0
2026-09-01 14:30:00,0.0035189,0.0035294,0.0035102,0.0035293,345047601.0
2026-09-01 14:45:00,0.0035294,0.0035386,0.0035152,0.0035176,392851967.0
2026-09-01 15:00:00,0.0035177,0.0035185,0.0034765,0.0034906,820187702.0
2026-09-01 15:15:00,0.0034906,0.0035015,0.0034839,0.0034983,654461160.0
2026-09-01 15:30:00,0.0034984,0.0035223,0.0034937,0.0035223,501323984.0
2026-09-01 15:45:00,0.0035219,0.0035339,0.0035133,0.0035141,505623338.0
2026-09-01 16:00:00,0.0035142,0.0035181,0.0034846,0.0034855,613991046.0
2026-09-01 16:15:00,0.0034855,0.0034952,0.0034762,0.0034874,627664869.0
2026-09-01 16:30:00,0.0034874,0.0034896,0.003457,0.0034751,944206940.0
2026-09-01 16:45:00,0.003475,0.0034831,0.0034743,0.0034779,402001634.0
2026-09-01 17:00:00,0.003478,0.003487,0.003475,0.0034774,345357828.0
2026-09-01 17:15:00,0.0034774,0.0035024,0.0034696,0.0034958,611903717.0
2026-09-01 17:30:00,0.0034959,0.0035142,0.0034935,0.0034991,397346709.0
2026-09-01 17:45:00,0.0034992,0.0035012,0.003477,0.0034831,586809882.0
2026-09-01 18:00:00,0.0034831,0.0034914,0.0034686,0.0034785,568484942.0
2026-09-01 18:15:00,0.0034784,0.0034803,0.0034459,0.0034727,1140310699.0
2026-09-01 18:30:00,0.0034728,0.0034796,0.0034313,0.0034555,2077911703.0
2026-09-01 18:45:00,0.0034556,0.0035103,0.0034457,0.0035003,1801717889.0
2026-09-01 19:00:00,0.0035003,0.0035123,0.0034871,0.0034875,472044432.0
2026-09-01 19:15:00,0.0034874,0.0035087,0.0034834,0.0035006,638592909.0
2026-09-01 19:30:00,0.0035007,0.0035045,0.0034896,0.003491,218037152.0
2026-09-01 19:45:00,0.0034911,0.0035,0.0034815,0.0034852,774027159.0
2026-09-01 20:00:00,0.0034847,0.0034951,0.0034717,0.0034939,563199382.0
2026-09-01 20:15:00,0.0034938,0.0034978,0.0034766,0.0034857,423287358.0
2026-09-01 20:30:00,0.0034858,0.00349,0.003471,0.003474,254820477.0
2026-09-01 20:45:00,0.0034739,0.0034896,0.0034709,0.0034865,415131637.0
2026-09-01 21:00:00,0.0034865,0.0034914,0.0034505,0.0034578,569631127.0
2026-09-01 21:15:00,0.0034578,0.0034769,0.0034458,0.0034663,406300403.0
2026-09-01 21:30:00,0.0034663,0.0034674,0.003454,0.0034631,295863150.0
2026-09-01 21:45:00,0.003463,0.0034705,0.0034573,0.003461,113271457.0
2026-09-01 22:00:00,0.0034611,0.0034759,0.003456,0.003466,189745694.0
2026-09-01 22:15:00,0.003466,0.0034665,0.0034481,0.0034496,253738412.0
2026-09-01 22:30:00,0.0034496,0.0034558,0.0034442,0.0034486,376731382.0
2026-09-01 22:45:00,0.0034486,0.003472,0.0034486,0.0034609,424739791.0
2026-09-01 23:00:00,0.0034609,0.003466,0.0034538,0.0034556,325313529.0
2026-09-01 23:15:00,0.0034556,0.0034635,0.003453,0.0034635,189266264.0
2026-09-01 23:30:00,0.0034634,0.0034806,0.0034627,0.0034772,227358442.0
2026-09-01 23:45:00,0.0034774,0.0034834,0.0034721,0.0034752,276572537.0
2026-09-02 00:00:00,0.0034754,0.0034835,0.0034745,0.0034771,142604089.0
2026-09-02 00:15:00,0.0034771,0.0034819,0.0034655,0.003467,174109055.0
2026-09-02 00:30:00,0.003467,0.0034796,0.0034637,0.0034683,277480923.0
2026-09-02 00:45:00,0.0034683,0.0034724,0.0034621,0.0034628,177875200.0
2026-09-02 01:00:00,0.0034627,0.0034807,0.0034607,0.0034754,211453837.0
2026-09-02 01:15:00,0.0034753,0.0034794,0.003463,0.0034638,155049918.0
2026-09-02 01:30:00,0.0034638,0.003471,0.0034279,0.0034413,956773213.0
2026-09-02 01:45:00,0.0034412,0.0034484,0.0034265,0.0034429,717072569.0
2026-09-02 02:00:00,0.0034428,0.0034666,0.0034378,0.0034525,458541170.0
2026-09-02 02:15:00,0.0034525,0.0034836,0.003452,0.0034829,412245102.0
2026-09-02 02:30:00,0.0034829,0.0034833,0.0034717,0.0034771,415068970.0
2026-09-02 02:45:00,0.0034771,0.0034783,0.0034729,0.0034777,91555567.0
2026-09-02 03:00:00,0.0034777,0.0035041,0.003475,0.0034954,906152681.0
2026-09-02 03:15:00,0.0034954,0.0035046,0.0034887,0.0034936,815998002.0
2026-09-02 03:30:00,0.0034936,0.0034939,0.0034779,0.0034839,279729517.0
2026-09-02 03:45:00,0.0034838,0.0034871,0.0034719,0.0034799,221769491.0
2026-09-02 04:00:00,0.00348,0.0034805,0.0034589,0.0034641,460974044.0
2026-09-02 04:15:00,0.0034641,0.0034695,0.0034559,0.0034628,211433178.0
2026-09-02 04:30:00,0.0034628,0.0034818,0.0034616,0.0034778,513200917.0
2026-09-02 04:45:00,0.0034779,0.003482,0.0034722,0.003476,188701344.0
2026-09-02 05:00:00,0.003476,0.0034762,0.0034526,0.0034652,519439360.0
2026-09-02 05:15:00,0.0034652,0.0034773,0.0034646,0.0034758,230058328.0
2026-09-02 05:30:00,0.0034758,0.0034773,0.0034661,0.0034667,143777921.0
2026-09-02 05:45:00,0.0034667,0.0034756,0.0034616,0.0034648,228251344.0
2026-09-02 06:00:00,0.0034648,0.0034691,0.003456,0.0034584,355966126.0
2026-09-02 06:15:00,0.0034584,0.0034601,0.0034456,0.0034497,426398649.0
2026-09-02 06:30:00,0.0034497,0.0034662,0.0034451,0.0034611,352671992.0
2026-09-02 06:45:00,0.003461,0.003461,0.0034515,0.0034596,127958812.0
2026-09-02 07:00:00,0.0034596,0.0034734,0.0034583,0.003469,302698143.0
2026-09-02 07:15:00,0.003469,0.003469,0.003454,0.0034541,191378595.0
2026-09-02 07:30:00,0.0034541,0.0034596,0.0034526,0.0034526,114829445.0
2026-09-02 07:45:00,0.0034526,0.003459,0.0034477,0.0034501,220158130.0
2026-09-02 08:00:00,0.0034501,0.0034571,0.0034431,0.0034549,175295654.0
2026-09-02 08:15:00,0.003455,0.0034593,0.003448,0.0034481,130950408.0
2026-09-02 08:30:00,0.0034482,0.0034492,0.0034224,0.0034258,639187056.0
2026-09-02 08:45:00,0.0034257,0.0034335,0.003414,0.0034204,622702991.0
2026-09-02 09:00:00,0.0034204,0.0034391,0.00342,0.0034344,357312202.0
2026-09-02 09:15:00,0.0034344,0.003442,0.0034145,0.0034416,430821843.0
2026-09-02 09:30:00,0.0034416,0.0034416,0.0034074,0.0034154,520355500.0
2026-09-02 09:45:00,0.0034154,0.0034288,0.0034109,0.003421,342079473.0
2026-09-02 10:00:00,0.003421,0.003421,0.0033958,0.0034076,762764819.0
2026-09-02 10:15:00,0.0034076,0.0034122,0.0034036,0.0034065,358970239.0
2026-09-02 10:30:00,0.0034065,0.0034085,0.0033967,0.0034084,457177512.0
2026-09-02 10:45:00,0.0034084,0.0034099,0.0033725,0.0034087,1587142670.0
2026-09-02 11:00:00,0.0034086,0.003409,0.0033925,0.0034036,380854384.0
2026-09-02 11:15:00,0.0034035,0.0034055,0.0033856,0.0033963,289776940.0
2026-09-02 11:30:00,0.0033963,0.0034147,0.0033954,0.003406,370884694.0
2026-09-02 11:45:00,0.003406,0.0034159,0.0034017,0.0034142,192240999.0
2026-09-02 12:00:00,0.0034142,0.0034142,0.0034033,0.0034077,211549024.0
2026-09-02 12:15:00,0.0034076,0.00342,0.0034008,0.0034155,420486035.0
2026-09-02 12:30:00,0.0034154,0.0034157,0.0034032,0.0034072,205812726.0
2026-09-02 12:45:00,0.0034071,0.0034073,0.0033837,0.0033855,403482227.0
2026-09-02 13:00:00,0.0033855,0.0034093,0.0033855,0.0033894,460545793.0
2026-09-02 13:15:00,0.0033895,0.0034021,0.0033894,0.0033945,157220014.0
2026-09-02 13:30:00,0.0033946,0.0034301,0.003382,0.0034294,1568699859.0
2026-09-02 13:45:00,0.0034294,0.003437,0.0034059,0.0034211,1293167886.0
2026-09-02 14:00:00,0.0034211,0.0034266,0.0034097,0.0034195,613583010.0
2026-09-02 14:15:00,0.0034195,0.0034354,0.0034085,0.0034179,478571043.0
2026-09-02 14:30:00,0.0034179,0.0034234,0.0034001,0.0034223,454064519.0
2026-09-02 14:45:00,0.0034224,0.003423,0.0033947,0.0033955,376922085.0
2026-09-02 15:00:00,0.0033956,0.0034079,0.003365,0.0033741,1101601208.0
2026-09-02 15:15:00,0.0033741,0.0033944,0.003373,0.0033775,478150028.0
2026-09-02 15:30:00,0.0033776,0.0034127,0.0033718,0.003409,671046142.0
2026-09-02 15:45:00,0.0034093,0.0034227,0.0034026,0.003413,1436625787.0
2026-09-02 16:00:00,0.0034131,0.0034212,0.0034036,0.0034164,360699852.0
2026-09-02 16:15:00,0.0034165,0.0034196,0.0034064,0.0034089,270945638.0
2026-09-02 16:30:00,0.003409,0.003418,0.0033929,0.0033935,354926640.0
2026-09-02 16:45:00,0.0033935,0.0034023,0.0033843,0.0033881,364713882.0
2026-09-02 17:00:00,0.0033882,0.0033949,0.0033753,0.0033791,474364880.0
2026-09-02 17:15:00,0.0033791,0.0033828,0.0033653,0.0033791,452368422.0
2026-09-02 17:30:00,0.0033792,0.0033891,0.0033751,0.0033891,292230819.0
2026-09-02 17:45:00,0.0033892,0.0033964,0.0033874,0.003396,226651515.0
2026-09-02 18:00:00,0.0033961,0.0034031,0.003391,0.0034004,260867325.0
2026-09-02 18:15:00,0.0034003,0.0034098,0.0033935,0.0033973,318594894.0
2026-09-02 18:30:00,0.0033972,0.0034015,0.0033922,0.0033987,273364706.0
2026-09-02 18:45:00,0.0033987,0.003407,0.0033975,0.0034048,161981404.0
2026-09-02 19:00:00,0.0034048,0.0034112,0.0033991,0.0034086,160260904.0
2026-09-02 19:15:00,0.0034086,0.0034121,0.0033929,0.0033929,277742829.0
2026-09-02 19:30:00,0.0033929,0.0033976,0.0033878,0.0033965,250571687.0
2026-09-02 19:45:00,0.0033962,0.0034054,0.0033902,0.003403,134769928.0
2026-09-02 20:00:00,0.0034029,0.0034283,0.0033915,0.0034022,1407453937.0
2026-09-02 20:15:00,0.0034024,0.0034241,0.0033847,0.003412,862591755.0
2026-09-02 20:30:00,0.0034119,0.003425,0.0034093,0.0034126,455301819.0
2026-09-02 20:45:00,0.0034126,0.0034255,0.0034078,0.0034194,322627987.0
2026-09-02 21:00:00,0.0034195,0.0034214,0.0034061,0.0034087,306787012.0
2026-09-02 21:15:00,0.0034087,0.0034122,0.0034027,0.0034034,142685654.0
2026-09-02 21:30:00,0.0034034,0.0034235,0.0033991,0.003423,255837861.0
2026-09-02 21:45:00,0.0034232,0.0034232,0.0034062,0.0034096,160152438.0
2026-09-02 22:00:00,0.0034096,0.0034115,0.0033915,0.0033947,203499242.0
2026-09-02 22:15:00,0.0033948,0.0033991,0.0033883,0.0033902,139025846.0
2026-09-02 22:30:00,0.0033902,0.0034063,0.0033902,0.0034036,205866287.0
2026-09-02 22:45:00,0.0034036,0.0034036,0.0033927,0.0033971,244262906.0
2026-09-02 23:00:00,0.0033972,0.0034161,0.003393,0.0034145,232746987.0
2026-09-02 23:15:00,0.0034146,0.003424,0.0034067,0.0034206,377140492.0
2026-09-02 23:30:00,0.0034206,0.0034242,0.0034109,0.0034142,122173415.0
2026-09-02 23:45:00,0.0034143,0.0034332,0.0034143,0.0034306,211855546.0
2026-09-03 00:00:00,0.0034306,0.0034397,0.0034205,0.003422,307658218.0
2026-09-03 00:15:00,0.0034216,0.0034233,0.0034071,0.0034106,239163870.0
2026-09-03 00:30:00,0.0034107,0.0034166,0.0033994,0.0034107,305045411.0
2026-09-03 00:45:00,0.0034106,0.0034162,0.0034069,0.003409,186714987.0
2026-09-03 01:00:00,0.0034089,0.003446,0.0033928,0.0034442,683873541.0
2026-09-03 01:15:00,0.0034442,0.00346,0.0034383,0.0034556,637206994.0
2026-09-03 01:30:00,0.0034556,0.003463,0.0034469,0.003447,532048860.0
2026-09-03 01:45:00,0.003447,0.0034529,0.0034363,0.0034389,317144120.0
2026-09-03 02:00:00,0.0034389,0.0034492,0.0034305,0.003449,334066425.0
2026-09-03 02:15:00,0.0034489,0.0034569,0.0034415,0.0034543,178059381.0
2026-09-03 02:30:00,0.0034543,0.0034825,0.0034511,0.0034688,793007196.0
2026-09-03 02:45:00,0.0034687,0.0034804,0.0034667,0.0034757,382828798.0
2026-09-03 03:00:00,0.0034758,0.003477,0.0034617,0.0034731,306240325.0
2026-09-03 03:15:00,0.0034729,0.0034744,0.0034593,0.0034596,330710190.0
2026-09-03 03:30:00,0.0034596,0.0034672,0.003446,0.0034513,439024083.0
2026-09-03 03:45:00,0.0034513,0.0034575,0.0034479,0.0034542,102725623.0
2026-09-03 04:00:00,0.0034543,0.0034616,0.0034472,0.0034482,251553492.0
2026-09-03 04:15:00,0.0034483,0.0034485,0.0034383,0.0034402,337115099.0
2026-09-03 04:30:00,0.0034403,0.0034433,0.0034358,0.0034383,174521714.0
2026-09-03 04:45:00,0.0034383,0.0034641,0.0034383,0.0034631,312767559.0
2026-09-03 05:00:00,0.0034632,0.0034667,0.0034465,0.0034523,261836358.0
2026-09-03 05:15:00,0.0034524,0.0034533,0.003406,0.0034145,896582790.0
2026-09-03 05:30:00,0.0034145,0.0034356,0.0034121,0.0034356,404393222.0
2026-09-03 05:45:00,0.0034356,0.0034562,0.0034287,0.0034548,491441527.0
2026-09-03 06:00:00,0.0034548,0.0034582,0.0034473,0.0034522,421658592.0
2026-09-03 06:15:00,0.0034522,0.0034597,0.0034488,0.0034556,224821634.0
2026-09-03 06:30:00,0.0034555,0.0034595,0.0034533,0.0034585,199419773.0
2026-09-03 06:45:00,0.0034585,0.0034595,0.0034502,0.0034526,105225702.0
2026-09-03 07:00:00,0.0034525,0.0034887,0.0034501,0.003475,796324016.0
2026-09-03 07:15:00,0.003475,0.0034762,0.0034606,0.0034677,524237171.0
2026-09-03 07:30:00,0.0034676,0.0034821,0.0034624,0.0034693,444408137.0
2026-09-03 07:45:00,0.0034693,0.0034738,0.0034548,0.0034638,390812781.0
2026-09-03 08:00:00,0.0034639,0.0035019,0.0034629,0.0034868,850315683.0
2026-09-03 08:15:00,0.0034868,0.0034895,0.0034717,0.0034786,281599033.0
2026-09-03 08:30:00,0.0034787,0.0034807,0.0034676,0.0034707,265975413.0
2026-09-03 08:45:00,0.0034708,0.003475,0.0034645,0.0034676,283273075.0
2026-09-03 09:00:00,0.0034677,0.0034785,0.0034582,0.003473,317807542.0
2026-09-03 09:15:00,0.003473,0.0034757,0.0034578,0.0034579,244764491.0
2026-09-03 09:30:00,0.003458,0.0034645,0.003455,0.0034596,208206248.0
2026-09-03 09:45:00,0.0034597,0.0034651,0.003447,0.0034515,291380993.0
2026-09-03 10:00:00,0.0034516,0.0034611,0.0034487,0.0034516,278996059.0
2026-09-03 10:15:00,0.0034517,0.0034651,0.0034475,0.0034525,164117178.0
2026-09-03 10:30:00,0.0034525,0.0034557,0.0034385,0.0034444,365614907.0
2026-09-03 10:45:00,0.0034444,0.003464,0.0034434,0.0034621,225033604.0
2026-09-03 11:00:00,0.0034622,0.0034665,0.0034556,0.0034618,280086890.0
2026-09-03 11:15:00,0.0034619,0.0034763,0.0034618,0.0034752,199135331.0
2026-09-03 11:30:00,0.0034753,0.0034848,0.0034704,0.0034798,425443306.0
2026-09-03 11:45:00,0.0034799,0.0034857,0.0034756,0.003483,320001879.0
2026-09-03 12:00:00,0.003483,0.0034895,0.0034752,0.0034876,252026999.0
2026-09-03 12:15:00,0.0034875,0.00349,0.0034722,0.0034739,252192505.0
2026-09-03 12:30:00,0.0034739,0.003506,0.0034739,0.0034816,932039929.0
2026-09-03 12:45:00,0.0034815,0.0035141,0.0034803,0.0035038,820930391.0
2026-09-03 13:00:00,0.0035038,0.0035055,0.0034913,0.0034978,562202771.0
2026-09-03 13:15:00,0.0034979,0.0035028,0.0034876,0.0034892,336561676.0
2026-09-03 13:30:00,0.0034893,0.0035127,0.0034854,0.0035068,715501887.0
2026-09-03 13:45:00,0.003506,0.0035106,0.0034926,0.0034979,471121672.0
2026-09-03 14:00:00,0.003498,0.0035141,0.0034887,0.0035141,773825999.0
2026-09-03 14:15:00,0.0035132,0.0035399,0.0035074,0.003538,952999953.0
2026-09-03 14:30:00,0.0035381,0.0036372,0.0035336,0.0036328,4495499882.0
2026-09-03 14:45:00,0.0036328,0.0037583,0.003624,0.0037484,6458734991.0
2026-09-03 15:00:00,0.0037486,0.0037659,0.003686,0.0037142,3643811778.0
2026-09-03 15:15:00,0.0037142,0.0037569,0.0037056,0.0037564,1842428769.0
2026-09-03 15:30:00,0.0037563,0.0038475,0.0037475,0.0037961,3990278983.0
2026-09-03 15:45:00,0.003796,0.0038671,0.0037659,0.0038591,3165741182.0
2026-09-03 16:00:00,0.0038592,0.003866,0.0037955,0.003798,2850760602.0
2026-09-03 16:15:00,0.0037979,0.0038144,0.0037685,0.0037928,2071593886.0
2026-09-03 16:30:00,0.0037929,0.0038415,0.0037916,0.0038163,2629094083.0
2026-09-03 16:45:00,0.0038172,0.0038635,0.0038172,0.0038363,1409235613.0
2026-09-03 17:00:00,0.0038363,0.0038501,0.0038201,0.0038249,1089074843.0
2026-09-03 17:15:00,0.0038249,0.0038474,0.0037921,0.0038154,2026335230.0
2026-09-03 17:30:00,0.0038154,0.0038437,0.0038126,0.0038384,911813418.0
2026-09-03 17:45:00,0.0038384,0.0038547,0.003827,0.0038375,1105602847.0
2026-09-03 18:00:00,0.0038374,0.0038824,0.0038315,0.0038673,1439654606.0
2026-09-03 18:15:00,0.0038673,0.0038724,0.0038314,0.0038353,998185029.0
2026-09-03 18:30:00,0.0038354,0.0038411,0.0038114,0.0038147,685414790.0
2026-09-03 18:45:00,0.0038148,0.0038333,0.0038093,0.0038285,624450048.0
2026-09-03 19:00:00,0.0038284,0.0038505,0.0038008,0.0038023,855999596.0
2026-09-03 19:15:00,0.0038022,0.0038247,0.0037974,0.0038125,470042887.0
2026-09-03 19:30:00,0.0038124,0.0038124,0.0037882,0.0037951,519530548.0
2026-09-03 19:45:00,0.0037947,0.0038135,0.0037724,0.0038095,1377151177.0
2026-09-03 20:00:00,0.0038093,0.0038098,0.0037727,0.0037779,671147698.0
2026-09-03 20:15:00,0.0037778,0.0037964,0.0037725,0.0037842,394570581.0
2026-09-03 20:30:00,0.0037842,0.003786,0.0037434,0.0037565,1243273904.0
2026-09-03 20:45:00,0.0037564,0.00377,0.0037502,0.0037542,444175789.0
2026-09-03 21:00:00,0.0037542,0.0037735,0.003747,0.00377,441236079.0
2026-09-03 21:15:00,0.0037699,0.0038011,0.0037611,0.0037759,1247345826.0
2026-09-03 21:30:00,0.0037761,0.0038088,0.0037626,0.0037799,1321707500.0
2026-09-03 21:45:00,0.0037798,0.0037832,0.0037619,0.0037637,349602260.0
2026-09-03 22:00:00,0.0037635,0.0037659,0.0037083,0.0037196,1497294278.0
2026-09-03 22:15:00,0.0037195,0.0037271,0.003694,0.0036979,859262923.0
2026-09-03 22:30:00,0.0036977,0.0037053,0.0036708,0.0036837,1124503633.0
2026-09-03 22:45:00,0.0036836,0.0036946,0.0036615,0.0036694,867760566.0
2026-09-03 23:00:00,0.0036693,0.0036804,0.0036585,0.0036649,583341578.0
2026-09-03 23:15:00,0.0036648,0.003673,0.0036506,0.0036729,827032594.0
2026-09-03 23:30:00,0.003673,0.0037047,0.0036629,0.0036922,1019608100.0
2026-09-03 23:45:00,0.0036921,0.0037162,0.0036907,0.0037128,707973125.0
2026-09-04 00:00:00,0.0037129,0.0037182,0.0036864,0.0037003,888945250.0
2026-09-04 00:15:00,0.0037003,0.0037082,0.0036821,0.0036864,577150665.0
2026-09-04 00:30:00,0.0036863,0.0037167,0.0036856,0.0037,752902731.0
2026-09-04 00:45:00,0.0037,0.0037016,0.0036556,0.0036626,840678590.0
2026-09-04 01:00:00,0.0036627,0.0036781,0.0036427,0.0036702,1276105035.0
2026-09-04 01:15:00,0.0036701,0.0036752,0.003648,0.0036558,475310038.0
2026-09-04 01:30:00,0.0036557,0.0036615,0.0036435,0.0036485,379972385.0
2026-09-04 01:45:00,0.0036485,0.0036714,0.0036459,0.0036655,460479841.0
2026-09-04 02:00:00,0.0036655,0.0036666,0.0036415,0.003657,475187752.0
2026-09-04 02:15:00,0.003657,0.003666,0.0036422,0.0036515,342571128.0
2026-09-04 02:30:00,0.0036515,0.0036696,0.0036515,0.0036655,412185273.0
2026-09-04 02:45:00,0.0036654,0.0036881,0.0036602,0.0036881,504276951.0
2026-09-04 03:00:00,0.0036882,0.0036942,0.0036707,0.0036783,568282427.0
2026-09-04 03:15:00,0.0036782,0.0036783,0.003659,0.0036635,272868141.0
2026-09-04 03:30:00,0.0036635,0.003671,0.0036608,0.0036679,197993225.0
2026-09-04 03:45:00,0.003668,0.0036696,0.0036625,0.003663,220754844.0
2026-09-04 04:00:00,0.0036631,0.0036699,0.0036588,0.0036692,242599052.0
2026-09-04 04:15:00,0.0036692,0.0036949,0.003669,0.0036926,741208952.0
2026-09-04 04:30:00,0.0036927,0.0036956,0.0036643,0.003666,416954176.0
2026-09-04 04:45:00,0.003666,0.003668,0.0036571,0.003664,342418687.0
2026-09-04 05:00:00,0.0036639,0.003672,0.0036537,0.0036574,505852959.0
2026-09-04 05:15:00,0.0036574,0.0036717,0.0036536,0.0036543,475324807.0
2026-09-04 05:30:00,0.0036543,0.0036577,0.0036426,0.0036498,592957953.0
2026-09-04 05:45:00,0.0036498,0.0036562,0.0036152,0.0036349,984421337.0
2026-09-04 06:00:00,0.0036348,0.0036499,0.0036243,0.0036401,442641186.0
2026-09-04 06:15:00,0.0036402,0.0036402,0.0036192,0.0036204,292322241.0
2026-09-04 06:30:00,0.0036204,0.003641,0.0036174,0.0036393,330111350.0
2026-09-04 06:45:00,0.0036394,0.0036413,0.0036343,0.0036406,216992095.0
2026-09-04 07:00:00,0.0036407,0.0036512,0.0036367,0.0036468,486073413.0
2026-09-04 07:15:00,0.0036468,0.0036468,0.0036333,0.0036446,279275467.0
2026-09-04 07:30:00,0.0036445,0.0036497,0.0036369,0.0036453,162653736.0
2026-09-04 07:45:00,0.0036454,0.003648,0.0036267,0.0036312,430962674.0
2026-09-04 08:00:00,0.0036314,0.0036432,0.0036256,0.0036364,489742939.0
2026-09-04 08:15:00,0.0036364,0.003647,0.003633,0.0036459,285138921.0
2026-09-04 08:30:00,0.0036458,0.0036568,0.0036445,0.0036527,559574682.0
2026-09-04 08:45:00,0.0036527,0.003683,0.0036459,0.0036799,1741594056.0
2026-09-04 09:00:00,0.0036798,0.0036881,0.0036698,0.0036752,781589385.0
2026-09-04 09:15:00,0.0036753,0.0037035,0.0036572,0.0036696,1210684389.0
2026-09-04 09:30:00,0.0036696,0.0036896,0.0036645,0.0036748,622867261.0
2026-09-04 09:45:00,0.0036749,0.0036848,0.0036632,0.0036646,553858434.0
2026-09-04 10:00:00,0.0036646,0.0036714,0.0036412,0.0036557,648265831.0
2026-09-04 10:15:00,0.0036556,0.0036627,0.0036422,0.003658,442078559.0
2026-09-04 10:30:00,0.003658,0.0036693,0.0036524,0.0036639,607770176.0
2026-09-04 10:45:00,0.0036639,0.0036689,0.0036562,0.0036687,255500211.0
2026-09-04 11:00:00,0.0036687,0.0036762,0.0036612,0.0036655,552907213.0
2026-09-04 11:15:00,0.0036656,0.0036866,0.0036636,0.0036802,586624440.0
2026-09-04 11:30:00,0.0036802,0.0036965,0.0036768,0.0036907,379573933.0
2026-09-04 11:45:00,0.0036907,0.0036914,0.0036796,0.0036851,254018682.0
2026-09-04 12:00:00,0.0036852,0.0036966,0.0036772,0.003684,731199176.0
2026-09-04 12:15:00,0.0036838,0.0037134,0.0036735,0.0037089,890885323.0
2026-09-04 12:30:00,0.0037099,0.0037099,0.0034856,0.0035448,9232075656.0
2026-09-04 12:45:00,0.0035448,0.0035484,0.0035108,0.0035345,2496523642.0
2026-09-04 13:00:00,0.0035344,0.0035516,0.0035131,0.00352,1660691073.0
2026-09-04 13:15:00,0.0035199,0.0035457,0.0035168,0.0035334,710673164.0
2026-09-04 13:30:00,0.0035334,0.0035551,0.0035186,0.0035443,1586983648.0
2026-09-04 13:45:00,0.0035444,0.0035814,0.0035414,0.0035486,1065455125.0
2026-09-04 14:00:00,0.0035486,0.0035581,0.0035322,0.0035403,442157555.0
2026-09-04 14:15:00,0.0035403,0.0035473,0.003518,0.0035317,602901316.0
2026-09-04 14:30:00,0.0035317,0.0035347,0.0034898,0.0035014,1264203313.0
2026-09-04 14:45:00,0.0035013,0.0035123,0.0034717,0.0035023,1558772488.0
2026-09-04 15:00:00,0.0035024,0.003513,0.0034906,0.003507,758190016.0
2026-09-04 15:15:00,0.003507,0.0035322,0.003503,0.0035258,930269656.0
2026-09-04 15:30:00,0.0035252,0.0035262,0.003515,0.0035252,400901518.0
2026-09-04 15:45:00,0.0035253,0.0035296,0.0035126,0.0035176,568043115.0
2026-09-04 16:00:00,0.0035176,0.0035245,0.0035079,0.0035173,411720932.0
2026-09-04 16:15:00,0.0035173,0.0035331,0.0035173,0.0035329,233830046.0
2026-09-04 16:30:00,0.0035328,0.0035553,0.0035299,0.003547,1038496982.0
2026-09-04 16:45:00,0.003547,0.0035566,0.0035384,0.0035458,453707809.0
2026-09-04 17:00:00,0.0035459,0.0035472,0.0035284,0.0035287,452144316.0
2026-09-04 17:15:00,0.0035288,0.0035355,0.0035216,0.0035279,581847416.0
2026-09-04 17:30:00,0.0035279,0.0035341,0.003521,0.0035234,222727158.0
2026-09-04 17:45:00,0.0035234,0.0035353,0.0035157,0.0035326,365723473.0
2026-09-04 18:00:00,0.0035326,0.0035619,0.0035325,0.0035389,618236788.0
2026-09-04 18:15:00,0.003539,0.0035538,0.003539,0.0035446,198531224.0
2026-09-04 18:30:00,0.0035447,0.003556,0.0035439,0.0035528,174106119.0
2026-09-04 18:45:00,0.0035528,0.0035532,0.0035436,0.0035488,168666123.0
2026-09-04 19:00:00,0.0035489,0.0035583,0.003548,0.0035531,146815324.0
2026-09-04 19:15:00,0.0035532,0.0035724,0.0035517,0.0035702,325691645.0
2026-09-04 19:30:00,0.0035702,0.0035702,0.0035591,0.0035631,198491643.0
2026-09-04 19:45:00,0.0035632,0.0035909,0.0035606,0.0035831,992699723.0
2026-09-04 20:00:00,0.0035831,0.0036026,0.0035686,0.0035694,826227964.0
2026-09-04 20:15:00,0.0035694,0.003579,0.003568,0.0035734,219567281.0
2026-09-04 20:30:00,0.0035735,0.0035842,0.0035714,0.0035755,302400950.0
2026-09-04 20:45:00,0.0035756,0.0035854,0.0035723,0.003576,153190316.0
2026-09-04 21:00:00,0.0035761,0.0035789,0.0035709,0.0035723,148321904.0
2026-09-04 21:15:00,0.0035723,0.0035791,0.003565,0.003568,154604140.0
2026-09-04 21:30:00,0.003568,0.0035809,0.0035664,0.0035753,230630479.0
2026-09-04 21:45:00,0.003575,0.003575,0.0034972,0.0034979,1593866334.0
2026-09-04 22:00:00,0.0034978,0.0035256,0.0034882,0.0035117,1302156788.0
2026-09-04 22:15:00,0.0035116,0.0035137,0.0035051,0.0035104,314007735.0
2026-09-04 22:30:00,0.0035104,0.0035166,0.0035095,0.0035097,244253613.0
2026-09-04 22:45:00,0.0035096,0.003513,0.0035055,0.0035108,193893301.0
2026-09-04 23:00:00,0.0035108,0.0035188,0.0035087,0.0035131,140689327.0
2026-09-04 23:15:00,0.003513,0.0035225,0.003512,0.0035198,151981494.0
2026-09-04 23:30:00,0.0035198,0.0035271,0.0035166,0.0035238,163767693.0
2026-09-04 23:45:00,0.0035238,0.0035252,0.0035186,0.0035217,170618175.0
2026-09-05 00:00:00,0.0035217,0.0035258,0.0035091,0.0035127,465066612.0
2026-09-05 00:15:00,0.0035127,0.0035202,0.0035068,0.0035107,496440476.0
2026-09-05 00:30:00,0.0035107,0.0035132,0.0034917,0.003502,986547017.0
2026-09-05 00:45:00,0.003502,0.0035027,0.0034862,0.0034914,738805370.0
2026-09-05 01:00:00,0.0034915,0.0035072,0.0034875,0.0035016,488847409.0
2026-09-05 01:15:00,0.0035017,0.0035064,0.0034923,0.0035035,340853245.0
2026-09-05 01:30:00,0.0035036,0.003504,0.0034932,0.0034951,196587844.0
2026-09-05 01:45:00,0.0034952,0.0034957,0.0034811,0.0034868,472709936.0
2026-09-05 02:00:00,0.0034868,0.0034887,0.0034766,0.0034812,528348792.0
2026-09-05 02:15:00,0.0034811,0.0034895,0.0034744,0.003478,413176838.0
2026-09-05 02:30:00,0.003478,0.0034833,0.0034435,0.0034664,1640887577.0
2026-09-05 02:45:00,0.0034665,0.0034678,0.0034528,0.0034628,305686733.0
2026-09-05 03:00:00,0.0034628,0.0034633,0.0034488,0.0034545,422295451.0
2026-09-05 03:15:00,0.0034546,0.0034676,0.0034473,0.0034648,683988546.0
2026-09-05 03:30:00,0.0034649,0.0034668,0.003455,0.0034651,223248454.0
2026-09-05 03:45:00,0.0034651,0.0034651,0.0034575,0.0034621,358357318.0
2026-09-05 04:00:00,0.0034622,0.0034648,0.0034504,0.0034584,471827730.0
2026-09-05 04:15:00,0.0034584,0.0034765,0.0034552,0.0034744,482083697.0
2026-09-05 04:30:00,0.0034744,0.0034825,0.0034736,0.0034818,392443814.0
2026-09-05 04:45:00,0.0034818,0.0034854,0.003476,0.0034792,377548490.0
2026-09-05 05:00:00,0.0034792,0.0034847,0.0034688,0.0034732,519161667.0
2026-09-05 05:15:00,0.0034733,0.0034816,0.0034648,0.0034779,448727138.0
2026-09-05 05:30:00,0.003478,0.0034833,0.003476,0.0034779,269655115.0
2026-09-05 05:45:00,0.0034779,0.0034916,0.00347,0.003486,564199766.0
2026-09-05 06:00:00,0.0034861,0.0034937,0.0034844,0.0034882,406803221.0
2026-09-05 06:15:00,0.0034883,0.0035012,0.0034822,0.0034996,349907846.0
2026-09-05 06:30:00,0.0034995,0.0035118,0.0034975,0.0035051,565576432.0
2026-09-05 06:45:00,0.0035051,0.0035149,0.0035012,0.003512,379147102.0
2026-09-05 07:00:00,0.0035121,0.0035185,0.0035086,0.003513,508706562.0
2026-09-05 07:15:00,0.0035129,0.0035217,0.0035082,0.0035179,323154222.0
2026-09-05 07:30:00,0.003518,0.0035241,0.0035137,0.0035193,349215459.0
2026-09-05 07:45:00,0.0035193,0.0035197,0.0035092,0.0035185,229798454.0
2026-09-05 08:00:00,0.0035184,0.0035227,0.0035083,0.0035146,403804490.0
2026-09-05 08:15:00,0.0035145,0.003525,0.0035018,0.0035117,440513267.0
2026-09-05 08:30:00,0.0035116,0.0035148,0.0035034,0.0035113,211385684.0
2026-09-05 08:45:00,0.0035113,0.0035229,0.0035076,0.0035226,254634017.0
2026-09-05 09:00:00,0.0035226,0.0035408,0.0035221,0.0035347,709982369.0
2026-09-05 09:15:00,0.0035346,0.0035347,0.0035232,0.0035246,237381884.0
2026-09-05 09:30:00,0.0035247,0.003532,0.0035239,0.0035307,288053241.0
2026-09-05 09:45:00,0.0035306,0.0035382,0.0035262,0.0035346,294451863.0
2026-09-05 10:00:00,0.0035347,0.0035368,0.0035274,0.0035281,272174255.0
2026-09-05 10:15:00,0.003528,0.0035352,0.0035236,0.0035284,412222608.0
2026-09-05 10:30:00,0.0035284,0.003536,0.0035275,0.0035343,217186195.0
2026-09-05 10:45:00,0.0035342,0.0035428,0.0035275,0.0035292,459396320.0
2026-09-05 11:00:00,0.0035292,0.0035362,0.0035254,0.0035314,290102123.0
2026-09-05 11:15:00,0.0035313,0.0035314,0.0035223,0.0035234,248399991.0
2026-09-05 11:30:00,0.0035234,0.0035281,0.0035201,0.003521,154429923.0
2026-09-05 11:45:00,0.0035209,0.0035326,0.0035189,0.0035263,319694122.0
2026-09-05 12:00:00,0.0035262,0.0035322,0.0035241,0.0035277,222422382.0
2026-09-05 12:15:00,0.0035277,0.0035289,0.0035231,0.0035237,181843847.0
2026-09-05 12:30:00,0.0035237,0.0035673,0.00352,0.0035632,1472115857.0
2026-09-05 12:45:00,0.0035633,0.0035848,0.0035624,0.0035717,1728198816.0
2026-09-05 13:00:00,0.0035718,0.0035812,0.0035669,0.0035783,480193547.0
2026-09-05 13:15:00,0.0035784,0.0035918,0.0035632,0.0035701,1776685843.0
2026-09-05 13:30:00,0.0035703,0.0035749,0.0035562,0.0035594,782162122.0
2026-09-05 13:45:00,0.0035594,0.0035681,0.0035457,0.0035536,543513367.0
2026-09-05 14:00:00,0.0035535,0.0035661,0.0035532,0.003566,350449330.0
2026-09-05 14:15:00,0.0035659,0.0035784,0.0035638,0.0035732,314725766.0
2026-09-05 14:30:00,0.0035732,0.0035768,0.0035665,0.0035672,274758750.0
2026-09-05 14:45:00,0.0035671,0.0035786,0.0035606,0.0035715,484645364.0
2026-09-05 15:00:00,0.0035715,0.0035759,0.0035651,0.0035657,331490986.0
2026-09-05 15:15:00,0.0035657,0.003569,0.0035539,0.00356,519255140.0
2026-09-05 15:30:00,0.00356,0.0035694,0.0035578,0.0035634,424403472.0
2026-09-05 15:45:00,0.0035633,0.0035697,0.0035585,0.0035685,218118841.0
2026-09-05 16:00:00,0.0035684,0.0035689,0.0035589,0.0035604,245008842.0
2026-09-05 16:15:00,0.0035604,0.0035748,0.0035583,0.0035748,280355558.0
2026-09-05 16:30:00,0.0035748,0.0035977,0.003571,0.0035761,1106072287.0
2026-09-05 16:45:00,0.0035761,0.0035948,0.0035726,0.003583,698832093.0
2026-09-05 17:00:00,0.0035829,0.0036111,0.0035671,0.0036086,1775064784.0
2026-09-05 17:15:00,0.0036086,0.0036159,0.003586,0.0035919,1023568523.0
2026-09-05 17:30:00,0.0035919,0.0036047,0.0035782,0.003584,479908781.0
2026-09-05 17:45:00,0.0035841,0.003712,0.0035803,0.0036721,3071892773.0
2026-09-05 18:00:00,0.0036722,0.0036912,0.0036334,0.0036534,2327968345.0
2026-09-05 18:15:00,0.0036534,0.0036558,0.0036287,0.0036306,961564628.0
2026-09-05 18:30:00,0.0036304,0.0036436,0.0036178,0.0036265,727861917.0
2026-09-05 18:45:00,0.0036266,0.0036325,0.0036169,0.0036197,431663027.0
2026-09-05 19:00:00,0.0036198,0.0036281,0.0036066,0.0036152,770549135.0
2026-09-05 19:15:00,0.0036152,0.0036348,0.0036079,0.0036281,448657805.0
2026-09-05 19:30:00,0.0036282,0.0036336,0.0036081,0.0036231,332432371.0
2026-09-05 19:45:00,0.0036231,0.0036243,0.0035933,0.0036081,1202143554.0
2026-09-05 20:00:00,0.0036081,0.00363,0.0036044,0.0036208,790067925.0
2026-09-05 20:15:00,0.0036207,0.0036214,0.003601,0.0036082,649373437.0
2026-09-05 20:30:00,0.0036082,0.0036242,0.0036026,0.0036235,437340370.0
2026-09-05 20:45:00,0.0036234,0.0036326,0.0036169,0.0036213,444003392.0
2026-09-05 21:00:00,0.0036214,0.0036414,0.0036153,0.003636,452143891.0
2026-09-05 21:15:00,0.003636,0.0036532,0.0036338,0.0036486,311969522.0
2026-09-05 21:30:00,0.0036486,0.0036534,0.0036335,0.0036454,388481594.0
2026-09-05 21:45:00,0.0036453,0.0036579,0.0036366,0.0036437,215632480.0
2026-09-05 22:00:00,0.0036437,0.0036539,0.0036374,0.0036479,293416351.0
2026-09-05 22:15:00,0.003648,0.0036512,0.0036166,0.0036249,555783992.0
2026-09-05 22:30:00,0.0036248,0.0036297,0.0036177,0.0036186,435247868.0
2026-09-05 22:45:00,0.0036187,0.0036318,0.0036172,0.003627,382570645.0
2026-09-05 23:00:00,0.003627,0.0036289,0.0036139,0.0036148,323735485.0
2026-09-05 23:15:00,0.0036148,0.0036204,0.0036,0.0036112,619180273.0
2026-09-05 23:30:00,0.0036111,0.0036181,0.0036002,0.0036149,320946484.0
2026-09-05 23:45:00,0.0036148,0.0036231,0.0036062,0.0036134,459433214.0
2026-09-06 00:00:00,0.0036134,0.0036153,0.0036078,0.0036099,227949876.0
2026-09-06 00:15:00,0.00361,0.0036263,0.0036096,0.003625,356407578.0
2026-09-06 00:30:00,0.0036251,0.0036336,0.0036176,0.0036227,550316487.0
2026-09-06 00:45:00,0.0036227,0.0036267,0.0036167,0.0036176,270912003.0
2026-09-06 01:00:00,0.0036177,0.0036352,0.003615,0.0036304,518783961.0
2026-09-06 01:15:00,0.0036303,0.0036376,0.0036257,0.0036294,427006701.0
2026-09-06 01:30:00,0.0036293,0.00365,0.0036259,0.0036425,970698413.0
2026-09-06 01:45:00,0.0036425,0.0036528,0.0036354,0.0036456,686794619.0
2026-09-06 02:00:00,0.0036457,0.0036673,0.0036405,0.0036556,689565909.0
2026-09-06 02:15:00,0.0036555,0.0036602,0.0036308,0.0036391,839466201.0
2026-09-06 02:30:00,0.0036392,0.0036638,0.0036392,0.003653,290974406.0
2026-09-06 02:45:00,0.003653,0.0036621,0.0036486,0.0036533,224208245.0
2026-09-06 03:00:00,0.0036533,0.0036636,0.0036485,0.0036613,224182433.0
2026-09-06 03:15:00,0.0036612,0.00367,0.0036464,0.003655,288917153.0
2026-09-06 03:30:00,0.0036551,0.003691,0.0036551,0.0036839,782579691.0
2026-09-06 03:45:00,0.0036838,0.0036869,0.0036635,0.0036674,274883229.0
2026-09-06 04:00:00,0.0036674,0.0036687,0.0036434,0.0036512,415098712.0
2026-09-06 04:15:00,0.0036512,0.0036544,0.0036066,0.0036334,1483822155.0
2026-09-06 04:30:00,0.0036334,0.0036408,0.0036276,0.0036406,404694158.0
2026-09-06 04:45:00,0.0036407,0.0036466,0.003629,0.0036321,392531460.0
2026-09-06 05:00:00,0.0036321,0.0036433,0.0036253,0.0036279,323452560.0
2026-09-06 05:15:00,0.003628,0.0036451,0.003628,0.0036388,362941758.0
2026-09-06 05:30:00,0.0036389,0.0036721,0.0036361,0.0036595,572509089.0
2026-09-06 05:45:00,0.0036595,0.003664,0.0036511,0.0036542,340882429.0
2026-09-06 06:00:00,0.0036543,0.0036556,0.0036441,0.0036504,298796404.0
2026-09-06 06:15:00,0.0036504,0.0036525,0.003633,0.0036335,398941022.0
2026-09-06 06:30:00,0.0036336,0.0036503,0.0036308,0.0036503,350053973.0
2026-09-06 06:45:00,0.0036503,0.0036515,0.0036371,0.0036407,245194095.0
2026-09-06 07:00:00,0.0036407,0.0036478,0.0036026,0.0036149,1209205695.0
2026-09-06 07:15:00,0.0036149,0.0036324,0.0036149,0.0036228,551353205.0
2026-09-06 07:30:00,0.0036229,0.0036329,0.003618,0.0036306,396984024.0
2026-09-06 07:45:00,0.0036306,0.003638,0.0036263,0.0036322,299682612.0
2026-09-06 08:00:00,0.0036323,0.0036348,0.0036252,0.0036337,285862541.0
2026-09-06 08:15:00,0.0036338,0.0036351,0.0036113,0.0036138,473950909.0
2026-09-06 08:30:00,0.0036139,0.0036204,0.0036081,0.0036131,526195564.0
2026-09-06 08:45:00,0.0036131,0.0036208,0.0036075,0.0036143,436168996.0
2026-09-06 09:00:00,0.0036143,0.0036261,0.0036108,0.0036247,290175486.0
2026-09-06 09:15:00,0.0036247,0.0036485,0.0036206,0.0036464,421848320.0
2026-09-06 09:30:00,0.0036463,0.0036532,0.0036176,0.0036264,649532241.0
2026-09-06 09:45:00,0.0036264,0.003637,0.0036256,0.0036351,522247549.0
2026-09-06 10:00:00,0.0036351,0.0036396,0.0036262,0.0036262,301295225.0
2026-09-06 10:15:00,0.0036263,0.0036334,0.0036224,0.0036265,246328893.0
2026-09-06 10:30:00,0.0036266,0.0036366,0.003622,0.0036355,257423949.0
2026-09-06 10:45:00,0.0036355,0.0036412,0.0036294,0.00364,236212734.0
2026-09-06 11:00:00,0.00364,0.0036417,0.0036287,0.003637,214045888.0
2026-09-06 11:15:00,0.003637,0.0036455,0.0036322,0.0036346,324824312.0
2026-09-06 11:30:00,0.0036347,0.0036413,0.0036309,0.0036363,213218454.0
2026-09-06 11:45:00,0.0036363,0.0036465,0.0036346,0.0036365,195282085.0
2026-09-06 12:00:00,0.0036366,0.0036407,0.003628,0.00364,257015595.0
2026-09-06 12:15:00,0.00364,0.0036444,0.0036287,0.0036299,191523824.0
2026-09-06 12:30:00,0.0036299,0.0036361,0.0036201,0.0036224,318852199.0
2026-09-06 12:45:00,0.0036224,0.0036291,0.0036121,0.0036245,512691095.0
2026-09-06 13:00:00,0.0036244,0.0036263,0.0036145,0.0036162,590887624.0
2026-09-06 13:15:00,0.0036163,0.003618,0.00356,0.0035942,3051265943.0
2026-09-06 13:30:00,0.0035943,0.0036064,0.0035935,0.0036035,443768621.0
2026-09-06 13:45:00,0.0036033,0.0036208,0.0036006,0.0036163,464324845.0
2026-09-06 14:00:00,0.0036164,0.0036178,0.0035983,0.0036008,459656762.0
2026-09-06 14:15:00,0.0036008,0.0036069,0.0035654,0.0035747,1703226159.0
2026-09-06 14:30:00,0.0035748,0.0035825,0.0035301,0.003579,2373038817.0
2026-09-06 14:45:00,0.003579,0.0035866,0.0035655,0.003572,709906196.0
2026-09-06 15:00:00,0.003572,0.0035732,0.003545,0.003569,1126084715.0
2026-09-06 15:15:00,0.003569,0.0035772,0.0035628,0.0035749,636955939.0
2026-09-06 15:30:00,0.0035749,0.0035817,0.0035668,0.0035781,299994801.0
2026-09-06 15:45:00,0.0035781,0.0035838,0.0035739,0.0035789,315115549.0
2026-09-06 16:00:00,0.0035789,0.0035884,0.0035709,0.0035862,328579120.0
2026-09-06 16:15:00,0.0035863,0.0036017,0.0035852,0.003601,451482359.0
2026-09-06 16:30:00,0.0036009,0.0036084,0.0035945,0.0036042,313502445.0
2026-09-06 16:45:00,0.0036043,0.0036053,0.0035963,0.0036021,191146248.0
2026-09-06 17:00:00,0.0036021,0.0036029,0.0035832,0.0035889,361894654.0
2026-09-06 17:15:00,0.0035889,0.0036039,0.0035851,0.0035851,279415775.0
2026-09-06 17:30:00,0.0035852,0.0036029,0.0035812,0.0035988,244082465.0
2026-09-06 17:45:00,0.0035988,0.0036003,0.0035929,0.0035948,145977710.0
2026-09-06 18:00:00,0.0035948,0.0035983,0.0035915,0.0035934,121350159.0
2026-09-06 18:15:00,0.0035934,0.0036022,0.0035914,0.0035978,205281590.0
2026-09-06 18:30:00,0.0035978,0.0036068,0.0035978,0.0036009,193777609.0
2026-09-06 18:45:00,0.0036009,0.0036026,0.0035924,0.0036002,137642776.0
2026-09-06 19:00:00,0.0036002,0.0036037,0.0035935,0.0035997,127983206.0
2026-09-06 19:15:00,0.0035997,0.0036047,0.0035943,0.0036003,92938374.0
2026-09-06 19:30:00,0.0036002,0.0036011,0.0035923,0.0035942,160546616.0
2026-09-06 19:45:00,0.0035942,0.0035997,0.0035924,0.003596,83541327.0
2026-09-06 20:00:00,0.0035959,0.0036009,0.0035925,0.0035998,104861417.0
2026-09-06 20:15:00,0.0035997,0.0036132,0.0035979,0.0036105,187870946.0
2026-09-06 20:30:00,0.0036105,0.0036264,0.0036105,0.0036171,471920325.0
2026-09-06 20:45:00,0.0036172,0.0036316,0.0036156,0.0036264,323575115.0
2026-09-06 21:00:00,0.0036265,0.003644,0.0036229,0.0036425,524079745.0
2026-09-06 21:15:00,0.0036424,0.0036572,0.0036328,0.0036376,1044472606.0
2026-09-06 21:30:00,0.0036377,0.0036568,0.003635,0.0036421,324881905.0
2026-09-06 21:45:00,0.0036421,0.0036486,0.0036357,0.003641,145479956.0
2026-09-06 22:00:00,0.003641,0.0036428,0.003606,0.0036082,710291719.0
2026-09-06 22:15:00,0.0036081,0.0036178,0.003592,0.0036152,431167154.0
2026-09-06 22:30:00,0.0036151,0.0036286,0.0036148,0.0036243,412394313.0
2026-09-06 22:45:00,0.0036242,0.0036297,0.0036166,0.0036233,429273393.0
2026-09-06 23:00:00,0.0036232,0.0036408,0.0036202,0.0036349,266986459.0
2026-09-06 23:15:00,0.0036349,0.0036473,0.0036319,0.0036432,294006021.0
2026-09-06 23:30:00,0.0036431,0.0036594,0.0036403,0.0036521,457733449.0
2026-09-06 23:45:00,0.0036521,0.0036612,0.0036461,0.0036559,587710212.0
2026-09-07 00:00:00,0.0036559,0.0036668,0.0036481,0.003663,579070648.0
2026-09-07 00:15:00,0.0036631,0.0036699,0.003651,0.003667,381266681.0
2026-09-07 00:30:00,0.003667,0.0036743,0.0036572,0.0036624,485597476.0
2026-09-07 00:45:00,0.0036625,0.0036702,0.0036418,0.0036528,848588179.0
2026-09-07 01:00:00,0.0036529,0.0036547,0.0036257,0.0036288,830486462.0
2026-09-07 01:15:00,0.0036288,0.0036314,0.0036054,0.0036091,1050761179.0
2026-09-07 01:30:00,0.003609,0.0036133,0.0035761,0.0035845,942853136.0
2026-09-07 01:45:00,0.0035845,0.003597,0.0035813,0.0035903,484354585.0
2026-09-07 02:00:00,0.0035903,0.0035942,0.0035746,0.0035886,513141291.0
2026-09-07 02:15:00,0.0035886,0.003607,0.0035879,0.0036034,468183301.0
2026-09-07 02:30:00,0.0036033,0.0036592,0.0035993,0.0036477,1861241508.0
2026-09-07 02:45:00,0.003648,0.0036543,0.0036054,0.0036093,826253191.0
2026-09-07 03:00:00,0.0036092,0.003616,0.0035974,0.0036035,646832184.0
2026-09-07 03:15:00,0.0036035,0.0036077,0.0035844,0.0035854,416376786.0
2026-09-07 03:30:00,0.0035855,0.0035877,0.003567,0.0035714,563421697.0
2026-09-07 03:45:00,0.0035715,0.0035846,0.0035715,0.0035746,211323897.0
2026-09-07 04:00:00,0.0035746,0.0035852,0.0035736,0.0035851,234791560.0
2026-09-07 04:15:00,0.0035852,0.0035924,0.0035815,0.003583,237596574.0
2026-09-07 04:30:00,0.0035829,0.0035926,0.0035775,0.0035926,362580301.0
2026-09-07 04:45:00,0.0035925,0.0035975,0.003586,0.0035949,319037935.0
2026-09-07 05:00:00,0.003595,0.0036121,0.0035919,0.0036114,484043871.0
2026-09-07 05:15:00,0.0036114,0.0036358,0.0036102,0.0036246,586232230.0
2026-09-07 05:30:00,0.0036245,0.0036316,0.0036174,0.0036258,318712019.0
2026-09-07 05:45:00,0.0036258,0.0036285,0.0036034,0.0036062,240188405.0
2026-09-07 06:00:00,0.0036062,0.0036294,0.0036041,0.0036254,238768870.0
2026-09-07 06:15:00,0.0036254,0.003626,0.0036108,0.0036108,208039583.0
2026-09-07 06:30:00,0.0036107,0.0036167,0.0035926,0.0035942,628436751.0
2026-09-07 06:45:00,0.0035942,0.0035991,0.0035916,0.0035986,276371888.0
2026-09-07 07:00:00,0.0035986,0.0036091,0.0035907,0.0036038,232807626.0
2026-09-07 07:15:00,0.0036039,0.0036098,0.0035766,0.0035779,661128398.0
2026-09-07 07:30:00,0.0035779,0.0035911,0.0035319,0.003557,1921329379.0
2026-09-07 07:45:00,0.003557,0.0035644,0.0035532,0.003562,597157726.0
2026-09-07 08:00:00,0.0035621,0.0035835,0.0035575,0.0035773,612449255.0
2026-09-07 08:15:00,0.0035775,0.0035888,0.0035757,0.0035843,366398944.0
2026-09-07 08:30:00,0.0035844,0.0035967,0.0035808,0.0035966,513833188.0
2026-09-07 08:45:00,0.0035966,0.0035981,0.0035856,0.0035898,270202319.0
2026-09-07 09:00:00,0.0035898,0.0036055,0.0035858,0.0036014,281440805.0
2026-09-07 09:15:00,0.0036014,0.003606,0.0035932,0.0035997,316259930.0
2026-09-07 09:30:00,0.0035996,0.0036013,0.003586,0.0035933,183008557.0
2026-09-07 09:45:00,0.0035933,0.0035978,0.0035742,0.0035762,407285263.0
2026-09-07 10:00:00,0.0035763,0.0035871,0.0035758,0.0035871,362366953.0
2026-09-07 10:15:00,0.0035872,0.0035991,0.003587,0.0035971,139506707.0
2026-09-07 10:30:00,0.0035971,0.0036009,0.0035883,0.0036004,136453816.0
2026-09-07 10:45:00,0.0036004,0.0036157,0.0036,0.0036028,443330460.0
2026-09-07 11:00:00,0.0036028,0.003608,0.0035955,0.0036046,261696101.0
2026-09-07 11:15:00,0.0036046,0.0036137,0.0036016,0.0036053,137828496.0
2026-09-07 11:30:00,0.0036052,0.0036113,0.0036026,0.0036053,121597050.0
2026-09-07 11:45:00,0.0036054,0.0036078,0.0035953,0.0035983,369839579.0
2026-09-07 12:00:00,0.0035983,0.0036344,0.0035978,0.0036226,793254170.0
2026-09-07 12:15:00,0.0036226,0.0036306,0.0036174,0.0036279,643655458.0
2026-09-07 12:30:00,0.003628,0.003658,0.0036251,0.0036578,787072168.0
2026-09-07 12:45:00,0.0036579,0.0037115,0.0036541,0.0036953,2656926666.0
2026-09-07 13:00:00,0.0036954,0.003703,0.003672,0.0036774,994771751.0
2026-09-07 13:15:00,0.0036773,0.0036997,0.0036735,0.003688,522384182.0
2026-09-07 13:30:00,0.0036879,0.0036914,0.0036457,0.0036563,1188860305.0
2026-09-07 13:45:00,0.0036563,0.0036758,0.0036521,0.0036637,395429240.0
2026-09-07 14:00:00,0.0036637,0.0036697,0.0036242,0.003633,1303347019.0
2026-09-07 14:15:00,0.0036331,0.0036433,0.0036243,0.0036274,538936986.0
2026-09-07 14:30:00,0.0036274,0.0036332,0.0036079,0.0036203,1102729849.0
2026-09-07 14:45:00,0.0036203,0.0036588,0.0036175,0.0036548,644875663.0
2026-09-07 15:00:00,0.0036548,0.0036551,0.0036027,0.0036057,690976869.0
2026-09-07 15:15:00,0.0036057,0.0036197,0.0035804,0.0036018,880188912.0
2026-09-07 15:30:00,0.0036017,0.003602,0.0035528,0.0035675,2415699189.0
2026-09-07 15:45:00,0.0035674,0.003572,0.00355,0.003565,692985674.0
2026-09-07 16:00:00,0.0035651,0.0035932,0.0035639,0.003592,700857403.0
2026-09-07 16:15:00,0.0035921,0.0036,0.0035849,0.0035972,379455644.0
2026-09-07 16:30:00,0.0035972,0.0036363,0.0035935,0.0036319,716482258.0
2026-09-07 16:45:00,0.0036319,0.0036383,0.0036238,0.0036318,382435576.0
2026-09-07 17:00:00,0.0036318,0.0036359,0.0036206,0.0036327,759892463.0
2026-09-07 17:15:00,0.0036327,0.003634,0.0036191,0.0036281,261011494.0
2026-09-07 17:30:00,0.0036281,0.0036288,0.0036124,0.0036238,231851430.0
2026-09-07 17:45:00,0.0036237,0.0036299,0.003613,0.0036145,163417237.0
2026-09-07 18:00:00,0.0036144,0.0036218,0.0036029,0.0036045,348736943.0
2026-09-07 18:15:00,0.0036044,0.0036142,0.0036008,0.0036034,213581153.0
2026-09-07 18:30:00,0.0036033,0.0036066,0.0035816,0.0035927,449792908.0
2026-09-07 18:45:00,0.0035928,0.0036089,0.003591,0.003597,243235674.0
2026-09-07 19:00:00,0.003597,0.0035989,0.0035877,0.0035989,153762450.0
2026-09-07 19:15:00,0.0035989,0.0036152,0.0035979,0.0036121,148585006.0
2026-09-07 19:30:00,0.0036121,0.00363,0.0036109,0.0036251,197862513.0
2026-09-07 19:45:00,0.0036252,0.0036368,0.0036222,0.0036296,301348768.0
2026-09-07 20:00:00,0.0036297,0.0036315,0.0036099,0.0036168,395792666.0
2026-09-07 20:15:00,0.0036168,0.0036309,0.0036144,0.003626,186453395.0
2026-09-07 20:30:00,0.0036259,0.0036441,0.0036242,0.0036269,355552501.0
2026-09-07 20:45:00,0.0036269,0.0036369,0.0036213,0.0036281,404885800.0
2026-09-07 21:00:00,0.003628,0.0036345,0.0036236,0.0036342,162955927.0
2026-09-07 21:15:00,0.0036341,0.0036384,0.0036245,0.0036345,312120425.0
2026-09-07 21:30:00,0.0036346,0.0036356,0.003615,0.0036226,443894068.0
2026-09-07 21:45:00,0.0036226,0.0036327,0.003608,0.0036217,194130178.0
2026-09-07 22:00:00,0.0036215,0.003623,0.0036014,0.0036081,266524740.0
2026-09-07 22:15:00,0.0036082,0.0036188,0.0035919,0.003604,610389831.0
2026-09-07 22:30:00,0.003604,0.003604,0.0035623,0.0035654,798610704.0
2026-09-07 22:45:00,0.0035654,0.0035799,0.0035642,0.0035761,373853412.0
2026-09-07 23:00:00,0.003576,0.0036102,0.0035738,0.0036097,493666845.0
2026-09-07 23:15:00,0.0036096,0.0036096,0.0035906,0.003599,238804122.0
2026-09-07 23:30:00,0.003599,0.0036277,0.003596,0.003626,777625439.0
2026-09-07 23:45:00,0.003626,0.0036359,0.003621,0.0036232,602551501.0
2026-09-08 00:00:00,0.003623,0.003632,0.0036104,0.0036237,715184621.0
2026-09-08 00:15:00,0.0036237,0.0036342,0.0036049,0.0036091,752332017.0
2026-09-08 00:30:00,0.0036092,0.0036364,0.0036076,0.0036336,381986640.0
2026-09-08 00:45:00,0.0036337,0.003646,0.0036299,0.0036422,351085974.0
2026-09-08 01:00:00,0.0036422,0.0036512,0.0036291,0.0036349,451597081.0
2026-09-08 01:15:00,0.003635,0.0036503,0.0036301,0.0036454,853377120.0
2026-09-08 01:30:00,0.0036454,0.0036506,0.0036404,0.0036452,263518842.0
2026-09-08 01:45:00,0.0036452,0.0036554,0.0036402,0.003655,236897698.0
2026-09-08 02:00:00,0.0036551,0.0036651,0.0036407,0.0036551,656048471.0
2026-09-08 02:15:00,0.0036551,0.0036826,0.0036498,0.003653,668388879.0
2026-09-08 02:30:00,0.0036529,0.0036575,0.0036302,0.0036347,431720532.0
2026-09-08 02:45:00,0.0036346,0.0036383,0.0035923,0.003595,685765913.0
2026-09-08 03:00:00,0.0035946,0.0036039,0.003586,0.00359,598362541.0
2026-09-08 03:15:00,0.0035899,0.0036012,0.0035811,0.0035902,426223462.0
2026-09-08 03:30:00,0.0035902,0.0036125,0.0035888,0.0036075,522002149.0
2026-09-08 03:45:00,0.0036075,0.003613,0.0035999,0.0036051,201353162.0
2026-09-08 04:00:00,0.0036053,0.0036118,0.0035991,0.0036,306253512.0
2026-09-08 04:15:00,0.0035999,0.0036096,0.0035912,0.0035991,389280146.0
2026-09-08 04:30:00,0.0035991,0.003608,0.0035966,0.0036049,165264626.0
2026-09-08 04:45:00,0.0036049,0.0036139,0.0035966,0.0036007,362172977.0
2026-09-08 05:00:00,0.0036006,0.0036234,0.0035917,0.0036135,669989135.0
2026-09-08 05:15:00,0.0036135,0.0036415,0.0036103,0.0036325,783021402.0
2026-09-08 05:30:00,0.0036325,0.0036349,0.0036052,0.0036053,575175441.0
2026-09-08 05:45:00,0.0036054,0.0036176,0.0035947,0.0035995,270027264.0
2026-09-08 06:00:00,0.0035996,0.0036022,0.0035833,0.0035945,623538561.0
2026-09-08 06:15:00,0.0035945,0.0035972,0.003563,0.0035748,851003696.0
2026-09-08 06:30:00,0.0035747,0.0035808,0.0035685,0.0035738,367469983.0
2026-09-08 06:45:00,0.0035738,0.0035874,0.0035695,0.0035822,523330252.0
2026-09-08 07:00:00,0.0035823,0.0036,0.0035797,0.0035912,258967620.0
2026-09-08 07:15:00,0.0035912,0.0036205,0.0035874,0.0036166,507525348.0
2026-09-08 07:30:00,0.0036165,0.0036243,0.0036063,0.0036066,543224588.0
2026-09-08 07:45:00,0.0036067,0.0036145,0.0035937,0.0036092,305148302.0
2026-09-08 08:00:00,0.0036092,0.0036092,0.0035876,0.0035954,351618351.0
2026-09-08 08:15:00,0.0035955,0.0036092,0.00359,0.0036053,391952093.0
2026-09-08 08:30:00,0.0036053,0.0036237,0.0036022,0.0036203,365375310.0
2026-09-08 08:45:00,0.0036202,0.0036267,0.003608,0.0036108,285399320.0
2026-09-08 09:00:00,0.0036108,0.0036202,0.0036038,0.0036163,609868227.0
2026-09-08 09:15:00,0.0036163,0.0036207,0.0036043,0.0036097,627142283.0
2026-09-08 09:30:00,0.0036098,0.0036464,0.0036075,0.0036391,1264633864.0
2026-09-08 09:45:00,0.0036391,0.0036546,0.0036376,0.0036383,1278247951.0
2026-09-08 10:00:00,0.0036381,0.0036437,0.0036252,0.0036353,559718610.0
2026-09-08 10:15:00,0.0036353,0.0036569,0.0036331,0.0036376,375818016.0
2026-09-08 10:30:00,0.0036375,0.00364,0.0036189,0.003623,409803856.0
2026-09-08 10:45:00,0.0036231,0.0036266,0.0036129,0.0036137,263597109.0
2026-09-08 11:00:00,0.0036138,0.0036309,0.0035889,0.0035917,1144394088.0
2026-09-08 11:15:00,0.0035915,0.0036023,0.0035882,0.0035936,439867056.0
2026-09-08 11:30:00,0.0035936,0.0036145,0.0035904,0.0036101,456289489.0
2026-09-08 11:45:00,0.0036101,0.0036126,0.0035993,0.0036093,758109253.0
2026-09-08 12:00:00,0.0036092,0.0036092,0.0035892,0.0035894,463018424.0
2026-09-08 12:15:00,0.0035894,0.0036123,0.0035893,0.0036099,280634845.0
2026-09-08 12:30:00,0.00361,0.0036333,0.0036048,0.0036233,481021513.0
2026-09-08 12:45:00,0.0036234,0.00364,0.0036031,0.0036305,1452721022.0
2026-09-08 13:00:00,0.0036306,0.0036391,0.0036172,0.0036213,399286326.0
2026-09-08 13:15:00,0.0036213,0.0036229,0.003602,0.0036096,385853254.0
2026-09-08 13:30:00,0.0036097,0.0036128,0.0035478,0.0035657,2466364616.0
2026-09-08 13:45:00,0.0035658,0.0036139,0.0035637,0.0035989,1349588928.0
2026-09-08 14:00:00,0.0035988,0.0036317,0.0035905,0.0036228,776056612.0
2026-09-08 14:15:00,0.0036229,0.0036338,0.0036121,0.0036233,684082702.0
2026-09-08 14:30:00,0.0036232,0.0036314,0.0036134,0.003627,529920777.0
2026-09-08 14:45:00,0.003627,0.003649,0.0036248,0.0036456,1039765037.0
2026-09-08 15:00:00,0.0036455,0.0036651,0.0036412,0.0036646,1000142964.0
2026-09-08 15:15:00,0.0036646,0.0036827,0.0036466,0.0036538,1968464450.0
2026-09-08 15:30:00,0.0036538,0.0036793,0.0036498,0.003673,832964070.0
2026-09-08 15:45:00,0.0036731,0.0036782,0.0036599,0.0036729,731689818.0
2026-09-08 16:00:00,0.0036729,0.0036753,0.0036499,0.0036527,563028294.0
2026-09-08 16:15:00,0.0036527,0.0036537,0.0036349,0.003646,621321642.0
2026-09-08 16:30:00,0.0036459,0.003681,0.0036416,0.0036649,582354518.0
2026-09-08 16:45:00,0.0036649,0.0036782,0.00366,0.0036686,578886375.0
2026-09-08 17:00:00,0.0036685,0.0036888,0.0036576,0.0036607,1048520844.0
2026-09-08 17:15:00,0.0036607,0.0036624,0.0036446,0.0036513,454545738.0
2026-09-08 17:30:00,0.0036512,0.0036633,0.0036435,0.0036435,528355533.0
2026-09-08 17:45:00,0.0036436,0.0036627,0.0036423,0.0036442,327733090.0
2026-09-08 18:00:00,0.0036442,0.0036631,0.0036428,0.0036604,481668335.0
2026-09-08 18:15:00,0.0036604,0.0036962,0.0036601,0.0036706,1137332883.0
2026-09-08 18:30:00,0.0036705,0.0036726,0.0036491,0.0036586,385981363.0
2026-09-08 18:45:00,0.0036585,0.0036627,0.003604,0.0036196,1258213260.0
2026-09-08 19:00:00,0.0036196,0.0036335,0.0036108,0.0036262,480034780.0
2026-09-08 19:15:00,0.0036261,0.0036458,0.0036232,0.0036458,465892975.0
2026-09-08 19:30:00,0.0036457,0.0036499,0.0036341,0.0036435,552507170.0
2026-09-08 19:45:00,0.0036436,0.003645,0.0036254,0.0036365,494326215.0
2026-09-08 20:00:00,0.0036366,0.0036724,0.0036342,0.0036713,573054936.0
2026-09-08 20:15:00,0.0036714,0.0036744,0.0036471,0.0036548,430302405.0
2026-09-08 20:30:00,0.0036548,0.0036551,0.0036352,0.0036465,230801840.0
2026-09-08 20:45:00,0.0036465,0.0036533,0.0036401,0.003645,232414312.0
2026-09-08 21:00:00,0.003645,0.0036602,0.0036438,0.0036569,249044651.0
2026-09-08 21:15:00,0.0036569,0.0036624,0.0036453,0.0036516,318180676.0
2026-09-08 21:30:00,0.0036517,0.0036553,0.0036382,0.0036535,271155295.0
2026-09-08 21:45:00,0.0036536,0.0036572,0.0036365,0.0036482,180152750.0
2026-09-08 22:00:00,0.0036482,0.0036828,0.0036467,0.0036637,523948199.0
2026-09-08 22:15:00,0.0036636,0.0036767,0.0036597,0.0036663,371748714.0
2026-09-08 22:30:00,0.0036664,0.003669,0.0036596,0.0036641,151637334.0
2026-09-08 22:45:00,0.0036641,0.0036715,0.0036597,0.0036685,133350496.0
2026-09-08 23:00:00,0.0036686,0.003674,0.003658,0.0036614,341390875.0
2026-09-08 23:15:00,0.0036614,0.0036621,0.003655,0.0036588,185685702.0
2026-09-08 23:30:00,0.0036589,0.0036613,0.0036515,0.0036527,147192747.0
2026-09-08 23:45:00,0.0036528,0.0036575,0.0036493,0.0036571,244660605.0
2026-09-09 00:00:00,0.003657,0.0037666,0.0036552,0.0037614,3120953489.0
2026-09-09 00:15:00,0.0037615,0.0037615,0.0036954,0.0037013,1850337638.0
2026-09-09 00:30:00,0.0037014,0.0037083,0.0036887,0.0037071,646970691.0
2026-09-09 00:45:00,0.0037072,0.0037144,0.0036888,0.0036924,581049414.0
2026-09-09 01:00:00,0.0036924,0.0036985,0.0036701,0.0036751,1445841162.0
2026-09-09 01:15:00,0.0036751,0.0036768,0.0036323,0.0036365,1564354198.0
2026-09-09 01:30:00,0.0036366,0.0036586,0.0036326,0.0036481,451184831.0
2026-09-09 01:45:00,0.0036481,0.0036593,0.0036475,0.0036547,543950647.0
2026-09-09 02:00:00,0.0036546,0.0036576,0.0036386,0.0036394,416465291.0
2026-09-09 02:15:00,0.0036394,0.0036409,0.0036205,0.0036403,812738059.0
2026-09-09 02:30:00,0.0036402,0.0036468,0.003633,0.0036442,274348274.0
2026-09-09 02:45:00,0.0036441,0.0036501,0.0036379,0.0036418,240011980.0
2026-09-09 03:00:00,0.0036418,0.0036551,0.00363,0.0036328,1021317661.0
2026-09-09 03:15:00,0.0036328,0.0036379,0.003631,0.0036344,263293777.0
2026-09-09 03:30:00,0.0036344,0.003652,0.003634,0.003649,302431673.0
2026-09-09 03:45:00,0.0036489,0.003657,0.0036356,0.0036431,306360183.0
2026-09-09 04:00:00,0.0036431,0.0036857,0.003643,0.0036703,1017179860.0
2026-09-09 04:15:00,0.0036703,0.0036988,0.0036664,0.0036941,432796621.0
2026-09-09 04:30:00,0.0036941,0.0037183,0.0036825,0.003715,947161725.0
2026-09-09 04:45:00,0.0037148,0.003741,0.0037015,0.0037244,2075012527.0
2026-09-09 05:00:00,0.0037244,0.0037268,0.0037,0.003711,685742193.0
2026-09-09 05:15:00,0.0037109,0.0037168,0.0036986,0.003702,401998714.0
2026-09-09 05:30:00,0.003702,0.0037033,0.0036783,0.0036817,597839003.0
2026-09-09 05:45:00,0.0036817,0.0036822,0.0036664,0.0036722,398502068.0
2026-09-09 06:00:00,0.0036723,0.0036956,0.003667,0.0036938,419231379.0
2026-09-09 06:15:00,0.0036938,0.0037087,0.0036915,0.0037033,456045950.0
2026-09-09 06:30:00,0.0037034,0.0037108,0.0036979,0.0036985,201618145.0
2026-09-09 06:45:00,0.0036985,0.0037001,0.0036897,0.003694,194254068.0
2026-09-09 07:00:00,0.0036941,0.0037314,0.0036929,0.0037084,681128580.0
2026-09-09 07:15:00,0.0037083,0.0037141,0.0037043,0.0037076,570331478.0
2026-09-09 07:30:00,0.0037076,0.0037134,0.003702,0.0037074,181471591.0
2026-09-09 07:45:00,0.0037074,0.0037132,0.0037056,0.0037129,126465459.0
2026-09-09 08:00:00,0.0037129,0.0037225,0.0037045,0.0037138,616384250.0
2026-09-09 08:15:00,0.0037138,0.0037228,0.0037117,0.0037179,407620409.0
2026-09-09 08:30:00,0.0037178,0.0037348,0.0037169,0.0037263,644498124.0
2026-09-09 08:45:00,0.0037263,0.0037366,0.0037231,0.0037359,278674852.0
2026-09-09 09:00:00,0.0037359,0.0037382,0.0037069,0.0037193,558745701.0
2026-09-09 09:15:00,0.0037192,0.0037252,0.0037089,0.0037119,253077096.0
2026-09-09 09:30:00,0.0037118,0.0037135,0.00367,0.0036738,1177799302.0
2026-09-09 09:45:00,0.0036739,0.0036817,0.0036521,0.003655,1226589916.0
2026-09-09 10:00:00,0.0036551,0.0036778,0.0036549,0.0036643,980842681.0
2026-09-09 10:15:00,0.0036642,0.0036816,0.0036581,0.0036744,754736063.0
2026-09-09 10:30:00,0.0036742,0.0036802,0.0036693,0.0036739,525344639.0
2026-09-09 10:45:00,0.0036739,0.0036836,0.0036684,0.003683,224255163.0
2026-09-09 11:00:00,0.0036831,0.0036836,0.0036549,0.0036652,346269427.0
2026-09-09 11:15:00,0.0036652,0.0036751,0.0036491,0.0036731,698586262.0
2026-09-09 11:30:00,0.003673,0.0036978,0.0036681,0.0036905,770483172.0
2026-09-09 11:45:00,0.0036911,0.0037188,0.0036902,0.0037176,863059156.0
2026-09-09 12:00:00,0.0037175,0.0037211,0.0037067,0.0037107,686945058.0
2026-09-09 12:15:00,0.0037107,0.0037288,0.0037085,0.0037217,478244780.0
2026-09-09 12:30:00,0.0037217,0.0037326,0.0037179,0.0037206,664582972.0
2026-09-09 12:45:00,0.0037206,0.0037282,0.0037119,0.0037177,1005121526.0
2026-09-09 13:00:00,0.0037177,0.0037202,0.0037076,0.0037154,469748542.0
2026-09-09 13:15:00,0.0037155,0.0037246,0.0037018,0.0037217,448716244.0
2026-09-09 13:30:00,0.0037216,0.0037223,0.0036412,0.003653,2972486076.0
2026-09-09 13:45:00,0.0036528,0.0036871,0.0036516,0.0036718,1933069181.0
2026-09-09 14:00:00,0.0036716,0.0036823,0.003647,0.0036633,1059718070.0
2026-09-09 14:15:00,0.0036632,0.0036904,0.0036553,0.0036904,752786052.0
2026-09-09 14:30:00,0.0036904,0.0036936,0.0036615,0.0036644,1081198939.0
2026-09-09 14:45:00,0.0036645,0.0036748,0.0036483,0.0036562,764345569.0
2026-09-09 15:00:00,0.0036563,0.0036908,0.0036054,0.0036192,2714132668.0
2026-09-09 15:15:00,0.0036192,0.0036322,0.0035443,0.0035794,3451431063.0
2026-09-09 15:30:00,0.0035795,0.0036108,0.0035732,0.0035978,1280786823.0
2026-09-09 15:45:00,0.0035978,0.0036039,0.0035874,0.0035875,716840203.0
2026-09-09 16:00:00,0.0035875,0.0036123,0.003575,0.0035905,1100122572.0
2026-09-09 16:15:00,0.0035906,0.0035957,0.0035649,0.0035932,862491805.0
2026-09-09 16:30:00,0.0035933,0.0036238,0.0035909,0.0036121,668561670.0
2026-09-09 16:45:00,0.0036122,0.0036172,0.0036056,0.003616,318151111.0
2026-09-09 17:00:00,0.0036159,0.0036245,0.0036039,0.0036201,570661423.0
2026-09-09 17:15:00,0.0036201,0.0036334,0.003617,0.0036281,476381783.0
2026-09-09 17:30:00,0.0036281,0.0036298,0.0036063,0.0036123,462115694.0
2026-09-09 17:45:00,0.0036124,0.0036281,0.0036051,0.0036228,292715819.0
2026-09-09 18:00:00,0.0036229,0.0036252,0.0035985,0.0036025,382164491.0
2026-09-09 18:15:00,0.0036025,0.0036097,0.0035815,0.003609,439369683.0
2026-09-09 18:30:00,0.003609,0.0036147,0.0036036,0.0036057,340241247.0
2026-09-09 18:45:00,0.0036058,0.0036066,0.0035865,0.0035893,537545879.0
2026-09-09 19:00:00,0.0035891,0.0035932,0.0035728,0.0035877,511774676.0
2026-09-09 19:15:00,0.0035878,0.003593,0.0035808,0.0035814,191331795.0
2026-09-09 19:30:00,0.0035814,0.003582,0.0035501,0.0035577,992910254.0
2026-09-09 19:45:00,0.0035578,0.0035622,0.0035137,0.003531,2106080156.0
2026-09-09 20:00:00,0.0035309,0.0035366,0.0035156,0.0035258,783883968.0
2026-09-09 20:15:00,0.0035258,0.0035399,0.0034751,0.0034976,1998277325.0
2026-09-09 20:30:00,0.0034975,0.00353,0.0034969,0.003521,816281358.0
2026-09-09 20:45:00,0.0035211,0.0035247,0.0034995,0.0035226,603551313.0
2026-09-09 21:00:00,0.0035226,0.003524,0.0035066,0.003516,408565497.0
2026-09-09 21:15:00,0.0035161,0.0035264,0.0034971,0.0035229,452504945.0
2026-09-09 21:30:00,0.0035228,0.0035228,0.0034975,0.0035007,322491737.0
2026-09-09 21:45:00,0.0035006,0.0035013,0.0034686,0.0034952,655734449.0
2026-09-09 22:00:00,0.0034953,0.0035012,0.0033957,0.0034445,3792391924.0
2026-09-09 22:15:00,0.0034445,0.0034593,0.0034354,0.0034504,1084293600.0
2026-09-09 22:30:00,0.0034505,0.0034518,0.003435,0.0034443,545811548.0
2026-09-09 22:45:00,0.0034443,0.0034451,0.0034244,0.0034293,601523076.0
2026-09-09 23:00:00,0.0034292,0.0034677,0.0034278,0.0034652,1120169703.0
2026-09-09 23:15:00,0.0034651,0.0034709,0.0034589,0.0034689,482438885.0
2026-09-09 23:30:00,0.0034689,0.0034709,0.0034654,0.0034698,446457835.0
2026-09-09 23:45:00,0.0034697,0.0034791,0.0034667,0.0034751,385996941.0
2026-09-10 00:00:00,0.0034751,0.0034828,0.0034711,0.0034736,556830500.0
2026-09-10 00:15:00,0.0034736,0.0034761,0.0034577,0.0034689,499069959.0
2026-09-10 00:30:00,0.0034688,0.0034712,0.0034502,0.0034522,387597303.0
2026-09-10 00:45:00,0.0034522,0.0034703,0.0034471,0.0034532,873900463.0
2026-09-10 01:00:00,0.0034532,0.0034899,0.003452,0.0034719,735519365.0
2026-09-10 01:15:00,0.0034719,0.003475,0.0034564,0.0034573,699163952.0
2026-09-10 01:30:00,0.0034573,0.0034606,0.0034259,0.0034427,904669859.0
2026-09-10 01:45:00,0.0034427,0.0034526,0.0034314,0.0034476,413101348.0
2026-09-10 02:00:00,0.0034475,0.003449,0.0034376,0.0034457,354012362.0
2026-09-10 02:15:00,0.0034456,0.0034508,0.0034347,0.003439,255659663.0
2026-09-10 02:30:00,0.003439,0.0034693,0.0034383,0.0034669,288903182.0
2026-09-10 02:45:00,0.0034669,0.0034788,0.0034662,0.003477,337057114.0
2026-09-10 03:00:00,0.003477,0.003485,0.0034733,0.0034775,400204595.0
2026-09-10 03:15:00,0.0034774,0.0034825,0.0034684,0.0034817,435637224.0
2026-09-10 03:30:00,0.0034818,0.0034843,0.0034653,0.0034729,486466891.0
2026-09-10 03:45:00,0.0034729,0.0034806,0.0034609,0.0034665,379885180.0
2026-09-10 04:00:00,0.0034665,0.0034755,0.0034654,0.0034711,202155959.0
2026-09-10 04:15:00,0.0034712,0.003473,0.0034638,0.0034662,262289656.0
2026-09-10 04:30:00,0.0034662,0.0034748,0.0034644,0.0034657,221780595.0
2026-09-10 04:45:00,0.0034658,0.0034737,0.0034573,0.0034662,442861738.0
2026-09-10 05:00:00,0.0034661,0.0034782,0.0034492,0.003477,435165982.0
2026-09-10 05:15:00,0.0034769,0.0034769,0.0034568,0.0034713,353180523.0
2026-09-10 05:30:00,0.0034712,0.003477,0.0034647,0.0034712,304339313.0
2026-09-10 05:45:00,0.0034711,0.0034756,0.0034698,0.0034747,191028793.0
2026-09-10 06:00:00,0.0034747,0.0034753,0.003452,0.0034536,291949481.0
2026-09-10 06:15:00,0.0034535,0.0034535,0.0034411,0.0034526,403001391.0
2026-09-10 06:30:00,0.0034526,0.0034581,0.0034466,0.0034525,199798804.0
2026-09-10 06:45:00,0.0034524,0.0034732,0.0034523,0.0034649,275441463.0
2026-09-10 07:00:00,0.0034649,0.003465,0.0034468,0.0034539,410347709.0
2026-09-10 07:15:00,0.0034539,0.003454,0.0034352,0.0034363,412984614.0
2026-09-10 07:30:00,0.0034364,0.0034387,0.0034215,0.0034293,726112726.0
2026-09-10 07:45:00,0.0034294,0.0034432,0.003429,0.003438,385865955.0
2026-09-10 08:00:00,0.003438,0.0034463,0.0034313,0.0034366,533403410.0
2026-09-10 08:15:00,0.0034369,0.0034511,0.0034347,0.0034428,450995689.0
2026-09-10 08:30:00,0.0034428,0.0034478,0.003434,0.0034383,378159235.0
2026-09-10 08:45:00,0.0034383,0.0034427,0.0034347,0.003435,240746421.0
2026-09-10 09:00:00,0.0034349,0.0034457,0.0034349,0.0034403,280600296.0
2026-09-10 09:15:00,0.0034403,0.0034445,0.003437,0.0034417,224873874.0
2026-09-10 09:30:00,0.0034416,0.0034416,0.0034111,0.0034192,827665925.0
2026-09-10 09:45:00,0.0034193,0.0034284,0.0034172,0.0034228,479452816.0
2026-09-10 10:00:00,0.0034227,0.0034273,0.0034124,0.0034224,633823067.0
2026-09-10 10:15:00,0.0034223,0.0034274,0.0034184,0.0034224,164044921.0
2026-09-10 10:30:00,0.0034224,0.0034293,0.0034105,0.0034263,356134960.0
2026-09-10 10:45:00,0.0034262,0.003431,0.0033925,0.0034009,937306689.0
2026-09-10 11:00:00,0.0034009,0.0034165,0.0033938,0.0034151,903952297.0
2026-09-10 11:15:00,0.003415,0.0034301,0.0034145,0.0034269,493687936.0
2026-09-10 11:30:00,0.0034269,0.0034309,0.0034191,0.0034217,493902321.0
2026-09-10 11:45:00,0.0034217,0.0034238,0.003408,0.0034122,544309590.0
2026-09-10 12:00:00,0.0034121,0.003419,0.0034042,0.0034116,653168643.0
2026-09-10 12:15:00,0.0034115,0.0034156,0.0034032,0.0034119,661337891.0
2026-09-10 12:30:00,0.003412,0.003426,0.0033431,0.0033867,5590031216.0
2026-09-10 12:45:00,0.0033867,0.0033888,0.0032683,0.0033359,5804323605.0
2026-09-10 13:00:00,0.0033364,0.0033567,0.0033232,0.0033276,1993016938.0
2026-09-10 13:15:00,0.0033276,0.0033482,0.0033172,0.0033373,1392464467.0
2026-09-10 13:30:00,0.0033374,0.0033515,0.0033239,0.0033403,1567208094.0
2026-09-10 13:45:00,0.0033404,0.003351,0.0033304,0.0033375,908892188.0
2026-09-10 14:00:00,0.0033373,0.0033528,0.003311,0.003311,1548465998.0
2026-09-10 14:15:00,0.0033109,0.003333,0.0032921,0.003317,1929888626.0
2026-09-10 14:30:00,0.003317,0.0033207,0.0033095,0.0033128,751685291.0
2026-09-10 14:45:00,0.0033129,0.0033195,0.0033018,0.0033129,685136094.0
2026-09-10 15:00:00,0.0033129,0.0033129,0.003285,0.0033011,1471960694.0
2026-09-10 15:15:00,0.003301,0.0033063,0.0032757,0.003283,1248432385.0
2026-09-10 15:30:00,0.0032829,0.0033078,0.0032829,0.003291,1070265040.0
2026-09-10 15:45:00,0.003291,0.0032919,0.0032582,0.0032782,2359191623.0
2026-09-10 16:00:00,0.0032782,0.0032841,0.0032508,0.0032633,1666782214.0
2026-09-10 16:15:00,0.0032633,0.0032661,0.0032343,0.0032376,2225756217.0
2026-09-10 16:30:00,0.0032375,0.0032492,0.0032179,0.0032482,1803735477.0
2026-09-10 16:45:00,0.0032486,0.0032662,0.0032469,0.0032637,1109966459.0
2026-09-10 17:00:00,0.0032637,0.0032826,0.0032583,0.0032782,916842814.0
2026-09-10 17:15:00,0.0032783,0.0032958,0.0032728,0.0032933,931293672.0
2026-09-10 17:30:00,0.0032933,0.0033145,0.0032924,0.0033054,1659671447.0
2026-09-10 17:45:00,0.0033054,0.0033085,0.0032943,0.0032989,482211225.0
2026-09-10 18:00:00,0.0032989,0.0033035,0.0032718,0.0032734,580944813.0
2026-09-10 18:15:00,0.0032735,0.0032916,0.0032705,0.0032831,520390191.0
2026-09-10 18:30:00,0.0032831,0.0032933,0.0032804,0.0032932,352863059.0
2026-09-10 18:45:00,0.0032933,0.0033196,0.0032879,0.0033194,1456214673.0
2026-09-10 19:00:00,0.0033194,0.0033194,0.0033042,0.0033071,962115376.0
2026-09-10 19:15:00,0.0033071,0.0033248,0.0033012,0.0033157,728402946.0
2026-09-10 19:30:00,0.0033158,0.0033196,0.0033045,0.0033161,671848023.0
2026-09-10 19:45:00,0.0033161,0.0033161,0.0033018,0.0033067,519639611.0
2026-09-10 20:00:00,0.0033068,0.0033278,0.0033059,0.0033272,454961896.0
2026-09-10 20:15:00,0.0033272,0.0033321,0.0033204,0.0033272,468628284.0
2026-09-10 20:30:00,0.0033272,0.0033275,0.0033206,0.0033229,213999575.0
2026-09-10 20:45:00,0.0033229,0.0033235,0.0033141,0.0033141,234966223.0
2026-09-10 21:00:00,0.0033141,0.0033249,0.0033098,0.0033173,211603943.0
2026-09-10 21:15:00,0.0033174,0.0033174,0.0033106,0.0033148,164842968.0
2026-09-10 21:30:00,0.0033149,0.0033153,0.0032991,0.0033076,636925860.0
2026-09-10 21:45:00,0.0033077,0.0033135,0.0032971,0.0033065,425775000.0
2026-09-10 22:00:00,0.0033066,0.0033125,0.0032965,0.0033052,509529174.0
2026-09-10 22:15:00,0.0033052,0.0033102,0.0033008,0.0033008,165438992.0
2026-09-10 22:30:00,0.0033008,0.0033041,0.0032794,0.0032834,605006261.0
2026-09-10 22:45:00,0.0032835,0.003291,0.0032581,0.0032641,1051980128.0
2026-09-10 23:00:00,0.0032641,0.0032656,0.0032361,0.0032376,1229843727.0
2026-09-10 23:15:00,0.0032377,0.0032604,0.0032306,0.0032496,883556673.0
2026-09-10 23:30:00,0.0032497,0.0032552,0.0032386,0.0032475,394979542.0
2026-09-10 23:45:00,0.0032476,0.0032483,0.0032257,0.0032335,1407532171.0
2026-09-11 00:00:00,0.0032335,0.0032665,0.003233,0.0032573,592087670.0
2026-09-11 00:15:00,0.0032574,0.003266,0.0032497,0.0032592,391221689.0
2026-09-11 00:30:00,0.0032592,0.0032605,0.0032474,0.0032536,435357913.0
2026-09-11 00:45:00,0.0032536,0.0032679,0.0032522,0.0032665,241796449.0
2026-09-11 01:00:00,0.0032666,0.0032808,0.0032646,0.0032732,527841836.0
2026-09-11 01:15:00,0.0032733,0.0032784,0.0032632,0.0032632,366041110.0
2026-09-11 01:30:00,0.0032632,0.0032819,0.0032574,0.0032734,462555328.0
2026-09-11 01:45:00,0.0032736,0.0032834,0.003265,0.0032826,264001343.0
2026-09-11 02:00:00,0.0032826,0.0032869,0.003276,0.0032868,424481570.0
2026-09-11 02:15:00,0.0032868,0.0032868,0.0032675,0.0032717,311011449.0
2026-09-11 02:30:00,0.0032716,0.0032833,0.0032664,0.0032764,288487578.0
2026-09-11 02:45:00,0.0032765,0.0032864,0.0032759,0.003284,259238752.0
2026-09-11 03:00:00,0.0032839,0.0032911,0.0032721,0.003291,400379411.0
2026-09-11 03:15:00,0.0032909,0.0032919,0.0032768,0.0032843,463423207.0
2026-09-11 03:30:00,0.0032842,0.0032912,0.003275,0.0032897,332417499.0
2026-09-11 03:45:00,0.0032898,0.0032949,0.0032821,0.003293,225703342.0
2026-09-11 04:00:00,0.003293,0.0033008,0.0032917,0.0032996,348383331.0
2026-09-11 04:15:00,0.0032995,0.0033188,0.003294,0.003316,625473585.0
2026-09-11 04:30:00,0.003316,0.0033174,0.0033076,0.0033139,392741135.0
2026-09-11 04:45:00,0.0033139,0.0033179,0.0033118,0.003312,374577645.0
2026-09-11 05:00:00,0.0033119,0.0033152,0.0033007,0.0033123,730976577.0
2026-09-11 05:15:00,0.0033123,0.0033179,0.0033043,0.0033077,466750597.0
2026-09-11 05:30:00,0.0033077,0.0033149,0.0033033,0.0033137,382739039.0
2026-09-11 05:45:00,0.0033137,0.0033173,0.0033113,0.0033148,125762012.0
2026-09-11 06:00:00,0.0033148,0.0033324,0.0033118,0.0033282,528285522.0
2026-09-11 06:15:00,0.0033281,0.0033281,0.0033081,0.0033126,566496809.0
2026-09-11 06:30:00,0.0033127,0.0033151,0.0033046,0.0033062,366435143.0
2026-09-11 06:45:00,0.0033063,0.003316,0.003306,0.003314,202520461.0
2026-09-11 07:00:00,0.0033139,0.0033221,0.0033131,0.0033166,319942857.0
2026-09-11 07:15:00,0.0033167,0.0033281,0.0033157,0.003316,728531450.0
2026-09-11 07:30:00,0.0033159,0.0033187,0.0033121,0.0033121,289399736.0
2026-09-11 07:45:00,0.0033123,0.0033148,0.003306,0.0033114,417576769.0
2026-09-11 08:00:00,0.0033114,0.003313,0.0033011,0.0033061,342626091.0
2026-09-11 08:15:00,0.0033061,0.0033259,0.0033061,0.0033159,375638487.0
2026-09-11 08:30:00,0.0033159,0.0033333,0.003313,0.0033144,636035374.0
2026-09-11 08:45:00,0.0033144,0.0033171,0.0033099,0.0033137,154596557.0
2026-09-11 09:00:00,0.0033136,0.0033152,0.0033035,0.0033051,364858340.0
2026-09-11 09:15:00,0.003305,0.0033073,0.003296,0.0032979,259051247.0
2026-09-11 09:30:00,0.0032978,0.0033,0.0032706,0.0032761,932912321.0
2026-09-11 09:45:00,0.0032762,0.0032828,0.003274,0.0032784,454535820.0
2026-09-11 10:00:00,0.0032784,0.0032911,0.0032737,0.0032819,666944673.0
2026-09-11 10:15:00,0.0032819,0.003287,0.0032727,0.0032745,431607248.0
2026-09-11 10:30:00,0.0032744,0.0032766,0.0032633,0.0032656,594333677.0
2026-09-11 10:45:00,0.0032656,0.0032685,0.003254,0.0032561,429302968.0
2026-09-11 11:00:00,0.0032563,0.0032582,0.0032283,0.0032367,1513037628.0
2026-09-11 11:15:00,0.0032367,0.0032472,0.0032339,0.003239,632326864.0
2026-09-11 11:30:00,0.0032391,0.0032538,0.0032367,0.0032534,544838182.0
2026-09-11 11:45:00,0.0032535,0.0032607,0.0032503,0.003257,392865388.0
2026-09-11 12:00:00,0.0032569,0.0032663,0.0032441,0.0032465,753426839.0
2026-09-11 12:15:00,0.0032464,0.0032888,0.0032409,0.0032599,1433252951.0
2026-09-11 12:30:00,0.0032598,0.003364,0.0032,0.0033352,7579551880.0
2026-09-11 12:45:00,0.003335,0.0033665,0.0033292,0.0033651,3070316426.0
2026-09-11 13:00:00,0.003365,0.003367,0.0033316,0.0033496,2371002619.0
2026-09-11 13:15:00,0.0033495,0.0033689,0.0033324,0.0033387,1182810035.0
2026-09-11 13:30:00,0.0033387,0.0033783,0.0033166,0.0033722,2433376694.0
2026-09-11 13:45:00,0.0033722,0.0035335,0.003361,0.0035206,5660416750.0
2026-09-11 14:00:00,0.0035205,0.0035719,0.0034695,0.003489,5371874499.0
2026-09-11 14:15:00,0.0034891,0.0035098,0.0034772,0.0034856,2299856735.0
2026-09-11 14:30:00,0.0034857,0.0034861,0.0034272,0.0034499,3864490052.0
2026-09-11 14:45:00,0.00345,0.0034695,0.0034261,0.0034541,2095792584.0
2026-09-11 15:00:00,0.0034541,0.0034564,0.0034125,0.0034143,1349334176.0
2026-09-11 15:15:00,0.0034144,0.0034538,0.0034065,0.0034537,1903559288.0
2026-09-11 15:30:00,0.0034537,0.0034621,0.0034447,0.0034524,1201712812.0
2026-09-11 15:45:00,0.0034523,0.003465,0.0033267,0.0033582,5552231684.0
2026-09-11 16:00:00,0.0033583,0.0033915,0.0033547,0.0033675,1621175370.0
2026-09-11 16:15:00,0.0033674,0.0033796,0.003348,0.0033532,1787573716.0
2026-09-11 16:30:00,0.0033533,0.0033711,0.003344,0.0033613,957775129.0
2026-09-11 16:45:00,0.0033613,0.0033777,0.0033604,0.00337,633709141.0
2026-09-11 17:00:00,0.00337,0.0033778,0.0033437,0.0033447,780669992.0
2026-09-11 17:15:00,0.0033449,0.0033599,0.0033375,0.0033502,749263157.0
2026-09-11 17:30:00,0.0033502,0.0033569,0.0033276,0.0033354,1174782949.0
2026-09-11 17:45:00,0.0033353,0.0033418,0.0033206,0.0033261,683504063.0
2026-09-11 18:00:00,0.0033261,0.0033308,0.0032627,0.0032929,3369273262.0
2026-09-11 18:15:00,0.0032929,0.0033067,0.0032828,0.003292,1519749892.0
2026-09-11 18:30:00,0.0032919,0.0032975,0.003276,0.0032823,769238384.0
2026-09-11 18:45:00,0.0032823,0.0032949,0.0032462,0.0032602,1683588202.0
2026-09-11 19:00:00,0.0032602,0.0032777,0.003245,0.0032742,938422321.0
2026-09-11 19:15:00,0.0032742,0.00329,0.003261,0.0032817,1138166392.0
2026-09-11 19:30:00,0.0032816,0.0032902,0.0032738,0.0032872,522378687.0
2026-09-11 19:45:00,0.0032871,0.0032988,0.0032817,0.0032921,700535294.0
2026-09-11 20:00:00,0.0032922,0.0033177,0.0032916,0.0033131,654706636.0
2026-09-11 20:15:00,0.003313,0.0033133,0.0032953,0.0032959,447583793.0
2026-09-11 20:30:00,0.0032958,0.0033114,0.0032811,0.003304,896858613.0
2026-09-11 20:45:00,0.003304,0.0033073,0.0032793,0.0032932,731410960.0
2026-09-11 21:00:00,0.0032932,0.0033126,0.0032907,0.0033057,324989732.0
2026-09-11 21:15:00,0.0033058,0.0033107,0.0032997,0.0033005,286164307.0
2026-09-11 21:30:00,0.0033005,0.0033068,0.0032932,0.0032936,146199657.0
2026-09-11 21:45:00,0.0032936,0.0032954,0.0032629,0.0032688,488103176.0
2026-09-11 22:00:00,0.0032687,0.0032896,0.0032573,0.0032825,736654375.0
2026-09-11 22:15:00,0.0032826,0.0032944,0.0032752,0.0032768,645490051.0
2026-09-11 22:30:00,0.0032767,0.003282,0.0032625,0.0032736,653158203.0
2026-09-11 22:45:00,0.0032736,0.0032769,0.0032597,0.0032713,451128061.0
2026-09-11 23:00:00,0.0032713,0.0032937,0.0032683,0.0032874,377657335.0
2026-09-11 23:15:00,0.0032874,0.0032987,0.0032854,0.0032962,189566163.0
2026-09-11 23:30:00,0.0032962,0.0033012,0.0032935,0.0032953,234976626.0
2026-09-11 23:45:00,0.0032952,0.0033066,0.0032952,0.003306,211158945.0
2026-09-12 00:00:00,0.0033059,0.0033077,0.003295,0.0032996,243674531.0
2026-09-12 00:15:00,0.0032995,0.0033053,0.0032939,0.0033033,233013382.0
2026-09-12 00:30:00,0.0033033,0.0033143,0.003301,0.0033079,282057713.0
2026-09-12 00:45:00,0.0033079,0.0033106,0.0033033,0.0033036,210689296.0
2026-09-12 01:00:00,0.0033037,0.0033166,0.0033017,0.0033142,273713700.0
2026-09-12 01:15:00,0.0033143,0.0033154,0.0033034,0.003305,361373365.0
2026-09-12 01:30:00,0.0033051,0.0033124,0.0033014,0.0033084,269748506.0
2026-09-12 01:45:00,0.0033085,0.0033151,0.0033039,0.0033087,259698228.0
2026-09-12 02:00:00,0.0033087,0.0033162,0.0033057,0.0033105,115989547.0
2026-09-12 02:15:00,0.0033105,0.0033194,0.0033093,0.0033145,337918935.0
2026-09-12 02:30:00,0.0033141,0.0033172,0.0033079,0.0033086,396623660.0
2026-09-12 02:45:00,0.0033087,0.0033199,0.0033075,0.0033171,417294981.0
2026-09-12 03:00:00,0.0033171,0.0033291,0.0033144,0.003321,523616415.0
2026-09-12 03:15:00,0.003321,0.00333,0.0033171,0.0033277,347146877.0
2026-09-12 03:30:00,0.0033277,0.0033298,0.0033226,0.0033255,197868309.0
2026-09-12 03:45:00,0.0033254,0.0033396,0.0033211,0.0033396,290221462.0
2026-09-12 04:00:00,0.0033397,0.0033417,0.0033326,0.0033345,424906290.0
2026-09-12 04:15:00,0.0033345,0.0033361,0.0033248,0.0033345,362988344.0
2026-09-12 04:30:00,0.0033346,0.0033397,0.0033234,0.0033253,477213806.0
2026-09-12 04:45:00,0.0033253,0.0033301,0.0033207,0.0033258,160111222.0
2026-09-12 05:00:00,0.0033258,0.0033264,0.0033144,0.0033149,172272183.0
2026-09-12 05:15:00,0.0033149,0.0033183,0.0033096,0.0033105,514803412.0
2026-09-12 05:30:00,0.0033105,0.0033276,0.0033098,0.0033207,353412693.0
2026-09-12 05:45:00,0.0033207,0.0033253,0.0033189,0.0033214,144505633.0
2026-09-12 06:00:00,0.0033213,0.0033222,0.0033157,0.0033174,226547598.0
2026-09-12 06:15:00,0.0033175,0.0033281,0.0033174,0.0033257,133451857.0
2026-09-12 06:30:00,0.0033258,0.0033358,0.0033258,0.0033332,413078930.0
2026-09-12 06:45:00,0.0033332,0.003335,0.0033211,0.0033231,270509453.0
2026-09-12 07:00:00,0.0033231,0.0033366,0.003323,0.0033354,328290687.0
2026-09-12 07:15:00,0.0033355,0.0033478,0.0033336,0.0033442,728644527.0
2026-09-12 07:30:00,0.0033443,0.0033478,0.0033385,0.0033468,167656094.0
2026-09-12 07:45:00,0.0033469,0.0033548,0.003344,0.0033507,291601095.0
2026-09-12 08:00:00,0.0033508,0.0033715,0.003342,0.0033711,1074188458.0
2026-09-12 08:15:00,0.0033711,0.0034241,0.003368,0.0033787,3165773983.0
2026-09-12 08:30:00,0.0033788,0.0033855,0.0033723,0.0033758,446051128.0
2026-09-12 08:45:00,0.0033758,0.0033883,0.003375,0.0033856,427163683.0
2026-09-12 09:00:00,0.0033856,0.00339,0.0033796,0.0033836,411168402.0
2026-09-12 09:15:00,0.0033836,0.0033873,0.003372,0.0033814,528479827.0
2026-09-12 09:30:00,0.0033814,0.0033866,0.0033741,0.0033777,443108912.0
2026-09-12 09:45:00,0.0033778,0.0033836,0.0033758,0.0033788,273365519.0
2026-09-12 10:00:00,0.0033788,0.0033921,0.0033776,0.0033826,308638540.0
2026-09-12 10:15:00,0.0033827,0.0033864,0.003379,0.0033838,128262810.0
2026-09-12 10:30:00,0.0033837,0.003388,0.003378,0.0033865,205421848.0
2026-09-12 10:45:00,0.0033866,0.003389,0.0033794,0.0033859,289481093.0
2026-09-12 11:00:00,0.0033861,0.0033938,0.0033788,0.0033907,391681509.0
2026-09-12 11:15:00,0.0033908,0.0033934,0.0033841,0.0033849,143978683.0
2026-09-12 11:30:00,0.0033849,0.0034069,0.003381,0.003405,384782856.0
2026-09-12 11:45:00,0.0034051,0.0034051,0.0033937,0.0033965,165536784.0
2026-09-12 12:00:00,0.0033965,0.003401,0.0033924,0.0033956,433675232.0
2026-09-12 12:15:00,0.0033955,0.0034015,0.003391,0.0033947,296316467.0
2026-09-12 12:30:00,0.0033947,0.0034037,0.0033929,0.0033933,178565103.0
2026-09-12 12:45:00,0.0033933,0.003397,0.0033798,0.0033896,348829725.0
2026-09-12 13:00:00,0.0033896,0.0033921,0.0033779,0.0033799,532319531.0
2026-09-12 13:15:00,0.0033799,0.0033884,0.0033767,0.003384,425128562.0
2026-09-12 13:30:00,0.0033839,0.0033899,0.0033813,0.0033859,191081297.0
2026-09-12 13:45:00,0.0033859,0.0033859,0.0033769,0.0033844,190991777.0
2026-09-12 14:00:00,0.0033844,0.003386,0.0033793,0.0033804,210233742.0
2026-09-12 14:15:00,0.0033804,0.0033878,0.0033804,0.0033848,208993716.0
2026-09-12 14:30:00,0.0033848,0.0033903,0.0033835,0.0033853,191342242.0
2026-09-12 14:45:00,0.0033852,0.0033911,0.003384,0.0033894,137214413.0
2026-09-12 15:00:00,0.0033895,0.0034184,0.0033886,0.0034066,1218046806.0
2026-09-12 15:15:00,0.0034066,0.0034097,0.0033988,0.0033993,549750747.0
2026-09-12 15:30:00,0.0033993,0.0034027,0.003387,0.0033928,461408553.0
2026-09-12 15:45:00,0.0033928,0.0034028,0.0033875,0.003396,446503593.0
2026-09-12 16:00:00,0.003396,0.0033985,0.0033877,0.0033944,318090362.0
2026-09-12 16:15:00,0.0033943,0.0033984,0.0033894,0.0033975,152019134.0
2026-09-12 16:30:00,0.0033974,0.0034037,0.0033966,0.0033982,222176381.0
2026-09-12 16:45:00,0.0033981,0.0034088,0.0033975,0.0034018,490780693.0
2026-09-12 17:00:00,0.0034017,0.0034081,0.0033936,0.003397,403513797.0
2026-09-12 17:15:00,0.003397,0.0034006,0.0033859,0.0033882,756316792.0
2026-09-12 17:30:00,0.0033883,0.0033984,0.0033875,0.0033974,213751922.0
2026-09-12 17:45:00,0.0033974,0.0034025,0.0033912,0.0033991,409113641.0
2026-09-12 18:00:00,0.003399,0.0034027,0.0033918,0.0033998,407146459.0
2026-09-12 18:15:00,0.0033998,0.0034088,0.0033985,0.0034047,420992270.0
2026-09-12 18:30:00,0.0034047,0.0034047,0.0033905,0.0033952,280820438.0
2026-09-12 18:45:00,0.0033952,0.0034034,0.0033881,0.0034029,225485179.0
2026-09-12 19:00:00,0.003403,0.003426,0.003403,0.003426,1376052806.0
2026-09-12 19:15:00,0.003426,0.0034278,0.0034092,0.0034175,776547351.0
2026-09-12 19:30:00,0.0034175,0.003422,0.0034093,0.0034135,405405969.0
2026-09-12 19:45:00,0.0034136,0.0034191,0.003408,0.0034132,277437944.0
2026-09-12 20:00:00,0.0034133,0.0034257,0.0034094,0.0034195,236006602.0
2026-09-12 20:15:00,0.0034195,0.003421,0.0034157,0.0034162,115649606.0
2026-09-12 20:30:00,0.0034162,0.0034199,0.0034111,0.0034164,270148977.0
2026-09-12 20:45:00,0.0034164,0.0034178,0.0034098,0.0034111,217566612.0
2026-09-12 21:00:00,0.0034112,0.0034189,0.0034108,0.0034162,245696393.0
2026-09-12 21:15:00,0.0034161,0.0034161,0.0034055,0.0034087,121736218.0
2026-09-12 21:30:00,0.0034087,0.0034139,0.0034067,0.0034131,75171237.0
2026-09-12 21:45:00,0.0034132,0.0034133,0.0034055,0.0034076,114380357.0
2026-09-12 22:00:00,0.0034077,0.0034171,0.0034042,0.0034159,374449900.0
2026-09-12 22:15:00,0.003416,0.0034341,0.0034145,0.0034156,1201687127.0
2026-09-12 22:30:00,0.0034156,0.0034164,0.0034048,0.0034075,443326701.0
2026-09-12 22:45:00,0.0034075,0.0034091,0.0034056,0.0034056,86621373.0
2026-09-12 23:00:00,0.0034057,0.0034233,0.0034032,0.0034204,759749879.0
2026-09-12 23:15:00,0.0034205,0.0034393,0.0034205,0.0034283,700826500.0
2026-09-12 23:30:00,0.0034283,0.0034289,0.0034219,0.003423,137721213.0
2026-09-12 23:45:00,0.003423,0.0034323,0.0034198,0.0034238,282295925.0
2026-09-13 00:00:00,0.0034238,0.0034286,0.0034167,0.0034174,227280069.0
2026-09-13 00:15:00,0.0034175,0.0034273,0.0034174,0.0034227,110950063.0
2026-09-13 00:30:00,0.0034227,0.0034296,0.0034224,0.0034248,114728297.0
2026-09-13 00:45:00,0.0034248,0.0034345,0.0034248,0.0034272,103645206.0
2026-09-13 01:00:00,0.0034273,0.0034341,0.0034204,0.0034293,325054354.0
2026-09-13 01:15:00,0.0034294,0.0034394,0.0034184,0.0034336,698890316.0
2026-09-13 01:30:00,0.0034337,0.0034499,0.0034293,0.0034474,537188925.0
2026-09-13 01:45:00,0.0034475,0.0034522,0.003439,0.0034434,605029062.0
2026-09-13 02:00:00,0.0034435,0.0034456,0.0034324,0.0034418,243516310.0
2026-09-13 02:15:00,0.0034418,0.0034469,0.0034285,0.0034364,455253904.0
2026-09-13 02:30:00,0.0034365,0.0034484,0.0034354,0.0034469,430476228.0
2026-09-13 02:45:00,0.0034471,0.0034514,0.0034387,0.0034399,368223069.0
2026-09-13 03:00:00,0.00344,0.0034477,0.0034337,0.0034368,418058185.0
2026-09-13 03:15:00,0.0034368,0.0034704,0.0034359,0.0034498,1289422282.0
2026-09-13 03:30:00,0.0034498,0.0034543,0.0034425,0.0034515,350415799.0
2026-09-13 03:45:00,0.0034515,0.0034564,0.0034413,0.003451,424252441.0
2026-09-13 04:00:00,0.0034511,0.0034636,0.0034474,0.0034571,419162720.0
2026-09-13 04:15:00,0.0034572,0.0034612,0.0034487,0.003453,220432020.0
2026-09-13 04:30:00,0.0034531,0.0034542,0.0034443,0.0034462,138590681.0
2026-09-13 04:45:00,0.0034463,0.0034519,0.0034427,0.003448,270504460.0
2026-09-13 05:00:00,0.0034481,0.0034566,0.003446,0.0034515,142393386.0
2026-09-13 05:15:00,0.0034516,0.0034614,0.0034507,0.0034565,188674201.0
2026-09-13 05:30:00,0.0034565,0.0034627,0.0034546,0.0034624,159120655.0
2026-09-13 05:45:00,0.0034625,0.0034866,0.0034615,0.003478,756371135.0
2026-09-13 06:00:00,0.0034781,0.0034827,0.0034683,0.0034703,367169604.0
2026-09-13 06:15:00,0.0034704,0.0034707,0.0034623,0.0034676,255511109.0
2026-09-13 06:30:00,0.0034676,0.0034676,0.0034568,0.0034601,371059826.0
2026-09-13 06:45:00,0.00346,0.00346,0.0034234,0.0034339,962228113.0
2026-09-13 07:00:00,0.003434,0.0034511,0.0034298,0.0034479,539136054.0
2026-09-13 07:15:00,0.0034478,0.0034741,0.0034475,0.0034635,719625495.0
2026-09-13 07:30:00,0.0034635,0.0034666,0.0034449,0.0034541,512873123.0
2026-09-13 07:45:00,0.0034541,0.0034541,0.0034361,0.003438,337142730.0
2026-09-13 08:00:00,0.0034381,0.0034479,0.0034231,0.0034334,736477367.0
2026-09-13 08:15:00,0.0034334,0.0034334,0.0033954,0.0034005,1245930024.0
2026-09-13 08:30:00,0.0034003,0.003403,0.0033723,0.00338,1751917134.0
2026-09-13 08:45:00,0.0033799,0.0033928,0.0033789,0.0033852,851714102.0
2026-09-13 09:00:00,0.0033853,0.0034049,0.0033837,0.0033988,781451484.0
2026-09-13 09:15:00,0.0033987,0.0034061,0.0033764,0.0033875,633765579.0
2026-09-13 09:30:00,0.0033876,0.0034025,0.0033759,0.003394,892360342.0
2026-09-13 09:45:00,0.003394,0.0034129,0.0033925,0.0034081,487649271.0
2026-09-13 10:00:00,0.0034082,0.0034179,0.0034002,0.0034043,871682121.0
2026-09-13 10:15:00,0.0034043,0.0034108,0.0033981,0.0034098,387581050.0
2026-09-13 10:30:00,0.0034099,0.0034111,0.0033932,0.0033956,160511903.0
2026-09-13 10:45:00,0.0033957,0.0034019,0.0033852,0.0033999,538173822.0
2026-09-13 11:00:00,0.0034,0.0034104,0.0033929,0.0034015,319201641.0
2026-09-13 11:15:00,0.0034015,0.0034101,0.0034015,0.0034061,251168586.0
2026-09-13 11:30:00,0.0034061,0.003416,0.0034043,0.0034138,365013667.0
2026-09-13 11:45:00,0.0034139,0.0034183,0.0034104,0.0034143,138955551.0
2026-09-13 12:00:00,0.0034144,0.0034157,0.0034048,0.0034074,184374071.0
2026-09-13 12:15:00,0.0034074,0.0034196,0.0034059,0.0034159,175918257.0
2026-09-13 12:30:00,0.003416,0.0034286,0.0034013,0.0034036,545326177.0
2026-09-13 12:45:00,0.0034037,0.0034144,0.0034011,0.0034126,154587692.0
2026-09-13 13:00:00,0.0034126,0.0034126,0.0034004,0.0034081,136599251.0
2026-09-13 13:15:00,0.003408,0.0034085,0.003378,0.0033856,726031915.0
2026-09-13 13:30:00,0.0033856,0.0034042,0.003385,0.0034019,200393933.0
2026-09-13 13:45:00,0.0034019,0.0034276,0.0034019,0.0034194,497825056.0
2026-09-13 14:00:00,0.0034194,0.0034404,0.003416,0.0034396,495883985.0
2026-09-13 14:15:00,0.0034395,0.0034462,0.0034303,0.0034327,687168313.0
2026-09-13 14:30:00,0.0034327,0.0034368,0.0034202,0.0034259,720760258.0
2026-09-13 14:45:00,0.0034259,0.0034394,0.0034191,0.0034314,1252972104.0
2026-09-13 15:00:00,0.0034314,0.0034339,0.0034062,0.0034089,848149232.0
2026-09-13 15:15:00,0.0034088,0.0034163,0.0033985,0.003401,515355035.0
2026-09-13 15:30:00,0.0034009,0.0034093,0.0033982,0.003406,231383210.0
2026-09-13 15:45:00,0.003406,0.0034073,0.0033935,0.0033965,284297388.0
2026-09-13 16:00:00,0.0033966,0.0034236,0.0033958,0.0034071,370904918.0
2026-09-13 16:15:00,0.0034071,0.003413,0.003406,0.0034086,158948845.0
2026-09-13 16:30:00,0.0034086,0.0034158,0.003405,0.0034122,460001906.0
2026-09-13 16:45:00,0.0034123,0.0034157,0.0034053,0.0034146,206601162.0
2026-09-13 17:00:00,0.0034147,0.0034279,0.0034116,0.003415,474086904.0
2026-09-13 17:15:00,0.0034151,0.0034198,0.0034129,0.0034156,184572292.0
2026-09-13 17:30:00,0.0034155,0.0034163,0.0034046,0.0034136,272106381.0
2026-09-13 17:45:00,0.0034135,0.0034216,0.0034083,0.0034114,375585069.0
2026-09-13 18:00:00,0.0034113,0.0034188,0.0034103,0.0034184,155406721.0
2026-09-13 18:15:00,0.0034183,0.0034244,0.0034158,0.0034185,207561631.0
2026-09-13 18:30:00,0.0034185,0.0034263,0.0034174,0.0034253,232771813.0
2026-09-13 18:45:00,0.0034253,0.003429,0.003422,0.0034236,117065416.0
2026-09-13 19:00:00,0.0034236,0.0034297,0.0034141,0.0034148,189597813.0
2026-09-13 19:15:00,0.0034148,0.0034163,0.0034101,0.0034129,159723411.0
2026-09-13 19:30:00,0.0034128,0.0034135,0.0033943,0.0034017,404763018.0
2026-09-13 19:45:00,0.0034016,0.0034089,0.0034006,0.0034079,141396129.0
2026-09-13 20:00:00,0.0034079,0.0034159,0.0034043,0.0034151,243156853.0
2026-09-13 20:15:00,0.003415,0.0034213,0.0034134,0.003419,132252835.0
2026-09-13 20:30:00,0.003419,0.0034285,0.0034165,0.0034283,138243440.0
2026-09-13 20:45:00,0.0034283,0.0034476,0.0034283,0.0034398,711319271.0
2026-09-13 21:00:00,0.0034398,0.0034435,0.0034269,0.0034282,802086829.0
2026-09-13 21:15:00,0.0034282,0.003436,0.003428,0.0034288,144657136.0
2026-09-13 21:30:00,0.0034287,0.0034317,0.0034245,0.0034291,176362351.0
2026-09-13 21:45:00,0.0034291,0.0034291,0.003416,0.003416,65164795.0
2026-09-13 22:00:00,0.003416,0.003416,0.0033542,0.0033664,2526614744.0
2026-09-13 22:15:00,0.0033663,0.0033674,0.0033342,0.0033518,1458873219.0
2026-09-13 22:30:00,0.0033519,0.0033648,0.003343,0.0033475,837984645.0
2026-09-13 22:45:00,0.0033476,0.0033626,0.0033465,0.0033521,711628488.0
2026-09-13 23:00:00,0.0033521,0.0033677,0.0033507,0.0033616,613976863.0
2026-09-13 23:15:00,0.0033615,0.0033825,0.0033573,0.0033732,427479917.0
2026-09-13 23:30:00,0.0033732,0.0033844,0.0033684,0.0033726,632057355.0
2026-09-13 23:45:00,0.0033726,0.0033747,0.0033573,0.0033613,404952734.0
2026-09-14 00:00:00,0.0033613,0.0033964,0.0033613,0.0033713,1001827389.0
2026-09-14 00:15:00,0.0033713,0.0033741,0.0033374,0.0033439,694167452.0
2026-09-14 00:30:00,0.0033439,0.0033723,0.0033412,0.0033714,595772645.0
2026-09-14 00:45:00,0.0033713,0.0033777,0.0033686,0.003371,286523483.0
2026-09-14 01:00:00,0.0033711,0.0033822,0.0033639,0.0033694,796345070.0
2026-09-14 01:15:00,0.0033693,0.0033796,0.0033569,0.0033753,514989514.0
2026-09-14 01:30:00,0.0033753,0.0033777,0.0033496,0.0033659,394513957.0
2026-09-14 01:45:00,0.0033659,0.0034034,0.0033637,0.0033949,484120015.0
2026-09-14 02:00:00,0.0033949,0.0034383,0.0033871,0.0034367,1037112730.0
2026-09-14 02:15:00,0.0034368,0.0034606,0.0034243,0.0034471,1866965366.0
2026-09-14 02:30:00,0.0034472,0.0034565,0.0034281,0.0034359,760567945.0
2026-09-14 02:45:00,0.0034359,0.0034476,0.0034313,0.0034337,845129622.0
2026-09-14 03:00:00,0.0034338,0.0034496,0.0034321,0.0034438,258884345.0
2026-09-14 03:15:00,0.0034439,0.0034461,0.0034356,0.0034364,213122687.0
2026-09-14 03:30:00,0.0034364,0.0034376,0.0034213,0.0034312,459053561.0
2026-09-14 03:45:00,0.0034313,0.0034407,0.0034304,0.0034395,200496948.0
2026-09-14 04:00:00,0.0034396,0.0034498,0.0034354,0.0034414,312789413.0
2026-09-14 04:15:00,0.0034414,0.0034517,0.0034336,0.003436,278507982.0
2026-09-14 04:30:00,0.0034361,0.0034462,0.0034348,0.0034441,240523629.0
2026-09-14 04:45:00,0.0034442,0.0034509,0.0034396,0.0034442,166612055.0
2026-09-14 05:00:00,0.0034443,0.0034467,0.0034375,0.0034429,153051114.0
2026-09-14 05:15:00,0.003443,0.0034461,0.0034375,0.0034407,105359038.0
2026-09-14 05:30:00,0.0034408,0.0034477,0.003437,0.003445,133709010.0
2026-09-14 05:45:00,0.0034449,0.0034518,0.0034374,0.0034518,133360903.0
2026-09-14 06:00:00,0.0034518,0.0034697,0.0034504,0.0034575,710832998.0
2026-09-14 06:15:00,0.0034576,0.0034614,0.0034406,0.0034407,454551490.0
2026-09-14 06:30:00,0.0034406,0.00346,0.0034308,0.0034546,582719734.0
2026-09-14 06:45:00,0.0034547,0.0034584,0.0034456,0.0034466,249175255.0
2026-09-14 07:00:00,0.0034467,0.0034537,0.0034428,0.0034476,167034181.0
2026-09-14 07:15:00,0.0034476,0.0034596,0.0034423,0.0034437,209819401.0
2026-09-14 07:30:00,0.0034436,0.0034518,0.0034372,0.0034484,163865266.0
2026-09-14 07:45:00,0.0034484,0.0034511,0.003443,0.0034498,232184019.0
2026-09-14 08:00:00,0.0034499,0.0034541,0.0034405,0.0034448,401981991.0
2026-09-14 08:15:00,0.0034449,0.00346,0.0034401,0.0034419,265886225.0
2026-09-14 08:30:00,0.0034417,0.0034491,0.0034371,0.0034449,201809873.0
2026-09-14 08:45:00,0.003445,0.0034451,0.0034382,0.0034404,103438500.0
2026-09-14 09:00:00,0.0034404,0.0034439,0.0034163,0.0034191,850231785.0
2026-09-14 09:15:00,0.0034193,0.0034244,0.0034101,0.0034221,655618837.0
2026-09-14 09:30:00,0.003422,0.0034412,0.003422,0.0034368,605042745.0
2026-09-14 09:45:00,0.0034369,0.0034812,0.0034367,0.0034452,1738154151.0
2026-09-14 10:00:00,0.0034453,0.00346,0.0034436,0.0034531,581098560.0
2026-09-14 10:15:00,0.0034532,0.0034552,0.0034443,0.0034482,179577810.0
2026-09-14 10:30:00,0.0034483,0.0034535,0.0034434,0.0034529,193773265.0
2026-09-14 10:45:00,0.003453,0.0034592,0.003445,0.0034456,248917361.0
2026-09-14 11:00:00,0.0034458,0.0034503,0.0034313,0.0034437,557709263.0
2026-09-14 11:15:00,0.0034438,0.0034589,0.0034424,0.0034557,195384862.0
2026-09-14 11:30:00,0.0034558,0.00346,0.0034383,0.0034452,243641384.0
2026-09-14 11:45:00,0.0034452,0.0034482,0.0034397,0.0034471,217781015.0
2026-09-14 12:00:00,0.0034472,0.0034558,0.0034405,0.0034547,267685879.0
2026-09-14 12:15:00,0.0034548,0.0034581,0.0034478,0.0034558,287122184.0
2026-09-14 12:30:00,0.0034562,0.0034611,0.0034421,0.0034508,464954341.0
2026-09-14 12:45:00,0.0034508,0.0034537,0.0034256,0.0034334,477802268.0
2026-09-14 13:00:00,0.0034334,0.0034354,0.0034022,0.0034227,1327932702.0
2026-09-14 13:15:00,0.0034226,0.0034396,0.0034209,0.003432,386421868.0
2026-09-14 13:30:00,0.0034323,0.0034554,0.0034228,0.0034411,1218053629.0
2026-09-14 13:45:00,0.0034411,0.0034631,0.0034322,0.0034374,971991415.0
2026-09-14 14:00:00,0.0034375,0.0034631,0.0034369,0.003449,1225772656.0
2026-09-14 14:15:00,0.0034491,0.0034598,0.0034221,0.00344,815493330.0
2026-09-14 14:30:00,0.0034399,0.0034597,0.0034307,0.0034358,751484476.0
2026-09-14 14:45:00,0.0034358,0.0034476,0.0034329,0.0034359,486099523.0
2026-09-14 15:00:00,0.0034359,0.0034434,0.0034238,0.0034378,514320400.0
2026-09-14 15:15:00,0.0034378,0.003449,0.0034351,0.0034413,270441860.0
2026-09-14 15:30:00,0.0034413,0.0034644,0.0034386,0.0034618,1439047889.0
2026-09-14 15:45:00,0.0034618,0.0034821,0.0034475,0.0034772,1443984605.0
2026-09-14 16:00:00,0.0034771,0.0034908,0.003464,0.0034758,1202903538.0
2026-09-14 16:15:00,0.0034759,0.0035089,0.0034746,0.0034881,1382057751.0
2026-09-14 16:30:00,0.0034879,0.0034981,0.0034809,0.0034853,545639594.0
2026-09-14 16:45:00,0.0034853,0.0035196,0.0034845,0.0035018,974015704.0
2026-09-14 17:00:00,0.0035018,0.0035068,0.0034938,0.0035032,374436411.0
2026-09-14 17:15:00,0.0035031,0.0035108,0.0034948,0.0035053,357522543.0
2026-09-14 17:30:00,0.0035054,0.00351,0.0034916,0.003508,367671962.0
2026-09-14 17:45:00,0.003508,0.0035241,0.0035059,0.003513,719823726.0
2026-09-14 18:00:00,0.003513,0.0035243,0.0035038,0.0035095,454116653.0
2026-09-14 18:15:00,0.0035096,0.003566,0.0035073,0.0035659,1115457487.0
2026-09-14 18:30:00,0.0035659,0.003571,0.0035468,0.003561,1392959505.0
2026-09-14 18:45:00,0.0035608,0.003576,0.0035493,0.0035495,955789194.0
2026-09-14 19:00:00,0.0035496,0.0035512,0.0035261,0.0035336,735370853.0
2026-09-14 19:15:00,0.0035336,0.003545,0.0035291,0.0035291,352811523.0
2026-09-14 19:30:00,0.003529,0.0035354,0.0035107,0.0035269,1124949746.0
2026-09-14 19:45:00,0.0035268,0.0035287,0.0035143,0.0035177,373152921.0
2026-09-14 20:00:00,0.0035178,0.0035604,0.0035158,0.0035468,620748575.0
2026-09-14 20:15:00,0.0035467,0.0035927,0.003546,0.0035861,1538196793.0
2026-09-14 20:30:00,0.0035862,0.0035908,0.0035654,0.0035676,576674398.0
2026-09-14 20:45:00,0.0035677,0.0035769,0.0035392,0.0035432,654203691.0
2026-09-14 21:00:00,0.0035432,0.0035444,0.0035016,0.0035135,1332362011.0
2026-09-14 21:15:00,0.0035135,0.0035265,0.00351,0.0035151,544967336.0
2026-09-14 21:30:00,0.0035152,0.003527,0.0035004,0.0035131,409049409.0
2026-09-14 21:45:00,0.0035132,0.0035157,0.0035055,0.003509,261905216.0
2026-09-14 22:00:00,0.0035089,0.00352,0.0034889,0.0035151,1094040280.0
2026-09-14 22:15:00,0.0035151,0.0035165,0.0034899,0.003495,478841253.0
2026-09-14 22:30:00,0.0034951,0.0034974,0.0034831,0.0034889,480575760.0
2026-09-14 22:45:00,0.0034889,0.0034899,0.003477,0.0034832,360342667.0
2026-09-14 23:00:00,0.0034833,0.003486,0.003464,0.0034728,853738684.0
2026-09-14 23:15:00,0.0034729,0.0034774,0.0034639,0.0034688,406835416.0
2026-09-14 23:30:00,0.0034688,0.0034695,0.0034569,0.0034627,359737795.0
2026-09-14 23:45:00,0.0034626,0.0034626,0.0034503,0.0034548,247775081.0
2026-09-15 00:00:00,0.0034545,0.0034624,0.0034479,0.0034532,502454907.0
2026-09-15 00:15:00,0.0034532,0.0034575,0.0034452,0.0034521,232062744.0
2026-09-15 00:30:00,0.0034522,0.003458,0.0034461,0.0034478,229570722.0
2026-09-15 00:45:00,0.0034479,0.0034565,0.0034473,0.003454,161462276.0
2026-09-15 01:00:00,0.0034541,0.0034545,0.003441,0.0034472,374691738.0
2026-09-15 01:15:00,0.0034473,0.0034691,0.0034458,0.0034549,397475760.0
2026-09-15 01:30:00,0.0034549,0.0034618,0.0034528,0.0034588,211899951.0
2026-09-15 01:45:00,0.0034588,0.0034656,0.0034533,0.0034578,286563183.0
2026-09-15 02:00:00,0.0034579,0.0034656,0.0034507,0.0034611,221168971.0
2026-09-15 02:15:00,0.0034611,0.0034677,0.0034581,0.0034639,201535804.0
2026-09-15 02:30:00,0.0034639,0.0034685,0.0034615,0.0034659,232469452.0
2026-09-15 02:45:00,0.0034659,0.0034816,0.0034595,0.0034762,385987837.0
2026-09-15 03:00:00,0.0034762,0.0034762,0.0034468,0.0034513,472321580.0
2026-09-15 03:15:00,0.0034514,0.0034583,0.0034433,0.0034574,270162890.0
2026-09-15 03:30:00,0.0034575,0.0034716,0.0034564,0.0034625,169318312.0
2026-09-15 03:45:00,0.0034626,0.0034634,0.0034518,0.0034551,189935112.0
2026-09-15 04:00:00,0.003455,0.0034654,0.0034514,0.0034547,246937180.0
2026-09-15 04:15:00,0.0034548,0.0034587,0.0034412,0.0034459,522995215.0
2026-09-15 04:30:00,0.003446,0.0034551,0.0034356,0.0034549,613451373.0
2026-09-15 04:45:00,0.003455,0.0034586,0.0034492,0.0034497,237426253.0
2026-09-15 05:00:00,0.0034498,0.0034562,0.003423,0.0034319,672702235.0
2026-09-15 05:15:00,0.003432,0.0034344,0.0034175,0.0034329,477453767.0
2026-09-15 05:30:00,0.003433,0.0034365,0.0034077,0.0034138,556115052.0
2026-09-15 05:45:00,0.0034139,0.0034303,0.0033954,0.003424,912531372.0
2026-09-15 06:00:00,0.003424,0.0034264,0.0034083,0.0034137,257348717.0
2026-09-15 06:15:00,0.0034137,0.0034146,0.0033972,0.003401,368422169.0
2026-09-15 06:30:00,0.003401,0.0034079,0.0033987,0.0034062,382318724.0
2026-09-15 06:45:00,0.0034062,0.0034081,0.0033857,0.003392,674079703.0
2026-09-15 07:00:00,0.003392,0.0034128,0.0033918,0.0034099,729916348.0
2026-09-15 07:15:00,0.00341,0.0034297,0.0034085,0.0034264,532829969.0
2026-09-15 07:30:00,0.0034264,0.0034293,0.003408,0.003415,454898215.0
2026-09-15 07:45:00,0.0034149,0.0034203,0.0034087,0.0034161,248277472.0
2026-09-15 08:00:00,0.0034161,0.0034211,0.0034053,0.003421,290709592.0
2026-09-15 08:15:00,0.003421,0.0034257,0.0034128,0.0034156,245934683.0
2026-09-15 08:30:00,0.0034157,0.0034196,0.0034133,0.0034133,128009788.0
2026-09-15 08:45:00,0.0034133,0.0034258,0.0034131,0.0034251,242506250.0
2026-09-15 09:00:00,0.0034251,0.0034263,0.0034181,0.0034262,103099194.0
2026-09-15 09:15:00,0.0034262,0.0034293,0.0034198,0.0034263,128218634.0
2026-09-15 09:30:00,0.0034264,0.0034441,0.0034244,0.003437,336563398.0
2026-09-15 09:45:00,0.0034371,0.0034424,0.0034317,0.0034355,409113721.0
2026-09-15 10:00:00,0.0034354,0.0034471,0.0034325,0.003441,381312511.0
2026-09-15 10:15:00,0.003441,0.0034454,0.003435,0.00344,228121957.0
2026-09-15 10:30:00,0.0034399,0.0034472,0.0034369,0.0034462,234796045.0
2026-09-15 10:45:00,0.0034463,0.003457,0.0034438,0.0034464,405848450.0
2026-09-15 11:00:00,0.0034465,0.0034541,0.0034409,0.0034426,192813071.0
2026-09-15 11:15:00,0.0034427,0.0034464,0.0034258,0.0034283,490774098.0
2026-09-15 11:30:00,0.0034283,0.0034309,0.003416,0.0034253,525017577.0
2026-09-15 11:45:00,0.0034254,0.0034409,0.003422,0.0034351,294029460.0
2026-09-15 12:00:00,0.0034351,0.0034489,0.0034329,0.0034452,355100954.0
2026-09-15 12:15:00,0.0034453,0.0034675,0.0034418,0.0034569,763436347.0
2026-09-15 12:30:00,0.003457,0.0034604,0.0034442,0.0034598,528977552.0
2026-09-15 12:45:00,0.0034599,0.0034763,0.0034545,0.003467,653317019.0
2026-09-15 13:00:00,0.0034669,0.0034995,0.0034659,0.0034852,1228275964.0
2026-09-15 13:15:00,0.0034852,0.0034909,0.0034773,0.003487,368772870.0
2026-09-15 13:30:00,0.003487,0.0034883,0.00342,0.0034561,2494622866.0
2026-09-15 13:45:00,0.0034562,0.0034678,0.0034346,0.0034666,980549714.0
2026-09-15 14:00:00,0.0034666,0.0034741,0.0034409,0.0034443,1041293960.0
2026-09-15 14:15:00,0.0034443,0.0034524,0.0034145,0.0034177,769120052.0
2026-09-15 14:30:00,0.0034178,0.0034207,0.0033722,0.0033829,2603284539.0
2026-09-15 14:45:00,0.0033829,0.0033854,0.0033287,0.0033731,2993165366.0
2026-09-15 15:00:00,0.0033731,0.0033986,0.0033646,0.0033897,1326550591.0
2026-09-15 15:15:00,0.0033897,0.003427,0.0033829,0.0034153,883765986.0
2026-09-15 15:30:00,0.0034154,0.0034204,0.0033914,0.0033944,844961526.0
2026-09-15 15:45:00,0.0033943,0.0033986,0.0033794,0.0033834,891164517.0
2026-09-15 16:00:00,0.0033834,0.0033926,0.003362,0.0033635,1062210241.0
2026-09-15 16:15:00,0.0033636,0.0034092,0.0033636,0.0034051,957990813.0
2026-09-15 16:30:00,0.0034051,0.0034083,0.003386,0.0033985,446313036.0
2026-09-15 16:45:00,0.0033984,0.0034172,0.0033969,0.003402,606726190.0
2026-09-15 17:00:00,0.003402,0.0034062,0.0033895,0.0034017,344680556.0
2026-09-15 17:15:00,0.0034018,0.0034158,0.0033993,0.0034131,288261253.0
2026-09-15 17:30:00,0.0034131,0.0034587,0.0034076,0.0034277,1180922128.0
2026-09-15 17:45:00,0.0034278,0.0034489,0.0034262,0.003428,860157472.0
2026-09-15 18:00:00,0.0034279,0.0034369,0.0034158,0.0034217,607567729.0
2026-09-15 18:15:00,0.0034218,0.0034484,0.0033887,0.0034243,1411548232.0
2026-09-15 18:30:00,0.0034243,0.0034253,0.0033297,0.0033436,3824195757.0
2026-09-15 18:45:00,0.0033435,0.0033796,0.0032667,0.0033725,6061639776.0
2026-09-15 19:00:00,0.0033722,0.003386,0.0033432,0.0033499,1856274916.0
2026-09-15 19:15:00,0.00335,0.0033768,0.0033345,0.0033376,1123450360.0
2026-09-15 19:30:00,0.0033374,0.0033549,0.0033319,0.0033386,998114490.0
2026-09-15 19:45:00,0.0033386,0.0033751,0.003338,0.0033698,648499331.0
2026-09-15 20:00:00,0.0033699,0.0033791,0.0033252,0.0033417,913592969.0
2026-09-15 20:15:00,0.0033417,0.0033449,0.0033122,0.0033124,877181457.0
2026-09-15 20:30:00,0.0033122,0.0033292,0.0033064,0.0033264,1164803543.0
2026-09-15 20:45:00,0.0033264,0.0033548,0.0033244,0.0033466,642334786.0
2026-09-15 21:00:00,0.0033465,0.0033561,0.0033311,0.0033429,451883802.0
2026-09-15 21:15:00,0.0033428,0.0033507,0.0033119,0.003318,629322513.0
2026-09-15 21:30:00,0.0033178,0.0033379,0.0033151,0.0033372,418590887.0
2026-09-15 21:45:00,0.0033372,0.0033378,0.0033093,0.0033129,280285889.0
2026-09-15 22:00:00,0.0033126,0.0033331,0.0033101,0.0033212,573757237.0
2026-09-15 22:15:00,0.0033214,0.0033479,0.0033111,0.0033418,526159635.0
2026-09-15 22:30:00,0.0033417,0.0033555,0.0033399,0.0033459,368443979.0
2026-09-15 22:45:00,0.0033458,0.0033966,0.0033444,0.0033867,1338818044.0
2026-09-15 23:00:00,0.0033866,0.0034214,0.0033827,0.003418,735250330.0
2026-09-15 23:15:00,0.003418,0.0034182,0.0034014,0.0034038,446895855.0
2026-09-15 23:30:00,0.0034037,0.0034065,0.0033802,0.0033985,581665637.0
2026-09-15 23:45:00,0.0033984,0.0034076,0.0033856,0.003389,352415642.0
2026-09-16 00:00:00,0.0033889,0.0034011,0.0033831,0.0033888,236469849.0
2026-09-16 00:15:00,0.0033889,0.0033985,0.003386,0.0033972,257378149.0
2026-09-16 00:30:00,0.0033972,0.0033981,0.0033781,0.0033832,257902433.0
2026-09-16 00:45:00,0.0033832,0.0033888,0.0033704,0.0033758,360812113.0
2026-09-16 01:00:00,0.0033757,0.0033846,0.0033634,0.0033743,346909198.0
2026-09-16 01:15:00,0.0033742,0.0033849,0.0033686,0.0033699,235173842.0
2026-09-16 01:30:00,0.0033699,0.0033704,0.0033308,0.0033417,1687366791.0
2026-09-16 01:45:00,0.0033416,0.0033465,0.0033311,0.0033356,404331223.0
2026-09-16 02:00:00,0.0033355,0.0033504,0.0033266,0.003345,618959879.0
2026-09-16 02:15:00,0.0033449,0.0033688,0.0033431,0.003368,329864732.0
2026-09-16 02:30:00,0.003368,0.00339,0.003368,0.0033753,455043602.0
2026-09-16 02:45:00,0.0033752,0.0033812,0.0033688,0.0033758,204511058.0
2026-09-16 03:00:00,0.0033757,0.0033877,0.0033701,0.0033865,362017529.0
2026-09-16 03:15:00,0.0033865,0.0033983,0.0033828,0.0033844,353716425.0
2026-09-16 03:30:00,0.0033844,0.0033953,0.0033783,0.0033832,311600333.0
2026-09-16 03:45:00,0.0033832,0.003388,0.0033824,0.0033852,122309140.0
2026-09-16 04:00:00,0.0033852,0.0034017,0.003385,0.0033975,314223443.0
2026-09-16 04:15:00,0.0033976,0.0034227,0.003391,0.0033999,1563769746.0
2026-09-16 04:30:00,0.0033998,0.0034163,0.0033965,0.0034061,539322123.0
2026-09-16 04:45:00,0.0034061,0.0034106,0.0033915,0.0033928,317128765.0
2026-09-16 05:00:00,0.0033928,0.0033951,0.0033717,0.0033812,469888232.0
2026-09-16 05:15:00,0.0033812,0.0033863,0.0033722,0.0033822,292603743.0
2026-09-16 05:30:00,0.0033822,0.0033896,0.0033761,0.0033873,298066260.0
2026-09-16 05:45:00,0.0033873,0.0033881,0.0033736,0.0033832,349184989.0
2026-09-16 06:00:00,0.0033831,0.0033895,0.003374,0.0033776,227612365.0
2026-09-16 06:15:00,0.0033776,0.0033807,0.0033722,0.0033727,161750483.0
2026-09-16 06:30:00,0.0033726,0.0033755,0.0033636,0.003375,311596277.0
2026-09-16 06:45:00,0.003375,0.003392,0.0033729,0.0033896,256639039.0
2026-09-16 07:00:00,0.0033896,0.0033933,0.0033621,0.0033671,759374065.0
2026-09-16 07:15:00,0.0033672,0.0033706,0.0033583,0.0033619,522221431.0
2026-09-16 07:30:00,0.0033619,0.0033714,0.0033596,0.0033618,128334906.0
2026-09-16 07:45:00,0.0033618,0.0033644,0.0033497,0.003353,335905737.0
2026-09-16 08:00:00,0.003353,0.0033544,0.003334,0.0033435,675281021.0
2026-09-16 08:15:00,0.0033435,0.0033526,0.003334,0.003337,769495722.0
2026-09-16 08:30:00,0.003337,0.0033469,0.0033301,0.003346,534740828.0
2026-09-16 08:45:00,0.003346,0.0033652,0.0033455,0.0033625,342965305.0
2026-09-16 09:00:00,0.0033626,0.0033735,0.0033623,0.003366,453659441.0
2026-09-16 09:15:00,0.0033661,0.0033735,0.0033443,0.0033493,868501477.0
2026-09-16 09:30:00,0.0033492,0.0033509,0.0033287,0.0033462,1043081434.0
2026-09-16 09:45:00,0.0033463,0.0033602,0.0033446,0.0033569,305666168.0
2026-09-16 10:00:00,0.003357,0.0033595,0.0033454,0.003348,436684194.0
2026-09-16 10:15:00,0.0033479,0.0033536,0.0033409,0.0033443,282373268.0
2026-09-16 10:30:00,0.0033442,0.0033477,0.0033411,0.0033462,200052354.0
2026-09-16 10:45:00,0.0033462,0.0033493,0.0033431,0.0033482,211955128.0
2026-09-16 11:00:00,0.0033483,0.0033532,0.0033401,0.0033414,208858567.0
2026-09-16 11:15:00,0.0033414,0.00335,0.003338,0.0033471,294892532.0
2026-09-16 11:30:00,0.0033471,0.0033751,0.0033456,0.0033708,637149851.0
2026-09-16 11:45:00,0.0033708,0.0033729,0.0033554,0.0033561,573172142.0
2026-09-16 12:00:00,0.0033561,0.0033611,0.0033432,0.0033448,388154983.0
2026-09-16 12:15:00,0.0033448,0.003353,0.0033319,0.0033361,387930629.0
2026-09-16 12:30:00,0.0033362,0.0033472,0.0033241,0.0033298,540686803.0
2026-09-16 12:45:00,0.0033298,0.0033496,0.003328,0.0033447,579968023.0
2026-09-16 13:00:00,0.0033447,0.0033541,0.0033318,0.003354,388590917.0
2026-09-16 13:15:00,0.003354,0.0033664,0.0033446,0.0033577,490377011.0
2026-09-16 13:30:00,0.0033577,0.0033705,0.0033504,0.0033688,609229740.0
2026-09-16 13:45:00,0.0033687,0.003381,0.0033468,0.003351,702273474.0
2026-09-16 14:00:00,0.003351,0.003352,0.003321,0.0033344,662274969.0
2026-09-16 14:15:00,0.0033344,0.0033443,0.0033259,0.0033432,546102574.0
2026-09-16 14:30:00,0.0033432,0.0033433,0.0033274,0.0033388,473960643.0
2026-09-16 14:45:00,0.0033387,0.0033387,0.0033157,0.0033303,572277017.0
2026-09-16 15:00:00,0.0033305,0.0033482,0.0033273,0.0033468,441561768.0
2026-09-16 15:15:00,0.0033467,0.0033467,0.0033193,0.0033212,375117994.0
2026-09-16 15:30:00,0.0033211,0.0033333,0.0033075,0.0033251,523781997.0
2026-09-16 15:45:00,0.0033251,0.0033443,0.0033143,0.0033199,586386562.0
2026-09-16 16:00:00,0.0033199,0.0033366,0.0033135,0.0033359,404038108.0
2026-09-16 16:15:00,0.0033359,0.0033426,0.0033284,0.0033377,272235873.0
2026-09-16 16:30:00,0.0033376,0.0033433,0.0033264,0.0033284,267251634.0
2026-09-16 16:45:00,0.0033283,0.0033441,0.0033278,0.0033366,223128862.0
2026-09-16 17:00:00,0.0033365,0.0033428,0.0033269,0.0033337,396280923.0
2026-09-16 17:15:00,0.0033337,0.0033384,0.0033185,0.0033304,615517150.0
2026-09-16 17:30:00,0.0033304,0.0033332,0.0032944,0.0033049,1182004307.0
2026-09-16 17:45:00,0.0033053,0.0033449,0.0032858,0.0033338,1589768423.0
2026-09-16 18:00:00,0.0033335,0.0034056,0.0033063,0.0033528,4547653057.0
2026-09-16 18:15:00,0.003353,0.0033694,0.0033358,0.0033674,1607575522.0
2026-09-16 18:30:00,0.0033673,0.0033992,0.0032968,0.0033792,2413674268.0
2026-09-16 18:45:00,0.003379,0.0033875,0.0033361,0.0033478,1174848091.0
2026-09-16 19:00:00,0.003348,0.0033968,0.0033469,0.003366,933119763.0
2026-09-16 19:15:00,0.0033661,0.0033743,0.0033229,0.0033493,907805011.0
2026-09-16 19:30:00,0.0033496,0.0033768,0.003342,0.0033744,647777381.0
2026-09-16 19:45:00,0.0033743,0.0033925,0.0033732,0.003383,512913242.0
2026-09-16 20:00:00,0.0033833,0.003415,0.0033775,0.0033847,604900029.0
2026-09-16 20:15:00,0.0033846,0.0034004,0.0033756,0.0033878,482159601.0
2026-09-16 20:30:00,0.0033878,0.003402,0.0033739,0.0033846,413495314.0
2026-09-16 20:45:00,0.0033846,0.0033905,0.0033752,0.0033867,307982590.0
2026-09-16 21:00:00,0.0033867,0.0033886,0.0033703,0.0033745,230694192.0
2026-09-16 21:15:00,0.0033746,0.003379,0.0033677,0.0033723,224941088.0
2026-09-16 21:30:00,0.0033723,0.0033836,0.0033712,0.0033726,143773898.0
2026-09-16 21:45:00,0.0033726,0.0033889,0.0033726,0.0033848,172189873.0
2026-09-16 22:00:00,0.0033848,0.0033872,0.0033511,0.0033732,748974521.0
2026-09-16 22:15:00,0.0033732,0.0033791,0.0033532,0.0033594,232868596.0
2026-09-16 22:30:00,0.0033593,0.0033667,0.0033527,0.0033657,182947532.0
2026-09-16 22:45:00,0.0033657,0.0033676,0.0033524,0.0033535,172193565.0
2026-09-16 23:00:00,0.0033535,0.0033613,0.003347,0.0033595,230730291.0
2026-09-16 23:15:00,0.0033595,0.0034072,0.0033595,0.0034048,666481532.0
2026-09-16 23:30:00,0.0034047,0.0034185,0.0033998,0.003414,908614929.0
2026-09-16 23:45:00,0.003414,0.003417,0.0034046,0.0034056,465172224.0
2026-09-17 00:00:00,0.0034056,0.0034117,0.0033977,0.0033991,488412768.0
2026-09-17 00:15:00,0.0033991,0.0034192,0.0033991,0.0034047,457256523.0
2026-09-17 00:30:00,0.003405,0.0034124,0.003396,0.0034008,608210380.0
2026-09-17 00:45:00,0.0034008,0.0034033,0.0033918,0.0033918,285186771.0
2026-09-17 01:00:00,0.0033918,0.0034085,0.003386,0.0034032,401303907.0
2026-09-17 01:15:00,0.0034032,0.0034316,0.0033979,0.0034299,677075738.0
2026-09-17 01:30:00,0.0034297,0.0034546,0.0034252,0.0034455,1181482683.0
2026-09-17 01:45:00,0.0034454,0.0034542,0.0034383,0.0034467,586374267.0
2026-09-17 02:00:00,0.0034468,0.0034513,0.0034248,0.0034342,431673527.0
2026-09-17 02:15:00,0.0034341,0.0034432,0.0034188,0.0034355,419731699.0
2026-09-17 02:30:00,0.0034354,0.0034658,0.0034312,0.0034649,705000093.0
2026-09-17 02:45:00,0.0034649,0.0034672,0.003438,0.0034386,576304642.0
2026-09-17 03:00:00,0.0034386,0.0034501,0.0034337,0.0034365,376609607.0
2026-09-17 03:15:00,0.0034365,0.0034629,0.0034326,0.0034625,398498831.0
2026-09-17 03:30:00,0.0034625,0.003473,0.003455,0.003465,409382722.0
2026-09-17 03:45:00,0.0034651,0.0034681,0.0034542,0.0034604,391635550.0
2026-09-17 04:00:00,0.0034604,0.0034646,0.0034495,0.0034512,295487816.0
2026-09-17 04:15:00,0.0034513,0.0034527,0.0034402,0.0034413,480930530.0
2026-09-17 04:30:00,0.0034413,0.0034712,0.0034378,0.0034648,439927908.0
2026-09-17 04:45:00,0.0034647,0.003482,0.0034631,0.0034708,606613665.0
2026-09-17 05:00:00,0.0034708,0.0034743,0.0034521,0.0034523,402723529.0
2026-09-17 05:15:00,0.0034522,0.0034681,0.0034492,0.003464,290759866.0
2026-09-17 05:30:00,0.0034639,0.003464,0.0034539,0.0034564,162710610.0
2026-09-17 05:45:00,0.0034564,0.0034635,0.0034546,0.0034563,255318670.0
2026-09-17 06:00:00,0.0034562,0.0034662,0.00345,0.0034532,307845184.0
2026-09-17 06:15:00,0.0034531,0.0034531,0.0034447,0.0034516,166514522.0
2026-09-17 06:30:00,0.0034516,0.0034695,0.0034516,0.0034663,211907001.0
2026-09-17 06:45:00,0.0034666,0.0034711,0.0034596,0.0034638,156020944.0
2026-09-17 07:00:00,0.0034638,0.003512,0.0034582,0.003488,1144086779.0
2026-09-17 07:15:00,0.003488,0.0034969,0.0034845,0.0034881,487594885.0
2026-09-17 07:30:00,0.0034881,0.0034946,0.0034809,0.0034866,424670114.0
2026-09-17 07:45:00,0.0034865,0.0034972,0.0034815,0.0034872,299772203.0
2026-09-17 08:00:00,0.0034872,0.0034979,0.0034729,0.0034752,463249107.0
2026-09-17 08:15:00,0.0034752,0.003488,0.0034728,0.0034768,379266772.0
2026-09-17 08:30:00,0.0034768,0.0034975,0.0034766,0.0034863,493626010.0
2026-09-17 08:45:00,0.0034863,0.0034936,0.0034805,0.0034842,334087675.0
2026-09-17 09:00:00,0.0034843,0.0034902,0.0034824,0.0034848,200457131.0
2026-09-17 09:15:00,0.0034849,0.0034968,0.0034816,0.0034858,529478564.0
2026-09-17 09:30:00,0.0034858,0.003494,0.0034782,0.0034786,312708249.0
2026-09-17 09:45:00,0.0034784,0.0034826,0.0034671,0.0034681,504243883.0
2026-09-17 10:00:00,0.0034681,0.0034697,0.0034545,0.0034551,466888478.0
2026-09-17 10:15:00,0.0034551,0.0034583,0.0034503,0.0034547,224495009.0
2026-09-17 10:30:00,0.0034547,0.0034661,0.0034501,0.0034559,248156284.0
2026-09-17 10:45:00,0.0034559,0.0034626,0.0034541,0.0034586,232606297.0
2026-09-17 11:00:00,0.0034587,0.0034758,0.0034572,0.0034711,382546517.0
2026-09-17 11:15:00,0.0034711,0.003474,0.0034659,0.0034694,177149044.0
2026-09-17 11:30:00,0.0034695,0.0034695,0.0034481,0.0034501,325886348.0
2026-09-17 11:45:00,0.0034502,0.0034766,0.0034502,0.003475,446217531.0
2026-09-17 12:00:00,0.003475,0.0034988,0.0034711,0.0034978,779744427.0
2026-09-17 12:15:00,0.0034979,0.0035098,0.0034949,0.0035027,1007647274.0
2026-09-17 12:30:00,0.0035025,0.0035289,0.0034986,0.0035076,1256134156.0
2026-09-17 12:45:00,0.0035075,0.0035131,0.0034984,0.0035053,716115138.0
2026-09-17 13:00:00,0.0035052,0.0035174,0.0034921,0.0035023,781812189.0
2026-09-17 13:15:00,0.0035022,0.0035446,0.0035001,0.0035338,1164541608.0
2026-09-17 13:30:00,0.0035338,0.003543,0.0035024,0.0035212,934041850.0
2026-09-17 13:45:00,0.0035211,0.0035708,0.0035082,0.0035687,1020044540.0
2026-09-17 14:00:00,0.0035687,0.0036349,0.0035519,0.0036327,1939801901.0
2026-09-17 14:15:00,0.0036326,0.0036937,0.0036235,0.0036728,3046991640.0
2026-09-17 14:30:00,0.0036727,0.0036801,0.0036133,0.0036143,1671269217.0
2026-09-17 14:45:00,0.0036143,0.0036326,0.0035957,0.003601,875202034.0
2026-09-17 15:00:00,0.003601,0.0036075,0.0035665,0.0035762,1334801058.0
2026-09-17 15:15:00,0.0035762,0.0035881,0.0035673,0.0035802,982586980.0
2026-09-17 15:30:00,0.0035803,0.0036401,0.0035778,0.0036303,1227964754.0
2026-09-17 15:45:00,0.0036303,0.003644,0.003615,0.003644,689586070.0
2026-09-17 16:00:00,0.003644,0.003653,0.0036361,0.0036413,865455171.0
2026-09-17 16:15:00,0.0036413,0.0036413,0.0036217,0.0036383,452280411.0
2026-09-17 16:30:00,0.0036385,0.0036405,0.0036091,0.0036243,860871438.0
2026-09-17 16:45:00,0.0036242,0.0036508,0.0036178,0.0036508,710749042.0
2026-09-17 17:00:00,0.0036508,0.0036638,0.0036289,0.0036329,1326618408.0
2026-09-17 17:15:00,0.003633,0.0036454,0.0036235,0.003638,887785487.0
2026-09-17 17:30:00,0.0036381,0.0036387,0.0036144,0.003615,477527199.0
2026-09-17 17:45:00,0.0036151,0.0036311,0.0036068,0.0036265,556939168.0
2026-09-17 18:00:00,0.0036266,0.0036339,0.0036164,0.0036307,361989654.0
2026-09-17 18:15:00,0.0036308,0.003635,0.0036239,0.0036257,204824768.0
2026-09-17 18:30:00,0.0036258,0.0036308,0.0036048,0.0036206,756975640.0
2026-09-17 18:45:00,0.0036206,0.0036303,0.0036125,0.0036125,363328426.0
2026-09-17 19:00:00,0.0036125,0.0036226,0.0036075,0.0036139,225175484.0
2026-09-17 19:15:00,0.0036139,0.0036276,0.0036099,0.0036212,359102647.0
2026-09-17 19:30:00,0.0036213,0.0036297,0.0036174,0.0036276,381149149.0
2026-09-17 19:45:00,0.0036275,0.0036468,0.0036163,0.0036277,461048174.0
2026-09-17 20:00:00,0.0036278,0.0036429,0.0036248,0.0036426,181792158.0
2026-09-17 20:15:00,0.0036426,0.0036592,0.0036426,0.003653,457261784.0
2026-09-17 20:30:00,0.003653,0.0036541,0.0036319,0.0036392,366758298.0
2026-09-17 20:45:00,0.0036393,0.0036496,0.0036347,0.0036473,314593605.0
2026-09-17 21:00:00,0.0036473,0.0036509,0.0036282,0.0036321,386223323.0
2026-09-17 21:15:00,0.0036322,0.003649,0.0036301,0.0036373,370635877.0
2026-09-17 21:30:00,0.0036373,0.0036457,0.0036355,0.0036363,175600419.0
2026-09-17 21:45:00,0.0036364,0.0036364,0.0036172,0.0036172,190467357.0
2026-09-17 22:00:00,0.0036173,0.0036236,0.0036046,0.0036156,703763446.0
2026-09-17 22:15:00,0.0036156,0.0036193,0.0035908,0.0035915,574150380.0
2026-09-17 22:30:00,0.0035916,0.0036153,0.0035906,0.0036041,457137357.0
2026-09-17 22:45:00,0.0036041,0.0036092,0.0035982,0.0036083,455860940.0
2026-09-17 23:00:00,0.0036082,0.0036206,0.0036046,0.0036198,427228003.0
2026-09-17 23:15:00,0.0036197,0.0036268,0.0036157,0.0036218,189983149.0
2026-09-17 23:30:00,0.0036219,0.0036274,0.0036108,0.0036269,367589886.0
2026-09-17 23:45:00,0.0036269,0.0036269,0.0036107,0.0036109,426422930.0
2026-09-18 00:00:00,0.0036109,0.003619,0.0036091,0.0036169,423963159.0
2026-09-18 00:15:00,0.0036168,0.0036175,0.0035974,0.0036003,377606703.0
2026-09-18 00:30:00,0.0036003,0.003615,0.0036003,0.0036105,227613403.0
2026-09-18 00:45:00,0.0036106,0.0036325,0.0036037,0.003631,297670364.0
2026-09-18 01:00:00,0.003631,0.0036469,0.0036224,0.0036438,679071180.0
2026-09-18 01:15:00,0.0036438,0.0036581,0.0036403,0.0036462,414575069.0
2026-09-18 01:30:00,0.0036462,0.0036512,0.0036432,0.0036466,442714043.0
2026-09-18 01:45:00,0.0036466,0.0036642,0.0036463,0.0036558,716906185.0
2026-09-18 02:00:00,0.0036559,0.0036696,0.0036428,0.0036488,612456356.0
2026-09-18 02:15:00,0.0036492,0.003655,0.0036417,0.0036521,639153989.0
2026-09-18 02:30:00,0.0036522,0.0036615,0.003649,0.0036559,487608903.0
2026-09-18 02:45:00,0.003656,0.0036652,0.0036524,0.0036591,257393380.0
2026-09-18 03:00:00,0.0036591,0.0036867,0.0036517,0.0036854,753403783.0
2026-09-18 03:15:00,0.0036853,0.0036947,0.0036637,0.003679,1208162102.0
2026-09-18 03:30:00,0.0036791,0.0036839,0.0036661,0.0036691,727604676.0
2026-09-18 03:45:00,0.0036692,0.0036829,0.0036692,0.0036747,673909320.0
2026-09-18 04:00:00,0.0036748,0.0036821,0.0036524,0.0036571,721505473.0
2026-09-18 04:15:00,0.0036571,0.0036662,0.0036489,0.0036496,839609691.0
2026-09-18 04:30:00,0.0036497,0.003669,0.0036445,0.003669,512279719.0
2026-09-18 04:45:00,0.003669,0.0036811,0.0036675,0.0036795,402696797.0
2026-09-18 05:00:00,0.0036792,0.0036835,0.0036638,0.0036737,773726891.0
2026-09-18 05:15:00,0.0036737,0.0036793,0.0036579,0.0036684,498641044.0
2026-09-18 05:30:00,0.0036683,0.0036709,0.0036567,0.0036578,395858096.0
2026-09-18 05:45:00,0.0036579,0.0036585,0.0036451,0.0036536,311830079.0
2026-09-18 06:00:00,0.0036537,0.0036634,0.0036514,0.0036519,476402680.0
2026-09-18 06:15:00,0.0036519,0.0036623,0.0036488,0.0036533,439902516.0
2026-09-18 06:30:00,0.0036534,0.0036686,0.0036525,0.0036639,375389129.0
2026-09-18 06:45:00,0.0036639,0.0036666,0.0036589,0.0036646,329927798.0
2026-09-18 07:00:00,0.0036646,0.0036752,0.0036617,0.0036661,895175712.0
2026-09-18 07:15:00,0.0036661,0.0036783,0.0036649,0.0036754,580088185.0
2026-09-18 07:30:00,0.0036753,0.0036825,0.0036716,0.0036789,356699082.0
2026-09-18 07:45:00,0.0036788,0.0037114,0.003676,0.0037073,944407789.0
2026-09-18 08:00:00,0.0037073,0.0037217,0.003682,0.0036855,997548980.0
2026-09-18 08:15:00,0.0036855,0.0037048,0.0036838,0.0036896,396685043.0
2026-09-18 08:30:00,0.0036896,0.0036968,0.0036815,0.0036858,545690857.0
2026-09-18 08:45:00,0.0036858,0.0036972,0.0036802,0.0036971,624533361.0
2026-09-18 09:00:00,0.0036972,0.0037028,0.0036831,0.0036973,904173501.0
2026-09-18 09:15:00,0.0036972,0.0037067,0.0036935,0.0037001,511966522.0
2026-09-18 09:30:00,0.0037002,0.0037097,0.0036925,0.0037094,416619871.0
2026-09-18 09:45:00,0.0037095,0.0037272,0.0037078,0.0037151,700704986.0
2026-09-18 10:00:00,0.0037151,0.0037351,0.0037092,0.0037331,808847621.0
2026-09-18 10:15:00,0.0037331,0.0037688,0.003733,0.0037626,1728029924.0
2026-09-18 10:30:00,0.0037626,0.0037684,0.0037486,0.0037555,687781218.0
2026-09-18 10:45:00,0.0037555,0.0037563,0.0037192,0.0037263,754739155.0
2026-09-18 11:00:00,0.0037263,0.0037318,0.0036719,0.0036824,2038635835.0
2026-09-18 11:15:00,0.0036823,0.0036918,0.0036769,0.0036826,946793773.0
2026-09-18 11:30:00,0.0036825,0.0037076,0.0036781,0.0036941,734278909.0
2026-09-18 11:45:00,0.0036941,0.0037091,0.003694,0.0037003,440772003.0
2026-09-18 12:00:00,0.0037004,0.003705,0.0036814,0.0036837,509279604.0
2026-09-18 12:15:00,0.0036838,0.0036975,0.003683,0.003691,411539013.0
2026-09-18 12:30:00,0.0036911,0.0037034,0.0036847,0.003697,365467685.0
2026-09-18 12:45:00,0.0036971,0.0037031,0.0036894,0.0036953,368101142.0
2026-09-18 13:00:00,0.0036954,0.0036986,0.0036741,0.0036873,535673600.0
2026-09-18 13:15:00,0.0036873,0.0037138,0.0036867,0.0037085,389978247.0
2026-09-18 13:30:00,0.0037086,0.0037814,0.0037055,0.0037746,1975743325.0
2026-09-18 13:45:00,0.0037745,0.0038131,0.0037414,0.0037765,3191005700.0
2026-09-18 14:00:00,0.0037765,0.0037893,0.0037604,0.0037786,1196379318.0
2026-09-18 14:15:00,0.0037786,0.0038307,0.0037774,0.0038107,1868862451.0
2026-09-18 14:30:00,0.0038111,0.003857,0.0037985,0.0038507,2272651906.0
2026-09-18 14:45:00,0.0038507,0.0038518,0.0038344,0.003845,828885906.0
2026-09-18 15:00:00,0.003845,0.0038562,0.0038066,0.0038272,1587476193.0
2026-09-18 15:15:00,0.003827,0.0038533,0.0038264,0.0038386,773703258.0
2026-09-18 15:30:00,0.0038387,0.0038394,0.003801,0.003802,718274735.0
2026-09-18 15:45:00,0.003802,0.0038319,0.0037903,0.0038201,943873531.0
2026-09-18 16:00:00,0.0038201,0.0038368,0.0038099,0.0038263,969674407.0
2026-09-18 16:15:00,0.0038263,0.0038324,0.0038115,0.0038264,725439637.0
2026-09-18 16:30:00,0.0038264,0.003863,0.003824,0.0038324,1115072046.0
2026-09-18 16:45:00,0.0038323,0.0038323,0.0038146,0.0038184,595795454.0
2026-09-18 17:00:00,0.0038184,0.0038223,0.0037886,0.0038042,1299565637.0
2026-09-18 17:15:00,0.0038042,0.0038118,0.0037801,0.0037973,852749935.0
2026-09-18 17:30:00,0.0037972,0.0038167,0.00379,0.0038132,493485462.0
2026-09-18 17:45:00,0.0038132,0.0038288,0.0038093,0.0038242,629998731.0
2026-09-18 18:00:00,0.0038241,0.0038413,0.0038171,0.0038376,521882576.0
2026-09-18 18:15:00,0.0038375,0.0038564,0.0038347,0.0038464,679838285.0
2026-09-18 18:30:00,0.0038463,0.0038572,0.0038354,0.0038511,513339570.0
2026-09-18 18:45:00,0.003851,0.0038591,0.0038308,0.0038379,463312919.0
2026-09-18 19:00:00,0.003838,0.0038666,0.0038346,0.0038645,658760982.0
2026-09-18 19:15:00,0.0038645,0.00387,0.0038433,0.0038499,936310134.0
2026-09-18 19:30:00,0.0038498,0.0038585,0.0038374,0.0038521,594129293.0
2026-09-18 19:45:00,0.0038521,0.0038521,0.0038314,0.0038378,779253513.0
2026-09-18 20:00:00,0.0038379,0.0038391,0.0038219,0.003833,508033522.0
2026-09-18 20:15:00,0.0038329,0.0038426,0.0038214,0.0038335,350631102.0
2026-09-18 20:30:00,0.0038335,0.0038717,0.0038335,0.0038671,642538930.0
2026-09-18 20:45:00,0.003867,0.0038703,0.0038527,0.0038591,335599506.0
2026-09-18 21:00:00,0.003859,0.0038782,0.0038548,0.0038723,465004096.0
2026-09-18 21:15:00,0.0038723,0.00388,0.0038611,0.0038739,498972071.0
2026-09-18 21:30:00,0.0038739,0.0038919,0.003867,0.0038877,535749122.0
2026-09-18 21:45:00,0.0038877,0.0038908,0.0038662,0.0038676,488461531.0
2026-09-18 22:00:00,0.0038675,0.0038774,0.0038561,0.0038591,591270585.0
2026-09-18 22:15:00,0.0038592,0.0038688,0.0038516,0.003858,471233426.0
2026-09-18 22:30:00,0.0038579,0.0038598,0.0038351,0.0038451,407969434.0
2026-09-18 22:45:00,0.0038451,0.0038544,0.0038438,0.0038491,268872839.0
2026-09-18 23:00:00,0.0038491,0.0038559,0.0038391,0.0038516,354460979.0
2026-09-18 23:15:00,0.0038515,0.0038545,0.0038265,0.0038298,646088879.0
2026-09-18 23:30:00,0.00383,0.0038312,0.0038173,0.0038201,750742442.0
2026-09-18 23:45:00,0.00382,0.0038246,0.0038089,0.0038207,492902068.0
2026-09-19 00:00:00,0.0038207,0.0038333,0.0038122,0.0038325,504438331.0
2026-09-19 00:15:00,0.0038325,0.0038333,0.0038219,0.0038315,336546288.0
2026-09-19 00:30:00,0.0038316,0.0038483,0.003831,0.0038328,485006143.0
2026-09-19 00:45:00,0.0038329,0.0038333,0.0038126,0.0038209,645797592.0
2026-09-19 01:00:00,0.0038209,0.0038246,0.003782,0.0037939,1307299783.0
2026-09-19 01:15:00,0.0037939,0.0037963,0.0037236,0.0037536,3214985058.0
2026-09-19 01:30:00,0.0037535,0.0037557,0.0037146,0.0037436,1487122337.0
2026-09-19 01:45:00,0.0037435,0.0037624,0.0037408,0.0037506,744990244.0
2026-09-19 02:00:00,0.0037506,0.0037777,0.0037479,0.0037765,773465045.0
2026-09-19 02:15:00,0.0037764,0.0037815,0.003768,0.0037713,624669467.0
2026-09-19 02:30:00,0.0037713,0.0037904,0.0037707,0.0037782,572808943.0
2026-09-19 02:45:00,0.0037782,0.0037782,0.003764,0.0037652,547380226.0
2026-09-19 03:00:00,0.0037651,0.0037839,0.0037635,0.0037797,394336562.0
2026-09-19 03:15:00,0.0037796,0.0037796,0.0037524,0.003755,315942854.0
2026-09-19 03:30:00,0.0037549,0.0037658,0.0037525,0.0037643,271980505.0
2026-09-19 03:45:00,0.0037642,0.0037745,0.0037627,0.0037739,251869420.0
2026-09-19 04:00:00,0.0037739,0.003824,0.0037724,0.0038075,1542744623.0
2026-09-19 04:15:00,0.0038075,0.0038159,0.003794,0.0037947,554644761.0
2026-09-19 04:30:00,0.0037947,0.003795,0.0037742,0.0037759,821879283.0
2026-09-19 04:45:00,0.0037759,0.0037777,0.0037546,0.0037729,709111506.0
2026-09-19 05:00:00,0.003773,0.0038002,0.0037718,0.0037966,323512548.0
2026-09-19 05:15:00,0.0037965,0.0038013,0.0037785,0.0037786,358107432.0
2026-09-19 05:30:00,0.0037786,0.0037816,0.0037576,0.0037586,285311687.0
2026-09-19 05:45:00,0.0037587,0.0037706,0.0037561,0.0037626,419087636.0
2026-09-19 06:00:00,0.0037626,0.0037682,0.0037465,0.0037524,410947133.0
2026-09-19 06:15:00,0.0037524,0.0037626,0.0037454,0.00376,321403258.0
2026-09-19 06:30:00,0.0037601,0.0037846,0.0037554,0.00378,350549286.0
2026-09-19 06:45:00,0.00378,0.0037829,0.0037657,0.0037662,284306912.0
2026-09-19 07:00:00,0.0037661,0.003777,0.003761,0.0037727,259090434.0
2026-09-19 07:15:00,0.0037727,0.0037812,0.003754,0.0037595,221256285.0
2026-09-19 07:30:00,0.0037594,0.0037644,0.0037431,0.0037524,342408323.0
2026-09-19 07:45:00,0.0037525,0.0037579,0.0037468,0.003749,266201768.0
2026-09-19 08:00:00,0.0037491,0.0037698,0.0037381,0.003769,534051848.0
2026-09-19 08:15:00,0.003769,0.0037935,0.0037641,0.0037692,765434788.0
2026-09-19 08:30:00,0.0037692,0.0037807,0.0037661,0.0037754,279189924.0
2026-09-19 08:45:00,0.0037754,0.0037835,0.0037698,0.0037795,313667213.0
2026-09-19 09:00:00,0.0037796,0.0037866,0.003768,0.0037738,557437742.0
2026-09-19 09:15:00,0.0037738,0.0037766,0.0037655,0.0037728,254076152.0
2026-09-19 09:30:00,0.0037728,0.0037765,0.0037582,0.0037683,541311399.0
2026-09-19 09:45:00,0.0037684,0.0037816,0.0037684,0.0037718,249967683.0
2026-09-19 10:00:00,0.0037719,0.0037795,0.0037693,0.0037783,270224737.0
2026-09-19 10:15:00,0.0037784,0.0038005,0.0037736,0.0037952,682204805.0
2026-09-19 10:30:00,0.0037952,0.0038091,0.003794,0.0038022,665459774.0
2026-09-19 10:45:00,0.0038022,0.003812,0.0037969,0.0037998,438804368.0
2026-09-19 11:00:00,0.0037999,0.0038312,0.0037988,0.0038185,597444243.0
2026-09-19 11:15:00,0.0038186,0.0038332,0.0038158,0.0038214,471734801.0
2026-09-19 11:30:00,0.0038215,0.0038298,0.0038138,0.003816,423850211.0
2026-09-19 11:45:00,0.0038161,0.0038186,0.0038093,0.0038125,257154006.0
2026-09-19 12:00:00,0.0038126,0.003823,0.0038036,0.0038059,505225853.0
2026-09-19 12:15:00,0.0038059,0.0038186,0.0038042,0.003814,430207565.0
2026-09-19 12:30:00,0.0038141,0.0038211,0.003803,0.0038136,264618925.0
2026-09-19 12:45:00,0.0038137,0.0038346,0.0038074,0.0038251,419934202.0
2026-09-19 13:00:00,0.0038251,0.003833,0.0038094,0.0038236,608365911.0
2026-09-19 13:15:00,0.0038237,0.0038488,0.0038115,0.0038116,1058554275.0
2026-09-19 13:30:00,0.0038116,0.0038192,0.0038042,0.0038089,558545791.0
2026-09-19 13:45:00,0.0038089,0.0038242,0.0038069,0.0038161,390304258.0
2026-09-19 14:00:00,0.0038161,0.0038286,0.0038125,0.0038248,356802811.0
2026-09-19 14:15:00,0.0038248,0.0038546,0.0038244,0.0038414,1015604391.0
2026-09-19 14:30:00,0.0038414,0.0038444,0.0038089,0.0038134,745686726.0
2026-09-19 14:45:00,0.0038134,0.0038199,0.003797,0.0038146,817507799.0
2026-09-19 15:00:00,0.0038146,0.0038471,0.0038056,0.0038323,1132016626.0
2026-09-19 15:15:00,0.0038323,0.0038449,0.0038203,0.0038209,652405017.0
2026-09-19 15:30:00,0.003821,0.003861,0.003821,0.0038461,1008130035.0
2026-09-19 15:45:00,0.0038461,0.003854,0.0038328,0.0038467,598352829.0
2026-09-19 16:00:00,0.0038468,0.0039482,0.0038368,0.0039467,2580654403.0
2026-09-19 16:15:00,0.0039466,0.0039468,0.0039059,0.003919,2560660265.0
2026-09-19 16:30:00,0.0039191,0.0040315,0.0039085,0.0039909,4555738047.0
2026-09-19 16:45:00,0.0039909,0.0040605,0.003987,0.0040522,2559192210.0
2026-09-19 17:00:00,0.0040522,0.0041971,0.0040382,0.0041821,6230580896.0
2026-09-19 17:15:00,0.0041824,0.0042197,0.0041101,0.0041482,5821191095.0
2026-09-19 17:30:00,0.0041482,0.0042035,0.0041337,0.0041381,3763351036.0
2026-09-19 17:45:00,0.0041379,0.0041917,0.0041191,0.0041915,2996778022.0
2026-09-19 18:00:00,0.0041912,0.004309,0.0041781,0.0042066,4569359703.0
2026-09-19 18:15:00,0.0042066,0.0042384,0.0041724,0.0042335,2851768995.0
2026-09-19 18:30:00,0.0042325,0.0043135,0.0042023,0.0042938,2938538124.0
2026-09-19 18:45:00,0.0042935,0.0042974,0.004209,0.0042572,2221062445.0
2026-09-19 19:00:00,0.0042571,0.0042988,0.0042349,0.0042526,1579411663.0
2026-09-19 19:15:00,0.0042526,0.0043257,0.0042179,0.0042251,2405937754.0
2026-09-19 19:30:00,0.0042245,0.0042287,0.0041461,0.004182,2528495355.0
2026-09-19 19:45:00,0.004182,0.0042481,0.0041725,0.0042276,1192910935.0
2026-09-19 20:00:00,0.0042275,0.0042481,0.0042073,0.0042279,788630671.0
2026-09-19 20:15:00,0.0042281,0.0042729,0.0041782,0.004228,2155782063.0
2026-09-19 20:30:00,0.0042282,0.0042509,0.0042094,0.0042297,683501738.0
2026-09-19 20:45:00,0.0042299,0.0042384,0.004187,0.0042264,1273192437.0
2026-09-19 21:00:00,0.0042264,0.0042418,0.0041702,0.0041763,1169353379.0
2026-09-19 21:15:00,0.0041763,0.004193,0.0041469,0.0041777,1303618268.0
2026-09-19 21:30:00,0.0041776,0.004178,0.0040069,0.0040677,5351421507.0
2026-09-19 21:45:00,0.0040677,0.0040895,0.0040563,0.0040714,884912696.0
2026-09-19 22:00:00,0.0040714,0.0040714,0.0040312,0.0040371,1375955455.0
2026-09-19 22:15:00,0.004037,0.0040612,0.0040359,0.0040575,1015969316.0
2026-09-19 22:30:00,0.0040575,0.0041053,0.004048,0.0040995,1358992215.0
2026-09-19 22:45:00,0.0040992,0.0041318,0.0040922,0.0041195,1519622111.0
2026-09-19 23:00:00,0.0041195,0.0041506,0.0041156,0.0041468,922205845.0
2026-09-19 23:15:00,0.0041468,0.0041586,0.0041154,0.0041411,960788045.0
2026-09-19 23:30:00,0.004141,0.0041473,0.0041151,0.0041267,576856623.0
2026-09-19 23:45:00,0.0041266,0.0041417,0.0041169,0.0041222,529711633.0
2026-09-20 00:00:00,0.0041222,0.0041284,0.0040919,0.0041137,1042260961.0
2026-09-20 00:15:00,0.0041137,0.0041371,0.0041105,0.0041175,458880733.0
2026-09-20 00:30:00,0.0041175,0.0041442,0.0041088,0.0041357,838366643.0
2026-09-20 00:45:00,0.0041359,0.0041428,0.0041244,0.0041306,468693398.0
2026-09-20 01:00:00,0.0041308,0.0041319,0.0040535,0.0040562,1994203532.0
2026-09-20 01:15:00,0.0040565,0.004086,0.0040452,0.0040466,1025298866.0
2026-09-20 01:30:00,0.0040466,0.0040768,0.0040323,0.0040694,1197020256.0
2026-09-20 01:45:00,0.0040694,0.004078,0.0040551,0.0040694,456641154.0
2026-09-20 02:00:00,0.0040695,0.0040843,0.0040654,0.0040692,522846264.0
2026-09-20 02:15:00,0.0040692,0.0040715,0.0040103,0.0040177,1295864436.0
2026-09-20 02:30:00,0.0040178,0.0040226,0.0039644,0.0039721,2034667813.0
2026-09-20 02:45:00,0.003972,0.0039933,0.0039197,0.0039347,3279347664.0
2026-09-20 03:00:00,0.0039349,0.0039661,0.0039142,0.0039336,1836520086.0
2026-09-20 03:15:00,0.0039335,0.0039809,0.0039159,0.003962,1054385635.0
2026-09-20 03:30:00,0.0039621,0.0039847,0.0039574,0.0039837,809585989.0
2026-09-20 03:45:00,0.0039836,0.0040456,0.0039748,0.0040326,1383808621.0
2026-09-20 04:00:00,0.0040328,0.0040384,0.0040033,0.0040149,756403553.0
2026-09-20 04:15:00,0.0040149,0.004018,0.0039954,0.0040105,409488013.0
2026-09-20 04:30:00,0.0040106,0.0040192,0.0039973,0.0039991,409035567.0
2026-09-20 04:45:00,0.003999,0.0040193,0.0039867,0.0040129,740828455.0
2026-09-20 05:00:00,0.004013,0.0040227,0.004003,0.0040127,384624020.0
2026-09-20 05:15:00,0.0040127,0.0040141,0.0039957,0.0040051,616770870.0
2026-09-20 05:30:00,0.0040051,0.0040298,0.0040022,0.0040159,607813711.0
2026-09-20 05:45:00,0.0040159,0.0040329,0.0040149,0.0040204,409825626.0
2026-09-20 06:00:00,0.0040203,0.0040284,0.0040002,0.0040101,571912763.0
2026-09-20 06:15:00,0.00401,0.00402,0.0039989,0.0040028,459164548.0
2026-09-20 06:30:00,0.0040028,0.004008,0.0039812,0.0039914,407736021.0
2026-09-20 06:45:00,0.0039914,0.0040095,0.0039859,0.0040046,360584889.0
2026-09-20 07:00:00,0.0040046,0.0040145,0.0040033,0.0040079,331104456.0
2026-09-20 07:15:00,0.0040079,0.004017,0.004,0.0040135,351160305.0
2026-09-20 07:30:00,0.0040135,0.0040186,0.0039897,0.003996,378034979.0
2026-09-20 07:45:00,0.003996,0.0040028,0.0039863,0.0039913,278224058.0
2026-09-20 08:00:00,0.0039914,0.0040209,0.0039909,0.0040121,606634931.0
2026-09-20 08:15:00,0.004012,0.0040167,0.003991,0.0040006,380492518.0
2026-09-20 08:30:00,0.0040006,0.0040036,0.0039638,0.0039719,620021286.0
2026-09-20 08:45:00,0.003972,0.003982,0.003968,0.0039751,526366005.0
2026-09-20 09:00:00,0.0039751,0.0039883,0.00397,0.0039706,443602441.0
2026-09-20 09:15:00,0.0039706,0.0039842,0.0039602,0.0039754,464987856.0
2026-09-20 09:30:00,0.0039755,0.0040099,0.0039732,0.0040012,878015553.0
2026-09-20 09:45:00,0.0040012,0.004004,0.0039433,0.0039531,1049126842.0
2026-09-20 10:00:00,0.0039531,0.003958,0.0039273,0.0039417,882703680.0
2026-09-20 10:15:00,0.0039418,0.0039529,0.0039236,0.0039345,496090857.0
2026-09-20 10:30:00,0.0039345,0.0039421,0.0039212,0.0039324,537971224.0
2026-09-20 10:45:00,0.0039325,0.0039398,0.003926,0.0039316,403250420.0
2026-09-20 11:00:00,0.0039317,0.0039511,0.003925,0.0039374,477351740.0
2026-09-20 11:15:00,0.0039375,0.003939,0.0039268,0.0039352,333783909.0
2026-09-20 11:30:00,0.0039352,0.0039431,0.0039274,0.0039369,494337400.0
2026-09-20 11:45:00,0.003937,0.0039647,0.0039359,0.0039555,796189506.0
2026-09-20 12:00:00,0.0039555,0.0039829,0.0039392,0.0039692,1155016087.0
2026-09-20 12:15:00,0.0039692,0.0039707,0.0039482,0.0039496,428784851.0
2026-09-20 12:30:00,0.0039497,0.0039698,0.0039424,0.0039665,489269759.0
2026-09-20 12:45:00,0.0039666,0.0039858,0.0039659,0.0039849,579264131.0
2026-09-20 13:00:00,0.0039849,0.0039854,0.0039602,0.0039642,491486468.0
2026-09-20 13:15:00,0.0039642,0.0039709,0.0039559,0.0039611,454562466.0
2026-09-20 13:30:00,0.0039612,0.0039652,0.003924,0.0039489,694679430.0
2026-09-20 13:45:00,0.0039488,0.003951,0.0039296,0.003932,540683135.0
2026-09-20 14:00:00,0.003932,0.0039666,0.0039293,0.0039294,691453544.0
2026-09-20 14:15:00,0.0039295,0.0039323,0.0038645,0.0038959,3278317619.0
2026-09-20 14:30:00,0.0038959,0.0039108,0.0038888,0.0038964,689197891.0
2026-09-20 14:45:00,0.0038964,0.0039022,0.0038883,0.0038903,496641015.0
2026-09-20 15:00:00,0.0038904,0.0039547,0.0038904,0.0039289,1960796851.0
2026-09-20 15:15:00,0.003929,0.0039519,0.003929,0.0039391,825031579.0
2026-09-20 15:30:00,0.0039392,0.0039573,0.0039349,0.0039549,747788611.0
2026-09-20 15:45:00,0.0039549,0.0039627,0.0039491,0.0039551,641419016.0
2026-09-20 16:00:00,0.0039551,0.003977,0.0039423,0.0039727,905968067.0
2026-09-20 16:15:00,0.0039727,0.0039865,0.0039603,0.0039742,1465129046.0
2026-09-20 16:30:00,0.0039741,0.0040205,0.0039684,0.0040124,2458052296.0
2026-09-20 16:45:00,0.0040124,0.0040323,0.0040108,0.004024,1948965813.0
2026-09-20 17:00:00,0.0040241,0.0040252,0.0039751,0.0039963,1404256369.0
2026-09-20 17:15:00,0.0039964,0.0040041,0.0039741,0.0039817,703496499.0
2026-09-20 17:30:00,0.0039818,0.0040098,0.0039788,0.0040033,589929822.0
2026-09-20 17:45:00,0.0040034,0.0040082,0.0039612,0.0039868,843666136.0
2026-09-20 18:00:00,0.0039869,0.0039912,0.0039651,0.0039726,549047428.0
2026-09-20 18:15:00,0.0039727,0.0040237,0.0039716,0.0040207,595460661.0
2026-09-20 18:30:00,0.0040207,0.0040238,0.0039938,0.0040061,913793515.0
2026-09-20 18:45:00,0.0040062,0.004011,0.0039816,0.0039938,517231140.0
2026-09-20 19:00:00,0.0039938,0.0040148,0.0039925,0.0040015,628908457.0
2026-09-20 19:15:00,0.0040015,0.0040084,0.0039928,0.0040072,328085509.0
2026-09-20 19:30:00,0.0040073,0.0040145,0.0040016,0.0040084,496718773.0
2026-09-20 19:45:00,0.0040085,0.0040236,0.0040057,0.004014,560211265.0
2026-09-20 20:00:00,0.004014,0.0040192,0.003998,0.0040008,318546029.0
2026-09-20 20:15:00,0.0040009,0.0040117,0.0039935,0.0040045,494512101.0
2026-09-20 20:30:00,0.0040045,0.0040162,0.003996,0.0040135,259380383.0
2026-09-20 20:45:00,0.0040135,0.0040191,0.0039876,0.0039904,562475487.0
2026-09-20 21:00:00,0.0039903,0.0039918,0.0039106,0.0039412,3689402211.0
2026-09-20 21:15:00,0.0039411,0.0039536,0.0039329,0.0039414,1099638857.0
2026-09-20 21:30:00,0.0039413,0.003967,0.00394,0.003944,948346440.0
2026-09-20 21:45:00,0.0039439,0.0039629,0.003942,0.0039609,288837225.0
2026-09-20 22:00:00,0.0039609,0.0040033,0.003953,0.0040025,900170335.0
2026-09-20 22:15:00,0.0040026,0.0040026,0.0039811,0.0039944,510882114.0
2026-09-20 22:30:00,0.0039944,0.0040271,0.0039926,0.004012,1171222914.0
2026-09-20 22:45:00,0.004012,0.0040165,0.0039965,0.0040022,588178247.0
2026-09-20 23:00:00,0.0040021,0.0040091,0.0039904,0.0040002,500334372.0
2026-09-20 23:15:00,0.0040002,0.0040145,0.003991,0.0039937,357057444.0
2026-09-20 23:30:00,0.0039937,0.0040128,0.0039931,0.0040029,368120869.0
2026-09-20 23:45:00,0.004003,0.0040073,0.0039893,0.0039947,424447848.0
2026-09-21 00:00:00,0.0039946,0.0040396,0.003993,0.0040356,1213756292.0
2026-09-21 00:15:00,0.0040353,0.00409,0.0040284,0.0040653,2886279941.0
2026-09-21 00:30:00,0.0040649,0.0040732,0.0040431,0.0040536,1107793459.0
2026-09-21 00:45:00,0.0040536,0.0040728,0.0040518,0.0040595,1069599922.0
2026-09-21 01:00:00,0.0040594,0.0040756,0.0040466,0.004065,920171781.0
2026-09-21 01:15:00,0.004065,0.0040989,0.0040455,0.0040685,2191252233.0
2026-09-21 01:30:00,0.0040685,0.0040685,0.004039,0.0040612,1286253784.0
2026-09-21 01:45:00,0.0040612,0.0040642,0.0039917,0.0040009,2422135336.0
2026-09-21 02:00:00,0.0040009,0.0040166,0.0039779,0.0040137,1891017796.0
2026-09-21 02:15:00,0.0040137,0.0040306,0.0040089,0.0040141,609274249.0
2026-09-21 02:30:00,0.0040141,0.0040149,0.0039778,0.0040024,773290332.0
2026-09-21 02:45:00,0.0040024,0.004012,0.0039922,0.0039972,679642527.0
2026-09-21 03:00:00,0.0039973,0.004027,0.0039967,0.0040065,631188581.0
2026-09-21 03:15:00,0.0040066,0.0040313,0.0040055,0.0040247,627595713.0
2026-09-21 03:30:00,0.0040247,0.0040308,0.004014,0.0040167,383011505.0
2026-09-21 03:45:00,0.0040167,0.0040226,0.0040039,0.0040104,330173966.0
2026-09-21 04:00:00,0.0040105,0.0040118,0.003988,0.0039952,509149142.0
2026-09-21 04:15:00,0.0039952,0.0040014,0.0039849,0.0039959,433269568.0
2026-09-21 04:30:00,0.0039959,0.0040185,0.0039892,0.0040126,380267620.0
2026-09-21 04:45:00,0.0040126,0.0040246,0.0039989,0.0040013,574001813.0
2026-09-21 05:00:00,0.0040012,0.0040077,0.00399,0.0039935,396701700.0
2026-09-21 05:15:00,0.0039935,0.0040145,0.003991,0.004009,432485648.0
2026-09-21 05:30:00,0.0040091,0.0040325,0.0040072,0.0040121,626186792.0
2026-09-21 05:45:00,0.0040121,0.0040183,0.0040025,0.0040107,366968180.0
2026-09-21 06:00:00,0.0040106,0.0040204,0.0040028,0.0040107,442138833.0
2026-09-21 06:15:00,0.0040107,0.0040512,0.00401,0.0040439,1178258536.0
2026-09-21 06:30:00,0.0040439,0.0040517,0.0040031,0.0040041,569808148.0
2026-09-21 06:45:00,0.0040042,0.0040305,0.0040036,0.0040206,543986059.0
2026-09-21 07:00:00,0.0040206,0.0040413,0.0040009,0.0040119,601211340.0
2026-09-21 07:15:00,0.0040119,0.0040209,0.0040042,0.0040068,394891266.0
2026-09-21 07:30:00,0.0040069,0.0040104,0.0039865,0.0040022,649479092.0
2026-09-21 07:45:00,0.0040023,0.0040272,0.0040003,0.004025,381873300.0
2026-09-21 08:00:00,0.0040249,0.0040441,0.0040221,0.0040381,793417073.0
2026-09-21 08:15:00,0.004038,0.0040733,0.0040318,0.0040695,1189323568.0
2026-09-21 08:30:00,0.0040695,0.0041533,0.0040644,0.0041353,4031161074.0
2026-09-21 08:45:00,0.0041352,0.0041707,0.004116,0.004144,3569173995.0
2026-09-21 09:00:00,0.0041436,0.0041484,0.0041213,0.0041421,1662425743.0
2026-09-21 09:15:00,0.0041419,0.0042021,0.0041388,0.004194,1820179166.0
2026-09-21 09:30:00,0.0041939,0.0042423,0.0041906,0.004212,2920636922.0
2026-09-21 09:45:00,0.004212,0.0042187,0.00411,0.0041327,4856092092.0
2026-09-21 10:00:00,0.0041326,0.0041427,0.0041037,0.0041313,2154336036.0
2026-09-21 10:15:00,0.0041315,0.0041668,0.004131,0.0041614,1387214510.0
2026-09-21 10:30:00,0.0041615,0.0041914,0.0041587,0.0041871,1068981233.0
2026-09-21 10:45:00,0.0041872,0.0041991,0.0041672,0.0041919,776529173.0
2026-09-21 11:00:00,0.0041919,0.0042036,0.004176,0.0041993,840547807.0
2026-09-21 11:15:00,0.0041993,0.0042383,0.0041948,0.0042264,1071387657.0
2026-09-21 11:30:00,0.0042264,0.0042595,0.004215,0.0042536,1211926351.0
2026-09-21 11:45:00,0.0042535,0.0042646,0.0042074,0.0042182,1374768299.0
2026-09-21 12:00:00,0.0042183,0.004241,0.0042063,0.0042347,1296073220.0
2026-09-21 12:15:00,0.0042348,0.0042511,0.0042058,0.0042165,1408816485.0
2026-09-21 12:30:00,0.0042163,0.00425,0.0042119,0.0042471,847880225.0
2026-09-21 12:45:00,0.0042472,0.004283,0.004225,0.0042811,1501239466.0
2026-09-21 13:00:00,0.004281,0.0043272,0.0042712,0.0042968,3213502223.0
2026-09-21 13:15:00,0.0042967,0.0043194,0.004264,0.0042806,1762677411.0
2026-09-21 13:30:00,0.0042809,0.0042969,0.0042107,0.0042555,2136642655.0
2026-09-21 13:45:00,0.0042555,0.004321,0.0042525,0.0042988,1695132307.0
2026-09-21 14:00:00,0.004299,0.0043492,0.0042891,0.0043345,2673937259.0
2026-09-21 14:15:00,0.0043344,0.0044504,0.004326,0.0044307,4200315426.0
2026-09-21 14:30:00,0.0044303,0.0045064,0.0043837,0.0044899,5788255005.0
2026-09-21 14:45:00,0.0044899,0.0048267,0.0044849,0.0048203,13191069444.0
2026-09-21 15:00:00,0.0048198,0.0049644,0.0046951,0.0048254,18612083219.0
2026-09-21 15:15:00,0.0048252,0.0048499,0.0047013,0.0047424,6864967471.0
2026-09-21 15:30:00,0.0047425,0.0050438,0.00472,0.0050147,10746399217.0
2026-09-21 15:45:00,0.0050148,0.0051061,0.0049437,0.0050904,9587759239.0
2026-09-21 16:00:00,0.0050903,0.0051644,0.0049205,0.0049548,9837090740.0
2026-09-21 16:15:00,0.0049543,0.0050075,0.0048666,0.0049046,5461790335.0
2026-09-21 16:30:00,0.0049046,0.0049722,0.0048222,0.0049389,5294204179.0
2026-09-21 16:45:00,0.0049386,0.00497,0.0049,0.0049274,3061243616.0
2026-09-21 17:00:00,0.0049275,0.0049887,0.0049002,0.0049674,2258665777.0
2026-09-21 17:15:00,0.0049673,0.0049887,0.0049131,0.00497,2079444271.0
2026-09-21 17:30:00,0.0049699,0.00502,0.0049557,0.0049722,3008727949.0
2026-09-21 17:45:00,0.0049721,0.0049886,0.0048478,0.0049145,3390062517.0
2026-09-21 18:00:00,0.004915,0.0049381,0.0048473,0.0049211,2509237035.0
2026-09-21 18:15:00,0.0049212,0.0050139,0.0049051,0.0050068,3902463942.0
2026-09-21 18:30:00,0.0050069,0.0050665,0.0050002,0.005005,2662700406.0
2026-09-21 18:45:00,0.0050055,0.0050292,0.0049231,0.0049994,3506690218.0
2026-09-21 19:00:00,0.0049994,0.0050242,0.0049517,0.0050185,1511062159.0
2026-09-21 19:15:00,0.0050185,0.0050329,0.0049061,0.0049197,2287497127.0
2026-09-21 19:30:00,0.0049196,0.0049698,0.0049058,0.0049526,1494905463.0
2026-09-21 19:45:00,0.0049527,0.0049981,0.0049483,0.0049753,1435114058.0
2026-09-21 20:00:00,0.0049757,0.005041,0.0049401,0.0049499,2169532513.0
2026-09-21 20:15:00,0.0049498,0.0050099,0.0049258,0.0049334,1874263582.0
2026-09-21 20:30:00,0.0049339,0.0049485,0.0048687,0.0048849,3059015773.0
2026-09-21 20:45:00,0.0048845,0.0049448,0.0048563,0.0049215,1775031061.0
2026-09-21 21:00:00,0.0049213,0.0049237,0.0047491,0.0048781,6541448736.0
2026-09-21 21:15:00,0.004878,0.0048913,0.0047893,0.0048093,2197642203.0
2026-09-21 21:30:00,0.0048093,0.004878,0.0048061,0.0048264,1339979914.0
2026-09-21 21:45:00,0.0048267,0.0048419,0.0047981,0.004814,1055625591.0
2026-09-21 22:00:00,0.004814,0.0049146,0.004814,0.0048332,2323057672.0
2026-09-21 22:15:00,0.004833,0.0048869,0.0048103,0.0048175,1575017618.0
2026-09-21 22:30:00,0.0048174,0.0048404,0.004777,0.0048129,2073748989.0
2026-09-21 22:45:00,0.0048128,0.0048175,0.0047723,0.0047948,1625863965.0
2026-09-21 23:00:00,0.0047955,0.0048337,0.0047897,0.0048114,1921399759.0
2026-09-21 23:15:00,0.0048113,0.0048196,0.0047601,0.0047741,1484623043.0
2026-09-21 23:30:00,0.0047741,0.0047764,0.0047257,0.0047282,2140723768.0
2026-09-21 23:45:00,0.0047281,0.0047802,0.0047099,0.0047693,1807520153.0
2026-09-22 00:00:00,0.0047693,0.004878,0.0047604,0.0048696,3008693400.0
2026-09-22 00:15:00,0.0048699,0.0049882,0.0048685,0.0049723,4584618735.0
2026-09-22 00:30:00,0.004972,0.0050976,0.0049165,0.0050695,5561285834.0
2026-09-22 00:45:00,0.0050696,0.0051082,0.0049656,0.0049838,5185218025.0
2026-09-22 01:00:00,0.0049851,0.0050486,0.0049267,0.0050127,4203959505.0
2026-09-22 01:15:00,0.0050127,0.0050859,0.0049635,0.0050749,2598260989.0
2026-09-22 01:30:00,0.0050749,0.0051258,0.0050209,0.0050925,3310887332.0
2026-09-22 01:45:00,0.0050923,0.0051589,0.0050607,0.0051179,3074584708.0
2026-09-22 02:00:00,0.0051178,0.0051644,0.0050072,0.0050378,4112635678.0
2026-09-22 02:15:00,0.0050381,0.005083,0.0049619,0.0050181,2858655741.0
2026-09-22 02:30:00,0.0050175,0.0050548,0.0049985,0.0050394,1330442832.0
2026-09-22 02:45:00,0.0050393,0.0050784,0.0049988,0.0050633,1603534378.0
2026-09-22 03:00:00,0.0050633,0.0050811,0.0050063,0.0050614,2127123596.0
2026-09-22 03:15:00,0.0050616,0.0052284,0.0050616,0.0052206,4873410623.0
2026-09-22 03:30:00,0.0052206,0.005253,0.0051171,0.0051686,4253444422.0
2026-09-22 03:45:00,0.0051686,0.0053154,0.005146,0.0052653,4339763258.0
2026-09-22 04:00:00,0.0052653,0.0053629,0.0052399,0.0053129,4545083006.0
2026-09-22 04:15:00,0.0053125,0.0053656,0.0052641,0.0052901,3460277650.0
2026-09-22 04:30:00,0.0052902,0.0052929,0.0052031,0.0052105,3390673127.0
2026-09-22 04:45:00,0.0052104,0.005235,0.0050101,0.0050217,5377421013.0
2026-09-22 05:00:00,0.0050216,0.0050626,0.0048729,0.0050462,6656524012.0
2026-09-22 05:15:00,0.0050462,0.0050602,0.0049815,0.0049869,2385902202.0
2026-09-22 05:30:00,0.0049867,0.0051126,0.0049802,0.0050849,3107392309.0
2026-09-22 05:45:00,0.0050854,0.0051832,0.0050854,0.0051783,3724622034.0
2026-09-22 06:00:00,0.0051783,0.0052172,0.0051272,0.0051691,3020394127.0
2026-09-22 06:15:00,0.0051692,0.0051842,0.0050624,0.0050926,2895439930.0
2026-09-22 06:30:00,0.0050927,0.0051184,0.0050736,0.0051029,1189684846.0
2026-09-22 06:45:00,0.0051029,0.0051809,0.0050901,0.0051707,1767549820.0
2026-09-22 07:00:00,0.0051705,0.0052398,0.0051183,0.0052221,2238028002.0
2026-09-22 07:15:00,0.0052223,0.0052785,0.0051454,0.0051924,2541558969.0
2026-09-22 07:30:00,0.0051925,0.0051979,0.0051372,0.0051523,1369334106.0
2026-09-22 07:45:00,0.0051523,0.005187,0.0051163,0.0051373,1276470481.0
2026-09-22 08:00:00,0.0051376,0.005163,0.0050918,0.0051321,1836762955.0
2026-09-22 08:15:00,0.005132,0.0051404,0.0050024,0.0050183,3286791569.0
2026-09-22 08:30:00,0.0050184,0.0050885,0.0048905,0.0050284,7873393251.0
2026-09-22 08:45:00,0.0050285,0.0050386,0.0049822,0.0050006,2912537561.0
2026-09-22 09:00:00,0.0050006,0.0050247,0.0049606,0.0049789,2076087722.0
2026-09-22 09:15:00,0.0049787,0.0050065,0.004941,0.0049609,1438088731.0
2026-09-22 09:30:00,0.004961,0.0049933,0.0049548,0.0049819,810496002.0
2026-09-22 09:45:00,0.0049819,0.0049992,0.0049502,0.0049837,1194617264.0
2026-09-22 10:00:00,0.0049838,0.0049846,0.0049024,0.004939,1601809759.0
2026-09-22 10:15:00,0.004939,0.00496,0.0048562,0.0049038,2960822467.0
2026-09-22 10:30:00,0.0049039,0.0049498,0.0048997,0.004924,1001011438.0
2026-09-22 10:45:00,0.004924,0.0049342,0.0049148,0.004925,525312886.0
2026-09-22 11:00:00,0.004925,0.0049616,0.0049086,0.0049564,994974460.0
2026-09-22 11:15:00,0.0049562,0.00499,0.0049191,0.004927,1474530263.0
2026-09-22 11:30:00,0.0049271,0.0049752,0.0049218,0.0049657,1135172924.0
2026-09-22 11:45:00,0.004966,0.0049772,0.0049244,0.004932,1011675455.0
2026-09-22 12:00:00,0.004932,0.0049358,0.0048696,0.0048888,1791547152.0
2026-09-22 12:15:00,0.0048887,0.0049223,0.0048342,0.0049202,2125107450.0
2026-09-22 12:30:00,0.00492,0.0049278,0.0048834,0.0048919,955078558.0
2026-09-22 12:45:00,0.004892,0.0049366,0.0048901,0.0049325,1111308907.0
2026-09-22 13:00:00,0.0049325,0.0049799,0.0049201,0.0049432,2155809657.0
2026-09-22 13:15:00,0.0049431,0.0049572,0.0049018,0.0049075,1209754854.0
2026-09-22 13:30:00,0.0049077,0.0049624,0.0048968,0.0049177,1543498318.0
2026-09-22 13:45:00,0.0049176,0.0049618,0.0048972,0.0049588,1148668958.0
2026-09-22 14:00:00,0.004959,0.004959,0.004897,0.0049365,1392977163.0
2026-09-22 14:15:00,0.0049366,0.0049476,0.0048945,0.0048959,837937010.0
2026-09-22 14:30:00,0.0048957,0.0048957,0.0048035,0.0048474,4210344539.0
2026-09-22 14:45:00,0.0048475,0.0049022,0.0048475,0.0048977,1246389674.0
2026-09-22 15:00:00,0.0048975,0.0049399,0.0048851,0.0049054,1787786843.0
2026-09-22 15:15:00,0.0049054,0.0049338,0.0048734,0.0049097,1489871256.0
2026-09-22 15:30:00,0.0049096,0.0049152,0.0048744,0.0048964,929074084.0
2026-09-22 15:45:00,0.0048967,0.004928,0.0048605,0.0048675,1073338090.0
2026-09-22 16:00:00,0.0048674,0.0048774,0.0048126,0.004818,1948621542.0
2026-09-22 16:15:00,0.004818,0.0048317,0.0047789,0.0048201,1916036559.0
2026-09-22 16:30:00,0.00482,0.0048467,0.0048169,0.0048294,742417968.0
2026-09-22 16:45:00,0.0048295,0.0048652,0.0048095,0.0048479,933336677.0
2026-09-22 17:00:00,0.004848,0.0048843,0.0048386,0.0048729,759712308.0
2026-09-22 17:15:00,0.0048731,0.0048954,0.0048632,0.00489,781229586.0
2026-09-22 17:30:00,0.0048899,0.0049122,0.0048827,0.0048984,1098751703.0
2026-09-22 17:45:00,0.0048984,0.0049161,0.0048871,0.0049005,648231280.0
2026-09-22 18:00:00,0.0049002,0.0049166,0.0048863,0.0049099,783082140.0
2026-09-22 18:15:00,0.0049096,0.0049326,0.004895,0.0049009,735089560.0
2026-09-22 18:30:00,0.004901,0.0049305,0.0048936,0.0049114,435324828.0
2026-09-22 18:45:00,0.0049125,0.004932,0.0049,0.0049026,457599794.0
2026-09-22 19:00:00,0.0049026,0.0049209,0.0048958,0.0049039,705669005.0
2026-09-22 19:15:00,0.004904,0.0049259,0.0049029,0.0049235,336622230.0
2026-09-22 19:30:00,0.0049235,0.0049259,0.0048806,0.0048946,739714750.0
2026-09-22 19:45:00,0.0048946,0.0049034,0.0048682,0.0048905,756925396.0
2026-09-22 20:00:00,0.0048905,0.0048965,0.0048394,0.0048584,813963536.0
2026-09-22 20:15:00,0.0048585,0.0048974,0.0048554,0.0048941,500152833.0
2026-09-22 20:30:00,0.0048941,0.0048963,0.0048606,0.0048648,304988988.0
2026-09-22 20:45:00,0.0048647,0.0048817,0.0048604,0.0048771,375712704.0
2026-09-22 21:00:00,0.004877,0.0048966,0.0048701,0.0048772,478113841.0
2026-09-22 21:15:00,0.0048771,0.0049215,0.0048691,0.0049141,654809033.0
2026-09-22 21:30:00,0.0049141,0.0049152,0.0048938,0.0048954,361776955.0
2026-09-22 21:45:00,0.0048955,0.0049269,0.0048954,0.0049109,446343667.0
2026-09-22 22:00:00,0.004911,0.0049216,0.0048748,0.0049105,588622827.0
2026-09-22 22:15:00,0.0049105,0.0049544,0.0049043,0.0049389,1087214522.0
2026-09-22 22:30:00,0.0049388,0.0049716,0.0049382,0.004958,1298102384.0
2026-09-22 22:45:00,0.0049579,0.0049724,0.0049469,0.0049527,827061806.0
2026-09-22 23:00:00,0.0049527,0.0050143,0.0049502,0.0049884,2117013598.0
2026-09-22 23:15:00,0.0049885,0.0050214,0.0049848,0.0049945,1344645977.0
2026-09-22 23:30:00,0.0049944,0.0049947,0.0049454,0.004982,1744196430.0
2026-09-22 23:45:00,0.004982,0.0049994,0.0049691,0.0049853,1091347204.0
2026-09-23 00:00:00,0.0049852,0.0050096,0.0049583,0.0049776,873182431.0
2026-09-23 00:15:00,0.0049775,0.0049926,0.0049506,0.0049552,700692309.0
2026-09-23 00:30:00,0.0049553,0.0049713,0.0049297,0.0049378,1124077291.0
2026-09-23 00:45:00,0.0049379,0.0049414,0.0049038,0.0049193,1287214730.0
2026-09-23 01:00:00,0.0049194,0.004952,0.0049143,0.0049449,513005045.0
2026-09-23 01:15:00,0.0049449,0.0049577,0.0049346,0.0049446,845933877.0
2026-09-23 01:30:00,0.0049445,0.004954,0.0048837,0.0049131,1140859554.0
2026-09-23 01:45:00,0.0049131,0.0049211,0.0048624,0.0048824,1296653524.0
2026-09-23 02:00:00,0.0048823,0.0048828,0.0048448,0.0048657,930860504.0
2026-09-23 02:15:00,0.0048657,0.0049142,0.0048619,0.0048973,680866605.0
2026-09-23 02:30:00,0.0048974,0.0049029,0.004879,0.0048868,551806951.0
2026-09-23 02:45:00,0.0048868,0.0049376,0.0048812,0.0049329,669150583.0
2026-09-23 03:00:00,0.0049329,0.0049393,0.0048967,0.0049238,511809251.0
2026-09-23 03:15:00,0.0049237,0.0049435,0.0049094,0.0049152,498498395.0
2026-09-23 03:30:00,0.0049151,0.0049749,0.0049122,0.0049727,2092148736.0
2026-09-23 03:45:00,0.0049727,0.0049752,0.0049508,0.0049621,721577257.0
2026-09-23 04:00:00,0.0049622,0.0049653,0.0049404,0.0049506,667232883.0
2026-09-23 04:15:00,0.0049506,0.0050113,0.0049223,0.0050079,1279046470.0
2026-09-23 04:30:00,0.005008,0.0050559,0.005002,0.0050295,2599114618.0
2026-09-23 04:45:00,0.0050293,0.0050647,0.005019,0.0050524,1055773491.0
2026-09-23 05:00:00,0.0050525,0.005062,0.0049872,0.0050065,1348339655.0
2026-09-23 05:15:00,0.0050063,0.0050183,0.0049716,0.0049843,1052289516.0
2026-09-23 05:30:00,0.0049844,0.005023,0.0049802,0.0050013,609491960.0
2026-09-23 05:45:00,0.0050012,0.0050134,0.0049301,0.0049553,1450931602.0
2026-09-23 06:00:00,0.0049552,0.0049794,0.004925,0.0049752,1373105888.0
2026-09-23 06:15:00,0.0049753,0.0050127,0.0049753,0.0049853,713955079.0
2026-09-23 06:30:00,0.0049852,0.0050457,0.0049662,0.0050217,1425606390.0
2026-09-23 06:45:00,0.0050217,0.0050246,0.0049626,0.0049736,1366482491.0
2026-09-23 07:00:00,0.0049735,0.0049735,0.0049352,0.0049559,1446206334.0
2026-09-23 07:15:00,0.004956,0.0049745,0.0049266,0.0049384,1063044285.0
2026-09-23 07:30:00,0.0049384,0.0049474,0.0048927,0.0049037,1324275593.0
2026-09-23 07:45:00,0.0049036,0.0049333,0.0049022,0.0049088,946223289.0
2026-09-23 08:00:00,0.0049089,0.0049374,0.0048675,0.0049169,1502289220.0
2026-09-23 08:15:00,0.0049169,0.0049495,0.004914,0.0049226,649837115.0
2026-09-23 08:30:00,0.0049225,0.0049394,0.0049183,0.0049229,368896902.0
2026-09-23 08:45:00,0.0049229,0.0049239,0.0048524,0.0048947,1752306057.0
2026-09-23 09:00:00,0.0048947,0.0049035,0.0048683,0.0048906,677763433.0
2026-09-23 09:15:00,0.0048907,0.0049158,0.0048783,0.0049048,635240569.0
2026-09-23 09:30:00,0.0049049,0.0049138,0.0048746,0.0048819,625777079.0
2026-09-23 09:45:00,0.0048819,0.0048866,0.0048568,0.0048732,804182311.0
2026-09-23 10:00:00,0.0048732,0.0048786,0.0048119,0.0048449,1555608683.0
2026-09-23 10:15:00,0.0048449,0.0048554,0.0048115,0.0048251,1646833715.0
2026-09-23 10:30:00,0.0048254,0.0048422,0.004791,0.004822,1308477561.0
2026-09-23 10:45:00,0.004822,0.0048461,0.0048115,0.0048428,609997466.0
2026-09-23 11:00:00,0.0048429,0.004844,0.0048025,0.0048063,941847863.0
2026-09-23 11:15:00,0.0048063,0.0048118,0.0046489,0.0047038,6879899385.0
2026-09-23 11:30:00,0.0047037,0.0047213,0.0046848,0.0047073,2494609558.0
2026-09-23 11:45:00,0.0047077,0.0047417,0.0047067,0.0047348,1190124123.0
2026-09-23 12:00:00,0.0047347,0.0047391,0.0046803,0.0047247,1529995508.0
2026-09-23 12:15:00,0.0047248,0.0047917,0.0047164,0.0047649,1910562306.0
2026-09-23 12:30:00,0.0047649,0.0047832,0.0047556,0.0047611,861499140.0
2026-09-23 12:45:00,0.0047611,0.0047686,0.0047377,0.0047485,587064273.0
2026-09-23 13:00:00,0.0047484,0.0047511,0.0047008,0.0047188,1147095963.0
2026-09-23 13:15:00,0.0047188,0.004747,0.0047188,0.0047415,615521331.0
2026-09-23 13:30:00,0.0047415,0.0047625,0.0047269,0.0047503,990093708.0
2026-09-23 13:45:00,0.0047502,0.0047514,0.0047113,0.0047212,783200198.0
2026-09-23 14:00:00,0.0047213,0.0047434,0.0043812,0.0045786,10878540974.0
2026-09-23 14:15:00,0.0045792,0.0046037,0.0045129,0.0045303,5115803493.0
2026-09-23 14:30:00,0.00453,0.004595,0.0044971,0.0045581,3390980501.0
2026-09-23 14:45:00,0.0045582,0.0045723,0.0045159,0.0045442,1997059565.0
2026-09-23 15:00:00,0.0045442,0.0045593,0.0044827,0.0045062,3663018916.0
2026-09-23 15:15:00,0.0045062,0.0045299,0.0044196,0.0044389,3570590398.0
2026-09-23 15:30:00,0.004439,0.004446,0.0043906,0.0044167,3598358947.0
2026-09-23 15:45:00,0.0044166,0.0044226,0.004375,0.004393,2734508215.0
2026-09-23 16:00:00,0.0043931,0.0044602,0.0043263,0.0044218,5576721613.0
2026-09-23 16:15:00,0.0044218,0.0044232,0.0043718,0.0043879,1887430238.0
2026-09-23 16:30:00,0.0043878,0.0044167,0.0043855,0.0044076,1164144955.0
2026-09-23 16:45:00,0.0044076,0.0044182,0.0043737,0.0043999,980363190.0
2026-09-23 17:00:00,0.0043998,0.0044084,0.004343,0.0043648,1375981760.0
2026-09-23 17:15:00,0.0043647,0.0044098,0.0043633,0.0043952,1059565023.0
2026-09-23 17:30:00,0.0043953,0.0044094,0.0043801,0.004395,1209100384.0
2026-09-23 17:45:00,0.0043946,0.0044158,0.0043747,0.0043802,829010739.0
2026-09-23 18:00:00,0.0043803,0.0043898,0.0043601,0.0043782,889143394.0
2026-09-23 18:15:00,0.0043782,0.0043841,0.0043576,0.0043589,563453356.0
2026-09-23 18:30:00,0.004359,0.0043742,0.0043573,0.0043726,433348779.0
2026-09-23 18:45:00,0.0043726,0.0043998,0.0043712,0.0043713,772827354.0
2026-09-23 19:00:00,0.0043714,0.0043816,0.004344,0.0043607,1021579741.0
2026-09-23 19:15:00,0.0043607,0.0043779,0.0043447,0.0043675,449036118.0
2026-09-23 19:30:00,0.0043676,0.0043795,0.0043622,0.0043679,537166262.0
2026-09-23 19:45:00,0.0043678,0.0043873,0.0043607,0.0043657,525705146.0
2026-09-23 20:00:00,0.0043661,0.0043719,0.0043282,0.0043429,586391969.0
2026-09-23 20:15:00,0.0043427,0.0043731,0.0043341,0.0043423,426452726.0
2026-09-23 20:30:00,0.0043424,0.0043692,0.0043399,0.0043482,388627033.0
2026-09-23 20:45:00,0.0043483,0.0043627,0.0043333,0.0043453,539038606.0
2026-09-23 21:00:00,0.0043454,0.0043653,0.0043315,0.0043615,451212452.0
2026-09-23 21:15:00,0.0043616,0.0043779,0.004353,0.0043705,526839326.0
2026-09-23 21:30:00,0.0043705,0.0043886,0.0043659,0.004383,343823026.0
2026-09-23 21:45:00,0.0043829,0.0043863,0.0043679,0.0043754,403363324.0
2026-09-23 22:00:00,0.0043754,0.0044113,0.0043711,0.0043818,784855812.0
2026-09-23 22:15:00,0.0043819,0.0043873,0.0043441,0.0043463,1366161484.0
2026-09-23 22:30:00,0.0043463,0.0043468,0.004306,0.0043326,1521713089.0
2026-09-23 22:45:00,0.0043326,0.0043546,0.0043221,0.0043261,730709382.0
2026-09-23 23:00:00,0.0043262,0.0043389,0.0043139,0.004336,543808655.0
2026-09-23 23:15:00,0.004336,0.0043381,0.00432,0.0043259,258135222.0
2026-09-23 23:30:00,0.0043259,0.0043314,0.0043067,0.0043133,427022001.0
2026-09-23 23:45:00,0.0043133,0.0043345,0.0043114,0.0043318,398706331.0
2026-09-24 00:00:00,0.0043317,0.0043387,0.0043175,0.0043262,651789439.0
2026-09-24 00:15:00,0.0043261,0.0043543,0.0043261,0.0043521,555103612.0
2026-09-24 00:30:00,0.0043522,0.0043597,0.0043246,0.004329,476232361.0
2026-09-24 00:45:00,0.004329,0.0043355,0.0043099,0.0043251,393008685.0
2026-09-24 01:00:00,0.0043251,0.004334,0.0043094,0.0043236,431290164.0
2026-09-24 01:15:00,0.0043237,0.0043273,0.0043002,0.0043215,588760317.0
2026-09-24 01:30:00,0.0043216,0.0043485,0.0043052,0.0043091,587617727.0
2026-09-24 01:45:00,0.0043091,0.0043215,0.0042818,0.0043101,970239222.0
2026-09-24 02:00:00,0.0043101,0.0043388,0.0042907,0.0043379,896275967.0
2026-09-24 02:15:00,0.004338,0.00438,0.004335,0.0043648,1109243741.0
2026-09-24 02:30:00,0.0043647,0.0043782,0.0043563,0.0043727,933723900.0
2026-09-24 02:45:00,0.0043728,0.0044074,0.0043721,0.004383,959068039.0
2026-09-24 03:00:00,0.004383,0.0044073,0.0043726,0.0043952,854842573.0
2026-09-24 03:15:00,0.004395,0.0043996,0.0043561,0.0043648,720623800.0
2026-09-24 03:30:00,0.0043648,0.0043655,0.0043442,0.0043619,460031375.0
2026-09-24 03:45:00,0.004362,0.0043746,0.0043494,0.0043599,427913049.0
2026-09-24 04:00:00,0.00436,0.0043759,0.0043412,0.0043568,407138751.0
2026-09-24 04:15:00,0.0043568,0.004377,0.004346,0.0043766,431871678.0
2026-09-24 04:30:00,0.0043767,0.0043799,0.0043675,0.0043724,179206378.0
2026-09-24 04:45:00,0.0043725,0.0044131,0.004366,0.0044089,643654112.0
2026-09-24 05:00:00,0.0044089,0.0044582,0.0044082,0.0044242,1701101986.0
2026-09-24 05:15:00,0.0044238,0.0044296,0.004411,0.0044227,445870172.0
2026-09-24 05:30:00,0.0044228,0.0044347,0.0044016,0.0044211,541741739.0
2026-09-24 05:45:00,0.0044211,0.0044298,0.0043844,0.004386,912723389.0
2026-09-24 06:00:00,0.004386,0.0044167,0.004382,0.0044052,718448905.0
2026-09-24 06:15:00,0.0044052,0.0044164,0.0043834,0.0044075,1068890082.0
2026-09-24 06:30:00,0.0044074,0.0044166,0.0044017,0.0044103,338979260.0
2026-09-24 06:45:00,0.0044103,0.0044121,0.0043904,0.0043937,343735841.0
2026-09-24 07:00:00,0.0043936,0.0043957,0.0043643,0.0043845,861386024.0
2026-09-24 07:15:00,0.0043846,0.0044095,0.0043749,0.0044095,606615869.0
2026-09-24 07:30:00,0.0044096,0.0044251,0.0044046,0.0044104,765479770.0
2026-09-24 07:45:00,0.0044104,0.0044255,0.0044074,0.0044111,595400046.0
2026-09-24 08:00:00,0.0044111,0.0044148,0.0043962,0.0043973,398170167.0
2026-09-24 08:15:00,0.0043973,0.0044086,0.0043508,0.0043533,996647263.0
2026-09-24 08:30:00,0.0043532,0.0043703,0.0043306,0.0043414,1155625633.0
2026-09-24 08:45:00,0.0043413,0.0043455,0.0043059,0.0043396,1449562198.0
2026-09-24 09:00:00,0.0043397,0.004346,0.0042934,0.0042961,1346713763.0
2026-09-24 09:15:00,0.0042961,0.0042974,0.0042202,0.0042574,3515691629.0
2026-09-24 09:30:00,0.0042574,0.0042649,0.0042089,0.0042476,2571622490.0
2026-09-24 09:45:00,0.004247,0.0042615,0.0042341,0.0042445,941777781.0
2026-09-24 10:00:00,0.0042445,0.0042608,0.0042358,0.0042579,633911766.0
2026-09-24 10:15:00,0.0042578,0.0042626,0.0042442,0.0042573,580744753.0
2026-09-24 10:30:00,0.0042572,0.0042587,0.0042382,0.0042526,621705196.0
2026-09-24 10:45:00,0.0042526,0.0042777,0.0042474,0.004266,677907342.0
2026-09-24 11:00:00,0.0042659,0.0042785,0.0042539,0.0042779,805356602.0
2026-09-24 11:15:00,0.004278,0.00428,0.0042645,0.0042665,492475364.0
2026-09-24 11:30:00,0.0042666,0.0042774,0.0042577,0.0042763,478385757.0
2026-09-24 11:45:00,0.0042764,0.0042825,0.0042596,0.0042774,429197525.0
2026-09-24 12:00:00,0.0042774,0.0042909,0.0042631,0.0042765,541394070.0
2026-09-24 12:15:00,0.0042764,0.0042988,0.0042721,0.0042914,508478858.0
2026-09-24 12:30:00,0.0042914,0.0042973,0.0042696,0.0042857,476926792.0
2026-09-24 12:45:00,0.0042857,0.0043208,0.0042823,0.0043101,800490947.0
2026-09-24 13:00:00,0.0043101,0.0043325,0.0043092,0.0043309,891709532.0
2026-09-24 13:15:00,0.0043307,0.004363,0.004327,0.0043559,1153895863.0
2026-09-24 13:30:00,0.0043559,0.0043959,0.0043518,0.0043624,2076760588.0
2026-09-24 13:45:00,0.0043625,0.0043835,0.0043537,0.0043828,615106104.0
2026-09-24 14:00:00,0.0043828,0.0044111,0.0043734,0.0043871,1556775924.0
2026-09-24 14:15:00,0.0043871,0.0045116,0.0043791,0.004503,3875166588.0
2026-09-24 14:30:00,0.004503,0.0045312,0.0044646,0.0044695,3300447868.0
2026-09-24 14:45:00,0.0044694,0.0044725,0.0043346,0.004371,4942061585.0
2026-09-24 15:00:00,0.0043709,0.0044037,0.0043553,0.0043874,1747343589.0
2026-09-24 15:15:00,0.0043873,0.0044384,0.0043848,0.0044169,1170250279.0
2026-09-24 15:30:00,0.004417,0.004467,0.0044108,0.0044468,1442282369.0
2026-09-24 15:45:00,0.0044469,0.0044642,0.0044298,0.004451,959224739.0
2026-09-24 16:00:00,0.0044511,0.0044524,0.0043791,0.0044154,1954645068.0
2026-09-24 16:15:00,0.0044155,0.0045,0.0044155,0.0044901,2516524673.0
2026-09-24 16:30:00,0.0044905,0.0045193,0.0044662,0.004468,1615819521.0
2026-09-24 16:45:00,0.0044679,0.0044982,0.0044548,0.0044697,1222965329.0
2026-09-24 17:00:00,0.0044693,0.0044832,0.0044301,0.0044484,1233494885.0
2026-09-24 17:15:00,0.0044484,0.0044772,0.0044371,0.0044586,715913542.0
2026-09-24 17:30:00,0.0044585,0.0044665,0.0044186,0.0044307,627917046.0
2026-09-24 17:45:00,0.0044308,0.0044515,0.0044234,0.0044391,553525613.0
2026-09-24 18:00:00,0.004439,0.0044411,0.0043747,0.0044163,1504460322.0
2026-09-24 18:15:00,0.0044163,0.004442,0.0044123,0.004439,668986098.0
2026-09-24 18:30:00,0.004439,0.0044821,0.004439,0.0044539,1446915444.0
2026-09-24 18:45:00,0.0044539,0.004501,0.0044515,0.0044912,819822847.0
2026-09-24 19:00:00,0.0044912,0.0044933,0.0044663,0.0044781,742401003.0
2026-09-24 19:15:00,0.0044781,0.0044907,0.0044706,0.0044844,512498692.0
2026-09-24 19:30:00,0.0044844,0.0044907,0.0044541,0.0044594,759544406.0
2026-09-24 19:45:00,0.0044594,0.0044751,0.0044468,0.0044585,484828283.0
2026-09-24 20:00:00,0.0044585,0.0044665,0.0044335,0.0044371,630849824.0
2026-09-24 20:15:00,0.0044372,0.004455,0.0044218,0.0044417,623470373.0
2026-09-24 20:30:00,0.0044418,0.0044535,0.0044292,0.0044444,305743954.0
2026-09-24 20:45:00,0.0044445,0.0044645,0.0044413,0.0044616,442781682.0
2026-09-24 21:00:00,0.0044617,0.0044767,0.0044486,0.0044601,474642385.0
2026-09-24 21:15:00,0.0044601,0.004484,0.0044589,0.0044639,216436697.0
2026-09-24 21:30:00,0.004464,0.0044921,0.0044633,0.0044688,322435165.0
2026-09-24 21:45:00,0.0044689,0.0044747,0.0044475,0.0044518,271420570.0
2026-09-24 22:00:00,0.0044516,0.0044516,0.0044018,0.0044193,1111187081.0
2026-09-24 22:15:00,0.0044193,0.0044252,0.0043942,0.0044051,948189253.0
2026-09-24 22:30:00,0.0044051,0.0044164,0.0043951,0.0044027,422118396.0
2026-09-24 22:45:00,0.0044028,0.0044149,0.0044015,0.0044133,229118694.0
2026-09-24 23:00:00,0.0044134,0.0044337,0.0044055,0.0044092,371991778.0
2026-09-24 23:15:00,0.0044093,0.0044287,0.004403,0.0044247,298934634.0
2026-09-24 23:30:00,0.0044247,0.0044302,0.0044113,0.0044121,384575951.0
2026-09-24 23:45:00,0.0044121,0.0044229,0.0044107,0.0044214,203852903.0
2026-09-25 00:00:00,0.0044213,0.0044578,0.004418,0.0044561,489276997.0
2026-09-25 00:15:00,0.0044562,0.0044586,0.0044328,0.0044371,402586148.0
2026-09-25 00:30:00,0.0044371,0.0044558,0.0044305,0.0044392,350776217.0
2026-09-25 00:45:00,0.0044392,0.0044631,0.004436,0.0044594,359190340.0
2026-09-25 01:00:00,0.0044595,0.0044784,0.0044496,0.0044619,825718975.0
2026-09-25 01:15:00,0.0044618,0.004472,0.0044294,0.0044317,487013847.0
2026-09-25 01:30:00,0.0044318,0.0044337,0.0044069,0.0044275,954655981.0
2026-09-25 01:45:00,0.0044274,0.0044333,0.0044144,0.004427,285760827.0
2026-09-25 02:00:00,0.004427,0.0044736,0.0044201,0.0044526,523316088.0
2026-09-25 02:15:00,0.0044527,0.0044627,0.0044291,0.0044366,367786110.0
2026-09-25 02:30:00,0.0044365,0.004442,0.0043803,0.0044026,1163781954.0
2026-09-25 02:45:00,0.0044026,0.0044068,0.0043736,0.0043899,1006503074.0
2026-09-25 03:00:00,0.0043896,0.0044105,0.0043786,0.0043912,474084175.0
2026-09-25 03:15:00,0.0043911,0.0044065,0.0043855,0.0043931,379837512.0
2026-09-25 03:30:00,0.0043931,0.004411,0.0043763,0.0043908,765342429.0
2026-09-25 03:45:00,0.0043907,0.004407,0.0043824,0.0044007,369616328.0
2026-09-25 04:00:00,0.0044007,0.0044101,0.0043882,0.0043938,456025079.0
2026-09-25 04:15:00,0.0043943,0.0044173,0.004385,0.0044115,823841077.0
2026-09-25 04:30:00,0.0044116,0.0044551,0.0044106,0.004441,491675907.0
2026-09-25 04:45:00,0.004441,0.0044434,0.0044141,0.0044184,464812908.0
2026-09-25 05:00:00,0.0044185,0.0044299,0.0044056,0.0044086,388723417.0
2026-09-25 05:15:00,0.0044085,0.0044271,0.0043965,0.0044101,369162245.0
2026-09-25 05:30:00,0.0044101,0.0044211,0.004392,0.0044128,561742717.0
2026-09-25 05:45:00,0.0044128,0.0044173,0.0044066,0.0044089,135756023.0
2026-09-25 06:00:00,0.004409,0.0044191,0.0043858,0.0044019,460015003.0
2026-09-25 06:15:00,0.004402,0.0044288,0.0043908,0.0044072,339885107.0
2026-09-25 06:30:00,0.0044072,0.0044115,0.0043751,0.0043939,473349237.0
2026-09-25 06:45:00,0.004394,0.0043961,0.0043797,0.0043852,440878733.0
2026-09-25 07:00:00,0.0043853,0.0043982,0.0043637,0.0043671,654583893.0
2026-09-25 07:15:00,0.0043672,0.0044068,0.0043672,0.0044047,357861643.0
2026-09-25 07:30:00,0.0044048,0.0044127,0.0043756,0.0043928,533729038.0
2026-09-25 07:45:00,0.0043927,0.0044224,0.0043904,0.0044204,585442546.0
2026-09-25 08:00:00,0.0044204,0.0044271,0.0044024,0.0044167,388813921.0
2026-09-25 08:15:00,0.0044168,0.004463,0.0044167,0.0044547,878016587.0
2026-09-25 08:30:00,0.0044547,0.0044601,0.0044295,0.0044295,531887944.0
2026-09-25 08:45:00,0.0044296,0.0044534,0.0044247,0.0044443,366947022.0
2026-09-25 09:00:00,0.0044443,0.0044754,0.0044425,0.0044517,803565260.0
2026-09-25 09:15:00,0.0044517,0.00449,0.0044406,0.0044854,920798724.0
2026-09-25 09:30:00,0.0044854,0.0044946,0.004476,0.004483,1535322152.0
2026-09-25 09:45:00,0.004483,0.0044975,0.0044715,0.0044847,839170342.0
2026-09-25 10:00:00,0.0044846,0.0044852,0.0044519,0.0044703,719656340.0
2026-09-25 10:15:00,0.0044704,0.0044925,0.0044588,0.0044897,516026137.0
2026-09-25 10:30:00,0.0044898,0.0045035,0.0044804,0.0044996,736028614.0
2026-09-25 10:45:00,0.0044996,0.0045456,0.004495,0.0045229,1664944103.0
2026-09-25 11:00:00,0.0045229,0.0046144,0.0045167,0.0046025,2804855731.0
2026-09-25 11:15:00,0.0046025,0.0046104,0.0045511,0.0045862,1819965326.0
2026-09-25 11:30:00,0.0045862,0.0046148,0.0045661,0.0045739,1220610880.0
2026-09-25 11:45:00,0.0045739,0.0045992,0.0045561,0.004557,994137094.0
2026-09-25 12:00:00,0.0045571,0.0046054,0.0045325,0.0045596,1777140996.0
2026-09-25 12:15:00,0.0045597,0.00456,0.0044331,0.0045178,5406781827.0
2026-09-25 12:30:00,0.0045179,0.0045448,0.0045018,0.0045281,1362474980.0
2026-09-25 12:45:00,0.0045282,0.0045376,0.0045028,0.0045204,795087383.0
2026-09-25 13:00:00,0.0045204,0.0045449,0.0044916,0.0045141,877605712.0
2026-09-25 13:15:00,0.0045141,0.0045367,0.0044659,0.0044764,1301488051.0
2026-09-25 13:30:00,0.0044764,0.0045196,0.0044423,0.0044747,1550060772.0
2026-09-25 13:45:00,0.0044746,0.0044899,0.0044176,0.0044772,1861538878.0
2026-09-25 14:00:00,0.0044773,0.0044863,0.0044044,0.0044647,2287878076.0
2026-09-25 14:15:00,0.0044646,0.0044953,0.004449,0.0044684,699377775.0
2026-09-25 14:30:00,0.0044685,0.0045095,0.0044552,0.0044645,989834940.0
2026-09-25 14:45:00,0.0044645,0.0045054,0.0044484,0.0045047,937234497.0
2026-09-25 15:00:00,0.0045047,0.0045219,0.004476,0.0045075,847986328.0
2026-09-25 15:15:00,0.0045076,0.0045108,0.0044607,0.0044652,717719687.0
2026-09-25 15:30:00,0.0044656,0.0044846,0.0044096,0.004411,1745352575.0
2026-09-25 15:45:00,0.0044111,0.0044422,0.0043825,0.0044411,1957991618.0
2026-09-25 16:00:00,0.0044412,0.0044635,0.0044367,0.0044551,1064014782.0
2026-09-25 16:15:00,0.0044551,0.0044732,0.0044431,0.004466,563182623.0
2026-09-25 16:30:00,0.0044661,0.0044819,0.00445,0.0044607,892762771.0
2026-09-25 16:45:00,0.0044607,0.0044619,0.0044268,0.0044298,690066984.0
2026-09-25 17:00:00,0.0044298,0.004463,0.0044265,0.0044475,569586345.0
2026-09-25 17:15:00,0.0044475,0.0044528,0.0044082,0.0044095,533656737.0
2026-09-25 17:30:00,0.0044094,0.0044413,0.0043957,0.0044356,660449765.0
2026-09-25 17:45:00,0.0044355,0.0044356,0.0044125,0.0044334,347343731.0
2026-09-25 18:00:00,0.0044334,0.0044697,0.0044201,0.0044641,765525437.0
2026-09-25 18:15:00,0.0044641,0.0044869,0.0044545,0.0044687,1137041291.0
2026-09-25 18:30:00,0.0044688,0.0044796,0.0044576,0.0044708,462497039.0
2026-09-25 18:45:00,0.0044709,0.0044866,0.0044643,0.0044799,467424993.0
2026-09-25 19:00:00,0.00448,0.0044854,0.0044672,0.0044829,418331804.0
2026-09-25 19:15:00,0.004483,0.0044848,0.0044634,0.0044717,297917366.0
2026-09-25 19:30:00,0.0044717,0.0044785,0.0044565,0.0044651,387709066.0
2026-09-25 19:45:00,0.0044651,0.0044857,0.0044651,0.0044728,303080982.0
2026-09-25 20:00:00,0.0044728,0.0044867,0.0044659,0.0044772,381964607.0
2026-09-25 20:15:00,0.0044771,0.0045058,0.0044752,0.004501,448178245.0
2026-09-25 20:30:00,0.004501,0.0045115,0.0044882,0.0044944,415513434.0
2026-09-25 20:45:00,0.0044943,0.0044943,0.0044493,0.0044546,672181454.0
2026-09-25 21:00:00,0.0044545,0.0044616,0.0044222,0.0044336,803781967.0
2026-09-25 21:15:00,0.0044335,0.0044503,0.0044225,0.0044433,486841518.0
2026-09-25 21:30:00,0.0044432,0.0044499,0.0044263,0.0044409,317144352.0
2026-09-25 21:45:00,0.0044408,0.0044443,0.0044248,0.0044309,171065199.0
2026-09-25 22:00:00,0.0044308,0.0044619,0.0044208,0.0044593,467852207.0
2026-09-25 22:15:00,0.0044598,0.0044846,0.0044592,0.0044788,367928115.0
2026-09-25 22:30:00,0.0044789,0.0045154,0.0044789,0.0045042,746756963.0
2026-09-25 22:45:00,0.0045043,0.0045417,0.0045004,0.0045008,1082890526.0
2026-09-25 23:00:00,0.0045007,0.0045051,0.0044844,0.0044992,412525505.0
2026-09-25 23:15:00,0.004499,0.0045092,0.0044938,0.0044958,259443579.0
2026-09-25 23:30:00,0.0044958,0.0045006,0.0044843,0.0044891,202090289.0
2026-09-25 23:45:00,0.0044892,0.0044991,0.0044837,0.0044875,262956028.0
2026-09-26 00:00:00,0.0044875,0.0044966,0.0044639,0.004488,487818660.0
2026-09-26 00:15:00,0.004488,0.0045043,0.0044808,0.0044809,311218716.0
2026-09-26 00:30:00,0.0044809,0.0044846,0.0044485,0.0044634,568747581.0
2026-09-26 00:45:00,0.0044633,0.0044767,0.0044572,0.0044671,282897976.0
2026-09-26 01:00:00,0.0044671,0.0044873,0.0044641,0.0044691,457839648.0
2026-09-26 01:15:00,0.0044691,0.0044998,0.004466,0.0044786,368428001.0
2026-09-26 01:30:00,0.0044788,0.0045195,0.0044764,0.0045117,902268505.0
2026-09-26 01:45:00,0.0045117,0.004525,0.0044834,0.0044886,563027734.0
2026-09-26 02:00:00,0.0044886,0.0045126,0.0044751,0.004512,297106953.0
2026-09-26 02:15:00,0.004512,0.004512,0.0044893,0.0044916,290536497.0
2026-09-26 02:30:00,0.0044916,0.0044957,0.0044682,0.0044743,504896362.0
2026-09-26 02:45:00,0.0044743,0.0044855,0.0044604,0.0044666,427669703.0
2026-09-26 03:00:00,0.0044666,0.0044694,0.0044384,0.0044465,505974928.0
2026-09-26 03:15:00,0.0044466,0.0044675,0.0044458,0.0044638,238469466.0
2026-09-26 03:30:00,0.0044638,0.0044694,0.0044454,0.0044497,305799089.0
2026-09-26 03:45:00,0.0044497,0.004455,0.0044445,0.0044528,144234627.0
2026-09-26 04:00:00,0.0044528,0.0044755,0.0044506,0.0044727,234289196.0
