timestamp,open,high,low,close,volume
2026-07-28 11:15:00,0.0047968,0.0048791,0.0046951,0.0047164,659509668.0
2026-07-28 11:30:00,0.0047166,0.00484,0.0047158,0.0048092,352460404.0
2026-07-28 11:45:00,0.0048098,0.005015,0.0047726,0.0048766,876918205.0
2026-07-28 12:00:00,0.004875,0.00508,0.00447,0.0044839,3511355855.0
2026-07-28 12:15:00,0.0044852,0.0045497,0.0041741,0.0043755,5568980885.0
2026-07-28 12:30:00,0.0043742,0.0045,0.00421,0.004274,1635781762.0
2026-07-28 12:45:00,0.0042748,0.004586,0.0042254,0.0044235,1255373853.0
2026-07-28 13:00:00,0.0044234,0.0044706,0.0042996,0.004318,969328273.0
2026-07-28 13:15:00,0.0043166,0.0044839,0.0042666,0.0044524,609776550.0
2026-07-28 13:30:00,0.0044545,0.0045305,0.0044111,0.0044874,660921813.0
2026-07-28 13:45:00,0.0044874,0.0045,0.0044057,0.0044288,307814229.0
2026-07-28 14:00:00,0.0044272,0.0045157,0.00437,0.0044327,441508658.0
2026-07-28 14:15:00,0.0044329,0.00449,0.004328,0.0044199,510794590.0
2026-07-28 14:30:00,0.0044199,0.0044282,0.0042893,0.0043085,483388313.0
2026-07-28 14:45:00,0.0043081,0.0043762,0.0042976,0.0043316,276046892.0
2026-07-28 15:00:00,0.0043321,0.0043544,0.0042202,0.0042573,659464969.0
2026-07-28 15:15:00,0.0042564,0.0042905,0.004175,0.0042233,500520464.0
2026-07-28 15:30:00,0.0042213,0.0042735,0.004083,0.0042284,771177666.0
2026-07-28 15:45:00,0.0042284,0.004276,0.0041427,0.0041678,484153493.0
2026-07-28 16:00:00,0.0041676,0.004175,0.0040361,0.0041406,721233152.0
2026-07-28 16:15:00,0.0041399,0.0041998,0.0040807,0.0041393,391960606.0
2026-07-28 16:30:00,0.0041392,0.0042859,0.00413,0.0041992,593029416.0
2026-07-28 16:45:00,0.0041992,0.0042053,0.0041042,0.0041891,348793063.0
2026-07-28 17:00:00,0.0041892,0.004228,0.0041187,0.0041796,388096950.0
2026-07-28 17:15:00,0.0041811,0.0042169,0.0041168,0.0041294,290631085.0
2026-07-28 17:30:00,0.0041318,0.0041583,0.00405,0.0040698,579943699.0
2026-07-28 17:45:00,0.0040708,0.0041429,0.0040332,0.004076,475086427.0
2026-07-28 18:00:00,0.0040763,0.0042626,0.0040763,0.0042306,525350951.0
2026-07-28 18:15:00,0.0042293,0.0042461,0.0040846,0.0040888,298557386.0
2026-07-28 18:30:00,0.0040899,0.0041133,0.0040045,0.0040229,424010172.0
2026-07-28 18:45:00,0.0040221,0.0040692,0.003968,0.0039991,555095020.0
2026-07-28 19:00:00,0.0039992,0.0040795,0.0039591,0.0039807,371057880.0
2026-07-28 19:15:00,0.0039806,0.004072,0.0039801,0.0040068,245351297.0
2026-07-28 19:30:00,0.0040068,0.0040325,0.0038502,0.003915,444059045.0
2026-07-28 19:45:00,0.003915,0.0039981,0.0039058,0.0039895,339692104.0
2026-07-28 20:00:00,0.0039896,0.0039923,0.0039106,0.0039371,192526344.0
2026-07-28 20:15:00,0.003937,0.0039444,0.0038223,0.0038261,397930843.0
2026-07-28 20:30:00,0.0038261,0.0040636,0.003824,0.0040029,538597343.0
2026-07-28 20:45:00,0.0040035,0.0041959,0.0039865,0.0040335,652776021.0
2026-07-28 21:00:00,0.0040333,0.0040569,0.0038828,0.0039147,417621755.0
2026-07-28 21:15:00,0.0039143,0.003966,0.0038868,0.0039468,180558281.0
2026-07-28 21:30:00,0.0039473,0.0041345,0.0039472,0.0040732,416456900.0
2026-07-28 21:45:00,0.0040743,0.0040933,0.004,0.0040075,265847416.0
2026-07-28 22:00:00,0.0040067,0.004055,0.0039833,0.0040324,266674043.0
2026-07-28 22:15:00,0.0040322,0.0040492,0.0040049,0.0040128,150802800.0
2026-07-28 22:30:00,0.0040128,0.0040128,0.0039419,0.0039636,249922267.0
2026-07-28 22:45:00,0.0039644,0.0042267,0.0039628,0.0041821,506574278.0
2026-07-28 23:00:00,0.0041818,0.0042794,0.0038901,0.0041148,1099801589.0
2026-07-28 23:15:00,0.0041134,0.0041605,0.0040208,0.0041458,456693502.0
2026-07-28 23:30:00,0.004145,0.0042685,0.0041304,0.0042533,366302277.0
2026-07-28 23:45:00,0.0042515,0.0042888,0.004086,0.0040867,394774678.0
2026-07-29 00:00:00,0.0040873,0.0041566,0.004055,0.0040668,368365759.0
2026-07-29 00:15:00,0.0040665,0.0041119,0.0040296,0.0040636,250013210.0
2026-07-29 00:30:00,0.0040631,0.0041609,0.0040414,0.0041408,307880317.0
2026-07-29 00:45:00,0.0041407,0.00432,0.0041332,0.0042269,608929296.0
2026-07-29 01:00:00,0.0042267,0.0042536,0.0041681,0.0042523,234120345.0
2026-07-29 01:15:00,0.0042524,0.0042875,0.00412,0.0041255,353059481.0
2026-07-29 01:30:00,0.0041256,0.0042013,0.003871,0.0039531,1123712987.0
2026-07-29 01:45:00,0.003953,0.004,0.0038637,0.0039052,624856008.0
2026-07-29 02:00:00,0.0039055,0.0039858,0.0038313,0.003946,618798420.0
2026-07-29 02:15:00,0.0039441,0.0040743,0.0039047,0.0040469,593178360.0
2026-07-29 02:30:00,0.0040482,0.0041946,0.0039637,0.0039766,612961867.0
2026-07-29 02:45:00,0.0039763,0.0041345,0.0039205,0.0041304,442573416.0
2026-07-29 03:00:00,0.0041304,0.00424,0.004085,0.0041979,653909773.0
2026-07-29 03:15:00,0.004196,0.0042195,0.0039375,0.0039577,689604747.0
2026-07-29 03:30:00,0.0039582,0.0040448,0.0039286,0.0039774,591769364.0
2026-07-29 03:45:00,0.0039768,0.0039796,0.0038807,0.0039384,460052005.0
2026-07-29 04:00:00,0.0039361,0.0039876,0.00384,0.0039347,628563433.0
2026-07-29 04:15:00,0.0039342,0.0039522,0.0037188,0.0037646,1199194328.0
2026-07-29 04:30:00,0.0037647,0.0039035,0.0037516,0.003799,518172271.0
2026-07-29 04:45:00,0.0037989,0.003949,0.0037882,0.0039007,488689241.0
2026-07-29 05:00:00,0.0039007,0.0039131,0.00372,0.0037819,628823511.0
2026-07-29 05:15:00,0.0037829,0.0038113,0.0036286,0.0036497,892683983.0
2026-07-29 05:30:00,0.0036496,0.0037036,0.0035457,0.0035712,992535716.0
2026-07-29 05:45:00,0.0035713,0.0037161,0.0035,0.0035656,1179783029.0
2026-07-29 06:00:00,0.0035666,0.0036315,0.0035313,0.0036096,659938513.0
2026-07-29 06:15:00,0.0036094,0.0036288,0.0035002,0.0035326,736101972.0
2026-07-29 06:30:00,0.0035333,0.0037073,0.0035136,0.003559,821573150.0
2026-07-29 06:45:00,0.0035591,0.0035914,0.0035338,0.0035689,477263602.0
2026-07-29 07:00:00,0.0035703,0.0036934,0.003541,0.003644,601142213.0
2026-07-29 07:15:00,0.0036447,0.0036598,0.003525,0.0035345,476725814.0
2026-07-29 07:30:00,0.0035332,0.0035773,0.0035209,0.0035405,412198649.0
2026-07-29 07:45:00,0.0035408,0.003575,0.0034129,0.00344,806192455.0
2026-07-29 08:00:00,0.003441,0.0034962,0.0032256,0.0032591,1519938904.0
2026-07-29 08:15:00,0.003259,0.0033914,0.0032525,0.0032839,1130922012.0
2026-07-29 08:30:00,0.0032839,0.0033829,0.0032602,0.0033049,708828640.0
2026-07-29 08:45:00,0.003303,0.003369,0.0032345,0.0032369,635679736.0
2026-07-29 09:00:00,0.0032369,0.0033,0.003209,0.0032663,1066227720.0
2026-07-29 09:15:00,0.0032664,0.00365,0.0032503,0.0036367,2542179032.0
2026-07-29 09:30:00,0.0036355,0.00378,0.0034958,0.0036374,1748516653.0
2026-07-29 09:45:00,0.0036365,0.0037731,0.0035936,0.0036834,1045498075.0
2026-07-29 10:00:00,0.0036858,0.0039386,0.0036615,0.0038024,1483221600.0
2026-07-29 10:15:00,0.0038012,0.0038337,0.0037231,0.0037621,705091575.0
2026-07-29 10:30:00,0.0037621,0.003888,0.0036925,0.0038026,873893248.0
2026-07-29 10:45:00,0.0038019,0.0038117,0.0036226,0.0036357,562022063.0
2026-07-29 11:00:00,0.0036368,0.0036974,0.0036052,0.003668,548309034.0
2026-07-29 11:15:00,0.003668,0.0036791,0.0035381,0.0035637,614747831.0
2026-07-29 11:30:00,0.0035637,0.0039334,0.0035434,0.0038349,984407047.0
2026-07-29 11:45:00,0.0038318,0.00435,0.0038169,0.0041739,4157280739.0
2026-07-29 12:00:00,0.004174,0.0042209,0.0040427,0.0041536,1167222073.0
2026-07-29 12:15:00,0.0041524,0.0042066,0.0039529,0.0039791,1098111671.0
2026-07-29 12:30:00,0.003979,0.0041046,0.0039502,0.0040635,623005007.0
2026-07-29 12:45:00,0.0040649,0.0041927,0.0040538,0.0041242,513144917.0
2026-07-29 13:00:00,0.004124,0.00433,0.0041074,0.0041959,611248511.0
2026-07-29 13:15:00,0.0041961,0.0042591,0.0041658,0.0042207,481523475.0
2026-07-29 13:30:00,0.0042215,0.0042999,0.0041501,0.0042246,567685756.0
2026-07-29 13:45:00,0.0042242,0.0045499,0.003974,0.0041225,2109668621.0
2026-07-29 14:00:00,0.0041227,0.0041995,0.0040301,0.0041258,612619010.0
2026-07-29 14:15:00,0.0041248,0.004155,0.004046,0.0040944,398847578.0
2026-07-29 14:30:00,0.0040962,0.0041181,0.0040106,0.0040891,429928937.0
2026-07-29 14:45:00,0.0040899,0.0042566,0.0040459,0.0041651,452939679.0
2026-07-29 15:00:00,0.0041652,0.0042314,0.0040141,0.0040588,780613566.0
2026-07-29 15:15:00,0.0040588,0.0040849,0.0039737,0.0040312,492891284.0
2026-07-29 15:30:00,0.0040309,0.0041346,0.0039996,0.0040515,314336600.0
2026-07-29 15:45:00,0.0040514,0.0040921,0.0040393,0.0040781,203521482.0
2026-07-29 16:00:00,0.0040784,0.0041376,0.0039408,0.0040263,725305283.0
2026-07-29 16:15:00,0.0040268,0.0040269,0.0039214,0.0039434,439361432.0
2026-07-29 16:30:00,0.0039434,0.003949,0.003725,0.0037694,819772039.0
2026-07-29 16:45:00,0.0037694,0.0038053,0.0036188,0.0036692,981051855.0
2026-07-29 17:00:00,0.0036699,0.0038636,0.0036624,0.0038019,692565218.0
2026-07-29 17:15:00,0.003802,0.003829,0.0037479,0.0037667,249875262.0
2026-07-29 17:30:00,0.0037666,0.0038984,0.0037645,0.0038335,393213441.0
2026-07-29 17:45:00,0.0038336,0.0038444,0.0037214,0.0037322,380796681.0
2026-07-29 18:00:00,0.0037316,0.0037868,0.00364,0.003696,768704437.0
2026-07-29 18:15:00,0.0036959,0.0037002,0.0036003,0.0036124,368017968.0
2026-07-29 18:30:00,0.0036124,0.0036304,0.0035551,0.0036047,402812062.0
2026-07-29 18:45:00,0.0036045,0.0036599,0.0035775,0.003598,307211402.0
2026-07-29 19:00:00,0.0035978,0.003612,0.0035131,0.00357,458375370.0
2026-07-29 19:15:00,0.0035697,0.0037647,0.0035654,0.0037571,613564465.0
2026-07-29 19:30:00,0.0037574,0.00378,0.0036888,0.0037492,310699351.0
2026-07-29 19:45:00,0.0037492,0.0038275,0.0037376,0.003769,263343630.0
2026-07-29 20:00:00,0.0037691,0.0038799,0.0037652,0.0038725,381672121.0
2026-07-29 20:15:00,0.0038721,0.0039446,0.0038482,0.0039322,391289976.0
2026-07-29 20:30:00,0.0039327,0.0039393,0.0038624,0.003893,226564933.0
2026-07-29 20:45:00,0.003893,0.0039139,0.0038528,0.0038933,184382908.0
2026-07-29 21:00:00,0.0038933,0.00392,0.0038685,0.0039025,136170640.0
2026-07-29 21:15:00,0.0039015,0.0039198,0.0038197,0.0038366,148506699.0
2026-07-29 21:30:00,0.0038359,0.0038848,0.003815,0.0038299,153150586.0
2026-07-29 21:45:00,0.0038296,0.0038605,0.0037737,0.0038119,138998148.0
2026-07-29 22:00:00,0.0038126,0.0039119,0.0037783,0.0038926,251750667.0
2026-07-29 22:15:00,0.0038926,0.0038988,0.0037877,0.003813,168494501.0
2026-07-29 22:30:00,0.0038129,0.003813,0.0037415,0.0037731,179491708.0
2026-07-29 22:45:00,0.0037732,0.0038381,0.0037633,0.0038058,123855878.0
2026-07-29 23:00:00,0.0038054,0.0038458,0.0037956,0.0038256,109196997.0
2026-07-29 23:15:00,0.0038259,0.0038609,0.0037728,0.0038198,185998838.0
2026-07-29 23:30:00,0.0038197,0.003842,0.0037831,0.0038392,122280335.0
2026-07-29 23:45:00,0.0038388,0.0038594,0.0038036,0.0038123,119950075.0
2026-07-30 00:00:00,0.0038127,0.0039986,0.0038029,0.0039577,400106613.0
2026-07-30 00:15:00,0.003958,0.0040957,0.0039078,0.0039834,528661261.0
2026-07-30 00:30:00,0.0039839,0.0040915,0.0039673,0.004028,549874645.0
2026-07-30 00:45:00,0.0040279,0.0040726,0.0039791,0.004018,341143405.0
2026-07-30 01:00:00,0.0040187,0.0041347,0.003975,0.0040369,506746408.0
2026-07-30 01:15:00,0.0040358,0.0040723,0.003685,0.0037459,930041580.0
2026-07-30 01:30:00,0.0037453,0.0037453,0.003593,0.0036761,848221980.0
2026-07-30 01:45:00,0.0036768,0.00373,0.0036103,0.0037085,525138475.0
2026-07-30 02:00:00,0.0037075,0.0037692,0.0036836,0.0037318,552242311.0
2026-07-30 02:15:00,0.003731,0.0038655,0.00372,0.0038396,454850880.0
2026-07-30 02:30:00,0.0038401,0.00402,0.0038379,0.0039975,661085597.0
2026-07-30 02:45:00,0.0039975,0.00405,0.0039044,0.0039277,515733856.0
2026-07-30 03:00:00,0.0039278,0.00398,0.0038525,0.0039055,503866827.0
2026-07-30 03:15:00,0.0039064,0.0040444,0.0039064,0.0039837,401871962.0
2026-07-30 03:30:00,0.0039827,0.004,0.0039106,0.0039251,174671921.0
2026-07-30 03:45:00,0.0039254,0.0040422,0.0039234,0.0039861,404149618.0
2026-07-30 04:00:00,0.0039861,0.0040174,0.0039562,0.003998,172616514.0
2026-07-30 04:15:00,0.0039981,0.0040569,0.0039779,0.0039786,265001671.0
2026-07-30 04:30:00,0.0039785,0.0039972,0.0039078,0.0039372,234793138.0
2026-07-30 04:45:00,0.0039372,0.00403,0.0038582,0.0040071,470832145.0
2026-07-30 05:00:00,0.004008,0.0040375,0.0039786,0.0040332,221447003.0
2026-07-30 05:15:00,0.0040332,0.0042182,0.0040277,0.004121,824279011.0
2026-07-30 05:30:00,0.004122,0.0041318,0.0040033,0.0040213,469463678.0
2026-07-30 05:45:00,0.0040221,0.0040659,0.0039764,0.0040535,294881584.0
2026-07-30 06:00:00,0.0040542,0.0041152,0.0040176,0.0040783,328725669.0
2026-07-30 06:15:00,0.0040785,0.00414,0.0040566,0.0040883,344577358.0
2026-07-30 06:30:00,0.004088,0.0041089,0.004071,0.0040889,223436962.0
2026-07-30 06:45:00,0.004089,0.0041131,0.0039642,0.0039984,314258218.0
2026-07-30 07:00:00,0.0039983,0.0040156,0.0038782,0.0039049,461942375.0
2026-07-30 07:15:00,0.0039049,0.0039831,0.003855,0.0039671,505567141.0
2026-07-30 07:30:00,0.0039672,0.004,0.003828,0.0039377,887963930.0
2026-07-30 07:45:00,0.0039375,0.0041666,0.0038988,0.0041322,855882210.0
2026-07-30 08:00:00,0.0041323,0.0042616,0.0040345,0.0041804,1179230745.0
2026-07-30 08:15:00,0.0041804,0.00423,0.004085,0.0041113,744548721.0
2026-07-30 08:30:00,0.0041113,0.004178,0.0040893,0.0040914,384698402.0
2026-07-30 08:45:00,0.0040913,0.0040972,0.003878,0.0039071,1180299541.0
2026-07-30 09:00:00,0.0039072,0.0040374,0.0038002,0.0040252,1353001746.0
2026-07-30 09:15:00,0.004026,0.0040635,0.0039334,0.0039974,726017396.0
2026-07-30 09:30:00,0.0039974,0.0040484,0.0039316,0.0039949,422181686.0
2026-07-30 09:45:00,0.0039945,0.0040837,0.0039714,0.0040783,354918683.0
2026-07-30 10:00:00,0.0040756,0.0041358,0.0040691,0.0040939,468085882.0
2026-07-30 10:15:00,0.0040935,0.0041184,0.0040674,0.0041084,294376076.0
2026-07-30 10:30:00,0.0041085,0.00415,0.004035,0.0040607,390725993.0
2026-07-30 10:45:00,0.0040597,0.0040773,0.003992,0.0040245,319091507.0
2026-07-30 11:00:00,0.0040242,0.0040841,0.0039954,0.0040275,295630296.0
2026-07-30 11:15:00,0.0040274,0.0043194,0.0040242,0.0042746,1082013275.0
2026-07-30 11:30:00,0.0042758,0.00439,0.0042672,0.0043639,881954675.0
2026-07-30 11:45:00,0.004364,0.0044265,0.0043234,0.0044182,678432000.0
2026-07-30 12:00:00,0.0044184,0.0045,0.0043781,0.0044626,845026668.0
2026-07-30 12:15:00,0.0044619,0.0045851,0.0043805,0.0044589,1008736487.0
2026-07-30 12:30:00,0.0044577,0.0047337,0.0044069,0.0045669,1128077921.0
2026-07-30 12:45:00,0.0045667,0.0046555,0.0045071,0.0046086,784746176.0
2026-07-30 13:00:00,0.0046076,0.0047164,0.0042871,0.0043549,1953840222.0
2026-07-30 13:15:00,0.0043536,0.0044284,0.004213,0.0042646,1995444613.0
2026-07-30 13:30:00,0.0042626,0.004319,0.0042068,0.0042455,672047858.0
2026-07-30 13:45:00,0.0042451,0.0043652,0.0042002,0.0043551,677708464.0
2026-07-30 14:00:00,0.0043553,0.0043756,0.0042093,0.0042788,515779569.0
2026-07-30 14:15:00,0.0042791,0.0044679,0.0042331,0.0044328,640951943.0
2026-07-30 14:30:00,0.0044313,0.0045784,0.0043281,0.0043574,734490735.0
2026-07-30 14:45:00,0.0043569,0.0043985,0.0043125,0.004322,302489362.0
2026-07-30 15:00:00,0.0043217,0.00437,0.0042648,0.0042942,353279303.0
2026-07-30 15:15:00,0.0042925,0.0044116,0.004235,0.0043843,349645187.0
2026-07-30 15:30:00,0.0043848,0.0044096,0.0043201,0.0043589,245697138.0
2026-07-30 15:45:00,0.0043587,0.0043879,0.00431,0.0043199,200909942.0
2026-07-30 16:00:00,0.0043173,0.0043631,0.0043121,0.0043394,207471371.0
2026-07-30 16:15:00,0.0043394,0.0044335,0.0042852,0.0042889,346272760.0
2026-07-30 16:30:00,0.0042899,0.004361,0.0042675,0.0042749,299567956.0
2026-07-30 16:45:00,0.0042752,0.0044194,0.0042628,0.0043517,341255219.0
2026-07-30 17:00:00,0.0043527,0.0044893,0.0043243,0.0044112,360780424.0
2026-07-30 17:15:00,0.0044113,0.0044499,0.0043776,0.004443,221237054.0
2026-07-30 17:30:00,0.004443,0.0044596,0.0044,0.0044152,198826568.0
2026-07-30 17:45:00,0.0044155,0.0044243,0.0043634,0.0043714,187715359.0
2026-07-30 18:00:00,0.0043713,0.0044333,0.0043281,0.0043876,211769662.0
2026-07-30 18:15:00,0.0043877,0.0044291,0.004366,0.0043936,166779676.0
2026-07-30 18:30:00,0.0043938,0.004455,0.0043938,0.0044178,164212828.0
2026-07-30 18:45:00,0.0044185,0.0044466,0.0043676,0.0043676,176670953.0
2026-07-30 19:00:00,0.0043681,0.0043773,0.0043002,0.0043284,282918536.0
2026-07-30 19:15:00,0.0043291,0.00442,0.0043254,0.0043938,191548508.0
2026-07-30 19:30:00,0.0043937,0.00443,0.0043636,0.0044198,145974377.0
2026-07-30 19:45:00,0.0044202,0.00443,0.0043788,0.0044056,110890531.0
2026-07-30 20:00:00,0.0044056,0.004415,0.0043661,0.0043711,107616933.0
2026-07-30 20:15:00,0.0043709,0.0044485,0.0043696,0.0043951,120938411.0
2026-07-30 20:30:00,0.0043952,0.0044619,0.0043889,0.0043964,125190591.0
2026-07-30 20:45:00,0.0043962,0.0044798,0.0043805,0.0044485,167371287.0
2026-07-30 21:00:00,0.0044491,0.0045408,0.0044491,0.0045225,282632659.0
2026-07-30 21:15:00,0.004522,0.0045317,0.004421,0.0044445,228519488.0
2026-07-30 21:30:00,0.004445,0.0045029,0.0043222,0.0043395,261198119.0
2026-07-30 21:45:00,0.0043399,0.0043596,0.0042812,0.0042999,176115737.0
2026-07-30 22:00:00,0.0043003,0.0043896,0.0042837,0.0043621,285233377.0
2026-07-30 22:15:00,0.0043621,0.0044632,0.0043245,0.0044506,262175366.0
2026-07-30 22:30:00,0.0044502,0.004466,0.0043965,0.0044036,138905599.0
2026-07-30 22:45:00,0.0044036,0.004435,0.0043625,0.0043941,128924532.0
2026-07-30 23:00:00,0.0043938,0.0045166,0.0043809,0.0044773,308341116.0
2026-07-30 23:15:00,0.0044775,0.004515,0.0044495,0.0044876,158840697.0
2026-07-30 23:30:00,0.0044878,0.0045272,0.004435,0.0044608,177723634.0
2026-07-30 23:45:00,0.0044608,0.0045334,0.0044536,0.0044984,155412269.0
2026-07-31 00:00:00,0.0044986,0.0045846,0.0044621,0.0044882,357850329.0
2026-07-31 00:15:00,0.0044889,0.0044981,0.0044397,0.0044639,162421870.0
2026-07-31 00:30:00,0.0044633,0.0045677,0.0044333,0.0045595,315889251.0
2026-07-31 00:45:00,0.0045593,0.0046462,0.004555,0.0045856,486983153.0
2026-07-31 01:00:00,0.0045858,0.0045911,0.004461,0.0044676,339423116.0
2026-07-31 01:15:00,0.0044677,0.0044716,0.0043764,0.0043825,381660406.0
2026-07-31 01:30:00,0.0043825,0.0044227,0.0043307,0.0044143,360612926.0
2026-07-31 01:45:00,0.0044142,0.0044949,0.0043666,0.0044307,366089164.0
2026-07-31 02:00:00,0.0044311,0.004496,0.0044222,0.0044891,170263782.0
2026-07-31 02:15:00,0.0044894,0.0045959,0.0044774,0.0045812,377920146.0
2026-07-31 02:30:00,0.0045812,0.0045819,0.0045002,0.0045391,197192947.0
2026-07-31 02:45:00,0.0045381,0.0045557,0.0044477,0.0044664,219723348.0
2026-07-31 03:00:00,0.0044668,0.0044797,0.0043891,0.0044262,251288474.0
2026-07-31 03:15:00,0.0044258,0.004472,0.0043818,0.0043843,212880172.0
2026-07-31 03:30:00,0.0043843,0.0044553,0.0043802,0.0044266,172525283.0
2026-07-31 03:45:00,0.0044266,0.004462,0.0043949,0.0044438,164326310.0
2026-07-31 04:00:00,0.0044442,0.0044515,0.0043976,0.0044065,170548354.0
2026-07-31 04:15:00,0.0044073,0.0044775,0.0043831,0.0044049,217494915.0
2026-07-31 04:30:00,0.004404,0.0044478,0.004361,0.0044234,197671939.0
2026-07-31 04:45:00,0.0044238,0.0044238,0.0043724,0.0043771,142410358.0
2026-07-31 05:00:00,0.0043768,0.0044107,0.0043357,0.0043843,312470930.0
2026-07-31 05:15:00,0.0043834,0.0044142,0.004324,0.0043457,218530625.0
2026-07-31 05:30:00,0.0043464,0.0043537,0.0042312,0.0043014,504844152.0
2026-07-31 05:45:00,0.0043013,0.0043105,0.0040015,0.0040256,967016884.0
2026-07-31 06:00:00,0.0040267,0.0041337,0.0039813,0.0040532,912068892.0
2026-07-31 06:15:00,0.0040518,0.00406,0.0039165,0.0039776,778356013.0
2026-07-31 06:30:00,0.003977,0.0040696,0.0038002,0.0038485,950015139.0
2026-07-31 06:45:00,0.0038488,0.0040266,0.0038251,0.0039721,668670522.0
2026-07-31 07:00:00,0.0039729,0.004024,0.0038758,0.0039387,562823465.0
2026-07-31 07:15:00,0.003939,0.0042196,0.0038682,0.0040972,1077164586.0
2026-07-31 07:30:00,0.0040966,0.0041328,0.00403,0.0040429,391730600.0
2026-07-31 07:45:00,0.004043,0.004075,0.0039226,0.0039324,392124943.0
2026-07-31 08:00:00,0.0039324,0.0040082,0.0039005,0.0039354,340297579.0
2026-07-31 08:15:00,0.0039353,0.004025,0.0039073,0.003972,249892526.0
2026-07-31 08:30:00,0.0039722,0.0041387,0.003961,0.0040319,441861763.0
2026-07-31 08:45:00,0.004032,0.0040842,0.0040108,0.004072,207390793.0
2026-07-31 09:00:00,0.0040711,0.0040831,0.0039826,0.0039919,216928948.0
2026-07-31 09:15:00,0.0039915,0.004052,0.00398,0.0040063,144706336.0
2026-07-31 09:30:00,0.0040063,0.0040134,0.003876,0.0038961,428949294.0
2026-07-31 09:45:00,0.003896,0.0039442,0.003871,0.0038991,276018893.0
2026-07-31 10:00:00,0.0038996,0.003944,0.0038623,0.0038959,324522576.0
2026-07-31 10:15:00,0.0038948,0.0039084,0.0038004,0.0038426,395737128.0
2026-07-31 10:30:00,0.0038418,0.0039067,0.0038209,0.0038843,246143137.0
2026-07-31 10:45:00,0.0038833,0.0039488,0.0038729,0.0038804,215342569.0
2026-07-31 11:00:00,0.0038796,0.0039599,0.0038336,0.0039258,313721016.0
2026-07-31 11:15:00,0.0039248,0.0040177,0.0038447,0.0038763,401432588.0
2026-07-31 11:30:00,0.0038771,0.0039291,0.0037275,0.0038043,872059096.0
2026-07-31 11:45:00,0.003804,0.0038335,0.0037158,0.0037745,486741575.0
2026-07-31 12:00:00,0.003775,0.0038297,0.0036805,0.0037352,524269120.0
2026-07-31 12:15:00,0.0037353,0.0037839,0.0036757,0.0036809,543261182.0
2026-07-31 12:30:00,0.0036825,0.0040103,0.0036712,0.0039222,1230973022.0
2026-07-31 12:45:00,0.0039221,0.0039398,0.0037702,0.0038173,474256757.0
2026-07-31 13:00:00,0.0038164,0.0038352,0.003748,0.0038176,382484665.0
2026-07-31 13:15:00,0.0038163,0.0038975,0.0037954,0.0038812,326833026.0
2026-07-31 13:30:00,0.0038812,0.0039275,0.0038398,0.0038752,308266677.0
2026-07-31 13:45:00,0.003875,0.0039334,0.0038314,0.0038957,266574073.0
2026-07-31 14:00:00,0.0038945,0.0038945,0.0038,0.0038208,321295971.0
2026-07-31 14:15:00,0.0038215,0.0038679,0.0037735,0.0038167,353549901.0
2026-07-31 14:30:00,0.0038168,0.0038544,0.0037615,0.0038204,246176799.0
2026-07-31 14:45:00,0.00382,0.003988,0.0038124,0.0039467,621661023.0
2026-07-31 15:00:00,0.0039468,0.0039994,0.0039269,0.0039463,331312729.0
2026-07-31 15:15:00,0.0039461,0.00398,0.0038844,0.0039668,212059617.0
2026-07-31 15:30:00,0.0039687,0.00399,0.0038341,0.0038809,284996816.0
2026-07-31 15:45:00,0.0038808,0.0039195,0.0038576,0.0039031,115085905.0
2026-07-31 16:00:00,0.0039025,0.0041731,0.0038938,0.0041287,829010031.0
2026-07-31 16:15:00,0.0041319,0.0041838,0.0040413,0.0040703,445185660.0
2026-07-31 16:30:00,0.0040716,0.0041347,0.0040552,0.0040909,198417696.0
2026-07-31 16:45:00,0.00409,0.0041695,0.0040723,0.0041546,207779968.0
2026-07-31 17:00:00,0.0041548,0.0041662,0.0041124,0.004158,175694248.0
2026-07-31 17:15:00,0.004159,0.004178,0.0041256,0.0041331,118132885.0
2026-07-31 17:30:00,0.0041331,0.004156,0.0041195,0.0041493,95447538.0
2026-07-31 17:45:00,0.0041492,0.0041825,0.0041274,0.0041641,133478199.0
2026-07-31 18:00:00,0.0041644,0.0044,0.0041594,0.0042404,640035142.0
2026-07-31 18:15:00,0.0042405,0.0043645,0.0042345,0.0043039,277986791.0
2026-07-31 18:30:00,0.0043039,0.0044289,0.0042649,0.0043316,427558709.0
2026-07-31 18:45:00,0.0043313,0.0044125,0.0043044,0.0043527,294519204.0
2026-07-31 19:00:00,0.0043523,0.0043783,0.0042355,0.0042739,354484161.0
2026-07-31 19:15:00,0.0042741,0.0043103,0.0042429,0.0042591,157828970.0
2026-07-31 19:30:00,0.0042587,0.0043599,0.0042587,0.0043284,153420553.0
2026-07-31 19:45:00,0.0043286,0.0043589,0.0043042,0.0043464,104047415.0
2026-07-31 20:00:00,0.0043464,0.0043909,0.0043001,0.0043157,143860718.0
2026-07-31 20:15:00,0.0043158,0.00434,0.0042794,0.0042933,144630748.0
2026-07-31 20:30:00,0.0042934,0.0043942,0.00428,0.004348,159060570.0
2026-07-31 20:45:00,0.0043476,0.004449,0.0043379,0.0044048,191590580.0
2026-07-31 21:00:00,0.0044054,0.0044207,0.0043673,0.0043831,162929520.0
2026-07-31 21:15:00,0.0043824,0.0043865,0.0042982,0.0043715,154295588.0
2026-07-31 21:30:00,0.0043715,0.004412,0.0043589,0.0043916,131152257.0
2026-07-31 21:45:00,0.0043922,0.004417,0.0043646,0.0043962,79687214.0
2026-07-31 22:00:00,0.0043961,0.0044199,0.00436,0.0043838,96438953.0
2026-07-31 22:15:00,0.004384,0.0044173,0.0043611,0.0044109,77762764.0
2026-07-31 22:30:00,0.0044106,0.0044498,0.004368,0.0043829,131876726.0
2026-07-31 22:45:00,0.004383,0.004425,0.004383,0.004412,82250669.0
2026-07-31 23:00:00,0.004412,0.0044201,0.0043305,0.0043488,150733542.0
2026-07-31 23:15:00,0.0043487,0.0043493,0.0043023,0.0043073,144290598.0
2026-07-31 23:30:00,0.0043072,0.004333,0.0042803,0.0042918,167673934.0
2026-07-31 23:45:00,0.0042932,0.0043946,0.0042628,0.0043744,238091233.0
2026-08-01 00:00:00,0.0043742,0.0044137,0.004365,0.0043924,160032479.0
2026-08-01 00:15:00,0.0043925,0.00441,0.0042789,0.0043347,208594350.0
2026-08-01 00:30:00,0.0043342,0.0043538,0.0042731,0.0042984,172909673.0
2026-08-01 00:45:00,0.0042983,0.0044195,0.0042983,0.0043952,273506224.0
2026-08-01 01:00:00,0.0043951,0.0044899,0.0043787,0.0044291,355103082.0
2026-08-01 01:15:00,0.0044293,0.0044306,0.0042733,0.0043118,275380127.0
2026-08-01 01:30:00,0.0043116,0.0043116,0.0041982,0.0042001,392571149.0
2026-08-01 01:45:00,0.0042012,0.0042496,0.0041863,0.0042068,193184387.0
2026-08-01 02:00:00,0.0042058,0.0042865,0.0041744,0.0042375,282575959.0
2026-08-01 02:15:00,0.0042374,0.0042441,0.00418,0.0041839,185453986.0
2026-08-01 02:30:00,0.0041843,0.0041998,0.0041461,0.0041609,224357402.0
2026-08-01 02:45:00,0.0041613,0.0042384,0.004151,0.0042028,162235913.0
2026-08-01 03:00:00,0.0042029,0.0042136,0.0041715,0.0041765,115874062.0
2026-08-01 03:15:00,0.0041765,0.0042251,0.0041609,0.0042251,112734729.0
2026-08-01 03:30:00,0.004225,0.0042363,0.0041442,0.0041689,153880170.0
2026-08-01 03:45:00,0.0041689,0.0042041,0.0041411,0.0041696,193274877.0
2026-08-01 04:00:00,0.0041711,0.0042242,0.0041543,0.0041586,106901818.0
2026-08-01 04:15:00,0.0041583,0.0041688,0.0040494,0.0040917,326536950.0
2026-08-01 04:30:00,0.0040917,0.0040917,0.004052,0.0040683,144081432.0
2026-08-01 04:45:00,0.0040683,0.0040793,0.0040308,0.0040383,204520809.0
2026-08-01 05:00:00,0.0040383,0.0040949,0.0040383,0.0040615,176611758.0
2026-08-01 05:15:00,0.0040614,0.0040884,0.0040437,0.0040572,121857439.0
2026-08-01 05:30:00,0.0040573,0.0040808,0.0040168,0.0040409,130697372.0
2026-08-01 05:45:00,0.0040409,0.0040651,0.0040021,0.0040082,209526390.0
2026-08-01 06:00:00,0.004009,0.0040462,0.0039825,0.0039876,204950236.0
2026-08-01 06:15:00,0.0039876,0.0039957,0.0038707,0.0039404,496906433.0
2026-08-01 06:30:00,0.0039405,0.003942,0.00381,0.0038626,548016995.0
2026-08-01 06:45:00,0.0038626,0.0039201,0.0038205,0.0038371,330537575.0
2026-08-01 07:00:00,0.0038372,0.0038793,0.0038206,0.0038384,224875020.0
2026-08-01 07:15:00,0.0038376,0.0038405,0.0037835,0.0038203,252698814.0
2026-08-01 07:30:00,0.0038199,0.0039198,0.003775,0.0039035,415956182.0
2026-08-01 07:45:00,0.0039035,0.0040679,0.00386,0.003932,739192859.0
2026-08-01 08:00:00,0.0039323,0.0039945,0.0038836,0.0039805,365101104.0
2026-08-01 08:15:00,0.0039806,0.0039951,0.0038903,0.0039048,190311433.0
2026-08-01 08:30:00,0.0039056,0.003988,0.0038953,0.0039548,194196817.0
2026-08-01 08:45:00,0.0039545,0.004125,0.00394,0.0039794,541270780.0
2026-08-01 09:00:00,0.0039792,0.0041568,0.0039703,0.0041424,398120691.0
2026-08-01 09:15:00,0.0041424,0.0042179,0.0041297,0.0042017,498038050.0
2026-08-01 09:30:00,0.0042019,0.0042497,0.0041645,0.0042367,304153705.0
2026-08-01 09:45:00,0.0042378,0.0042473,0.0040791,0.0041116,515488477.0
2026-08-01 10:00:00,0.0041107,0.0042,0.00408,0.004174,424638668.0
2026-08-01 10:15:00,0.0041739,0.0042236,0.0041638,0.0041848,203639897.0
2026-08-01 10:30:00,0.0041852,0.0042041,0.004145,0.0041616,180518222.0
2026-08-01 10:45:00,0.0041617,0.0042019,0.0041489,0.0041668,175928211.0
2026-08-01 11:00:00,0.0041667,0.004175,0.0041005,0.0041494,282929915.0
2026-08-01 11:15:00,0.0041494,0.0041982,0.0041358,0.0041882,222087396.0
2026-08-01 11:30:00,0.0041885,0.0042478,0.0041837,0.004218,331322211.0
2026-08-01 11:45:00,0.0042178,0.0042411,0.0041908,0.0042031,160080506.0
2026-08-01 12:00:00,0.0042031,0.0042287,0.0041907,0.0042207,152795191.0
2026-08-01 12:15:00,0.0042209,0.004378,0.0042141,0.0043394,641328887.0
2026-08-01 12:30:00,0.0043405,0.0043889,0.0042888,0.0042888,382398024.0
2026-08-01 12:45:00,0.0042897,0.0043613,0.0042772,0.0043561,266094818.0
2026-08-01 13:00:00,0.0043563,0.0043625,0.004258,0.0042804,319626285.0
2026-08-01 13:15:00,0.004281,0.0043331,0.0042537,0.004281,264050231.0
2026-08-01 13:30:00,0.0042809,0.0043245,0.00426,0.004305,192689018.0
2026-08-01 13:45:00,0.0043054,0.0043336,0.0042895,0.0042932,147292439.0
2026-08-01 14:00:00,0.0042934,0.0043234,0.0042627,0.0042648,191140435.0
2026-08-01 14:15:00,0.004265,0.0044411,0.0042391,0.0043989,660540018.0
2026-08-01 14:30:00,0.0043989,0.0044238,0.0043459,0.0043645,403804261.0
2026-08-01 14:45:00,0.0043652,0.004439,0.004363,0.0043793,430983272.0
2026-08-01 15:00:00,0.004379,0.0045815,0.0043488,0.0045526,1081544761.0
2026-08-01 15:15:00,0.0045531,0.0046729,0.0044043,0.0044479,1175895039.0
2026-08-01 15:30:00,0.0044481,0.004633,0.0044292,0.0045901,617709658.0
2026-08-01 15:45:00,0.00459,0.0046238,0.0045241,0.0045647,482003744.0
2026-08-01 16:00:00,0.0045651,0.0046153,0.0045095,0.0045267,610252352.0
2026-08-01 16:15:00,0.0045268,0.004619,0.0045133,0.0045788,311236905.0
2026-08-01 16:30:00,0.0045788,0.0052,0.0045711,0.0048216,1885165315.0
2026-08-01 16:45:00,0.0048241,0.0050462,0.0048048,0.0049021,1771572507.0
2026-08-01 17:00:00,0.0049022,0.0051953,0.0048717,0.005061,1122412190.0
2026-08-01 17:15:00,0.0050621,0.00576,0.0050289,0.0057372,4523756675.0
2026-08-01 17:30:00,0.0057346,0.0063635,0.00563,0.0058306,5481071364.0
2026-08-01 17:45:00,0.0058331,0.0059482,0.0047509,0.0047855,6604718163.0
2026-08-01 18:00:00,0.0047855,0.0051,0.0045073,0.0050376,3751244881.0
2026-08-01 18:15:00,0.0050371,0.00545,0.0049911,0.0052948,2438190162.0
2026-08-01 18:30:00,0.0052968,0.0054798,0.0050291,0.005205,2017405175.0
2026-08-01 18:45:00,0.0052052,0.0053976,0.0050902,0.0051428,1143072098.0
2026-08-01 19:00:00,0.0051453,0.0053295,0.0051037,0.0052915,878211213.0
2026-08-01 19:15:00,0.0052921,0.00549,0.005202,0.005349,867535452.0
2026-08-01 19:30:00,0.0053473,0.0054325,0.0052533,0.0052783,650469260.0
2026-08-01 19:45:00,0.0052796,0.00566,0.0052124,0.0054678,862348519.0
2026-08-01 20:00:00,0.0054677,0.0055773,0.0054162,0.0054972,687694407.0
2026-08-01 20:15:00,0.0054972,0.0056903,0.0054479,0.005526,640412321.0
2026-08-01 20:30:00,0.0055266,0.0057449,0.005508,0.0055223,702833924.0
2026-08-01 20:45:00,0.0055241,0.0055988,0.0053661,0.0055142,692180910.0
2026-08-01 21:00:00,0.0055146,0.0055675,0.0054607,0.0055575,441215552.0
2026-08-01 21:15:00,0.0055569,0.0058098,0.005511,0.0057427,686967767.0
2026-08-01 21:30:00,0.0057434,0.005848,0.0056717,0.0057483,528851770.0
2026-08-01 21:45:00,0.0057481,0.00588,0.00563,0.0057199,432090971.0
2026-08-01 22:00:00,0.0057217,0.0058325,0.0056518,0.0058143,382555616.0
2026-08-01 22:15:00,0.0058135,0.0058467,0.0056725,0.0057867,455776453.0
2026-08-01 22:30:00,0.0057884,0.005804,0.0056789,0.0057542,396894531.0
2026-08-01 22:45:00,0.0057541,0.00588,0.0057501,0.0058303,468722068.0
2026-08-01 23:00:00,0.0058296,0.0059445,0.0058215,0.0058825,506025676.0
2026-08-01 23:15:00,0.0058826,0.0060486,0.0058615,0.0059862,579784360.0
2026-08-01 23:30:00,0.0059888,0.00604,0.005922,0.0060098,575046793.0
2026-08-01 23:45:00,0.0060085,0.0060867,0.0059184,0.0059678,514966753.0
2026-08-02 00:00:00,0.0059687,0.0061866,0.0059687,0.0061041,875427821.0
2026-08-02 00:15:00,0.0061042,0.006235,0.0060302,0.0061782,752816230.0
2026-08-02 00:30:00,0.0061796,0.0063194,0.0058618,0.0062702,1647823339.0
2026-08-02 00:45:00,0.0062702,0.006541,0.0060327,0.0063288,1556911198.0
2026-08-02 01:00:00,0.0063274,0.0063569,0.0056231,0.0059802,2650101991.0
2026-08-02 01:15:00,0.0059815,0.006288,0.0053232,0.0053362,2824642080.0
2026-08-02 01:30:00,0.0053326,0.0053792,0.0042154,0.0047974,10246674701.0
2026-08-02 01:45:00,0.0047974,0.0058,0.0045333,0.0055858,4926018696.0
2026-08-02 02:00:00,0.0055863,0.005935,0.0051962,0.0052181,2990945796.0
2026-08-02 02:15:00,0.0052178,0.0055929,0.00452,0.0045237,4896076694.0
2026-08-02 02:30:00,0.00452,0.005,0.0043596,0.0049414,5096396125.0
2026-08-02 02:45:00,0.0049415,0.0049542,0.0045371,0.004822,1932340667.0
2026-08-02 03:00:00,0.0048226,0.0048246,0.0045,0.0045318,1125896011.0
2026-08-02 03:15:00,0.0045334,0.0047863,0.0044704,0.0045816,1231474043.0
2026-08-02 03:30:00,0.0045822,0.0046706,0.00431,0.0043705,1049389923.0
2026-08-02 03:45:00,0.0043727,0.0046,0.0041304,0.0042331,2720986020.0
2026-08-02 04:00:00,0.0042305,0.0043177,0.00405,0.0041998,1708756588.0
2026-08-02 04:15:00,0.0042,0.0043594,0.0040808,0.0042747,1453894959.0
2026-08-02 04:30:00,0.0042752,0.00452,0.0042171,0.00449,1516649540.0
2026-08-02 04:45:00,0.0044902,0.0045263,0.0039864,0.0041642,1946401710.0
2026-08-02 05:00:00,0.0041655,0.0044677,0.004149,0.0042585,1282591291.0
2026-08-02 05:15:00,0.0042594,0.0042856,0.0041627,0.0042422,748036117.0
2026-08-02 05:30:00,0.0042429,0.004359,0.0041826,0.0043347,629517376.0
2026-08-02 05:45:00,0.004334,0.0044089,0.0042238,0.0043907,644557992.0
2026-08-02 06:00:00,0.0043924,0.0044201,0.0041407,0.0041452,944873650.0
2026-08-02 06:15:00,0.0041461,0.0041614,0.0038638,0.0040049,2113118716.0
2026-08-02 06:30:00,0.004005,0.004016,0.0038556,0.0039228,1141486039.0
2026-08-02 06:45:00,0.0039227,0.0039723,0.0038873,0.0039289,601043817.0
2026-08-02 07:00:00,0.0039288,0.0041359,0.003904,0.0040848,1059299397.0
2026-08-02 07:15:00,0.0040848,0.0042151,0.0039564,0.0039872,1118850367.0
2026-08-02 07:30:00,0.0039871,0.0040888,0.0039333,0.0040801,637208752.0
2026-08-02 07:45:00,0.0040801,0.00431,0.0040319,0.0042448,1096369495.0
2026-08-02 08:00:00,0.0042425,0.004282,0.004145,0.0042467,758297883.0
2026-08-02 08:15:00,0.0042452,0.0042786,0.0041204,0.0041486,727549085.0
2026-08-02 08:30:00,0.0041486,0.0043487,0.0041446,0.0042068,760065931.0
2026-08-02 08:45:00,0.0042062,0.0042935,0.0042034,0.0042194,535127735.0
2026-08-02 09:00:00,0.0042188,0.00425,0.0041573,0.0041857,377616259.0
2026-08-02 09:15:00,0.0041863,0.0043229,0.004138,0.0042766,599899190.0
2026-08-02 09:30:00,0.0042766,0.0043743,0.0042729,0.0042896,637473778.0
2026-08-02 09:45:00,0.0042896,0.0043366,0.0042639,0.0043062,361764893.0
2026-08-02 10:00:00,0.0043072,0.0043583,0.00429,0.0043401,372252919.0
2026-08-02 10:15:00,0.0043394,0.0043883,0.0043,0.0043033,366306051.0
2026-08-02 10:30:00,0.004303,0.0043748,0.0042116,0.0042709,556188297.0
2026-08-02 10:45:00,0.0042713,0.0043123,0.0041856,0.0042605,508079558.0
2026-08-02 11:00:00,0.0042613,0.00455,0.0042117,0.0044846,835849169.0
2026-08-02 11:15:00,0.0044865,0.0045306,0.0043949,0.004436,579594082.0
2026-08-02 11:30:00,0.004436,0.0045055,0.0043708,0.0044808,500918254.0
2026-08-02 11:45:00,0.0044798,0.0045359,0.0043233,0.0043694,598640995.0
2026-08-02 12:00:00,0.0043694,0.0044281,0.0043373,0.0044231,344206386.0
2026-08-02 12:15:00,0.0044226,0.0046732,0.0044175,0.0045625,1026167529.0
2026-08-02 12:30:00,0.0045632,0.0047137,0.0045548,0.0046465,705911726.0
2026-08-02 12:45:00,0.0046467,0.0047062,0.0045665,0.0046434,817235065.0
2026-08-02 13:00:00,0.0046435,0.0046549,0.0045786,0.0045822,482459484.0
2026-08-02 13:15:00,0.0045817,0.0046713,0.0045621,0.0046661,418879546.0
2026-08-02 13:30:00,0.0046661,0.0046775,0.0039277,0.0040849,3640410060.0
2026-08-02 13:45:00,0.0040842,0.0043592,0.00407,0.004346,1538700307.0
2026-08-02 14:00:00,0.0043472,0.0044525,0.0042944,0.004398,1280164855.0
2026-08-02 14:15:00,0.0043978,0.0046,0.0043692,0.0045093,1027276119.0
2026-08-02 14:30:00,0.0045093,0.0045905,0.00449,0.0045126,589498744.0
2026-08-02 14:45:00,0.0045127,0.0046444,0.004444,0.0046004,810668825.0
2026-08-02 15:00:00,0.0045998,0.00468,0.0045578,0.0046446,605518729.0
2026-08-02 15:15:00,0.0046454,0.0046542,0.0045666,0.0046075,391794814.0
2026-08-02 15:30:00,0.0046081,0.005087,0.0045866,0.0049168,1346725371.0
2026-08-02 15:45:00,0.0049168,0.0051707,0.0049118,0.0051344,1686110026.0
2026-08-02 16:00:00,0.0051329,0.00519,0.0045119,0.0049139,2787561052.0
2026-08-02 16:15:00,0.004912,0.0050368,0.00465,0.0046766,1572493479.0
2026-08-02 16:30:00,0.0046751,0.0047268,0.0043451,0.0045213,2196285867.0
2026-08-02 16:45:00,0.0045213,0.0046969,0.0044235,0.0046929,1347258541.0
2026-08-02 17:00:00,0.0046933,0.0047151,0.0044372,0.004451,1044890745.0
2026-08-02 17:15:00,0.0044501,0.0044884,0.0043114,0.0043623,1108595142.0
2026-08-02 17:30:00,0.0043623,0.0044796,0.0043279,0.0044344,593098215.0
2026-08-02 17:45:00,0.0044342,0.0045298,0.0044052,0.0044564,435539940.0
2026-08-02 18:00:00,0.0044567,0.0045417,0.0043118,0.0044417,818775623.0
2026-08-02 18:15:00,0.0044412,0.0044628,0.0043614,0.0044506,291085786.0
2026-08-02 18:30:00,0.0044505,0.0044738,0.0044085,0.00443,245743686.0
2026-08-02 18:45:00,0.0044302,0.004494,0.0044039,0.0044354,224599952.0
2026-08-02 19:00:00,0.0044355,0.004518,0.0044274,0.0044369,320322288.0
2026-08-02 19:15:00,0.0044371,0.00446,0.0043819,0.0044199,199000237.0
2026-08-02 19:30:00,0.0044196,0.0044476,0.0043909,0.004429,170370693.0
2026-08-02 19:45:00,0.0044289,0.0046333,0.0044289,0.0046123,506006064.0
2026-08-02 20:00:00,0.0046123,0.0046579,0.0045112,0.0045676,347417609.0
2026-08-02 20:15:00,0.004567,0.0046428,0.0045112,0.0046298,236854930.0
2026-08-02 20:30:00,0.0046291,0.00467,0.0044511,0.0044655,352317131.0
2026-08-02 20:45:00,0.0044663,0.0045687,0.0044663,0.0045333,283597084.0
2026-08-02 21:00:00,0.0045333,0.0045876,0.0045162,0.0045758,147417176.0
2026-08-02 21:15:00,0.0045746,0.004599,0.0045483,0.0045706,142490495.0
2026-08-02 21:30:00,0.0045691,0.00478,0.0045374,0.0047086,364514984.0
2026-08-02 21:45:00,0.0047085,0.004764,0.0046705,0.0047315,170542821.0
2026-08-02 22:00:00,0.0047319,0.0047652,0.0046708,0.0046966,210893018.0
2026-08-02 22:15:00,0.0046972,0.0047889,0.0046944,0.0047371,212398046.0
2026-08-02 22:30:00,0.0047372,0.004762,0.0046864,0.0047263,155283913.0
2026-08-02 22:45:00,0.0047261,0.004844,0.0047254,0.0048174,284061397.0
2026-08-02 23:00:00,0.0048175,0.0048758,0.0048071,0.0048484,231998807.0
2026-08-02 23:15:00,0.0048485,0.0049062,0.00482,0.004898,243565399.0
2026-08-02 23:30:00,0.0048975,0.0049,0.0047778,0.0048208,320224232.0
2026-08-02 23:45:00,0.004822,0.0048746,0.0047806,0.0048072,266710226.0
2026-08-03 00:00:00,0.0048076,0.004952,0.0048076,0.0048709,400398789.0
2026-08-03 00:15:00,0.0048713,0.0049266,0.0048121,0.0048311,265031284.0
2026-08-03 00:30:00,0.0048321,0.0049755,0.004811,0.0048395,354574556.0
2026-08-03 00:45:00,0.0048405,0.004918,0.0048035,0.004847,276085015.0
2026-08-03 01:00:00,0.0048462,0.0049148,0.0046609,0.0047442,489296541.0
2026-08-03 01:15:00,0.0047445,0.0048331,0.0046225,0.00475,504655357.0
2026-08-03 01:30:00,0.0047485,0.0048266,0.0047285,0.0047631,336577688.0
2026-08-03 01:45:00,0.0047632,0.0048393,0.00476,0.0048103,172264401.0
2026-08-03 02:00:00,0.0048091,0.0048758,0.0047208,0.0047767,273511666.0
2026-08-03 02:15:00,0.0047768,0.0048388,0.0047001,0.0047808,251693436.0
2026-08-03 02:30:00,0.0047804,0.0049236,0.0047557,0.004899,330159167.0
2026-08-03 02:45:00,0.004899,0.00499,0.0048588,0.0048667,417115664.0
2026-08-03 03:00:00,0.0048667,0.0049318,0.004852,0.0048852,235646592.0
2026-08-03 03:15:00,0.0048856,0.004917,0.00484,0.0048719,209668359.0
2026-08-03 03:30:00,0.0048719,0.0049,0.0047142,0.0047657,342007048.0
2026-08-03 03:45:00,0.0047649,0.00485,0.0047312,0.0048108,284818112.0
2026-08-03 04:00:00,0.0048106,0.0048692,0.0047648,0.0048646,238272488.0
2026-08-03 04:15:00,0.0048643,0.004889,0.0047952,0.0048652,211998961.0
2026-08-03 04:30:00,0.0048653,0.0050402,0.0048607,0.0049926,481949718.0
2026-08-03 04:45:00,0.004993,0.0050226,0.0049209,0.0049622,304501830.0
2026-08-03 05:00:00,0.0049623,0.0049879,0.0049025,0.0049062,229549597.0
2026-08-03 05:15:00,0.0049058,0.0049338,0.0047724,0.0047962,452374801.0
2026-08-03 05:30:00,0.0047957,0.0047961,0.0045153,0.004575,952141318.0
2026-08-03 05:45:00,0.0045749,0.0045994,0.0042121,0.0043057,1641142499.0
2026-08-03 06:00:00,0.0043042,0.004419,0.0041753,0.0043099,1327670695.0
2026-08-03 06:15:00,0.004311,0.0045201,0.0043012,0.0043611,897084637.0
2026-08-03 06:30:00,0.0043604,0.0043989,0.0043085,0.0043457,356412676.0
2026-08-03 06:45:00,0.004345,0.0044728,0.0043205,0.0044043,473453063.0
2026-08-03 07:00:00,0.0044043,0.0044264,0.0042766,0.0043389,419765423.0
2026-08-03 07:15:00,0.0043391,0.0043939,0.0042522,0.0042882,359692217.0
2026-08-03 07:30:00,0.0042882,0.0043279,0.00421,0.0042965,364341711.0
2026-08-03 07:45:00,0.0042966,0.0044938,0.004281,0.0044317,502545265.0
2026-08-03 08:00:00,0.0044334,0.0045099,0.0044326,0.00448,379511039.0
2026-08-03 08:15:00,0.0044791,0.0046636,0.0044747,0.0046623,619167385.0
2026-08-03 08:30:00,0.0046609,0.0047,0.0045735,0.0046505,502562018.0
2026-08-03 08:45:00,0.0046499,0.0047469,0.0046106,0.0046337,385565183.0
2026-08-03 09:00:00,0.0046326,0.00477,0.0046208,0.0047246,470094728.0
2026-08-03 09:15:00,0.0047236,0.0047995,0.0047012,0.0047979,345966905.0
2026-08-03 09:30:00,0.0047979,0.0047995,0.004713,0.0047534,302273865.0
2026-08-03 09:45:00,0.0047542,0.0048482,0.0047291,0.0048073,383690116.0
2026-08-03 10:00:00,0.0048072,0.0048396,0.0047457,0.00478,331794563.0
2026-08-03 10:15:00,0.00478,0.004826,0.0047183,0.0047534,379031504.0
2026-08-03 10:30:00,0.004753,0.0048704,0.0047475,0.0047779,278600784.0
2026-08-03 10:45:00,0.004778,0.0048686,0.0047777,0.0048263,233803215.0
2026-08-03 11:00:00,0.0048264,0.0048292,0.0047469,0.004789,234452425.0
2026-08-03 11:15:00,0.0047889,0.0048021,0.0047463,0.004788,153581472.0
2026-08-03 11:30:00,0.0047878,0.0048181,0.0047788,0.0047941,145676685.0
2026-08-03 11:45:00,0.0047942,0.0047943,0.0046642,0.0047879,344778730.0
2026-08-03 12:00:00,0.0047879,0.0047976,0.0046333,0.0046712,377755082.0
2026-08-03 12:15:00,0.0046712,0.004807,0.004666,0.004769,321409548.0
2026-08-03 12:30:00,0.0047687,0.0048074,0.0047201,0.0047376,196381577.0
2026-08-03 12:45:00,0.0047377,0.0047831,0.0047184,0.0047649,154384171.0
2026-08-03 13:00:00,0.0047649,0.0047915,0.004735,0.0047425,165818191.0
2026-08-03 13:15:00,0.0047419,0.0047497,0.0046835,0.0047182,208239402.0
2026-08-03 13:30:00,0.0047179,0.0047498,0.00471,0.0047141,130184022.0
2026-08-03 13:45:00,0.0047134,0.0048293,0.0046897,0.0048083,299474843.0
2026-08-03 14:00:00,0.0048082,0.0048348,0.0047464,0.0047824,231202186.0
2026-08-03 14:15:00,0.0047826,0.0047829,0.0047034,0.0047465,206961007.0
2026-08-03 14:30:00,0.0047464,0.0048382,0.0047338,0.0047832,247882123.0
2026-08-03 14:45:00,0.0047825,0.0047875,0.0046507,0.0046922,334831668.0
2026-08-03 15:00:00,0.004692,0.0047645,0.0046678,0.0047315,280810019.0
2026-08-03 15:15:00,0.0047309,0.0047375,0.0046949,0.0047137,131887010.0
2026-08-03 15:30:00,0.0047138,0.0047183,0.0046716,0.0046821,109938810.0
2026-08-03 15:45:00,0.0046822,0.0047288,0.0046667,0.0047098,129677770.0
2026-08-03 16:00:00,0.0047099,0.0047874,0.0047079,0.0047809,207297626.0
2026-08-03 16:15:00,0.00478,0.0047968,0.0047062,0.004708,157334544.0
2026-08-03 16:30:00,0.0047075,0.0047176,0.0046313,0.0046622,275186760.0
2026-08-03 16:45:00,0.0046607,0.0046819,0.0046101,0.0046495,194368205.0
2026-08-03 17:00:00,0.0046493,0.0046753,0.0045348,0.004538,305665286.0
2026-08-03 17:15:00,0.0045383,0.0046111,0.0045326,0.0045532,256540458.0
2026-08-03 17:30:00,0.0045517,0.0046277,0.0045444,0.0045515,168538697.0
2026-08-03 17:45:00,0.0045524,0.0045828,0.0045462,0.0045619,121914726.0
2026-08-03 18:00:00,0.0045619,0.004625,0.0045619,0.0045927,176474568.0
2026-08-03 18:15:00,0.0045924,0.0045999,0.0045073,0.0045176,198335843.0
2026-08-03 18:30:00,0.0045176,0.0045949,0.004515,0.0045799,153215366.0
2026-08-03 18:45:00,0.0045799,0.0045835,0.0044809,0.0045031,132572294.0
2026-08-03 19:00:00,0.0045034,0.0046289,0.0044501,0.0045438,385933419.0
2026-08-03 19:15:00,0.0045432,0.0045696,0.0045181,0.00455,107417691.0
2026-08-03 19:30:00,0.0045493,0.004553,0.0045275,0.0045362,61580988.0
2026-08-03 19:45:00,0.004536,0.00456,0.00451,0.0045193,97550768.0
2026-08-03 20:00:00,0.004519,0.0045434,0.004462,0.0044896,197568421.0
2026-08-03 20:15:00,0.0044905,0.0045024,0.00442,0.0044531,147418470.0
2026-08-03 20:30:00,0.0044533,0.0044944,0.004427,0.0044803,148037776.0
2026-08-03 20:45:00,0.00448,0.0045553,0.0044772,0.0045337,120229871.0
2026-08-03 21:00:00,0.0045337,0.0045571,0.0044969,0.0045008,94773710.0
2026-08-03 21:15:00,0.0045002,0.0045808,0.0044919,0.0045328,119038689.0
2026-08-03 21:30:00,0.0045326,0.00457,0.0045055,0.0045444,67907924.0
2026-08-03 21:45:00,0.0045445,0.00461,0.004537,0.0045781,91980385.0
2026-08-03 22:00:00,0.004578,0.004578,0.0044703,0.004485,115046657.0
2026-08-03 22:15:00,0.0044846,0.004509,0.0044673,0.0044961,80003609.0
2026-08-03 22:30:00,0.0044961,0.0045279,0.0044863,0.0045252,59638727.0
2026-08-03 22:45:00,0.0045247,0.00454,0.0044937,0.0045205,82005221.0
2026-08-03 23:00:00,0.0045203,0.0045649,0.0045085,0.0045526,104153356.0
2026-08-03 23:15:00,0.0045526,0.0045981,0.0045519,0.0045705,140802055.0
2026-08-03 23:30:00,0.0045705,0.0046,0.0045084,0.0045336,155597728.0
2026-08-03 23:45:00,0.0045337,0.0045404,0.0044029,0.0044227,251725595.0
2026-08-04 00:00:00,0.0044226,0.0045235,0.0044193,0.0044736,278856555.0
2026-08-04 00:15:00,0.0044744,0.0045068,0.0044195,0.0044343,156896460.0
2026-08-04 00:30:00,0.004435,0.0044365,0.0043197,0.004344,365339004.0
2026-08-04 00:45:00,0.0043414,0.0043906,0.0043175,0.0043749,190610502.0
2026-08-04 01:00:00,0.0043749,0.0044558,0.0043324,0.0044455,245758545.0
2026-08-04 01:15:00,0.0044468,0.0044618,0.004395,0.0044178,162514627.0
2026-08-04 01:30:00,0.0044174,0.0044293,0.0043592,0.0043716,119130701.0
2026-08-04 01:45:00,0.004372,0.0044073,0.0043378,0.004341,160908104.0
2026-08-04 02:00:00,0.004341,0.0043922,0.0043314,0.0043647,144895871.0
2026-08-04 02:15:00,0.0043649,0.0043694,0.0042814,0.0043117,186894880.0
2026-08-04 02:30:00,0.0043116,0.00439,0.0043062,0.0043334,149809719.0
2026-08-04 02:45:00,0.0043329,0.0045185,0.0043321,0.004501,548829211.0
2026-08-04 03:00:00,0.0045005,0.0045359,0.0043069,0.0043411,403023658.0
2026-08-04 03:15:00,0.004341,0.004341,0.0042002,0.0043134,632202606.0
2026-08-04 03:30:00,0.0043112,0.0043271,0.0041998,0.0042065,346778861.0
2026-08-04 03:45:00,0.0042063,0.0043441,0.0042021,0.0043008,331431960.0
2026-08-04 04:00:00,0.0043009,0.00433,0.0042591,0.0042935,194591286.0
2026-08-04 04:15:00,0.0042935,0.0043636,0.0042051,0.0042123,311882600.0
2026-08-04 04:30:00,0.0042124,0.0042545,0.0042002,0.0042149,174999050.0
2026-08-04 04:45:00,0.0042149,0.0042365,0.004158,0.0041615,328580708.0
2026-08-04 05:00:00,0.004161,0.0042965,0.0041539,0.0042542,346376288.0
2026-08-04 05:15:00,0.0042545,0.0044237,0.0042545,0.0043171,588271747.0
2026-08-04 05:30:00,0.0043171,0.0043475,0.0042666,0.0042755,212368830.0
2026-08-04 05:45:00,0.0042754,0.0043097,0.0042614,0.0043045,168494004.0
2026-08-04 06:00:00,0.0043041,0.004316,0.0042618,0.0042837,187073956.0
2026-08-04 06:15:00,0.0042837,0.0043079,0.0042476,0.0043068,173709696.0
2026-08-04 06:30:00,0.0043067,0.0043909,0.0042731,0.0043498,318220933.0
2026-08-04 06:45:00,0.004351,0.004371,0.0043008,0.0043494,224162505.0
2026-08-04 07:00:00,0.0043497,0.0043575,0.0041981,0.0042323,317306844.0
2026-08-04 07:15:00,0.0042325,0.0042553,0.0040455,0.004076,875122322.0
2026-08-04 07:30:00,0.0040757,0.0041444,0.0040688,0.0041235,366455586.0
2026-08-04 07:45:00,0.0041244,0.0041928,0.0040984,0.0041316,278547864.0
2026-08-04 08:00:00,0.0041321,0.0041585,0.0041063,0.0041218,218359291.0
2026-08-04 08:15:00,0.0041227,0.00413,0.0040359,0.004098,406500952.0
2026-08-04 08:30:00,0.004098,0.004262,0.0040844,0.0042104,458094844.0
2026-08-04 08:45:00,0.0042106,0.0042724,0.004187,0.004264,262236011.0
2026-08-04 09:00:00,0.0042645,0.0043044,0.0042037,0.0042814,254293180.0
2026-08-04 09:15:00,0.0042809,0.0043316,0.0041919,0.0042007,397657235.0
2026-08-04 09:30:00,0.0042004,0.0042553,0.0041852,0.0042279,200472478.0
2026-08-04 09:45:00,0.0042278,0.0042532,0.0041934,0.00421,155242200.0
2026-08-04 10:00:00,0.0042101,0.0045774,0.0042004,0.0044275,1033641482.0
2026-08-04 10:15:00,0.0044264,0.004485,0.004372,0.0043856,536820931.0
2026-08-04 10:30:00,0.0043848,0.0044604,0.0043848,0.0044397,201068281.0
2026-08-04 10:45:00,0.0044401,0.0044529,0.0043901,0.0044325,168754051.0
2026-08-04 11:00:00,0.0044333,0.0044672,0.004386,0.0044345,170700102.0
2026-08-04 11:15:00,0.0044329,0.0044586,0.0044047,0.0044209,120246969.0
2026-08-04 11:30:00,0.004421,0.0045157,0.0044126,0.0044816,240390234.0
2026-08-04 11:45:00,0.0044816,0.0045298,0.0044449,0.0044608,187040902.0
2026-08-04 12:00:00,0.00446,0.0044957,0.0044205,0.0044814,200581896.0
2026-08-04 12:15:00,0.0044814,0.0045293,0.0043333,0.0043852,397774321.0
2026-08-04 12:30:00,0.0043855,0.0044241,0.0042978,0.0043472,351123526.0
2026-08-04 12:45:00,0.0043465,0.0043588,0.0042243,0.0042735,353972236.0
2026-08-04 13:00:00,0.0042742,0.0042959,0.0042236,0.0042562,244583875.0
2026-08-04 13:15:00,0.0042562,0.0042983,0.0042172,0.00427,217732758.0
2026-08-04 13:30:00,0.0042699,0.0042767,0.004225,0.0042365,157154586.0
2026-08-04 13:45:00,0.004237,0.0042797,0.004195,0.004202,166694425.0
2026-08-04 14:00:00,0.0042016,0.0042134,0.0041581,0.0041947,242834507.0
2026-08-04 14:15:00,0.0041948,0.0042208,0.0041539,0.0042059,193004361.0
2026-08-04 14:30:00,0.0042057,0.0042303,0.0041615,0.0041645,253174169.0
2026-08-04 14:45:00,0.0041644,0.0042339,0.0041559,0.0041871,218735778.0
2026-08-04 15:00:00,0.0041873,0.00422,0.0041259,0.0041487,263599407.0
2026-08-04 15:15:00,0.004149,0.0041687,0.0041127,0.0041309,162569587.0
2026-08-04 15:30:00,0.0041309,0.004175,0.004125,0.0041596,156239493.0
2026-08-04 15:45:00,0.0041593,0.0042223,0.0041464,0.0041661,229633935.0
2026-08-04 16:00:00,0.0041661,0.0041868,0.0041002,0.00411,257574305.0
2026-08-04 16:15:00,0.0041099,0.0041392,0.004085,0.004125,159052105.0
2026-08-04 16:30:00,0.004125,0.004165,0.0041164,0.0041547,123245898.0
2026-08-04 16:45:00,0.0041547,0.0041569,0.0041088,0.004124,97210534.0
2026-08-04 17:00:00,0.0041239,0.0041288,0.004075,0.0040769,132608322.0
2026-08-04 17:15:00,0.0040765,0.0041157,0.0040569,0.0041059,224466567.0
2026-08-04 17:30:00,0.0041055,0.004135,0.0040742,0.0041127,92166539.0
2026-08-04 17:45:00,0.0041123,0.0041255,0.0040893,0.0041047,71742529.0
2026-08-04 18:00:00,0.0041048,0.0041637,0.0040925,0.0041381,165332203.0
2026-08-04 18:15:00,0.0041377,0.0041377,0.0040965,0.0041001,91801590.0
2026-08-04 18:30:00,0.0041002,0.0041287,0.0040862,0.0041051,82643031.0
2026-08-04 18:45:00,0.004105,0.00412,0.0040886,0.0041111,58418379.0
2026-08-04 19:00:00,0.0041108,0.0042831,0.0040978,0.0042603,299136122.0
2026-08-04 19:15:00,0.0042623,0.0042887,0.0042407,0.0042691,219484037.0
2026-08-04 19:30:00,0.0042693,0.0042886,0.0042445,0.004247,169243081.0
2026-08-04 19:45:00,0.004247,0.0042657,0.0041997,0.0042364,158117492.0
2026-08-04 20:00:00,0.0042361,0.0042663,0.0042059,0.0042589,96339343.0
2026-08-04 20:15:00,0.0042571,0.0042672,0.0042379,0.0042561,92011378.0
2026-08-04 20:30:00,0.0042562,0.004263,0.0042211,0.0042308,74586019.0
2026-08-04 20:45:00,0.0042308,0.0042444,0.0042011,0.004208,71957314.0
2026-08-04 21:00:00,0.004208,0.0042501,0.004208,0.004242,62436254.0
2026-08-04 21:15:00,0.0042419,0.0042598,0.0042309,0.0042369,41883075.0
2026-08-04 21:30:00,0.0042369,0.0042544,0.0042154,0.004244,55573284.0
2026-08-04 21:45:00,0.0042441,0.0044444,0.0042424,0.0043365,346953080.0
2026-08-04 22:00:00,0.0043365,0.004415,0.0043295,0.004354,183323754.0
2026-08-04 22:15:00,0.004354,0.0043797,0.0043347,0.004347,110804401.0
2026-08-04 22:30:00,0.0043469,0.0043506,0.0042965,0.0043099,90654813.0
2026-08-04 22:45:00,0.0043099,0.0043136,0.0042802,0.0042973,62835505.0
2026-08-04 23:00:00,0.0042973,0.0043671,0.0042866,0.0043181,146668707.0
2026-08-04 23:15:00,0.0043178,0.0043732,0.0043152,0.0043473,85709171.0
2026-08-04 23:30:00,0.0043472,0.0043568,0.0043118,0.0043151,60804293.0
2026-08-04 23:45:00,0.0043151,0.0043151,0.0042667,0.0042902,87495782.0
2026-08-05 00:00:00,0.0042905,0.0043597,0.0042905,0.0043392,116833308.0
2026-08-05 00:15:00,0.0043392,0.0043761,0.0043214,0.0043413,188927227.0
2026-08-05 00:30:00,0.0043414,0.0043535,0.0043022,0.0043464,92158279.0
2026-08-05 00:45:00,0.0043464,0.004388,0.0043269,0.0043316,111946251.0
2026-08-05 01:00:00,0.0043314,0.0043318,0.0042317,0.0042328,193394560.0
2026-08-05 01:15:00,0.0042328,0.0042471,0.0041922,0.0042298,156671936.0
2026-08-05 01:30:00,0.0042298,0.0042688,0.0042163,0.00422,98687618.0
2026-08-05 01:45:00,0.0042167,0.0042645,0.0042088,0.004226,95091196.0
2026-08-05 02:00:00,0.004226,0.0042292,0.004198,0.0042129,86834768.0
2026-08-05 02:15:00,0.0042129,0.0042754,0.0042096,0.0042349,122560525.0
2026-08-05 02:30:00,0.0042347,0.0042522,0.004208,0.0042218,79841911.0
2026-08-05 02:45:00,0.0042218,0.0042293,0.0041883,0.0041981,70997727.0
2026-08-05 03:00:00,0.0041981,0.0042247,0.0041894,0.0042,84597156.0
2026-08-05 03:15:00,0.0041998,0.0042296,0.0041926,0.0042189,94692922.0
2026-08-05 03:30:00,0.0042192,0.0042251,0.0041933,0.0042004,74857799.0
2026-08-05 03:45:00,0.0042005,0.004267,0.0041958,0.0042267,123805088.0
2026-08-05 04:00:00,0.0042268,0.004441,0.0042238,0.00439,585076281.0
2026-08-05 04:15:00,0.0043904,0.0044272,0.0043737,0.0043901,210947695.0
2026-08-05 04:30:00,0.004391,0.0044289,0.0043477,0.0043535,162966969.0
2026-08-05 04:45:00,0.0043529,0.0043529,0.0043109,0.0043413,119496711.0
2026-08-05 05:00:00,0.0043414,0.0043596,0.0043129,0.0043295,102379019.0
2026-08-05 05:15:00,0.0043293,0.0043379,0.004293,0.0043379,86994193.0
2026-08-05 05:30:00,0.0043379,0.0043791,0.0042971,0.0043254,95430129.0
2026-08-05 05:45:00,0.0043248,0.0043893,0.0043113,0.0043687,109730903.0
2026-08-05 06:00:00,0.0043688,0.0043821,0.0043348,0.0043443,98430773.0
2026-08-05 06:15:00,0.0043444,0.0043535,0.004152,0.0041558,332125357.0
2026-08-05 06:30:00,0.0041551,0.0041922,0.0039524,0.0041073,857010671.0
2026-08-05 06:45:00,0.0041072,0.0041472,0.00404,0.0041134,401430900.0
2026-08-05 07:00:00,0.0041133,0.0042098,0.0040921,0.0041644,296537240.0
2026-08-05 07:15:00,0.0041647,0.0042278,0.0041647,0.0042079,140860707.0
2026-08-05 07:30:00,0.004208,0.0042762,0.0041758,0.0042272,260206713.0
2026-08-05 07:45:00,0.0042272,0.0042876,0.0042213,0.0042728,131838329.0
2026-08-05 08:00:00,0.0042729,0.0043168,0.0042235,0.0042399,202193649.0
2026-08-05 08:15:00,0.0042387,0.0042569,0.0041981,0.004243,128482348.0
2026-08-05 08:30:00,0.0042429,0.0042589,0.004225,0.0042365,65085264.0
2026-08-05 08:45:00,0.0042366,0.0042423,0.0041351,0.0041622,238425097.0
2026-08-05 09:00:00,0.0041624,0.0041831,0.0041514,0.0041611,96499783.0
2026-08-05 09:15:00,0.0041608,0.0042348,0.0041462,0.0041908,163570565.0
2026-08-05 09:30:00,0.0041909,0.0042012,0.0041528,0.0041837,88861140.0
2026-08-05 09:45:00,0.0041837,0.0042888,0.004167,0.0042344,238381643.0
2026-08-05 10:00:00,0.0042344,0.0042512,0.0042,0.0042048,89184668.0
2026-08-05 10:15:00,0.0042054,0.0042091,0.0041111,0.004137,167863642.0
2026-08-05 10:30:00,0.0041368,0.0041538,0.0040743,0.0041031,191229911.0
2026-08-05 10:45:00,0.004103,0.004145,0.0040864,0.0041167,176964364.0
2026-08-05 11:00:00,0.0041167,0.0042122,0.0041046,0.004173,270128598.0
2026-08-05 11:15:00,0.0041728,0.0041985,0.0041361,0.0041509,97515298.0
2026-08-05 11:30:00,0.0041503,0.004174,0.00413,0.0041554,108458321.0
2026-08-05 11:45:00,0.0041555,0.0041787,0.0041334,0.0041502,66191450.0
2026-08-05 12:00:00,0.0041499,0.0041499,0.0041,0.0041099,146442789.0
2026-08-05 12:15:00,0.0041097,0.0041514,0.0041097,0.0041306,72668101.0
2026-08-05 12:30:00,0.0041307,0.0041677,0.004113,0.0041384,112757384.0
2026-08-05 12:45:00,0.0041382,0.0041509,0.004103,0.0041137,112525681.0
2026-08-05 13:00:00,0.0041132,0.00414,0.0040756,0.0040866,166182324.0
2026-08-05 13:15:00,0.0040863,0.0041168,0.0040717,0.004089,133131946.0
2026-08-05 13:30:00,0.0040899,0.0041096,0.0040802,0.0040867,136528524.0
2026-08-05 13:45:00,0.0040868,0.0041254,0.0040667,0.0040914,162645060.0
2026-08-05 14:00:00,0.0040917,0.0041039,0.0040756,0.0040875,77461055.0
2026-08-05 14:15:00,0.0040878,0.0041345,0.0040813,0.004104,123484765.0
2026-08-05 14:30:00,0.0041038,0.004107,0.0040514,0.0040723,174039391.0
2026-08-05 14:45:00,0.0040724,0.0040911,0.0040516,0.0040884,94568697.0
2026-08-05 15:00:00,0.004088,0.0041058,0.004062,0.0040665,91941440.0
2026-08-05 15:15:00,0.0040667,0.0040806,0.00402,0.0040726,190174493.0
2026-08-05 15:30:00,0.0040724,0.0040822,0.0040414,0.004047,79822362.0
2026-08-05 15:45:00,0.0040469,0.0040623,0.0040305,0.004056,73468709.0
2026-08-05 16:00:00,0.004056,0.0041554,0.004011,0.0040336,418491285.0
2026-08-05 16:15:00,0.0040337,0.0040372,0.0039079,0.0039583,669810654.0
2026-08-05 16:30:00,0.0039584,0.0040636,0.003945,0.0039883,372949621.0
2026-08-05 16:45:00,0.0039889,0.0039921,0.0039568,0.0039829,121304190.0
2026-08-05 17:00:00,0.0039829,0.00406,0.0039828,0.0040372,164782450.0
2026-08-05 17:15:00,0.0040374,0.0040735,0.0040111,0.0040176,103521191.0
2026-08-05 17:30:00,0.0040176,0.004032,0.0039876,0.0039962,77690122.0
2026-08-05 17:45:00,0.0039964,0.004053,0.0039598,0.004036,133992448.0
2026-08-05 18:00:00,0.0040362,0.0041325,0.0040362,0.0040868,301633879.0
2026-08-05 18:15:00,0.0040866,0.0041898,0.004065,0.0041508,247496479.0
2026-08-05 18:30:00,0.0041515,0.0041971,0.0041124,0.0041697,197664470.0
2026-08-05 18:45:00,0.0041699,0.0041773,0.0040759,0.00409,155407278.0
2026-08-05 19:00:00,0.0040897,0.004096,0.0040536,0.0040639,84171734.0
2026-08-05 19:15:00,0.0040637,0.0040645,0.0039907,0.0040047,137749983.0
2026-08-05 19:30:00,0.0040043,0.0040366,0.0039946,0.0040092,73688305.0
2026-08-05 19:45:00,0.0040086,0.00403,0.0040006,0.0040121,47186982.0
2026-08-05 20:00:00,0.0040119,0.0040424,0.0039993,0.0040353,72100941.0
2026-08-05 20:15:00,0.0040355,0.0040488,0.0040074,0.0040074,46188909.0
2026-08-05 20:30:00,0.0040072,0.0040105,0.0039719,0.0039892,65471270.0
2026-08-05 20:45:00,0.0039895,0.0040045,0.003981,0.0039845,42325270.0
2026-08-05 21:00:00,0.0039844,0.0040032,0.0039535,0.004001,71904562.0
2026-08-05 21:15:00,0.0040009,0.0040009,0.0039682,0.0039722,36595625.0
2026-08-05 21:30:00,0.0039724,0.0039934,0.0039571,0.0039591,60613405.0
2026-08-05 21:45:00,0.0039588,0.0039748,0.0039538,0.0039584,37032068.0
2026-08-05 22:00:00,0.0039577,0.0039611,0.0039257,0.0039516,83749036.0
2026-08-05 22:15:00,0.0039525,0.0040479,0.0039515,0.0040472,128187675.0
2026-08-05 22:30:00,0.0040473,0.004071,0.0040066,0.0040568,91830181.0
2026-08-05 22:45:00,0.0040568,0.0040747,0.004029,0.0040607,84744830.0
2026-08-05 23:00:00,0.0040606,0.0040958,0.0040273,0.0040444,102668085.0
2026-08-05 23:15:00,0.0040445,0.0041096,0.004038,0.0040513,120097915.0
2026-08-05 23:30:00,0.0040514,0.0040984,0.004025,0.004057,120013393.0
2026-08-05 23:45:00,0.0040551,0.0040566,0.004029,0.0040489,48818563.0
2026-08-06 00:00:00,0.004049,0.0040756,0.0040367,0.0040478,66707835.0
2026-08-06 00:15:00,0.0040476,0.0040485,0.004,0.0040237,85364375.0
2026-08-06 00:30:00,0.0040238,0.0040581,0.0040139,0.0040447,60521335.0
2026-08-06 00:45:00,0.0040434,0.0040455,0.0040218,0.0040362,40770160.0
2026-08-06 01:00:00,0.004036,0.00404,0.0039903,0.0039987,70298092.0
2026-08-06 01:15:00,0.0039991,0.0040121,0.0039732,0.0040078,70356512.0
2026-08-06 01:30:00,0.004008,0.0040184,0.0039696,0.00399,48041608.0
2026-08-06 01:45:00,0.00399,0.0040184,0.0039672,0.0039977,71179375.0
2026-08-06 02:00:00,0.0039976,0.0040152,0.0039669,0.0039949,77549106.0
2026-08-06 02:15:00,0.0039949,0.0040413,0.003986,0.0040023,108380093.0
2026-08-06 02:30:00,0.0040023,0.004034,0.003983,0.0039955,59111050.0
2026-08-06 02:45:00,0.0039956,0.0040031,0.0039033,0.0039361,273051545.0
2026-08-06 03:00:00,0.003936,0.0039472,0.00388,0.0039147,263168417.0
2026-08-06 03:15:00,0.0039153,0.0039241,0.0038528,0.0039057,174029717.0
2026-08-06 03:30:00,0.003906,0.0039458,0.0038816,0.0038937,136012198.0
2026-08-06 03:45:00,0.0038937,0.0039498,0.0038822,0.0039224,124710320.0
2026-08-06 04:00:00,0.0039226,0.0039514,0.0039095,0.0039366,87833732.0
2026-08-06 04:15:00,0.0039365,0.0039398,0.0038935,0.0039172,79501640.0
2026-08-06 04:30:00,0.0039172,0.0039393,0.0038632,0.0038675,136222010.0
2026-08-06 04:45:00,0.0038692,0.0039156,0.0038609,0.0038974,119545622.0
2026-08-06 05:00:00,0.0038975,0.0039355,0.0038504,0.0038777,171228037.0
2026-08-06 05:15:00,0.0038778,0.0040695,0.0038539,0.0040505,372741456.0
2026-08-06 05:30:00,0.0040514,0.0041057,0.0039553,0.0040058,438892459.0
2026-08-06 05:45:00,0.0040078,0.0040405,0.0039839,0.0040321,205302928.0
2026-08-06 06:00:00,0.0040327,0.0040431,0.0039,0.0039205,262723176.0
2026-08-06 06:15:00,0.0039204,0.0040195,0.0039125,0.0039813,142012619.0
2026-08-06 06:30:00,0.0039813,0.00399,0.0039028,0.0039237,123180293.0
2026-08-06 06:45:00,0.003923,0.00397,0.0039193,0.0039421,107536515.0
2026-08-06 07:00:00,0.003942,0.0039646,0.003908,0.0039212,115223575.0
2026-08-06 07:15:00,0.0039213,0.0039868,0.0039,0.0039272,183483796.0
2026-08-06 07:30:00,0.0039271,0.0039674,0.0038885,0.0039525,140362202.0
2026-08-06 07:45:00,0.0039526,0.00398,0.0039402,0.0039533,81886018.0
2026-08-06 08:00:00,0.0039534,0.0039998,0.0039387,0.0039557,116204084.0
2026-08-06 08:15:00,0.0039557,0.0039976,0.0039423,0.0039633,56131804.0
2026-08-06 08:30:00,0.0039633,0.0039795,0.0039302,0.0039341,53266777.0
2026-08-06 08:45:00,0.003934,0.0039515,0.0039204,0.0039424,50124950.0
2026-08-06 09:00:00,0.0039421,0.003968,0.0039122,0.0039313,84817666.0
2026-08-06 09:15:00,0.0039313,0.0039444,0.0039002,0.0039173,105387399.0
2026-08-06 09:30:00,0.0039173,0.0039495,0.0039142,0.0039485,68811801.0
2026-08-06 09:45:00,0.0039483,0.003958,0.003916,0.0039362,61260437.0
2026-08-06 10:00:00,0.0039362,0.0043283,0.003935,0.0041082,1291052087.0
2026-08-06 10:15:00,0.0041074,0.0041887,0.0040648,0.0041643,273243775.0
2026-08-06 10:30:00,0.004165,0.0041776,0.0040824,0.0041147,177348213.0
2026-08-06 10:45:00,0.0041154,0.0041773,0.0040948,0.004174,137172364.0
2026-08-06 11:00:00,0.0041752,0.0042598,0.0041456,0.0042305,292623865.0
2026-08-06 11:15:00,0.0042304,0.0042999,0.0042132,0.0042387,249380117.0
2026-08-06 11:30:00,0.0042386,0.0042494,0.0041946,0.0042075,122589154.0
2026-08-06 11:45:00,0.0042076,0.004226,0.0041699,0.0041777,151589164.0
2026-08-06 12:00:00,0.0041779,0.00422,0.0041591,0.0041772,239020154.0
2026-08-06 12:15:00,0.0041771,0.0042573,0.0041771,0.004203,213028606.0
2026-08-06 12:30:00,0.0042034,0.0042104,0.004124,0.0041386,157058391.0
2026-08-06 12:45:00,0.0041385,0.0041447,0.0041145,0.0041206,119087946.0
2026-08-06 13:00:00,0.0041209,0.0041958,0.004109,0.0041517,190805987.0
2026-08-06 13:15:00,0.0041515,0.0042449,0.0041358,0.0042373,168706065.0
2026-08-06 13:30:00,0.0042373,0.00424,0.0041751,0.0041869,104622179.0
2026-08-06 13:45:00,0.0041865,0.0042062,0.0041538,0.0041668,77007695.0
2026-08-06 14:00:00,0.0041672,0.0042091,0.004166,0.0042031,85438098.0
2026-08-06 14:15:00,0.0042031,0.0042496,0.0041761,0.0042165,164388963.0
2026-08-06 14:30:00,0.0042167,0.0042642,0.0042026,0.0042351,173754613.0
2026-08-06 14:45:00,0.0042351,0.0043413,0.004185,0.0042832,231327754.0
2026-08-06 15:00:00,0.0042829,0.0043572,0.0042486,0.0042582,287359466.0
2026-08-06 15:15:00,0.0042584,0.0042697,0.0042165,0.0042437,119238397.0
2026-08-06 15:30:00,0.0042432,0.004305,0.0042324,0.004289,117106868.0
2026-08-06 15:45:00,0.0042884,0.0043234,0.004265,0.004288,94936954.0
2026-08-06 16:00:00,0.0042883,0.0042997,0.0042,0.004248,170686257.0
2026-08-06 16:15:00,0.0042485,0.0042592,0.0042162,0.004247,90550297.0
2026-08-06 16:30:00,0.0042468,0.0043198,0.0042209,0.0043152,125828073.0
2026-08-06 16:45:00,0.0043152,0.0043208,0.0042001,0.0042361,260883766.0
2026-08-06 17:00:00,0.0042366,0.0042597,0.0042192,0.0042204,67140462.0
2026-08-06 17:15:00,0.0042202,0.0042226,0.0041106,0.00414,226464804.0
2026-08-06 17:30:00,0.0041396,0.004175,0.0041257,0.0041596,103969214.0
2026-08-06 17:45:00,0.0041595,0.0042025,0.00413,0.0041537,134101391.0
2026-08-06 18:00:00,0.0041537,0.004187,0.0041505,0.0041846,63668394.0
2026-08-06 18:15:00,0.0041847,0.0042291,0.0041671,0.0042237,77171179.0
2026-08-06 18:30:00,0.0042234,0.0042855,0.0042166,0.0042836,96528876.0
2026-08-06 18:45:00,0.0042836,0.00431,0.004265,0.0042988,127137904.0
2026-08-06 19:00:00,0.0042987,0.004304,0.0042709,0.0042848,88153959.0
2026-08-06 19:15:00,0.0042848,0.0042915,0.0042431,0.0042492,76250058.0
2026-08-06 19:30:00,0.0042493,0.0042534,0.0042302,0.0042373,48879292.0
2026-08-06 19:45:00,0.0042377,0.0042584,0.0042276,0.0042293,52813863.0
2026-08-06 20:00:00,0.0042291,0.0042378,0.0041582,0.0041685,109006401.0
2026-08-06 20:15:00,0.0041685,0.0042046,0.0041682,0.0042004,54916103.0
2026-08-06 20:30:00,0.0042004,0.0042049,0.0041788,0.0041902,43369440.0
2026-08-06 20:45:00,0.0041901,0.0041961,0.0041653,0.0041878,47338245.0
2026-08-06 21:00:00,0.004188,0.0041906,0.0041351,0.0041381,87707195.0
2026-08-06 21:15:00,0.0041377,0.0041783,0.004135,0.0041755,73346750.0
2026-08-06 21:30:00,0.0041757,0.0041975,0.0041586,0.0041586,51945620.0
2026-08-06 21:45:00,0.0041586,0.0041735,0.0041474,0.0041496,28160391.0
2026-08-06 22:00:00,0.0041496,0.00419,0.0041375,0.0041801,62382809.0
2026-08-06 22:15:00,0.00418,0.0041962,0.0041502,0.0041557,37475831.0
2026-08-06 22:30:00,0.0041558,0.0041616,0.0041379,0.0041496,37951310.0
2026-08-06 22:45:00,0.0041497,0.004165,0.0041315,0.0041578,54801441.0
2026-08-06 23:00:00,0.0041577,0.0041577,0.0041277,0.0041315,56264365.0
2026-08-06 23:15:00,0.0041315,0.0041492,0.0041263,0.0041476,41829343.0
2026-08-06 23:30:00,0.0041476,0.0041586,0.004133,0.0041356,45178208.0
2026-08-06 23:45:00,0.0041357,0.0041492,0.0041338,0.0041361,36917760.0
2026-08-07 00:00:00,0.0041362,0.004188,0.0041272,0.0041791,90960479.0
2026-08-07 00:15:00,0.0041792,0.0042105,0.0041777,0.004198,88331561.0
2026-08-07 00:30:00,0.004198,0.0042091,0.0041787,0.004195,48089304.0
2026-08-07 00:45:00,0.0041948,0.0041995,0.0041753,0.004188,50555503.0
2026-08-07 01:00:00,0.0041887,0.0042558,0.0041887,0.0042456,79513629.0
2026-08-07 01:15:00,0.0042445,0.0042833,0.0042007,0.0042252,95407076.0
2026-08-07 01:30:00,0.0042252,0.0042259,0.0041679,0.0041788,104562242.0
2026-08-07 01:45:00,0.0041788,0.0041788,0.0041201,0.0041389,111830923.0
2026-08-07 02:00:00,0.0041389,0.0041675,0.0041242,0.0041453,97501303.0
2026-08-07 02:15:00,0.0041453,0.0041663,0.0041326,0.0041537,68371053.0
2026-08-07 02:30:00,0.0041535,0.0041659,0.0041314,0.0041569,53382798.0
2026-08-07 02:45:00,0.0041568,0.0041937,0.0041459,0.0041833,68416091.0
2026-08-07 03:00:00,0.0041834,0.0042309,0.00418,0.0042137,101717080.0
2026-08-07 03:15:00,0.0042138,0.0042222,0.0041225,0.0041261,128000832.0
2026-08-07 03:30:00,0.0041265,0.0041386,0.0040783,0.0041086,163162418.0
2026-08-07 03:45:00,0.0041088,0.004128,0.0040802,0.0040968,89080571.0
2026-08-07 04:00:00,0.0040966,0.0041171,0.004088,0.004093,71699185.0
2026-08-07 04:15:00,0.0040947,0.00413,0.0040722,0.0040805,73140140.0
2026-08-07 04:30:00,0.0040809,0.0041027,0.0040739,0.0040844,52685791.0
2026-08-07 04:45:00,0.0040844,0.0041093,0.00405,0.0040609,102470270.0
2026-08-07 05:00:00,0.0040609,0.0040866,0.0040474,0.0040678,87055930.0
2026-08-07 05:15:00,0.0040678,0.004083,0.0040564,0.0040625,45904607.0
2026-08-07 05:30:00,0.0040623,0.0041026,0.0040528,0.0040697,65360715.0
2026-08-07 05:45:00,0.004068,0.0040888,0.0040571,0.004076,50375404.0
2026-08-07 06:00:00,0.0040755,0.0041212,0.0040536,0.0041172,77419653.0
2026-08-07 06:15:00,0.004117,0.0041599,0.0041031,0.0041156,107696467.0
2026-08-07 06:30:00,0.0041157,0.0041537,0.0040949,0.0041368,65710971.0
2026-08-07 06:45:00,0.0041358,0.00426,0.004126,0.004231,208991468.0
2026-08-07 07:00:00,0.0042314,0.0042467,0.0041701,0.0041933,151571914.0
2026-08-07 07:15:00,0.0041936,0.0041999,0.004154,0.0041682,80860830.0
2026-08-07 07:30:00,0.0041682,0.0041864,0.0041552,0.00418,52475057.0
2026-08-07 07:45:00,0.00418,0.0042099,0.0041781,0.0041968,60884524.0
2026-08-07 08:00:00,0.0041981,0.0042324,0.0041887,0.0042125,76512201.0
2026-08-07 08:15:00,0.0042122,0.0042314,0.0041922,0.004195,54984465.0
2026-08-07 08:30:00,0.0041961,0.00421,0.00416,0.0041712,94804780.0
2026-08-07 08:45:00,0.0041719,0.00418,0.0041376,0.0041541,101481884.0
2026-08-07 09:00:00,0.004154,0.0041806,0.0041347,0.0041665,58347705.0
2026-08-07 09:15:00,0.0041672,0.0041983,0.0041542,0.0041626,53151119.0
2026-08-07 09:30:00,0.0041628,0.004175,0.004115,0.0041227,80867917.0
2026-08-07 09:45:00,0.0041219,0.0041585,0.004115,0.0041361,62035233.0
2026-08-07 10:00:00,0.0041362,0.00416,0.0041225,0.0041562,37541251.0
2026-08-07 10:15:00,0.0041559,0.0041796,0.0041302,0.0041505,61160713.0
2026-08-07 10:30:00,0.0041509,0.0041741,0.0041326,0.004163,29891857.0
2026-08-07 10:45:00,0.0041632,0.0041682,0.004134,0.0041447,31800097.0
2026-08-07 11:00:00,0.0041448,0.0041448,0.0040823,0.0040901,112784587.0
2026-08-07 11:15:00,0.0040913,0.0041218,0.0040834,0.0041167,51311468.0
2026-08-07 11:30:00,0.0041163,0.004119,0.0040831,0.0040912,58012181.0
2026-08-07 11:45:00,0.0040912,0.004105,0.004085,0.0040899,46393768.0
2026-08-07 12:00:00,0.0040895,0.0041143,0.0040885,0.0040935,64219133.0
2026-08-07 12:15:00,0.0040933,0.0041007,0.0040832,0.004088,44231445.0
2026-08-07 12:30:00,0.0040879,0.0041514,0.0040879,0.004129,86167175.0
2026-08-07 12:45:00,0.0041294,0.0041515,0.004111,0.0041168,63827360.0
2026-08-07 13:00:00,0.0041168,0.004146,0.004111,0.0041333,52459949.0
2026-08-07 13:15:00,0.0041333,0.0041375,0.0041109,0.0041279,27214792.0
2026-08-07 13:30:00,0.0041279,0.0041412,0.0041038,0.0041094,42888465.0
2026-08-07 13:45:00,0.0041095,0.0041138,0.0040106,0.004024,235822817.0
2026-08-07 14:00:00,0.004024,0.0040407,0.00392,0.0039323,276781385.0
2026-08-07 14:15:00,0.0039323,0.00399,0.0039323,0.0039875,167801934.0
2026-08-07 14:30:00,0.0039874,0.0040078,0.0039643,0.0039782,134823801.0
2026-08-07 14:45:00,0.0039781,0.0040083,0.0039688,0.0039922,123349879.0
2026-08-07 15:00:00,0.0039922,0.0040215,0.0039869,0.004001,82016647.0
2026-08-07 15:15:00,0.0040009,0.0040084,0.0039537,0.0039564,83579189.0
2026-08-07 15:30:00,0.0039565,0.0039817,0.0039511,0.0039571,43698835.0
2026-08-07 15:45:00,0.0039575,0.0039972,0.0039554,0.0039951,65475574.0
2026-08-07 16:00:00,0.0039951,0.0040042,0.0039585,0.0039797,94485186.0
2026-08-07 16:15:00,0.0039796,0.0039853,0.00396,0.0039799,43201488.0
2026-08-07 16:30:00,0.0039798,0.004075,0.0039764,0.0040566,146769535.0
2026-08-07 16:45:00,0.0040564,0.0040993,0.0040466,0.0040676,106678927.0
2026-08-07 17:00:00,0.0040677,0.0040877,0.0040592,0.004074,62944855.0
2026-08-07 17:15:00,0.004074,0.0041153,0.0040719,0.0040799,95492210.0
2026-08-07 17:30:00,0.0040799,0.0040979,0.0040751,0.0040856,31859816.0
2026-08-07 17:45:00,0.0040855,0.0040955,0.0040534,0.0040683,47798648.0
2026-08-07 18:00:00,0.0040684,0.0041546,0.0040642,0.0041399,131762755.0
2026-08-07 18:15:00,0.0041397,0.0041525,0.004115,0.0041417,59572128.0
2026-08-07 18:30:00,0.0041418,0.00419,0.0041308,0.0041738,75773390.0
2026-08-07 18:45:00,0.0041741,0.0041898,0.004153,0.0041696,64520052.0
2026-08-07 19:00:00,0.0041698,0.0042298,0.0041698,0.0041885,126046167.0
2026-08-07 19:15:00,0.0041885,0.0042046,0.0041802,0.0041905,44947934.0
2026-08-07 19:30:00,0.0041905,0.0042133,0.0041562,0.0041728,82077482.0
2026-08-07 19:45:00,0.0041731,0.0042149,0.0041598,0.0042141,62014817.0
2026-08-07 20:00:00,0.0042145,0.00424,0.0041924,0.0042204,96608261.0
2026-08-07 20:15:00,0.0042207,0.0042208,0.004158,0.004192,70284788.0
2026-08-07 20:30:00,0.0041919,0.0042111,0.0041609,0.0041735,64894717.0
2026-08-07 20:45:00,0.0041736,0.0041842,0.0041613,0.0041724,28516373.0
2026-08-07 21:00:00,0.0041724,0.0041766,0.0041142,0.0041276,70754700.0
2026-08-07 21:15:00,0.0041271,0.0041509,0.004116,0.004136,65860780.0
2026-08-07 21:30:00,0.0041345,0.0041396,0.0040735,0.0040751,74392814.0
2026-08-07 21:45:00,0.0040751,0.004079,0.0040258,0.0040416,80652522.0
2026-08-07 22:00:00,0.0040417,0.0040694,0.0040404,0.0040453,61972809.0
2026-08-07 22:15:00,0.0040466,0.0040518,0.0040142,0.0040171,45442928.0
2026-08-07 22:30:00,0.0040186,0.004043,0.0040111,0.0040221,38753165.0
2026-08-07 22:45:00,0.0040222,0.0040342,0.00402,0.0040246,30481186.0
2026-08-07 23:00:00,0.0040248,0.0040308,0.0040062,0.0040097,40979320.0
2026-08-07 23:15:00,0.0040096,0.0040448,0.004,0.0040299,63883232.0
2026-08-07 23:30:00,0.0040299,0.0040386,0.00402,0.0040222,27309922.0
2026-08-07 23:45:00,0.0040222,0.004033,0.0039739,0.0039856,63285341.0
2026-08-08 00:00:00,0.0039865,0.004005,0.0039733,0.0039963,55814719.0
2026-08-08 00:15:00,0.0039966,0.00405,0.00399,0.0040238,71761231.0
2026-08-08 00:30:00,0.0040238,0.0040488,0.0040209,0.0040418,48170356.0
2026-08-08 00:45:00,0.0040421,0.0040689,0.0040353,0.0040493,53257180.0
2026-08-08 01:00:00,0.0040491,0.0040491,0.0039811,0.0040084,96456553.0
2026-08-08 01:15:00,0.0040081,0.00402,0.0039927,0.0040075,50012693.0
2026-08-08 01:30:00,0.0040075,0.0040441,0.0040055,0.0040418,44084853.0
2026-08-08 01:45:00,0.0040418,0.004055,0.0040094,0.004013,42811453.0
2026-08-08 02:00:00,0.004013,0.0040142,0.0039977,0.004006,40287045.0
2026-08-08 02:15:00,0.004006,0.0040294,0.0040033,0.0040115,32816585.0
2026-08-08 02:30:00,0.0040115,0.0040195,0.0039564,0.0039639,52417855.0
2026-08-08 02:45:00,0.0039639,0.00399,0.0039602,0.0039735,57131536.0
2026-08-08 03:00:00,0.0039733,0.0040364,0.0039512,0.0040062,129757829.0
2026-08-08 03:15:00,0.0040072,0.0040936,0.0040032,0.0040185,134913359.0
2026-08-08 03:30:00,0.0040174,0.0040279,0.0039901,0.0040033,54136512.0
2026-08-08 03:45:00,0.0040032,0.0040126,0.0039915,0.0040014,30727028.0
2026-08-08 04:00:00,0.0040014,0.0040721,0.0039925,0.0040505,111072923.0
2026-08-08 04:15:00,0.0040505,0.0040512,0.0040214,0.0040316,28728506.0
2026-08-08 04:30:00,0.0040312,0.0040312,0.0040123,0.0040213,29741987.0
2026-08-08 04:45:00,0.0040212,0.0040212,0.0039905,0.0040002,38745201.0
2026-08-08 05:00:00,0.0040001,0.0040143,0.0039937,0.0040052,33832197.0
2026-08-08 05:15:00,0.0040052,0.0040352,0.0039848,0.0039935,51211559.0
2026-08-08 05:30:00,0.0039934,0.0040218,0.0039855,0.0040099,42630898.0
2026-08-08 05:45:00,0.0040098,0.0040299,0.0040023,0.0040237,54704980.0
2026-08-08 06:00:00,0.004024,0.004026,0.0039802,0.0039895,55818088.0
2026-08-08 06:15:00,0.0039895,0.0040088,0.00398,0.0039969,49202844.0
2026-08-08 06:30:00,0.0039969,0.0040151,0.0039901,0.0040061,33682773.0
2026-08-08 06:45:00,0.0040062,0.0040289,0.0040017,0.0040162,57110092.0
2026-08-08 07:00:00,0.0040162,0.0040428,0.0040137,0.0040388,48170317.0
2026-08-08 07:15:00,0.0040389,0.0040625,0.0040125,0.0040234,60378008.0
2026-08-08 07:30:00,0.0040232,0.0040374,0.0040116,0.0040293,32770641.0
2026-08-08 07:45:00,0.0040295,0.0040417,0.0040096,0.0040145,44251811.0
2026-08-08 08:00:00,0.0040136,0.0040857,0.0040098,0.0040764,88823046.0
2026-08-08 08:15:00,0.0040764,0.0041671,0.0040688,0.0041457,157010937.0
2026-08-08 08:30:00,0.0041456,0.0041508,0.0040813,0.0041149,110114026.0
2026-08-08 08:45:00,0.0041149,0.0041378,0.0041,0.0041361,64062087.0
2026-08-08 09:00:00,0.0041361,0.0041377,0.004081,0.0040831,64460357.0
2026-08-08 09:15:00,0.0040833,0.0041024,0.00408,0.0040939,31803287.0
2026-08-08 09:30:00,0.0040938,0.0040986,0.0040642,0.0040866,52509262.0
2026-08-08 09:45:00,0.0040867,0.0041084,0.0040662,0.0040946,52586910.0
2026-08-08 10:00:00,0.0040947,0.0041125,0.0040875,0.0041109,25763954.0
2026-08-08 10:15:00,0.0041107,0.0041107,0.0040751,0.0040841,29211768.0
2026-08-08 10:30:00,0.0040844,0.0040893,0.0040724,0.0040826,20528919.0
2026-08-08 10:45:00,0.0040826,0.0040917,0.0040735,0.0040822,25137768.0
2026-08-08 11:00:00,0.0040822,0.0040916,0.0040702,0.0040821,22001072.0
2026-08-08 11:15:00,0.0040822,0.0040875,0.0040701,0.0040766,25212214.0
2026-08-08 11:30:00,0.0040764,0.0040848,0.0040301,0.0040436,102483381.0
2026-08-08 11:45:00,0.0040436,0.0040624,0.0040355,0.004052,52211197.0
2026-08-08 12:00:00,0.0040517,0.004074,0.0040517,0.0040585,45229585.0
2026-08-08 12:15:00,0.0040584,0.0040837,0.0040493,0.0040822,31943802.0
2026-08-08 12:30:00,0.0040822,0.0041284,0.004076,0.0040936,111882928.0
2026-08-08 12:45:00,0.0040937,0.0041158,0.0040893,0.0040912,44290605.0
2026-08-08 13:00:00,0.0040911,0.004125,0.0040865,0.004101,37200321.0
2026-08-08 13:15:00,0.0041009,0.0041133,0.0040985,0.0041087,22459064.0
2026-08-08 13:30:00,0.004108,0.0041648,0.0041075,0.0041642,86638187.0
2026-08-08 13:45:00,0.0041642,0.0041746,0.0041368,0.0041385,89105371.0
2026-08-08 14:00:00,0.0041385,0.0041395,0.004093,0.0041121,108480179.0
2026-08-08 14:15:00,0.0041121,0.0041301,0.0041104,0.0041252,40427882.0
2026-08-08 14:30:00,0.0041249,0.0041505,0.0040875,0.0040875,47231437.0
2026-08-08 14:45:00,0.0040882,0.0041025,0.0040651,0.0040749,61096573.0
2026-08-08 15:00:00,0.0040749,0.0041067,0.00407,0.0040967,32515123.0
2026-08-08 15:15:00,0.0040967,0.004101,0.0040858,0.0040947,21324360.0
2026-08-08 15:30:00,0.0040951,0.0041053,0.0040564,0.0040756,52120972.0
2026-08-08 15:45:00,0.0040754,0.0041136,0.004074,0.0041099,46601609.0
2026-08-08 16:00:00,0.0041099,0.0041329,0.0041029,0.0041146,58403024.0
2026-08-08 16:15:00,0.0041147,0.0041332,0.0040956,0.0041208,50912209.0
2026-08-08 16:30:00,0.0041208,0.0041364,0.0041141,0.004115,32537018.0
2026-08-08 16:45:00,0.004115,0.0041171,0.004076,0.0040838,36379514.0
2026-08-08 17:00:00,0.0040836,0.0040938,0.0040721,0.0040729,28442515.0
2026-08-08 17:15:00,0.0040731,0.0040756,0.004021,0.0040271,80702131.0
2026-08-08 17:30:00,0.0040271,0.0040423,0.0040162,0.0040218,49949281.0
2026-08-08 17:45:00,0.0040218,0.0040339,0.0040112,0.0040235,45461129.0
2026-08-08 18:00:00,0.0040236,0.0040314,0.0040001,0.004003,58219437.0
2026-08-08 18:15:00,0.0040029,0.0040144,0.0039896,0.0040005,58253298.0
2026-08-08 18:30:00,0.0040005,0.004035,0.0039967,0.0040208,58262025.0
2026-08-08 18:45:00,0.0040205,0.0040306,0.0040104,0.0040172,37525137.0
2026-08-08 19:00:00,0.0040172,0.00403,0.0039946,0.0039996,27845892.0
2026-08-08 19:15:00,0.0039995,0.004042,0.0039911,0.0040244,47454211.0
2026-08-08 19:30:00,0.0040244,0.0040331,0.0040174,0.0040221,19706166.0
2026-08-08 19:45:00,0.0040221,0.004029,0.0040119,0.0040168,18938974.0
2026-08-08 20:00:00,0.0040168,0.0040254,0.0040125,0.0040147,22017457.0
2026-08-08 20:15:00,0.0040149,0.0040168,0.0040034,0.0040087,20548898.0
2026-08-08 20:30:00,0.0040088,0.004014,0.0040002,0.0040032,21843695.0
2026-08-08 20:45:00,0.0040032,0.004006,0.0039937,0.0039956,29379940.0
2026-08-08 21:00:00,0.0039955,0.0039989,0.0039618,0.0039929,48131628.0
2026-08-08 21:15:00,0.0039928,0.0039928,0.0039322,0.0039501,95228347.0
2026-08-08 21:30:00,0.0039501,0.0039638,0.0039458,0.0039621,41232415.0
2026-08-08 21:45:00,0.0039621,0.0039892,0.0039564,0.0039647,50535185.0
2026-08-08 22:00:00,0.0039647,0.0039666,0.0039384,0.00394,38224324.0
2026-08-08 22:15:00,0.0039401,0.00396,0.0039327,0.0039341,63194561.0
2026-08-08 22:30:00,0.0039347,0.0039442,0.0039302,0.0039417,37952048.0
2026-08-08 22:45:00,0.0039415,0.0039415,0.003923,0.0039273,45788884.0
2026-08-08 23:00:00,0.0039272,0.0039473,0.0039131,0.0039275,66319399.0
2026-08-08 23:15:00,0.0039275,0.0039291,0.0038839,0.0039007,96158114.0
2026-08-08 23:30:00,0.0039005,0.0039535,0.0038963,0.0039417,114283561.0
2026-08-08 23:45:00,0.0039417,0.0039502,0.0039276,0.0039331,30646840.0
2026-08-09 00:00:00,0.0039332,0.0039544,0.0039208,0.0039247,68816145.0
2026-08-09 00:15:00,0.0039247,0.0039356,0.0039215,0.0039295,30272554.0
2026-08-09 00:30:00,0.0039294,0.0039352,0.0039001,0.0039315,41439137.0
2026-08-09 00:45:00,0.0039315,0.0039571,0.0039274,0.00393,47843459.0
2026-08-09 01:00:00,0.0039296,0.0039397,0.0039142,0.0039287,43235767.0
2026-08-09 01:15:00,0.0039287,0.003974,0.0039286,0.0039392,57842640.0
2026-08-09 01:30:00,0.0039393,0.0039652,0.0039354,0.0039494,43725650.0
2026-08-09 01:45:00,0.0039495,0.0039854,0.0039451,0.0039688,41890064.0
2026-08-09 02:00:00,0.0039688,0.0040469,0.003965,0.0040191,102073615.0
2026-08-09 02:15:00,0.0040191,0.0040453,0.0040078,0.0040167,57971853.0
2026-08-09 02:30:00,0.004017,0.0040182,0.0039344,0.0039404,115018424.0
2026-08-09 02:45:00,0.0039397,0.0039589,0.0039357,0.0039465,41662086.0
2026-08-09 03:00:00,0.0039465,0.0039574,0.0039242,0.0039538,51537117.0
2026-08-09 03:15:00,0.0039538,0.003968,0.003948,0.003955,45359550.0
2026-08-09 03:30:00,0.0039549,0.0039591,0.0039382,0.003944,30009041.0
2026-08-09 03:45:00,0.003944,0.0039526,0.0039366,0.0039433,24565745.0
2026-08-09 04:00:00,0.0039434,0.0039462,0.0039339,0.0039412,32278795.0
2026-08-09 04:15:00,0.0039411,0.0039465,0.0039294,0.0039369,24926089.0
2026-08-09 04:30:00,0.0039369,0.0039498,0.00393,0.0039318,15677156.0
2026-08-09 04:45:00,0.0039312,0.0039512,0.00392,0.0039241,32074129.0
2026-08-09 05:00:00,0.003924,0.003926,0.0039167,0.003922,34057929.0
2026-08-09 05:15:00,0.0039217,0.003959,0.0039203,0.0039478,46207961.0
2026-08-09 05:30:00,0.0039475,0.0039611,0.003928,0.0039434,69620080.0
2026-08-09 05:45:00,0.0039434,0.0039802,0.003941,0.0039656,59472307.0
2026-08-09 06:00:00,0.0039656,0.0039775,0.0039287,0.0039563,64462907.0
2026-08-09 06:15:00,0.0039556,0.0039636,0.0039142,0.003921,77976473.0
2026-08-09 06:30:00,0.0039209,0.0039277,0.0038398,0.0038906,235145807.0
2026-08-09 06:45:00,0.0038906,0.0038972,0.0038344,0.0038618,113816820.0
2026-08-09 07:00:00,0.0038617,0.0039985,0.0038298,0.0039262,494152872.0
2026-08-09 07:15:00,0.0039244,0.0041079,0.0039188,0.004065,551887441.0
2026-08-09 07:30:00,0.004065,0.0041224,0.0040324,0.0041183,223669224.0
2026-08-09 07:45:00,0.0041184,0.0041449,0.004061,0.0040812,175652354.0
2026-08-09 08:00:00,0.0040812,0.0041113,0.00405,0.0040728,147291705.0
2026-08-09 08:15:00,0.0040728,0.0040974,0.004064,0.0040872,57133821.0
2026-08-09 08:30:00,0.0040871,0.004129,0.0040603,0.0040812,92232854.0
2026-08-09 08:45:00,0.0040812,0.0040937,0.0040501,0.0040512,54558308.0
2026-08-09 09:00:00,0.0040521,0.004089,0.004049,0.0040688,70655109.0
2026-08-09 09:15:00,0.0040686,0.0040795,0.0040379,0.0040462,61045835.0
2026-08-09 09:30:00,0.0040464,0.004053,0.0040311,0.0040409,39966008.0
2026-08-09 09:45:00,0.0040409,0.004045,0.0040056,0.0040068,78039303.0
2026-08-09 10:00:00,0.0040082,0.0040185,0.0039801,0.0039935,119664999.0
2026-08-09 10:15:00,0.0039934,0.0040156,0.0039775,0.0040073,51870761.0
2026-08-09 10:30:00,0.0040073,0.0040122,0.0039798,0.0039877,36394927.0
2026-08-09 10:45:00,0.0039877,0.0039931,0.0039689,0.0039862,42015464.0
2026-08-09 11:00:00,0.0039863,0.0040308,0.0039781,0.0039785,66841635.0
2026-08-09 11:15:00,0.0039793,0.0040067,0.0039742,0.0039863,46823805.0
2026-08-09 11:30:00,0.0039864,0.0040297,0.0039862,0.0040141,54574647.0
2026-08-09 11:45:00,0.0040141,0.0040277,0.0040069,0.0040094,33317532.0
2026-08-09 12:00:00,0.0040093,0.0041129,0.004007,0.004109,113187687.0
2026-08-09 12:15:00,0.004109,0.0041414,0.004086,0.0041013,145792159.0
2026-08-09 12:30:00,0.0041015,0.0041114,0.004064,0.0040767,53547368.0
2026-08-09 12:45:00,0.0040761,0.0040816,0.0040601,0.0040728,44049507.0
2026-08-09 13:00:00,0.0040727,0.0041199,0.004066,0.0040932,77631178.0
2026-08-09 13:15:00,0.0040932,0.0041042,0.004072,0.0040761,35851333.0
2026-08-09 13:30:00,0.004076,0.0041,0.0040526,0.0040745,48800550.0
2026-08-09 13:45:00,0.0040748,0.0040936,0.0040694,0.0040752,24807080.0
2026-08-09 14:00:00,0.0040752,0.0041265,0.00404,0.004066,106067691.0
2026-08-09 14:15:00,0.0040658,0.0040848,0.0040533,0.0040571,31812800.0
2026-08-09 14:30:00,0.0040545,0.0040682,0.0040433,0.0040564,36059115.0
2026-08-09 14:45:00,0.004055,0.0040748,0.00404,0.0040511,38100025.0
2026-08-09 15:00:00,0.0040508,0.00406,0.004015,0.0040256,58765094.0
2026-08-09 15:15:00,0.0040262,0.0040687,0.0040123,0.004024,87530042.0
2026-08-09 15:30:00,0.0040239,0.0040352,0.0040175,0.0040211,25114712.0
2026-08-09 15:45:00,0.0040211,0.0040272,0.0039955,0.0040143,51371879.0
2026-08-09 16:00:00,0.0040138,0.0041193,0.0040138,0.0040999,163486590.0
2026-08-09 16:15:00,0.0040999,0.0043931,0.0040992,0.0042459,601807519.0
2026-08-09 16:30:00,0.0042462,0.0042822,0.0041991,0.0042702,173634934.0
2026-08-09 16:45:00,0.0042698,0.0042744,0.004205,0.0042316,95925381.0
2026-08-09 17:00:00,0.0042316,0.0042751,0.0041856,0.0042603,118940381.0
2026-08-09 17:15:00,0.0042602,0.004285,0.0041746,0.0041824,90857175.0
2026-08-09 17:30:00,0.0041824,0.0042147,0.0041717,0.0041979,49824025.0
2026-08-09 17:45:00,0.0041968,0.0042023,0.0041538,0.0041717,62745809.0
2026-08-09 18:00:00,0.0041717,0.00423,0.0041717,0.0042234,48441003.0
2026-08-09 18:15:00,0.0042234,0.0042448,0.0042166,0.0042358,32144492.0
2026-08-09 18:30:00,0.0042362,0.004245,0.0042257,0.0042305,22853320.0
2026-08-09 18:45:00,0.0042306,0.0042307,0.0042029,0.0042082,28604522.0
2026-08-09 19:00:00,0.0042081,0.0042849,0.0042034,0.0042802,54780456.0
2026-08-09 19:15:00,0.0042801,0.0043096,0.0042315,0.0042415,92323592.0
2026-08-09 19:30:00,0.004239,0.0042435,0.0041792,0.0041995,52914824.0
2026-08-09 19:45:00,0.0041995,0.0042189,0.0041854,0.0041938,24104881.0
2026-08-09 20:00:00,0.0041936,0.0042131,0.0041666,0.0041983,37510216.0
2026-08-09 20:15:00,0.0041987,0.00422,0.0041968,0.0042172,20174404.0
2026-08-09 20:30:00,0.0042174,0.0042439,0.0042086,0.0042372,19091754.0
2026-08-09 20:45:00,0.0042371,0.0042372,0.0042072,0.0042215,21340686.0
2026-08-09 21:00:00,0.004222,0.0042571,0.0042171,0.004241,30796281.0
2026-08-09 21:15:00,0.0042409,0.0042661,0.0042408,0.0042525,28926661.0
2026-08-09 21:30:00,0.0042524,0.0042798,0.0042375,0.0042765,25507107.0
2026-08-09 21:45:00,0.0042768,0.0042857,0.0042557,0.0042608,24983160.0
2026-08-09 22:00:00,0.0042607,0.0042621,0.0042062,0.0042393,51358356.0
2026-08-09 22:15:00,0.0042391,0.0042486,0.0042219,0.0042275,35051626.0
2026-08-09 22:30:00,0.0042275,0.0042502,0.0042114,0.0042463,40098380.0
2026-08-09 22:45:00,0.0042462,0.0042532,0.0042238,0.0042343,47304875.0
2026-08-09 23:00:00,0.0042334,0.0042446,0.0042218,0.0042347,44317149.0
2026-08-09 23:15:00,0.0042346,0.0042482,0.0042036,0.0042088,28128072.0
2026-08-09 23:30:00,0.0042089,0.0042174,0.0041754,0.004177,58938843.0
2026-08-09 23:45:00,0.0041774,0.0041881,0.0041612,0.0041639,40411298.0
2026-08-10 00:00:00,0.0041642,0.0041998,0.0041526,0.004185,83392346.0
2026-08-10 00:15:00,0.004185,0.0041998,0.0040754,0.004098,144594720.0
2026-08-10 00:30:00,0.0040975,0.004115,0.0040586,0.0040942,104706432.0
2026-08-10 00:45:00,0.004094,0.0041171,0.0040862,0.0041026,52319383.0
2026-08-10 01:00:00,0.0041016,0.0041257,0.0040671,0.0040735,66703116.0
2026-08-10 01:15:00,0.0040721,0.0041236,0.00405,0.0041221,56859146.0
2026-08-10 01:30:00,0.0041222,0.0042509,0.004119,0.0042067,175472530.0
2026-08-10 01:45:00,0.0042067,0.0042149,0.0041863,0.0041996,51710087.0
2026-08-10 02:00:00,0.0041997,0.0042328,0.004165,0.0042286,57335170.0
2026-08-10 02:15:00,0.0042286,0.0042999,0.0042046,0.0042694,105508214.0
2026-08-10 02:30:00,0.0042698,0.0043573,0.0042687,0.0042947,162658546.0
2026-08-10 02:45:00,0.0042948,0.0043197,0.0042733,0.0043086,73025828.0
2026-08-10 03:00:00,0.004308,0.0043751,0.0043019,0.0043248,93512631.0
2026-08-10 03:15:00,0.0043247,0.0043499,0.0043167,0.0043201,53557403.0
2026-08-10 03:30:00,0.00432,0.00432,0.0042436,0.0042542,75780841.0
2026-08-10 03:45:00,0.0042542,0.0042769,0.004245,0.0042707,36820203.0
2026-08-10 04:00:00,0.0042707,0.004295,0.0042349,0.0042729,55694485.0
2026-08-10 04:15:00,0.0042729,0.0042976,0.004065,0.0040848,320365644.0
2026-08-10 04:30:00,0.0040875,0.0041346,0.0040013,0.0040183,461480658.0
2026-08-10 04:45:00,0.0040187,0.0040453,0.003951,0.0040322,496664044.0
2026-08-10 05:00:00,0.0040322,0.0040489,0.0040001,0.0040365,115163011.0
2026-08-10 05:15:00,0.0040357,0.0040549,0.0040203,0.0040366,57080513.0
2026-08-10 05:30:00,0.004036,0.0040565,0.0040213,0.0040424,56331621.0
2026-08-10 05:45:00,0.0040432,0.0040552,0.0040307,0.0040324,35782703.0
2026-08-10 06:00:00,0.0040324,0.0041553,0.004023,0.0040495,202666333.0
2026-08-10 06:15:00,0.0040497,0.0040853,0.004041,0.0040806,47203612.0
2026-08-10 06:30:00,0.0040806,0.0040946,0.0040451,0.0040492,45821342.0
2026-08-10 06:45:00,0.0040491,0.00412,0.0040406,0.0040545,82070950.0
2026-08-10 07:00:00,0.0040548,0.0040689,0.0040327,0.0040499,36096009.0
2026-08-10 07:15:00,0.0040502,0.0040514,0.0040224,0.0040272,41997228.0
2026-08-10 07:30:00,0.0040272,0.0040599,0.0040176,0.0040236,46741424.0
2026-08-10 07:45:00,0.0040237,0.00408,0.00402,0.0040479,43100184.0
2026-08-10 08:00:00,0.0040477,0.004064,0.0040286,0.0040372,44524345.0
2026-08-10 08:15:00,0.004037,0.0040495,0.0040211,0.0040414,28377383.0
2026-08-10 08:30:00,0.0040415,0.004057,0.0040263,0.0040422,26393665.0
2026-08-10 08:45:00,0.0040423,0.00405,0.0040111,0.0040302,52818212.0
2026-08-10 09:00:00,0.0040297,0.0040735,0.0040269,0.0040371,51327680.0
2026-08-10 09:15:00,0.0040367,0.0040375,0.0040206,0.0040306,26611355.0
2026-08-10 09:30:00,0.0040306,0.0040449,0.0040273,0.0040309,24012094.0
2026-08-10 09:45:00,0.0040311,0.0040538,0.00403,0.0040447,22611884.0
2026-08-10 10:00:00,0.0040449,0.0040477,0.0040134,0.0040168,25641858.0
2026-08-10 10:15:00,0.0040167,0.0040392,0.004016,0.0040342,25284593.0
2026-08-10 10:30:00,0.0040346,0.0040346,0.0039739,0.0040026,80658742.0
2026-08-10 10:45:00,0.0040023,0.0040175,0.0039779,0.0040148,54381023.0
2026-08-10 11:00:00,0.0040141,0.0040209,0.0039849,0.0039858,41849719.0
2026-08-10 11:15:00,0.0039867,0.0039967,0.0039757,0.003984,29572115.0
2026-08-10 11:30:00,0.003984,0.0039956,0.0039603,0.0039694,58267017.0
2026-08-10 11:45:00,0.00397,0.003995,0.0039689,0.0039946,46813620.0
2026-08-10 12:00:00,0.0039946,0.0039989,0.0039722,0.0039765,51235965.0
2026-08-10 12:15:00,0.0039765,0.00399,0.0039707,0.0039822,41393730.0
2026-08-10 12:30:00,0.0039823,0.0039904,0.0039348,0.0039459,75929966.0
2026-08-10 12:45:00,0.0039461,0.0039677,0.0039258,0.0039481,64720579.0
2026-08-10 13:00:00,0.0039481,0.0039541,0.0039159,0.0039397,57418085.0
2026-08-10 13:15:00,0.0039398,0.0039989,0.003932,0.0039337,80547717.0
2026-08-10 13:30:00,0.0039344,0.0039499,0.0039288,0.0039377,43333558.0
2026-08-10 13:45:00,0.0039377,0.0039677,0.0039207,0.0039377,67398632.0
2026-08-10 14:00:00,0.0039378,0.0039477,0.0039129,0.003921,42235069.0
2026-08-10 14:15:00,0.0039211,0.0039487,0.0039173,0.0039329,52497678.0
2026-08-10 14:30:00,0.0039328,0.0039583,0.0039289,0.003937,51669956.0
2026-08-10 14:45:00,0.0039375,0.0039666,0.0039312,0.0039331,31528877.0
2026-08-10 15:00:00,0.0039331,0.0039383,0.003915,0.0039203,51274725.0
2026-08-10 15:15:00,0.0039205,0.00399,0.0039204,0.0039672,101836671.0
2026-08-10 15:30:00,0.0039671,0.004003,0.0039557,0.0039892,44787362.0
2026-08-10 15:45:00,0.0039891,0.0039929,0.0039578,0.0039666,57776186.0
2026-08-10 16:00:00,0.0039664,0.0039779,0.0039513,0.0039525,36378985.0
2026-08-10 16:15:00,0.0039525,0.0039548,0.0039322,0.003936,41340155.0
2026-08-10 16:30:00,0.0039361,0.0039373,0.0038733,0.0038963,167198244.0
2026-08-10 16:45:00,0.0038962,0.0039214,0.0038928,0.0039168,46969830.0
2026-08-10 17:00:00,0.0039168,0.0039236,0.0038831,0.0038946,63510828.0
2026-08-10 17:15:00,0.0038942,0.0038953,0.0038298,0.0038639,155405734.0
2026-08-10 17:30:00,0.0038636,0.003892,0.0038571,0.003879,40983043.0
2026-08-10 17:45:00,0.0038789,0.0038962,0.00387,0.0038849,28782874.0
2026-08-10 18:00:00,0.0038849,0.0038999,0.0038719,0.0038736,42532024.0
2026-08-10 18:15:00,0.0038737,0.0038835,0.0038516,0.0038567,40219865.0
2026-08-10 18:30:00,0.0038564,0.0038637,0.0038298,0.0038635,78122707.0
2026-08-10 18:45:00,0.0038634,0.0038762,0.003831,0.0038341,48795529.0
2026-08-10 19:00:00,0.003834,0.003842,0.0038016,0.003812,130202011.0
2026-08-10 19:15:00,0.0038135,0.0038557,0.0038086,0.003823,90483265.0
2026-08-10 19:30:00,0.0038231,0.0038479,0.0038197,0.0038439,46369673.0
2026-08-10 19:45:00,0.0038438,0.0038438,0.003816,0.0038313,32651767.0
2026-08-10 20:00:00,0.0038312,0.0038798,0.0038312,0.0038423,45608018.0
2026-08-10 20:15:00,0.0038423,0.0038682,0.003837,0.0038384,29306435.0
2026-08-10 20:30:00,0.0038388,0.0038402,0.0038225,0.0038314,26076240.0
2026-08-10 20:45:00,0.0038317,0.00409,0.0038317,0.004028,344627684.0
2026-08-10 21:00:00,0.0040283,0.0040318,0.0039606,0.0040218,129428614.0
2026-08-10 21:15:00,0.0040225,0.0040622,0.0039583,0.0039775,123743582.0
2026-08-10 21:30:00,0.0039776,0.0039864,0.00395,0.0039804,54765155.0
2026-08-10 21:45:00,0.0039806,0.003993,0.0039544,0.0039571,35609818.0
2026-08-10 22:00:00,0.003957,0.0039716,0.0039466,0.0039599,42010782.0
2026-08-10 22:15:00,0.00396,0.0040163,0.00396,0.0040135,45243485.0
2026-08-10 22:30:00,0.0040137,0.0040197,0.0039897,0.0039966,32064922.0
2026-08-10 22:45:00,0.0039967,0.0040094,0.0039813,0.003999,19298590.0
2026-08-10 23:00:00,0.0039991,0.0040144,0.0039972,0.0040045,33595444.0
2026-08-10 23:15:00,0.0040044,0.0040085,0.0039823,0.0039885,29854389.0
2026-08-10 23:30:00,0.0039885,0.0039894,0.0039583,0.003961,27675753.0
2026-08-10 23:45:00,0.0039615,0.0039694,0.0039605,0.0039654,20031048.0
2026-08-11 00:00:00,0.0039655,0.003986,0.0039507,0.0039786,60978173.0
2026-08-11 00:15:00,0.0039786,0.0039975,0.0039776,0.0039811,22530497.0
2026-08-11 00:30:00,0.0039811,0.0039812,0.0039352,0.0039507,46512173.0
2026-08-11 00:45:00,0.0039507,0.0039628,0.003945,0.0039539,16146091.0
2026-08-11 01:00:00,0.003954,0.0039815,0.0039307,0.0039808,37634437.0
2026-08-11 01:15:00,0.0039807,0.0039852,0.0039467,0.0039596,54018595.0
2026-08-11 01:30:00,0.0039597,0.0039671,0.0039474,0.0039474,22624177.0
2026-08-11 01:45:00,0.0039474,0.0039667,0.0039469,0.0039528,20837524.0
2026-08-11 02:00:00,0.0039528,0.0039545,0.003909,0.0039132,34816167.0
2026-08-11 02:15:00,0.0039134,0.0039344,0.0038931,0.0039256,42362434.0
2026-08-11 02:30:00,0.0039256,0.0039301,0.003913,0.0039168,19290156.0
2026-08-11 02:45:00,0.0039165,0.0039275,0.0039124,0.0039274,17092299.0
2026-08-11 03:00:00,0.0039274,0.0039505,0.0039142,0.0039205,33743969.0
2026-08-11 03:15:00,0.0039205,0.0039249,0.00391,0.0039154,25773782.0
2026-08-11 03:30:00,0.0039154,0.003919,0.0038955,0.0039145,37446332.0
2026-08-11 03:45:00,0.0039146,0.0039182,0.0038836,0.0038929,35901289.0
2026-08-11 04:00:00,0.0038929,0.0038992,0.0038861,0.0038897,23913836.0
2026-08-11 04:15:00,0.0038897,0.0039057,0.0038762,0.0038771,35304877.0
2026-08-11 04:30:00,0.0038771,0.0039174,0.003877,0.0038954,24456637.0
2026-08-11 04:45:00,0.0038953,0.0038965,0.0038794,0.0038909,31234267.0
2026-08-11 05:00:00,0.0038911,0.0039267,0.0038828,0.0038887,53244526.0
2026-08-11 05:15:00,0.0038888,0.0038928,0.0038714,0.0038812,27497285.0
2026-08-11 05:30:00,0.0038811,0.0038889,0.00386,0.0038644,28704635.0
2026-08-11 05:45:00,0.0038647,0.0038737,0.0038519,0.0038575,32214551.0
2026-08-11 06:00:00,0.0038575,0.0038767,0.0038424,0.0038502,91113786.0
2026-08-11 06:15:00,0.0038503,0.0039,0.0038493,0.0038908,60125936.0
2026-08-11 06:30:00,0.0038908,0.003893,0.003862,0.0038621,41738676.0
2026-08-11 06:45:00,0.0038621,0.0038629,0.0038332,0.0038339,61263684.0
2026-08-11 07:00:00,0.0038339,0.0038513,0.0038194,0.0038249,80974832.0
2026-08-11 07:15:00,0.0038239,0.0038753,0.0038211,0.0038656,101050735.0
2026-08-11 07:30:00,0.0038656,0.0038766,0.0038284,0.0038379,37443150.0
2026-08-11 07:45:00,0.0038379,0.0038484,0.0038311,0.0038401,27997177.0
2026-08-11 08:00:00,0.0038402,0.0038449,0.0038109,0.0038427,69451311.0
2026-08-11 08:15:00,0.0038427,0.003848,0.003833,0.0038465,28442940.0
2026-08-11 08:30:00,0.0038465,0.0039832,0.0038367,0.0039689,152225198.0
2026-08-11 08:45:00,0.0039686,0.0040434,0.0039516,0.0039738,329851633.0
2026-08-11 09:00:00,0.0039738,0.004,0.0039578,0.0039828,104063538.0
2026-08-11 09:15:00,0.0039828,0.0040308,0.0039643,0.0040083,140704548.0
2026-08-11 09:30:00,0.0040083,0.0040253,0.0039862,0.0040161,70254137.0
2026-08-11 09:45:00,0.0040158,0.0040236,0.0039909,0.0040034,72943549.0
2026-08-11 10:00:00,0.0040034,0.0040439,0.003993,0.0040275,84503840.0
2026-08-11 10:15:00,0.0040275,0.0040422,0.0039694,0.0039752,92872762.0
2026-08-11 10:30:00,0.0039753,0.0040041,0.0039686,0.0040031,62317700.0
2026-08-11 10:45:00,0.0040031,0.0040043,0.0039677,0.0039863,46137181.0
2026-08-11 11:00:00,0.0039863,0.0040059,0.0039771,0.0039985,32168974.0
2026-08-11 11:15:00,0.0039987,0.00401,0.0039885,0.0039971,27476796.0
2026-08-11 11:30:00,0.003997,0.0040124,0.003997,0.0040027,32548045.0
2026-08-11 11:45:00,0.0040026,0.0040131,0.0039985,0.0040084,21790779.0
2026-08-11 12:00:00,0.0040084,0.0040209,0.0039906,0.0039926,43313117.0
2026-08-11 12:15:00,0.0039926,0.0040128,0.0039773,0.0040043,56948715.0
2026-08-11 12:30:00,0.0040041,0.0040042,0.0039903,0.0040009,26423967.0
2026-08-11 12:45:00,0.0040009,0.0040054,0.0039761,0.0039955,30386305.0
2026-08-11 13:00:00,0.0039956,0.0039968,0.0039816,0.0039881,29545581.0
2026-08-11 13:15:00,0.0039881,0.0040715,0.0039879,0.0040247,117345002.0
2026-08-11 13:30:00,0.0040248,0.0040364,0.0040133,0.0040265,45340566.0
2026-08-11 13:45:00,0.0040266,0.00405,0.0040082,0.0040137,61250353.0
2026-08-11 14:00:00,0.0040128,0.004019,0.0039901,0.0039921,43058015.0
2026-08-11 14:15:00,0.003992,0.004017,0.0039879,0.0040083,37750645.0
2026-08-11 14:30:00,0.0040085,0.0040245,0.0040053,0.0040098,23102404.0
2026-08-11 14:45:00,0.0040103,0.0040104,0.00399,0.0040031,52514906.0
2026-08-11 15:00:00,0.004003,0.0041398,0.0040022,0.0040347,279168075.0
2026-08-11 15:15:00,0.0040365,0.0040495,0.0040115,0.0040298,51074138.0
2026-08-11 15:30:00,0.0040293,0.0040298,0.004,0.0040025,56650716.0
2026-08-11 15:45:00,0.0040025,0.0040264,0.0039301,0.0040005,222313307.0
2026-08-11 16:00:00,0.0040004,0.0040561,0.004,0.0040485,119600041.0
2026-08-11 16:15:00,0.004048,0.0040511,0.0040218,0.0040335,30422855.0
2026-08-11 16:30:00,0.0040335,0.0040966,0.0040335,0.004094,59875102.0
2026-08-11 16:45:00,0.0040942,0.0041191,0.0040854,0.0041118,77444050.0
2026-08-11 17:00:00,0.0041118,0.0042826,0.0041118,0.0041772,480625894.0
2026-08-11 17:15:00,0.0041772,0.0042396,0.0041717,0.0042255,168504041.0
2026-08-11 17:30:00,0.0042255,0.0042568,0.0041853,0.0042069,162631374.0
2026-08-11 17:45:00,0.0042067,0.0042285,0.0042009,0.0042149,55147640.0
2026-08-11 18:00:00,0.0042148,0.0043999,0.0042112,0.0043784,324041745.0
2026-08-11 18:15:00,0.0043773,0.0043787,0.0042653,0.0043099,278569798.0
2026-08-11 18:30:00,0.0043101,0.0043338,0.0042652,0.0042677,126534596.0
2026-08-11 18:45:00,0.0042672,0.0043102,0.0042412,0.0042648,132712525.0
2026-08-11 19:00:00,0.0042648,0.0042793,0.0042525,0.0042736,72684423.0
2026-08-11 19:15:00,0.0042738,0.0043235,0.0042738,0.0043106,119669140.0
2026-08-11 19:30:00,0.0043105,0.0043281,0.0042853,0.0043238,67892234.0
2026-08-11 19:45:00,0.0043238,0.0043541,0.0043183,0.0043461,91419124.0
2026-08-11 20:00:00,0.0043454,0.00435,0.0042804,0.0042885,108520240.0
2026-08-11 20:15:00,0.0042883,0.0043285,0.0042771,0.0043154,67703843.0
2026-08-11 20:30:00,0.0043153,0.004488,0.0043136,0.004406,449532479.0
2026-08-11 20:45:00,0.0044057,0.0044057,0.0040509,0.0040732,578900338.0
2026-08-11 21:00:00,0.0040738,0.0041566,0.0040725,0.0041517,161431535.0
2026-08-11 21:15:00,0.0041516,0.0041594,0.0041,0.0041217,82790835.0
2026-08-11 21:30:00,0.0041216,0.0041982,0.0041016,0.0041765,74750592.0
2026-08-11 21:45:00,0.0041765,0.004265,0.0041743,0.0042341,108583730.0
2026-08-11 22:00:00,0.0042341,0.0042898,0.0042309,0.0042847,98582962.0
2026-08-11 22:15:00,0.0042847,0.0043444,0.004278,0.0042986,97666329.0
2026-08-11 22:30:00,0.0042986,0.00435,0.0042947,0.0043287,59098428.0
2026-08-11 22:45:00,0.0043288,0.0043538,0.0042908,0.0042958,64205905.0
2026-08-11 23:00:00,0.0042958,0.004341,0.0042802,0.0043364,77365491.0
2026-08-11 23:15:00,0.0043365,0.0043538,0.0043171,0.0043332,46670897.0
2026-08-11 23:30:00,0.0043332,0.0043396,0.004245,0.0042501,85295384.0
2026-08-11 23:45:00,0.0042501,0.0042847,0.0042481,0.0042654,49407594.0
2026-08-12 00:00:00,0.0042654,0.0042883,0.0042438,0.0042649,57260670.0
2026-08-12 00:15:00,0.0042649,0.0043188,0.0042554,0.0043166,60930350.0
2026-08-12 00:30:00,0.0043166,0.0043343,0.0042939,0.0043079,48776849.0
2026-08-12 00:45:00,0.0043079,0.0043155,0.0042823,0.0042875,35592566.0
2026-08-12 01:00:00,0.0042875,0.0043385,0.00428,0.0043194,49640510.0
2026-08-12 01:15:00,0.0043193,0.00438,0.0043146,0.0043413,77739723.0
2026-08-12 01:30:00,0.0043413,0.0043707,0.0043381,0.0043456,38503125.0
2026-08-12 01:45:00,0.0043454,0.0043458,0.0042704,0.0042704,89816282.0
2026-08-12 02:00:00,0.0042705,0.0042725,0.0042195,0.0042308,111743912.0
2026-08-12 02:15:00,0.0042308,0.0042688,0.0042159,0.004264,56330928.0
2026-08-12 02:30:00,0.0042633,0.0042686,0.004245,0.004264,26817549.0
2026-08-12 02:45:00,0.0042639,0.004298,0.0042622,0.0042864,50690362.0
2026-08-12 03:00:00,0.0042864,0.0043154,0.0042854,0.0043017,41702560.0
2026-08-12 03:15:00,0.0043017,0.0043589,0.0042982,0.0043286,93062427.0
2026-08-12 03:30:00,0.0043289,0.0043466,0.0043101,0.0043214,47613968.0
2026-08-12 03:45:00,0.0043215,0.0043493,0.0043064,0.0043084,60630164.0
2026-08-12 04:00:00,0.0043105,0.0043677,0.0043105,0.0043258,97024481.0
2026-08-12 04:15:00,0.0043258,0.004365,0.0043246,0.0043509,99036555.0
2026-08-12 04:30:00,0.0043508,0.0043739,0.0043074,0.0043247,68844320.0
2026-08-12 04:45:00,0.0043256,0.0043386,0.004312,0.0043128,50550520.0
2026-08-12 05:00:00,0.0043129,0.0043192,0.004268,0.0042684,91708710.0
2026-08-12 05:15:00,0.0042687,0.0043253,0.004263,0.0043185,52123782.0
2026-08-12 05:30:00,0.0043185,0.0043225,0.0042358,0.0042789,128683516.0
2026-08-12 05:45:00,0.004279,0.0042798,0.0042333,0.004258,50513945.0
2026-08-12 06:00:00,0.0042584,0.0042753,0.0042352,0.0042623,52434002.0
2026-08-12 06:15:00,0.0042622,0.0042727,0.0042477,0.0042655,25088127.0
2026-08-12 06:30:00,0.0042654,0.00428,0.0042432,0.0042697,55451628.0
2026-08-12 06:45:00,0.0042693,0.004308,0.004268,0.0042961,67068718.0
2026-08-12 07:00:00,0.0042961,0.0042998,0.0042755,0.0042812,34134437.0
2026-08-12 07:15:00,0.0042811,0.004283,0.0041853,0.0042256,109940779.0
2026-08-12 07:30:00,0.0042255,0.0042513,0.0042197,0.0042272,46719469.0
2026-08-12 07:45:00,0.0042271,0.0042285,0.0042059,0.004218,37175893.0
2026-08-12 08:00:00,0.0042177,0.0042505,0.0042119,0.0042189,71146103.0
2026-08-12 08:15:00,0.0042197,0.0042213,0.00413,0.0041584,122548393.0
2026-08-12 08:30:00,0.0041566,0.0041702,0.00413,0.004151,64424119.0
2026-08-12 08:45:00,0.0041509,0.004165,0.0041428,0.0041481,43301847.0
2026-08-12 09:00:00,0.0041482,0.0042003,0.0041273,0.0041753,76679075.0
2026-08-12 09:15:00,0.0041752,0.0042186,0.0041726,0.0041923,81068087.0
2026-08-12 09:30:00,0.0041937,0.0042134,0.0041859,0.0041985,38243779.0
2026-08-12 09:45:00,0.0041985,0.0042025,0.0041841,0.0041887,30087382.0
2026-08-12 10:00:00,0.0041886,0.00435,0.0041809,0.0043386,221582351.0
2026-08-12 10:15:00,0.0043388,0.0043666,0.0042717,0.0042767,138311238.0
2026-08-12 10:30:00,0.0042771,0.0042909,0.0041844,0.0041897,173384236.0
2026-08-12 10:45:00,0.0041898,0.0041957,0.00414,0.0041427,81581950.0
2026-08-12 11:00:00,0.0041425,0.0041872,0.0041252,0.0041771,85744921.0
2026-08-12 11:15:00,0.0041768,0.0042075,0.0041557,0.0041596,51811010.0
2026-08-12 11:30:00,0.0041595,0.0042124,0.0041411,0.0041916,74928268.0
2026-08-12 11:45:00,0.0041919,0.004202,0.0041783,0.0041815,24549724.0
2026-08-12 12:00:00,0.0041818,0.004205,0.0041746,0.0041886,26302341.0
2026-08-12 12:15:00,0.0041887,0.0041898,0.0041544,0.0041677,45286633.0
2026-08-12 12:30:00,0.0041676,0.0041888,0.004148,0.0041805,44756595.0
2026-08-12 12:45:00,0.0041807,0.0041823,0.004132,0.0041362,31680356.0
2026-08-12 13:00:00,0.0041366,0.004145,0.0040833,0.004099,118074507.0
2026-08-12 13:15:00,0.0040995,0.0041219,0.0040774,0.0041057,73452426.0
2026-08-12 13:30:00,0.0041058,0.0041192,0.0040814,0.0041081,45042798.0
2026-08-12 13:45:00,0.0041081,0.0041249,0.0041065,0.0041237,35799719.0
2026-08-12 14:00:00,0.0041237,0.00415,0.0041184,0.0041391,54930551.0
2026-08-12 14:15:00,0.0041391,0.0041478,0.004106,0.0041204,47154304.0
2026-08-12 14:30:00,0.0041205,0.0041363,0.0041194,0.0041224,33015194.0
2026-08-12 14:45:00,0.0041224,0.0041457,0.0041186,0.00413,26009746.0
2026-08-12 15:00:00,0.0041299,0.0041466,0.0041199,0.0041199,36075437.0
2026-08-12 15:15:00,0.00412,0.0041258,0.0040875,0.0040911,49460431.0
2026-08-12 15:30:00,0.0040911,0.00413,0.0040845,0.0040997,39363215.0
2026-08-12 15:45:00,0.0040998,0.0041065,0.0040924,0.0040976,16315304.0
2026-08-12 16:00:00,0.0040979,0.004165,0.0040979,0.0041578,80551183.0
2026-08-12 16:15:00,0.0041582,0.004196,0.0041402,0.0041834,66752298.0
2026-08-12 16:30:00,0.0041837,0.0041866,0.0041671,0.0041813,19392993.0
2026-08-12 16:45:00,0.0041814,0.0041863,0.0041511,0.0041629,38819914.0
2026-08-12 17:00:00,0.0041629,0.0041741,0.0041452,0.0041588,26959398.0
2026-08-12 17:15:00,0.0041586,0.0041625,0.004137,0.0041599,28883957.0
2026-08-12 17:30:00,0.0041601,0.0041626,0.0041365,0.0041511,20046742.0
2026-08-12 17:45:00,0.0041511,0.0041528,0.0041346,0.0041382,16044193.0
2026-08-12 18:00:00,0.0041382,0.0041394,0.004091,0.004094,69077626.0
2026-08-12 18:15:00,0.0040941,0.0041885,0.0040624,0.0041249,148264590.0
2026-08-12 18:30:00,0.004125,0.0041364,0.0041205,0.004129,26888319.0
2026-08-12 18:45:00,0.004129,0.0041433,0.004116,0.0041379,32564024.0
2026-08-12 19:00:00,0.0041378,0.0041378,0.0041099,0.0041109,19191467.0
2026-08-12 19:15:00,0.0041109,0.004113,0.0040962,0.0041048,19941807.0
2026-08-12 19:30:00,0.0041057,0.0041091,0.004096,0.0041025,17072059.0
2026-08-12 19:45:00,0.0041019,0.004103,0.0040833,0.0040834,20064446.0
2026-08-12 20:00:00,0.0040833,0.0040842,0.0040549,0.0040567,41000651.0
2026-08-12 20:15:00,0.0040568,0.0040859,0.00405,0.0040721,65286983.0
2026-08-12 20:30:00,0.0040721,0.0040813,0.0040541,0.0040627,27656721.0
2026-08-12 20:45:00,0.0040627,0.004065,0.0040311,0.0040353,35716629.0
2026-08-12 21:00:00,0.0040353,0.0040458,0.0040145,0.0040154,57029999.0
2026-08-12 21:15:00,0.0040154,0.0040353,0.0040154,0.0040277,31864643.0
2026-08-12 21:30:00,0.0040287,0.0040495,0.004025,0.0040301,27065246.0
2026-08-12 21:45:00,0.0040304,0.0040556,0.0040295,0.0040342,20481260.0
2026-08-12 22:00:00,0.0040342,0.0040629,0.0040342,0.0040602,45031554.0
2026-08-12 22:15:00,0.0040602,0.0040696,0.0040419,0.0040449,36410111.0
2026-08-12 22:30:00,0.0040447,0.004049,0.0040369,0.0040435,19929927.0
2026-08-12 22:45:00,0.0040434,0.004069,0.0040245,0.0040486,52571899.0
2026-08-12 23:00:00,0.0040485,0.0041338,0.0040442,0.0040899,90440295.0
2026-08-12 23:15:00,0.0040899,0.0041281,0.0040859,0.004107,49869117.0
2026-08-12 23:30:00,0.004107,0.0041225,0.0040906,0.0041017,31080413.0
2026-08-12 23:45:00,0.0041015,0.0041015,0.00407,0.0040716,34355293.0
2026-08-13 00:00:00,0.0040716,0.0041035,0.0040649,0.0040757,42441648.0
2026-08-13 00:15:00,0.0040759,0.0040759,0.0040404,0.004047,37407012.0
2026-08-13 00:30:00,0.0040472,0.0041489,0.0040411,0.0040926,70451706.0
2026-08-13 00:45:00,0.004093,0.0040963,0.0040577,0.0040634,36784056.0
2026-08-13 01:00:00,0.0040633,0.0040809,0.0040376,0.0040418,49188636.0
2026-08-13 01:15:00,0.0040418,0.0041129,0.0040414,0.0040961,41634771.0
2026-08-13 01:30:00,0.0040961,0.0041216,0.0040902,0.0041014,24287044.0
2026-08-13 01:45:00,0.0041014,0.0041112,0.004089,0.004099,27517962.0
2026-08-13 02:00:00,0.004099,0.0041218,0.0040957,0.0040995,27562319.0
2026-08-13 02:15:00,0.0040995,0.004115,0.0040721,0.0041083,43978216.0
2026-08-13 02:30:00,0.0041088,0.004116,0.004095,0.0041052,20897602.0
2026-08-13 02:45:00,0.004105,0.00411,0.004088,0.0040943,30150153.0
2026-08-13 03:00:00,0.0040943,0.0041,0.00407,0.0040808,29332786.0
2026-08-13 03:15:00,0.0040808,0.0040826,0.0040563,0.0040792,29809209.0
2026-08-13 03:30:00,0.0040794,0.0040846,0.0040423,0.0040582,42564776.0
2026-08-13 03:45:00,0.0040584,0.0040801,0.0040486,0.0040616,38601502.0
2026-08-13 04:00:00,0.0040616,0.0040836,0.0040473,0.0040578,61310678.0
2026-08-13 04:15:00,0.0040578,0.0040645,0.0040316,0.0040343,45430148.0
2026-08-13 04:30:00,0.0040339,0.0040591,0.0040228,0.0040367,53671813.0
2026-08-13 04:45:00,0.0040361,0.0040467,0.0040315,0.0040359,18428510.0
2026-08-13 05:00:00,0.0040359,0.0040484,0.0040258,0.0040423,25814264.0
2026-08-13 05:15:00,0.0040421,0.0040633,0.0040391,0.0040588,27833171.0
2026-08-13 05:30:00,0.0040587,0.0040734,0.0040553,0.0040681,22652269.0
2026-08-13 05:45:00,0.0040681,0.00408,0.0040618,0.0040701,31527557.0
2026-08-13 06:00:00,0.0040703,0.0040748,0.0040415,0.0040453,35149257.0
2026-08-13 06:15:00,0.0040453,0.0040549,0.0040382,0.0040542,19503379.0
2026-08-13 06:30:00,0.0040542,0.0040613,0.0040409,0.0040479,23464050.0
2026-08-13 06:45:00,0.0040479,0.0040512,0.0040304,0.0040468,26606850.0
2026-08-13 07:00:00,0.0040474,0.0040734,0.0040372,0.004044,47579904.0
2026-08-13 07:15:00,0.0040447,0.00407,0.0040321,0.0040472,44764869.0
2026-08-13 07:30:00,0.0040472,0.0040524,0.0040241,0.0040322,26712960.0
2026-08-13 07:45:00,0.0040322,0.0040378,0.0040111,0.0040305,46473581.0
2026-08-13 08:00:00,0.0040306,0.0040333,0.003989,0.0040143,121795719.0
2026-08-13 08:15:00,0.0040146,0.0040232,0.0039954,0.0040063,59968270.0
2026-08-13 08:30:00,0.0040063,0.00425,0.0039963,0.004149,402449298.0
2026-08-13 08:45:00,0.0041465,0.0042681,0.0040296,0.0041942,686593194.0
2026-08-13 09:00:00,0.0041939,0.00428,0.0041615,0.0042561,267268504.0
2026-08-13 09:15:00,0.0042563,0.0042978,0.00421,0.0042917,205610274.0
2026-08-13 09:30:00,0.0042922,0.0043049,0.0042061,0.0042253,221561594.0
2026-08-13 09:45:00,0.0042253,0.0044367,0.0042253,0.0044217,524410135.0
2026-08-13 10:00:00,0.0044217,0.0047944,0.0044166,0.0046981,1303652382.0
2026-08-13 10:15:00,0.0046983,0.0049989,0.0046983,0.0049785,1154932985.0
2026-08-13 10:30:00,0.0049774,0.00544,0.0047634,0.0054073,2759086848.0
2026-08-13 10:45:00,0.0054074,0.0056742,0.0053361,0.0055848,1892083998.0
2026-08-13 11:00:00,0.0055885,0.0058187,0.0055421,0.0057736,1813552475.0
2026-08-13 11:15:00,0.0057736,0.0058993,0.0057,0.0058736,1523933444.0
2026-08-13 11:30:00,0.0058735,0.0059281,0.005405,0.0056959,2520859660.0
2026-08-13 11:45:00,0.0056959,0.0060855,0.005635,0.006058,2217025035.0
2026-08-13 12:00:00,0.0060579,0.00613,0.0056197,0.0057771,2346939869.0
2026-08-13 12:15:00,0.0057772,0.0058704,0.0050616,0.0050985,2879388859.0
2026-08-13 12:30:00,0.0050964,0.0054734,0.0047103,0.005449,4743928244.0
2026-08-13 12:45:00,0.0054491,0.0057418,0.0054016,0.0055174,2281733901.0
2026-08-13 13:00:00,0.0055153,0.0056999,0.0054242,0.0054859,1533928815.0
2026-08-13 13:15:00,0.0054864,0.0055998,0.00516,0.0055731,2163610958.0
2026-08-13 13:30:00,0.0055685,0.0057197,0.0053106,0.0055959,1873383963.0
2026-08-13 13:45:00,0.0055959,0.0058683,0.00555,0.0057636,1697234281.0
2026-08-13 14:00:00,0.0057636,0.0060077,0.0057165,0.0059624,1632031009.0
2026-08-13 14:15:00,0.005959,0.0063059,0.005922,0.0060852,2708044959.0
2026-08-13 14:30:00,0.0060877,0.0062725,0.0060031,0.0061222,1583152027.0
2026-08-13 14:45:00,0.006119,0.0063989,0.0060741,0.0061467,1554305039.0
2026-08-13 15:00:00,0.0061487,0.006464,0.00608,0.0063443,1647341182.0
2026-08-13 15:15:00,0.0063489,0.0063988,0.0062141,0.0063335,1181662081.0
2026-08-13 15:30:00,0.006336,0.0063588,0.00624,0.0063197,986261228.0
2026-08-13 15:45:00,0.0063165,0.0066296,0.00628,0.00652,2418890266.0
2026-08-13 16:00:00,0.00652,0.0066181,0.0062011,0.0064079,2135208190.0
2026-08-13 16:15:00,0.0064112,0.0064999,0.0062888,0.0064171,1065257580.0
2026-08-13 16:30:00,0.006415,0.0064335,0.006085,0.0062473,1574146776.0
2026-08-13 16:45:00,0.006247,0.0062531,0.0060536,0.0061882,1053628015.0
2026-08-13 17:00:00,0.0061861,0.0062657,0.0060328,0.0061038,1062543126.0
2026-08-13 17:15:00,0.0061064,0.0063455,0.0060812,0.0062042,1068947113.0
2026-08-13 17:30:00,0.0062011,0.0062228,0.0058603,0.0060745,1461929692.0
2026-08-13 17:45:00,0.0060757,0.0061395,0.0060007,0.0060793,653447093.0
2026-08-13 18:00:00,0.0060818,0.006082,0.0059441,0.0059633,582472583.0
2026-08-13 18:15:00,0.0059655,0.0065953,0.0059589,0.006505,1927003423.0
2026-08-13 18:30:00,0.0065058,0.0066997,0.00638,0.0064061,1576314435.0
2026-08-13 18:45:00,0.0064056,0.0066298,0.006403,0.0066032,903369182.0
2026-08-13 19:00:00,0.0066052,0.006789,0.0065855,0.0067725,1301457902.0
2026-08-13 19:15:00,0.0067709,0.006838,0.006666,0.0068011,1148093982.0
2026-08-13 19:30:00,0.0068029,0.0069999,0.0067528,0.0069536,1573594637.0
2026-08-13 19:45:00,0.0069556,0.009333,0.00682,0.0082788,8087570112.0
2026-08-13 20:00:00,0.0082788,0.008378,0.00661,0.0075116,5043678444.0
2026-08-13 20:15:00,0.0075159,0.0081468,0.0074381,0.0077656,2231275468.0
2026-08-13 20:30:00,0.0077655,0.0078666,0.0071797,0.0072814,1982739773.0
2026-08-13 20:45:00,0.0072781,0.0073831,0.00701,0.0071398,1602757087.0
2026-08-13 21:00:00,0.0071392,0.00755,0.0069051,0.0071466,1738370517.0
2026-08-13 21:15:00,0.0071468,0.0073408,0.0071,0.0071298,795851135.0
2026-08-13 21:30:00,0.0071298,0.0071308,0.0063553,0.0065959,2059534183.0
2026-08-13 21:45:00,0.0065963,0.00685,0.006477,0.0068436,825117806.0
2026-08-13 22:00:00,0.0068467,0.0069165,0.0065978,0.0066881,822217780.0
2026-08-13 22:15:00,0.0066862,0.0067145,0.006222,0.0063893,1291650860.0
2026-08-13 22:30:00,0.006389,0.0065072,0.00626,0.0063735,729927440.0
2026-08-13 22:45:00,0.006372,0.0064712,0.0062801,0.0063666,676893369.0
2026-08-13 23:00:00,0.0063664,0.0066757,0.0060013,0.0064489,2150512068.0
2026-08-13 23:15:00,0.0064487,0.0065249,0.0061016,0.0062306,964295547.0
2026-08-13 23:30:00,0.0062293,0.00664,0.0061201,0.0065815,896409737.0
2026-08-13 23:45:00,0.0065789,0.0069999,0.00652,0.0067701,1201974677.0
2026-08-14 00:00:00,0.0067701,0.0070993,0.0065823,0.0066602,1269605519.0
2026-08-14 00:15:00,0.0066601,0.0069888,0.006535,0.0069839,961039024.0
2026-08-14 00:30:00,0.0069839,0.0070435,0.0065022,0.0065159,923378989.0
2026-08-14 00:45:00,0.0065122,0.0068499,0.0065075,0.0068153,704300485.0
2026-08-14 01:00:00,0.0068144,0.0069776,0.0066837,0.0069574,498550402.0
2026-08-14 01:15:00,0.0069572,0.00705,0.0068625,0.0069767,496784168.0
2026-08-14 01:30:00,0.0069767,0.00725,0.0069418,0.0071274,823681717.0
2026-08-14 01:45:00,0.0071295,0.007186,0.0070022,0.0071651,470222652.0
2026-08-14 02:00:00,0.0071669,0.0072998,0.007104,0.0072543,615395852.0
2026-08-14 02:15:00,0.0072545,0.007372,0.0071217,0.007291,598290384.0
2026-08-14 02:30:00,0.007293,0.0074999,0.0072009,0.0074573,790308741.0
2026-08-14 02:45:00,0.0074574,0.0074662,0.0073003,0.0073521,549810325.0
2026-08-14 03:00:00,0.0073547,0.0076601,0.0072449,0.0075649,806015827.0
2026-08-14 03:15:00,0.0075628,0.0075937,0.0071262,0.007263,981640089.0
2026-08-14 03:30:00,0.0072596,0.0074764,0.007059,0.0073544,811413156.0
2026-08-14 03:45:00,0.0073524,0.007642,0.007315,0.0075296,592495364.0
2026-08-14 04:00:00,0.0075315,0.0078718,0.0074706,0.007783,1035455616.0
2026-08-14 04:15:00,0.0077815,0.0078158,0.0076333,0.007711,591989999.0
2026-08-14 04:30:00,0.0077099,0.00808,0.00757,0.0077354,1166722953.0
2026-08-14 04:45:00,0.0077354,0.0077708,0.0072286,0.0074972,1081714225.0
2026-08-14 05:00:00,0.0075,0.0077897,0.0073527,0.0077708,807046538.0
2026-08-14 05:15:00,0.0077743,0.0078316,0.007611,0.0077242,642230856.0
2026-08-14 05:30:00,0.0077243,0.008058,0.0077125,0.0079675,1008604273.0
2026-08-14 05:45:00,0.0079668,0.0081313,0.00789,0.0079398,808027323.0
2026-08-14 06:00:00,0.0079397,0.0083333,0.0078406,0.0082281,1263145524.0
2026-08-14 06:15:00,0.0082281,0.0082819,0.0080401,0.0081656,780951261.0
2026-08-14 06:30:00,0.0081653,0.0082329,0.0080136,0.0081724,593244745.0
2026-08-14 06:45:00,0.008172,0.00822,0.0075946,0.0079571,1137250773.0
2026-08-14 07:00:00,0.0079575,0.0080453,0.00766,0.007914,1026481951.0
2026-08-14 07:15:00,0.0079168,0.0079592,0.0077102,0.0078702,637895621.0
2026-08-14 07:30:00,0.00787,0.008174,0.0078456,0.0081441,858074534.0
2026-08-14 07:45:00,0.0081454,0.0081612,0.0074,0.0076118,1539452418.0
2026-08-14 08:00:00,0.0076118,0.0078252,0.0074811,0.0077264,1141587844.0
2026-08-14 08:15:00,0.0077262,0.0077278,0.0073247,0.0075066,1110476422.0
2026-08-14 08:30:00,0.0075066,0.0077874,0.0074516,0.0076696,798382356.0
2026-08-14 08:45:00,0.0076698,0.0079696,0.00763,0.0078853,816101802.0
2026-08-14 09:00:00,0.0078889,0.0079323,0.007775,0.0077968,427168887.0
2026-08-14 09:15:00,0.0077976,0.00792,0.0076175,0.0077062,662272923.0
2026-08-14 09:30:00,0.0077064,0.0078649,0.007663,0.0078089,445185964.0
2026-08-14 09:45:00,0.0078081,0.0080908,0.0078011,0.0080291,675761635.0
2026-08-14 10:00:00,0.0080263,0.0094973,0.0080118,0.0092846,4115414270.0
2026-08-14 10:15:00,0.0092846,0.0118,0.0090002,0.0094468,8012835700.0
2026-08-14 10:30:00,0.0094517,0.0102563,0.009045,0.0096226,3109097584.0
2026-08-14 10:45:00,0.0096226,0.0099466,0.009288,0.0095158,1595621613.0
2026-08-14 11:00:00,0.0095224,0.0097999,0.008712,0.0097467,1917755572.0
2026-08-14 11:15:00,0.0097465,0.0107739,0.0096187,0.010691,2019959293.0
2026-08-14 11:30:00,0.0106912,0.0114769,0.0103924,0.0111964,2268396493.0
2026-08-14 11:45:00,0.0111965,0.0115371,0.0107516,0.0110536,1760970859.0
2026-08-14 12:00:00,0.0110525,0.011585,0.010605,0.0113889,1788523833.0
2026-08-14 12:15:00,0.0113841,0.0116,0.0106038,0.010825,1527403036.0
2026-08-14 12:30:00,0.0108322,0.011199,0.0103035,0.0108927,1629421816.0
2026-08-14 12:45:00,0.0108927,0.0115878,0.0108304,0.0114548,1791306331.0
2026-08-14 13:00:00,0.0114548,0.0128203,0.0110346,0.0117306,3779013007.0
2026-08-14 13:15:00,0.0117306,0.0118498,0.011401,0.0115181,1374399430.0
2026-08-14 13:30:00,0.0115229,0.0119,0.011521,0.0117479,927930013.0
2026-08-14 13:45:00,0.011748,0.0123,0.0112806,0.0115188,1558329492.0
2026-08-14 14:00:00,0.0115193,0.01176,0.011241,0.0113427,1001528909.0
2026-08-14 14:15:00,0.0113431,0.0116348,0.0105504,0.010825,1804594678.0
2026-08-14 14:30:00,0.0108251,0.0112184,0.0106288,0.0109406,1110948814.0
2026-08-14 14:45:00,0.0109378,0.0114972,0.010925,0.011207,941428731.0
2026-08-14 15:00:00,0.0112045,0.0112045,0.0101698,0.0107124,1900955397.0
2026-08-14 15:15:00,0.0107119,0.01078,0.0100945,0.0106344,2102962470.0
2026-08-14 15:30:00,0.0106366,0.0108997,0.010323,0.0107149,980716363.0
2026-08-14 15:45:00,0.0107151,0.0110816,0.0106682,0.0108413,637019295.0
2026-08-14 16:00:00,0.0108448,0.011475,0.0107005,0.0110971,936871591.0
2026-08-14 16:15:00,0.0110942,0.0113154,0.0105801,0.0106098,700120548.0
2026-08-14 16:30:00,0.0106098,0.010972,0.01058,0.0109503,518848707.0
2026-08-14 16:45:00,0.0109502,0.01108,0.0098307,0.0101522,1223502780.0
2026-08-14 17:00:00,0.010156,0.0103445,0.0098031,0.0100703,902381761.0
2026-08-14 17:15:00,0.0100665,0.0100968,0.0092319,0.0098001,1106002667.0
2026-08-14 17:30:00,0.0097996,0.0118576,0.0097513,0.011703,1810076788.0
2026-08-14 17:45:00,0.0117049,0.0136269,0.0113917,0.0125497,2795291363.0
2026-08-14 18:00:00,0.0125543,0.0163,0.0122,0.0145462,3855227373.0
2026-08-14 18:15:00,0.014559,0.0147043,0.0097595,0.011045,4554653697.0
2026-08-14 18:30:00,0.0110524,0.0119982,0.0077,0.0087203,6193346493.0
2026-08-14 18:45:00,0.0087186,0.0106789,0.00786,0.0102761,3501702933.0
2026-08-14 19:00:00,0.0102761,0.0109,0.01,0.0103197,1358882930.0
2026-08-14 19:15:00,0.0103194,0.0104424,0.0100067,0.0102846,925285700.0
2026-08-14 19:30:00,0.010284,0.011433,0.0102621,0.0108194,1488295865.0
2026-08-14 19:45:00,0.0108299,0.010972,0.0087502,0.0100027,1920092534.0
2026-08-14 20:00:00,0.0100011,0.0100784,0.00936,0.0100253,722448151.0
2026-08-14 20:15:00,0.0100253,0.01028,0.0097,0.0098786,444990591.0
2026-08-14 20:30:00,0.0098788,0.01006,0.0096344,0.0098651,297577840.0
2026-08-14 20:45:00,0.0098599,0.0102291,0.0098069,0.009854,331959944.0
2026-08-14 21:00:00,0.0098546,0.0103188,0.009616,0.0101947,439375894.0
2026-08-14 21:15:00,0.0102023,0.0106381,0.0100037,0.0101769,561854962.0
2026-08-14 21:30:00,0.0101769,0.0104327,0.0097822,0.0103597,374111859.0
2026-08-14 21:45:00,0.0103614,0.0107287,0.010216,0.010568,371440778.0
2026-08-14 22:00:00,0.0105722,0.0107891,0.0103415,0.0106814,324459186.0
2026-08-14 22:15:00,0.0106784,0.0107583,0.0104207,0.010608,265807508.0
2026-08-14 22:30:00,0.0106053,0.0106229,0.010315,0.0104722,300853051.0
2026-08-14 22:45:00,0.0104743,0.010833,0.0104743,0.0106109,308250956.0
2026-08-14 23:00:00,0.0106098,0.0107457,0.0103727,0.0105966,267416678.0
2026-08-14 23:15:00,0.0105938,0.0107699,0.0104853,0.010686,214870100.0
2026-08-14 23:30:00,0.0106863,0.0107195,0.0104874,0.0105699,215756012.0
2026-08-14 23:45:00,0.0105699,0.0106522,0.0104392,0.0105821,220238458.0
2026-08-15 00:00:00,0.0105829,0.0106481,0.0096899,0.0101401,656224175.0
2026-08-15 00:15:00,0.010134,0.0105403,0.0100333,0.0104209,422778747.0
2026-08-15 00:30:00,0.0104213,0.0105268,0.0101,0.010248,298710830.0
2026-08-15 00:45:00,0.0102502,0.0108989,0.0102416,0.010546,419380851.0
2026-08-15 01:00:00,0.010547,0.01059,0.00988,0.0100064,438292887.0
2026-08-15 01:15:00,0.0100125,0.010075,0.0097633,0.0100031,456050107.0
2026-08-15 01:30:00,0.0100038,0.0102105,0.0099086,0.0100454,309356340.0
2026-08-15 01:45:00,0.0100422,0.0101557,0.0099018,0.0101086,222680699.0
2026-08-15 02:00:00,0.0101109,0.0103143,0.0099599,0.010025,338600498.0
2026-08-15 02:15:00,0.0100274,0.010167,0.0099726,0.0101299,224767051.0
2026-08-15 02:30:00,0.0101304,0.0101349,0.0098031,0.009932,312358186.0
2026-08-15 02:45:00,0.0099296,0.0102133,0.0099254,0.0100725,270754422.0
2026-08-15 03:00:00,0.0100738,0.0100888,0.00906,0.0095323,790648961.0
2026-08-15 03:15:00,0.0095344,0.0096597,0.0094382,0.0095302,297371951.0
2026-08-15 03:30:00,0.0095322,0.0095606,0.0093302,0.0094883,259739313.0
2026-08-15 03:45:00,0.0094881,0.0104999,0.00947,0.010319,666571040.0
2026-08-15 04:00:00,0.0103188,0.0105795,0.010046,0.0103488,503124803.0
2026-08-15 04:15:00,0.0103494,0.0104,0.0100334,0.0102485,312228524.0
2026-08-15 04:30:00,0.0102501,0.0107309,0.0100771,0.0101449,507484344.0
2026-08-15 04:45:00,0.0101449,0.0102121,0.0097595,0.010026,385651572.0
2026-08-15 05:00:00,0.0100262,0.01025,0.0099776,0.0101894,240995141.0
2026-08-15 05:15:00,0.0101894,0.0105252,0.0101528,0.0101973,332364511.0
2026-08-15 05:30:00,0.0101965,0.0103239,0.010044,0.0102065,268382810.0
2026-08-15 05:45:00,0.0102033,0.010226,0.0095679,0.0096064,431739071.0
2026-08-15 06:00:00,0.0096065,0.009949,0.0096,0.009661,240162033.0
2026-08-15 06:15:00,0.009661,0.0097906,0.009265,0.009605,382227777.0
2026-08-15 06:30:00,0.009605,0.009699,0.0093727,0.009692,209729552.0
2026-08-15 06:45:00,0.009694,0.009698,0.009401,0.009501,143708726.0
2026-08-15 07:00:00,0.009508,0.009676,0.009266,0.009494,280259541.0
2026-08-15 07:15:00,0.009494,0.009559,0.009006,0.009449,396832950.0
2026-08-15 07:30:00,0.00945,0.009453,0.0091,0.009338,209980744.0
2026-08-15 07:45:00,0.009339,0.00996,0.009339,0.009495,339172731.0
2026-08-15 08:00:00,0.009495,0.009672,0.0094,0.009516,168907086.0
2026-08-15 08:15:00,0.009518,0.009796,0.00944,0.009759,210857276.0
2026-08-15 08:30:00,0.009759,0.0098674,0.009606,0.009813,180146384.0
2026-08-15 08:45:00,0.009812,0.010198,0.009666,0.009832,301747327.0
2026-08-15 09:00:00,0.009836,0.010845,0.009809,0.010485,570426030.0
2026-08-15 09:15:00,0.010491,0.011267,0.0100609,0.011115,516154381.0
2026-08-15 09:30:00,0.011115,0.011482,0.009921,0.010026,825841618.0
2026-08-15 09:45:00,0.010026,0.010377,0.009622,0.010352,583828489.0
2026-08-15 10:00:00,0.010346,0.010684,0.010236,0.010424,327433367.0
2026-08-15 10:15:00,0.010424,0.010469,0.010125,0.010438,266568781.0
2026-08-15 10:30:00,0.010438,0.010597,0.009786,0.009989,348823371.0
2026-08-15 10:45:00,0.0099925,0.01052,0.009922,0.010321,267751109.0
2026-08-15 11:00:00,0.010317,0.010621,0.010143,0.01038,208711270.0
2026-08-15 11:15:00,0.01038,0.010834,0.010331,0.010671,316499207.0
2026-08-15 11:30:00,0.010672,0.010764,0.010402,0.010454,167803629.0
2026-08-15 11:45:00,0.010454,0.0106,0.010214,0.010288,176174127.0
2026-08-15 12:00:00,0.010286,0.010375,0.0099596,0.010033,238800048.0
2026-08-15 12:15:00,0.010033,0.010239,0.009623,0.010074,406095044.0
2026-08-15 12:30:00,0.010068,0.010123,0.009888,0.010076,164246676.0
2026-08-15 12:45:00,0.010076,0.010181,0.009913,0.010079,131169673.0
2026-08-15 13:00:00,0.010079,0.010266,0.00997,0.010233,134278171.0
2026-08-15 13:15:00,0.010233,0.010476,0.0101119,0.010405,184588983.0
2026-08-15 13:30:00,0.010405,0.010585,0.010342,0.01057,185322442.0
2026-08-15 13:45:00,0.01057,0.010637,0.010401,0.010554,146406280.0
2026-08-15 14:00:00,0.010556,0.010611,0.010346,0.010463,140211059.0
2026-08-15 14:15:00,0.010461,0.010689,0.010316,0.010605,189495056.0
2026-08-15 14:30:00,0.010606,0.010808,0.010507,0.010636,148021098.0
2026-08-15 14:45:00,0.010634,0.0106888,0.010512,0.010607,108405410.0
2026-08-15 15:00:00,0.010607,0.010673,0.010387,0.010498,158528181.0
2026-08-15 15:15:00,0.010499,0.010515,0.010339,0.010394,99864236.0
2026-08-15 15:30:00,0.010393,0.0106,0.010344,0.01039,107645454.0
2026-08-15 15:45:00,0.010392,0.010598,0.010224,0.010566,173563177.0
2026-08-15 16:00:00,0.010566,0.010671,0.010002,0.010108,277090058.0
2026-08-15 16:15:00,0.010108,0.010285,0.01002,0.010073,160442041.0
2026-08-15 16:30:00,0.010072,0.010148,0.00997,0.01004,162354508.0
2026-08-15 16:45:00,0.01004,0.010106,0.009843,0.009909,163335901.0
2026-08-15 17:00:00,0.009907,0.010106,0.009907,0.010008,128948028.0
2026-08-15 17:15:00,0.010005,0.010076,0.009677,0.009862,217768004.0
2026-08-15 17:30:00,0.009865,0.009996,0.0097869,0.009916,128217462.0
2026-08-15 17:45:00,0.009913,0.01008,0.009738,0.009926,144451693.0
2026-08-15 18:00:00,0.009926,0.010031,0.009889,0.00997,109738988.0
2026-08-15 18:15:00,0.00997,0.010691,0.009966,0.01052,377640470.0
2026-08-15 18:30:00,0.010518,0.011295,0.010517,0.011124,678921766.0
2026-08-15 18:45:00,0.011131,0.011498,0.010923,0.01126,524538144.0
2026-08-15 19:00:00,0.011259,0.01169,0.01104,0.011288,479584326.0
2026-08-15 19:15:00,0.011288,0.011645,0.0112379,0.011527,250056720.0
2026-08-15 19:30:00,0.011529,0.01169,0.011153,0.011626,270602391.0
2026-08-15 19:45:00,0.011622,0.011851,0.011225,0.011226,308463092.0
2026-08-15 20:00:00,0.011225,0.01128,0.010225,0.010314,545708789.0
2026-08-15 20:15:00,0.010314,0.010366,0.01,0.010085,319342952.0
2026-08-15 20:30:00,0.010084,0.010292,0.009961,0.010207,285297473.0
2026-08-15 20:45:00,0.010207,0.0102531,0.010026,0.010088,152085611.0
2026-08-15 21:00:00,0.010089,0.010276,0.00998,0.010177,169469756.0
2026-08-15 21:15:00,0.010181,0.0103936,0.01015,0.010234,136175014.0
2026-08-15 21:30:00,0.010237,0.010485,0.01016,0.010378,107484437.0
2026-08-15 21:45:00,0.010377,0.01076,0.010366,0.010474,180450399.0
2026-08-15 22:00:00,0.010475,0.010593,0.010406,0.010489,90738125.0
2026-08-15 22:15:00,0.01049,0.01068,0.01049,0.010626,98645032.0
2026-08-15 22:30:00,0.010625,0.0106508,0.010304,0.010351,136522110.0
2026-08-15 22:45:00,0.010353,0.01048,0.010346,0.010434,69125149.0
2026-08-15 23:00:00,0.010433,0.010545,0.010405,0.010436,75542007.0
2026-08-15 23:15:00,0.010438,0.01046,0.010333,0.010355,75804781.0
2026-08-15 23:30:00,0.010354,0.010354,0.010156,0.010218,129504277.0
2026-08-15 23:45:00,0.010217,0.010225,0.010052,0.010134,93824409.0
2026-08-16 00:00:00,0.010134,0.0104,0.010128,0.010389,131525322.0
2026-08-16 00:15:00,0.010389,0.0107,0.010328,0.010668,169861760.0
2026-08-16 00:30:00,0.010668,0.010677,0.01049,0.010595,91555605.0
2026-08-16 00:45:00,0.010596,0.010598,0.010266,0.010319,111948688.0
2026-08-16 01:00:00,0.010317,0.010573,0.010266,0.01053,133562160.0
2026-08-16 01:15:00,0.010525,0.010599,0.010372,0.010474,82985246.0
2026-08-16 01:30:00,0.010474,0.010639,0.010425,0.010474,120734381.0
2026-08-16 01:45:00,0.010476,0.010623,0.010459,0.010602,79466045.0
2026-08-16 02:00:00,0.010603,0.010971,0.010445,0.010623,242599296.0
2026-08-16 02:15:00,0.010623,0.010689,0.0105,0.010663,68136595.0
2026-08-16 02:30:00,0.010668,0.010672,0.01028,0.010287,121501126.0
2026-08-16 02:45:00,0.010286,0.010366,0.009947,0.009956,246807672.0
2026-08-16 03:00:00,0.00996,0.010197,0.009804,0.009976,340548461.0
2026-08-16 03:15:00,0.009975,0.010123,0.009888,0.009916,144420460.0
2026-08-16 03:30:00,0.009915,0.010103,0.009883,0.009978,123244072.0
2026-08-16 03:45:00,0.009978,0.010432,0.009978,0.010155,195794044.0
2026-08-16 04:00:00,0.010149,0.010162,0.009954,0.010097,118131125.0
2026-08-16 04:15:00,0.010095,0.010095,0.00986,0.010008,109488725.0
2026-08-16 04:30:00,0.010009,0.010088,0.009747,0.010056,180426532.0
2026-08-16 04:45:00,0.010055,0.010226,0.009843,0.009942,160317612.0
2026-08-16 05:00:00,0.009942,0.010101,0.009912,0.010025,89076156.0
2026-08-16 05:15:00,0.010025,0.010072,0.009709,0.009804,165015993.0
2026-08-16 05:30:00,0.009805,0.009956,0.009787,0.009867,99005380.0
2026-08-16 05:45:00,0.009867,0.009895,0.009546,0.009732,286000350.0
2026-08-16 06:00:00,0.009731,0.009789,0.009507,0.009734,187049314.0
2026-08-16 06:15:00,0.009734,0.009765,0.009567,0.009629,118865728.0
2026-08-16 06:30:00,0.00963,0.009839,0.009595,0.009672,176938568.0
2026-08-16 06:45:00,0.009672,0.01049,0.009622,0.010472,416928855.0
2026-08-16 07:00:00,0.010475,0.010674,0.010102,0.010115,439929188.0
2026-08-16 07:15:00,0.010109,0.0102,0.009609,0.009729,450635135.0
2026-08-16 07:30:00,0.009727,0.009853,0.009572,0.009592,252394481.0
2026-08-16 07:45:00,0.009591,0.009758,0.009577,0.00972,116418678.0
2026-08-16 08:00:00,0.009721,0.0099428,0.009701,0.0097569,180402201.0
2026-08-16 08:15:00,0.009759,0.009869,0.009581,0.009632,183855323.0
2026-08-16 08:30:00,0.009632,0.0097478,0.0091,0.009613,631256758.0
2026-08-16 08:45:00,0.009616,0.00989,0.009562,0.009586,302026064.0
2026-08-16 09:00:00,0.009587,0.009608,0.009268,0.009319,323117307.0
2026-08-16 09:15:00,0.009324,0.009483,0.00921,0.00929,267112983.0
2026-08-16 09:30:00,0.009293,0.009387,0.009171,0.009258,194108264.0
2026-08-16 09:45:00,0.009257,0.009536,0.0092,0.009456,253435716.0
2026-08-16 10:00:00,0.009455,0.009534,0.009265,0.009288,162020292.0
2026-08-16 10:15:00,0.009287,0.009359,0.008592,0.00907,677621507.0
2026-08-16 10:30:00,0.009073,0.009778,0.009068,0.009421,608301267.0
2026-08-16 10:45:00,0.009428,0.009484,0.009122,0.009174,329535037.0
2026-08-16 11:00:00,0.009175,0.009335,0.009105,0.009189,168218908.0
2026-08-16 11:15:00,0.00919,0.009387,0.009145,0.009355,133093235.0
2026-08-16 11:30:00,0.009358,0.009435,0.00928,0.009331,106420271.0
2026-08-16 11:45:00,0.00933,0.00945,0.009302,0.009371,87634668.0
2026-08-16 12:00:00,0.00937,0.0096,0.00933,0.009368,207684105.0
2026-08-16 12:15:00,0.009366,0.009378,0.009101,0.009229,240883942.0
2026-08-16 12:30:00,0.009229,0.009321,0.009099,0.009139,130048042.0
2026-08-16 12:45:00,0.009138,0.009188,0.00904,0.009106,152424663.0
2026-08-16 13:00:00,0.009105,0.009183,0.008976,0.009111,157668628.0
2026-08-16 13:15:00,0.009111,0.00968,0.009068,0.009591,274464920.0
2026-08-16 13:30:00,0.009595,0.009764,0.009456,0.009654,328394547.0
2026-08-16 13:45:00,0.009657,0.009664,0.009422,0.009585,191593716.0
2026-08-16 14:00:00,0.009585,0.009878,0.0095,0.0098,206297162.0
2026-08-16 14:15:00,0.009799,0.00989,0.009654,0.009769,200220041.0
2026-08-16 14:30:00,0.009771,0.009792,0.009551,0.009703,193350831.0
2026-08-16 14:45:00,0.009702,0.009727,0.009476,0.009543,137323279.0
2026-08-16 15:00:00,0.009549,0.009689,0.009511,0.009638,122617440.0
2026-08-16 15:15:00,0.009641,0.009729,0.00963,0.009663,92290508.0
2026-08-16 15:30:00,0.009664,0.01,0.009509,0.009866,209729514.0
2026-08-16 15:45:00,0.009866,0.010111,0.009859,0.010076,256267490.0
2026-08-16 16:00:00,0.010079,0.010199,0.01003,0.010081,217948039.0
2026-08-16 16:15:00,0.010084,0.010169,0.009786,0.009842,208645441.0
2026-08-16 16:30:00,0.009845,0.00992,0.009669,0.009859,159565822.0
2026-08-16 16:45:00,0.009857,0.010091,0.009832,0.009985,98576865.0
2026-08-16 17:00:00,0.009986,0.010199,0.009941,0.010101,140243878.0
2026-08-16 17:15:00,0.010103,0.010315,0.009988,0.010093,191999457.0
2026-08-16 17:30:00,0.010094,0.010162,0.009906,0.009971,105112751.0
2026-08-16 17:45:00,0.009971,0.010385,0.009965,0.010238,173419802.0
2026-08-16 18:00:00,0.010243,0.010313,0.010102,0.010118,124593396.0
2026-08-16 18:15:00,0.010117,0.01022,0.009984,0.01003,103243867.0
2026-08-16 18:30:00,0.01003,0.010179,0.009959,0.010139,127870215.0
2026-08-16 18:45:00,0.010139,0.010166,0.009962,0.009997,86359942.0
2026-08-16 19:00:00,0.009997,0.0102,0.009997,0.010072,120685263.0
2026-08-16 19:15:00,0.010071,0.010074,0.009888,0.009969,118666060.0
2026-08-16 19:30:00,0.009971,0.010032,0.009912,0.009978,63299576.0
2026-08-16 19:45:00,0.009978,0.010042,0.009806,0.009894,100809984.0
2026-08-16 20:00:00,0.009894,0.010193,0.009877,0.010141,137017765.0
2026-08-16 20:15:00,0.010144,0.010224,0.009899,0.009911,101939130.0
2026-08-16 20:30:00,0.009911,0.0100155,0.009895,0.009933,53621102.0
2026-08-16 20:45:00,0.009933,0.010076,0.009916,0.010028,63897441.0
2026-08-16 21:00:00,0.010027,0.0100785,0.009986,0.010023,37262079.0
2026-08-16 21:15:00,0.010022,0.010024,0.00981,0.009934,131369632.0
2026-08-16 21:30:00,0.009935,0.009945,0.009816,0.009894,55948689.0
2026-08-16 21:45:00,0.009894,0.010205,0.009884,0.01012,122806665.0
2026-08-16 22:00:00,0.010119,0.010127,0.009832,0.009863,105163635.0
2026-08-16 22:15:00,0.009863,0.009886,0.009769,0.009784,88906193.0
2026-08-16 22:30:00,0.009785,0.009847,0.009726,0.009796,68104218.0
2026-08-16 22:45:00,0.009798,0.00987,0.009775,0.009792,67249457.0
2026-08-16 23:00:00,0.009793,0.009858,0.009749,0.009806,54045800.0
2026-08-16 23:15:00,0.009806,0.0099474,0.009805,0.009921,63601192.0
2026-08-16 23:30:00,0.009921,0.01005,0.009871,0.010013,96898600.0
2026-08-16 23:45:00,0.010012,0.010034,0.009796,0.009801,81281825.0
2026-08-17 00:00:00,0.009801,0.00998,0.009703,0.009959,151830818.0
2026-08-17 00:15:00,0.009957,0.00997,0.009844,0.009896,74658414.0
2026-08-17 00:30:00,0.009897,0.009957,0.009854,0.009919,47751480.0
2026-08-17 00:45:00,0.009918,0.009974,0.009884,0.00992,35119513.0
2026-08-17 01:00:00,0.009921,0.009979,0.009841,0.009954,58561305.0
2026-08-17 01:15:00,0.009953,0.009998,0.009583,0.009659,211177981.0
2026-08-17 01:30:00,0.009659,0.010172,0.009608,0.010133,219762638.0
2026-08-17 01:45:00,0.010134,0.010209,0.009924,0.010054,190988201.0
2026-08-17 02:00:00,0.010053,0.010065,0.009846,0.009879,87236903.0
2026-08-17 02:15:00,0.009878,0.01005,0.00982,0.010007,80960363.0
2026-08-17 02:30:00,0.010006,0.010224,0.009988,0.010198,97688072.0
2026-08-17 02:45:00,0.010197,0.010339,0.01005,0.010272,138480798.0
2026-08-17 03:00:00,0.010272,0.010462,0.010204,0.010306,150924874.0
2026-08-17 03:15:00,0.010309,0.010357,0.010155,0.010178,76574109.0
2026-08-17 03:30:00,0.010179,0.010314,0.010134,0.010225,73410235.0
2026-08-17 03:45:00,0.010224,0.010264,0.010064,0.010119,81549733.0
2026-08-17 04:00:00,0.010116,0.010169,0.009959,0.010019,81737027.0
2026-08-17 04:15:00,0.010019,0.01008,0.009968,0.010014,47334004.0
2026-08-17 04:30:00,0.010014,0.010286,0.010005,0.010173,83536134.0
2026-08-17 04:45:00,0.010175,0.010238,0.010045,0.010065,69490536.0
2026-08-17 05:00:00,0.010067,0.010108,0.009838,0.010041,156325018.0
2026-08-17 05:15:00,0.010043,0.010379,0.009997,0.010293,144833404.0
2026-08-17 05:30:00,0.010295,0.0104,0.010215,0.010251,120048054.0
2026-08-17 05:45:00,0.010252,0.0103,0.010158,0.010277,62142495.0
2026-08-17 06:00:00,0.010278,0.010283,0.010098,0.010111,65872849.0
2026-08-17 06:15:00,0.010109,0.01016,0.010002,0.010146,86275227.0
2026-08-17 06:30:00,0.010146,0.010446,0.010146,0.010259,127505676.0
2026-08-17 06:45:00,0.010259,0.010299,0.00993,0.01002,228845469.0
2026-08-17 07:00:00,0.01002,0.010297,0.01002,0.010237,135352106.0
2026-08-17 07:15:00,0.010237,0.01037,0.010185,0.010344,100312217.0
2026-08-17 07:30:00,0.010345,0.010367,0.010244,0.010334,66660364.0
2026-08-17 07:45:00,0.010335,0.010498,0.010286,0.010363,113340985.0
2026-08-17 08:00:00,0.010363,0.010754,0.010306,0.010528,306442405.0
2026-08-17 08:15:00,0.010524,0.010535,0.01016,0.010267,185670525.0
2026-08-17 08:30:00,0.010267,0.010475,0.010205,0.010301,115384143.0
2026-08-17 08:45:00,0.0103,0.010376,0.010111,0.010148,113496433.0
2026-08-17 09:00:00,0.010149,0.010322,0.010075,0.010231,138264239.0
2026-08-17 09:15:00,0.010231,0.010326,0.0101,0.010128,103904462.0
2026-08-17 09:30:00,0.010129,0.010314,0.009969,0.010125,263884484.0
2026-08-17 09:45:00,0.010125,0.01018,0.010026,0.010156,90660997.0
2026-08-17 10:00:00,0.010157,0.010188,0.010038,0.010127,89435595.0
2026-08-17 10:15:00,0.010127,0.010299,0.010071,0.010157,123990017.0
2026-08-17 10:30:00,0.010156,0.01017,0.010027,0.010159,88953800.0
2026-08-17 10:45:00,0.010157,0.010164,0.01,0.010021,107645098.0
2026-08-17 11:00:00,0.010023,0.010085,0.009904,0.009923,127023603.0
2026-08-17 11:15:00,0.009922,0.010053,0.009841,0.009942,153545514.0
2026-08-17 11:30:00,0.009941,0.0101,0.009902,0.010064,65053978.0
2026-08-17 11:45:00,0.010066,0.010312,0.010034,0.010122,151547419.0
2026-08-17 12:00:00,0.010118,0.010255,0.010101,0.010236,80768435.0
2026-08-17 12:15:00,0.010236,0.010265,0.010022,0.010052,94654708.0
2026-08-17 12:30:00,0.010053,0.010107,0.009995,0.010001,75331108.0
2026-08-17 12:45:00,0.010001,0.010196,0.009975,0.010174,104220513.0
2026-08-17 13:00:00,0.010174,0.010275,0.010105,0.01014,121185819.0
2026-08-17 13:15:00,0.010138,0.010198,0.01008,0.010112,66528740.0
2026-08-17 13:30:00,0.01011,0.010209,0.010088,0.010197,61288402.0
2026-08-17 13:45:00,0.010196,0.010213,0.01,0.010035,107094938.0
2026-08-17 14:00:00,0.010035,0.010116,0.009892,0.01009,114318337.0
2026-08-17 14:15:00,0.010089,0.010192,0.009918,0.009984,138416865.0
2026-08-17 14:30:00,0.009982,0.010001,0.009865,0.009897,58903345.0
2026-08-17 14:45:00,0.009894,0.010003,0.009858,0.009997,64703492.0
2026-08-17 15:00:00,0.009999,0.010021,0.009916,0.009984,43465841.0
2026-08-17 15:15:00,0.009984,0.010024,0.0098928,0.009924,40855047.0
2026-08-17 15:30:00,0.009923,0.009964,0.009739,0.009866,126669484.0
2026-08-17 15:45:00,0.009865,0.009865,0.009673,0.009767,102673923.0
2026-08-17 16:00:00,0.009767,0.009983,0.009703,0.009945,119004918.0
2026-08-17 16:15:00,0.009945,0.009977,0.009754,0.009783,64417801.0
2026-08-17 16:30:00,0.009783,0.009879,0.009767,0.009831,50470573.0
2026-08-17 16:45:00,0.009832,0.0098928,0.0097,0.009762,60366198.0
2026-08-17 17:00:00,0.00976,0.009799,0.0097,0.009782,56746328.0
2026-08-17 17:15:00,0.009783,0.009795,0.009643,0.009667,78375434.0
2026-08-17 17:30:00,0.009667,0.009819,0.009648,0.009811,61650727.0
2026-08-17 17:45:00,0.009811,0.009896,0.009735,0.009764,73301333.0
2026-08-17 18:00:00,0.009762,0.009824,0.009713,0.009787,37179476.0
2026-08-17 18:15:00,0.00979,0.009861,0.009705,0.009847,39655024.0
2026-08-17 18:30:00,0.009848,0.009873,0.009711,0.009715,43837518.0
2026-08-17 18:45:00,0.009715,0.009784,0.009664,0.009769,60515894.0
2026-08-17 19:00:00,0.009769,0.009928,0.009735,0.00985,56429414.0
2026-08-17 19:15:00,0.009851,0.009906,0.009806,0.0099,48486900.0
2026-08-17 19:30:00,0.0099,0.010286,0.0099,0.010135,234079939.0
2026-08-17 19:45:00,0.010134,0.010136,0.009966,0.010021,93248850.0
2026-08-17 20:00:00,0.010024,0.010052,0.009535,0.009561,209746372.0
2026-08-17 20:15:00,0.009559,0.009565,0.00882,0.008931,714778829.0
2026-08-17 20:30:00,0.008934,0.008956,0.008138,0.008279,1107158663.0
2026-08-17 20:45:00,0.008274,0.009378,0.008199,0.009074,1223986877.0
2026-08-17 21:00:00,0.009075,0.00914,0.008736,0.009109,384153741.0
2026-08-17 21:15:00,0.009111,0.0096,0.009012,0.0094,482641835.0
2026-08-17 21:30:00,0.009406,0.009422,0.009001,0.009045,173796470.0
2026-08-17 21:45:00,0.009045,0.009134,0.008818,0.008986,206959702.0
2026-08-17 22:00:00,0.008987,0.008988,0.008803,0.008895,171903923.0
2026-08-17 22:15:00,0.008894,0.009074,0.008803,0.008943,166375078.0
2026-08-17 22:30:00,0.008945,0.008945,0.008593,0.008662,156330327.0
2026-08-17 22:45:00,0.008665,0.00885,0.008665,0.008825,115651452.0
2026-08-17 23:00:00,0.008824,0.008847,0.008742,0.008762,72317180.0
2026-08-17 23:15:00,0.008765,0.008974,0.008764,0.008912,113540445.0
2026-08-17 23:30:00,0.008914,0.008957,0.0088032,0.008819,82474596.0
2026-08-17 23:45:00,0.008818,0.008899,0.008741,0.008872,81222915.0
2026-08-18 00:00:00,0.008872,0.009041,0.008806,0.008837,120527035.0
2026-08-18 00:15:00,0.008838,0.009272,0.008837,0.009068,200167143.0
2026-08-18 00:30:00,0.009068,0.009123,0.008893,0.009031,89233708.0
2026-08-18 00:45:00,0.009031,0.009179,0.00901,0.009058,88745744.0
2026-08-18 01:00:00,0.009057,0.009076,0.008725,0.008737,133514208.0
2026-08-18 01:15:00,0.008737,0.008885,0.008729,0.008858,88704180.0
2026-08-18 01:30:00,0.008858,0.008897,0.008616,0.008672,137779913.0
2026-08-18 01:45:00,0.008672,0.008821,0.008629,0.008742,139303926.0
2026-08-18 02:00:00,0.008741,0.008818,0.008686,0.008759,73170668.0
2026-08-18 02:15:00,0.00876,0.008818,0.008701,0.008756,97084307.0
2026-08-18 02:30:00,0.008756,0.008853,0.0086935,0.00874,111643249.0
2026-08-18 02:45:00,0.00874,0.008822,0.008543,0.008577,166757179.0
2026-08-18 03:00:00,0.008578,0.008649,0.008501,0.008574,126671482.0
2026-08-18 03:15:00,0.008575,0.0086,0.008526,0.008558,62680005.0
2026-08-18 03:30:00,0.008558,0.008633,0.008534,0.008558,76947272.0
2026-08-18 03:45:00,0.00856,0.008886,0.008556,0.008873,150587256.0
2026-08-18 04:00:00,0.008873,0.008899,0.00835,0.008461,195797306.0
2026-08-18 04:15:00,0.008459,0.0085,0.008321,0.008363,135204126.0
2026-08-18 04:30:00,0.008362,0.008448,0.0083,0.008419,128459740.0
2026-08-18 04:45:00,0.008418,0.008455,0.008283,0.0083,114194418.0
2026-08-18 05:00:00,0.008299,0.008404,0.00828,0.008301,106986737.0
2026-08-18 05:15:00,0.008303,0.008405,0.008303,0.008363,65831544.0
2026-08-18 05:30:00,0.008364,0.008429,0.008271,0.008421,98680468.0
2026-08-18 05:45:00,0.008421,0.008469,0.008358,0.008447,85602128.0
2026-08-18 06:00:00,0.008446,0.008616,0.008395,0.008395,175504949.0
2026-08-18 06:15:00,0.008395,0.008537,0.008384,0.00842,78636877.0
2026-08-18 06:30:00,0.008419,0.008425,0.008307,0.00834,91410845.0
2026-08-18 06:45:00,0.00834,0.008372,0.008301,0.008309,75195178.0
2026-08-18 07:00:00,0.008309,0.008418,0.008287,0.00831,88048634.0
2026-08-18 07:15:00,0.008312,0.00925,0.008312,0.008612,610297581.0
2026-08-18 07:30:00,0.008615,0.00945,0.008596,0.0094,546700044.0
2026-08-18 07:45:00,0.009398,0.010151,0.009372,0.009485,867888265.0
2026-08-18 08:00:00,0.009484,0.00952,0.0089164,0.009204,521089067.0
2026-08-18 08:15:00,0.009205,0.009312,0.009021,0.00908,265244183.0
2026-08-18 08:30:00,0.009084,0.00935,0.009078,0.009239,159600283.0
2026-08-18 08:45:00,0.009237,0.009415,0.009148,0.00923,173080849.0
2026-08-18 09:00:00,0.009233,0.009345,0.009168,0.009193,93074543.0
2026-08-18 09:15:00,0.009191,0.009799,0.009177,0.009693,239471648.0
2026-08-18 09:30:00,0.009696,0.009774,0.009565,0.009603,197841157.0
2026-08-18 09:45:00,0.009604,0.00985,0.009554,0.009765,184645336.0
2026-08-18 10:00:00,0.009766,0.009893,0.009645,0.009863,169401424.0
2026-08-18 10:15:00,0.009863,0.009957,0.009509,0.009581,234240520.0
2026-08-18 10:30:00,0.009583,0.009618,0.00943,0.009477,163798739.0
2026-08-18 10:45:00,0.009477,0.009568,0.009402,0.009528,87827319.0
2026-08-18 11:00:00,0.009529,0.009606,0.009449,0.009517,74683464.0
2026-08-18 11:15:00,0.009517,0.009744,0.009479,0.009711,91854033.0
2026-08-18 11:30:00,0.009708,0.009819,0.009576,0.009669,119770037.0
2026-08-18 11:45:00,0.009672,0.009874,0.009672,0.009815,106593260.0
2026-08-18 12:00:00,0.009815,0.009883,0.009436,0.009487,160164355.0
2026-08-18 12:15:00,0.009486,0.009486,0.009252,0.009432,163402818.0
2026-08-18 12:30:00,0.009431,0.009586,0.009415,0.009537,104541657.0
2026-08-18 12:45:00,0.009537,0.009615,0.009475,0.009534,75249036.0
2026-08-18 13:00:00,0.009536,0.00964,0.009522,0.009596,56943112.0
2026-08-18 13:15:00,0.009594,0.009747,0.009565,0.009714,86784846.0
2026-08-18 13:30:00,0.009713,0.009737,0.009592,0.009672,92943792.0
2026-08-18 13:45:00,0.009672,0.009755,0.009633,0.009676,64377911.0
2026-08-18 14:00:00,0.009674,0.009888,0.009581,0.009672,173484502.0
2026-08-18 14:15:00,0.009672,0.01015,0.009639,0.009909,318908983.0
2026-08-18 14:30:00,0.009909,0.009909,0.009711,0.009777,101371456.0
2026-08-18 14:45:00,0.009776,0.009816,0.009592,0.009626,90777852.0
2026-08-18 15:00:00,0.009629,0.009917,0.009491,0.009746,209469914.0
2026-08-18 15:15:00,0.009748,0.00982,0.00957,0.009615,74492930.0
2026-08-18 15:30:00,0.009615,0.009684,0.00944,0.009492,92620652.0
2026-08-18 15:45:00,0.009492,0.009517,0.009189,0.009289,181897316.0
2026-08-18 16:00:00,0.00929,0.009348,0.009044,0.009241,266557983.0
2026-08-18 16:15:00,0.009241,0.009339,0.009066,0.009175,142460867.0
2026-08-18 16:30:00,0.009175,0.009399,0.00906,0.009323,137572684.0
2026-08-18 16:45:00,0.009328,0.009356,0.009238,0.009288,68520722.0
2026-08-18 17:00:00,0.009289,0.009336,0.009231,0.009309,44409164.0
2026-08-18 17:15:00,0.009308,0.009342,0.00916,0.009188,47108325.0
2026-08-18 17:30:00,0.009189,0.009219,0.009062,0.009104,64700058.0
2026-08-18 17:45:00,0.009105,0.0092,0.009083,0.009178,45031739.0
2026-08-18 18:00:00,0.009179,0.009307,0.009151,0.009264,57522451.0
2026-08-18 18:15:00,0.009264,0.009302,0.009123,0.009152,49075360.0
2026-08-18 18:30:00,0.009149,0.009186,0.00905,0.009109,64742709.0
2026-08-18 18:45:00,0.009109,0.009149,0.009084,0.009112,36637987.0
2026-08-18 19:00:00,0.009113,0.009181,0.009053,0.009151,49149332.0
2026-08-18 19:15:00,0.009151,0.009187,0.009018,0.009064,45151542.0
2026-08-18 19:30:00,0.009065,0.009167,0.00906,0.009103,37816367.0
2026-08-18 19:45:00,0.009104,0.009298,0.009094,0.009228,62822424.0
2026-08-18 20:00:00,0.009227,0.009255,0.009097,0.00912,53663899.0
2026-08-18 20:15:00,0.009121,0.009189,0.009099,0.009161,40667617.0
2026-08-18 20:30:00,0.00916,0.009161,0.00905,0.009064,48200427.0
2026-08-18 20:45:00,0.009064,0.009111,0.009044,0.009068,34067865.0
2026-08-18 21:00:00,0.009067,0.00909,0.00904,0.009054,34486106.0
2026-08-18 21:15:00,0.009054,0.009111,0.0089126,0.008965,73380504.0
2026-08-18 21:30:00,0.008965,0.009014,0.008927,0.008956,33154138.0
2026-08-18 21:45:00,0.008956,0.009039,0.008938,0.008975,34966219.0
2026-08-18 22:00:00,0.008975,0.009095,0.008967,0.009006,53700745.0
2026-08-18 22:15:00,0.009004,0.009059,0.008999,0.009042,21901017.0
2026-08-18 22:30:00,0.009042,0.009067,0.00901,0.009061,25370955.0
2026-08-18 22:45:00,0.009061,0.00908,0.009019,0.009042,24461566.0
2026-08-18 23:00:00,0.009043,0.00905,0.008962,0.009017,31633622.0
2026-08-18 23:15:00,0.009017,0.009081,0.009008,0.009051,26855175.0
2026-08-18 23:30:00,0.009051,0.00907,0.008941,0.008974,41072892.0
2026-08-18 23:45:00,0.008974,0.00903,0.008955,0.009015,27767410.0
2026-08-19 00:00:00,0.009014,0.009046,0.008954,0.008958,49040411.0
2026-08-19 00:15:00,0.008957,0.008984,0.00885,0.008901,50187927.0
2026-08-19 00:30:00,0.008902,0.008981,0.008844,0.008916,67347312.0
2026-08-19 00:45:00,0.008915,0.009044,0.008872,0.008969,47154912.0
2026-08-19 01:00:00,0.008968,0.009019,0.008888,0.008951,73866128.0
2026-08-19 01:15:00,0.008949,0.009061,0.008928,0.009058,71539264.0
2026-08-19 01:30:00,0.009058,0.009248,0.009007,0.00907,155760426.0
2026-08-19 01:45:00,0.009069,0.009106,0.008943,0.009,83655920.0
2026-08-19 02:00:00,0.008999,0.009126,0.008961,0.009025,81892950.0
2026-08-19 02:15:00,0.009026,0.00915,0.00898,0.009139,54985819.0
2026-08-19 02:30:00,0.009139,0.009182,0.009048,0.009079,43315469.0
2026-08-19 02:45:00,0.009079,0.009289,0.009058,0.0092,87916495.0
2026-08-19 03:00:00,0.009199,0.009226,0.009044,0.009061,57400728.0
2026-08-19 03:15:00,0.009061,0.009145,0.009025,0.009136,48471309.0
2026-08-19 03:30:00,0.009135,0.009287,0.009108,0.009232,48451740.0
2026-08-19 03:45:00,0.009233,0.009426,0.009183,0.009342,96500032.0
2026-08-19 04:00:00,0.009341,0.009369,0.009106,0.009181,95085236.0
2026-08-19 04:15:00,0.009184,0.009217,0.009114,0.009151,50762381.0
2026-08-19 04:30:00,0.009151,0.009173,0.009102,0.009143,42291969.0
2026-08-19 04:45:00,0.009143,0.009161,0.00895,0.009027,101245832.0
2026-08-19 05:00:00,0.00903,0.009143,0.009,0.009094,54985373.0
2026-08-19 05:15:00,0.009094,0.00913,0.00906,0.009084,38418357.0
2026-08-19 05:30:00,0.009082,0.00913,0.009023,0.009091,33088991.0
2026-08-19 05:45:00,0.00909,0.009136,0.00901,0.009083,36679575.0
2026-08-19 06:00:00,0.009082,0.0091,0.008966,0.009014,56263383.0
2026-08-19 06:15:00,0.009015,0.009061,0.008923,0.008975,45190451.0
2026-08-19 06:30:00,0.008971,0.008998,0.008706,0.008986,171889812.0
2026-08-19 06:45:00,0.008988,0.009018,0.008857,0.008917,56686398.0
2026-08-19 07:00:00,0.008918,0.008929,0.008733,0.008852,85779512.0
2026-08-19 07:15:00,0.008852,0.008865,0.008787,0.008849,34578976.0
2026-08-19 07:30:00,0.008848,0.0089,0.008781,0.008801,38037368.0
2026-08-19 07:45:00,0.008802,0.009274,0.008775,0.009145,177155864.0
2026-08-19 08:00:00,0.009143,0.009198,0.00895,0.009045,101825595.0
2026-08-19 08:15:00,0.00905,0.009073,0.008872,0.008924,75448161.0
2026-08-19 08:30:00,0.008924,0.008988,0.008894,0.008952,34800349.0
2026-08-19 08:45:00,0.008953,0.009018,0.008918,0.00892,38954693.0
2026-08-19 09:00:00,0.008921,0.009002,0.008917,0.008962,29762889.0
2026-08-19 09:15:00,0.008961,0.00921,0.008947,0.009107,85693290.0
2026-08-19 09:30:00,0.009107,0.009141,0.009047,0.009078,44477411.0
2026-08-19 09:45:00,0.009076,0.009125,0.009056,0.009095,23657518.0
2026-08-19 10:00:00,0.009096,0.009157,0.00902,0.009055,46990502.0
2026-08-19 10:15:00,0.009055,0.009112,0.008951,0.009008,77459288.0
2026-08-19 10:30:00,0.009005,0.009081,0.008998,0.009035,24490841.0
2026-08-19 10:45:00,0.009033,0.009038,0.008929,0.00894,44986505.0
2026-08-19 11:00:00,0.008937,0.008999,0.00893,0.008966,52427465.0
2026-08-19 11:15:00,0.008967,0.008985,0.008889,0.008931,53457120.0
2026-08-19 11:30:00,0.00893,0.00895,0.008769,0.00882,85451811.0
2026-08-19 11:45:00,0.008821,0.008835,0.008753,0.008775,44117138.0
2026-08-19 12:00:00,0.008773,0.008865,0.008765,0.008817,52115604.0
2026-08-19 12:15:00,0.008816,0.008865,0.008803,0.008829,25013536.0
2026-08-19 12:30:00,0.008829,0.008898,0.008808,0.00882,40063803.0
2026-08-19 12:45:00,0.008821,0.008866,0.008783,0.008785,35914279.0
2026-08-19 13:00:00,0.008785,0.008798,0.00866,0.008714,91874042.0
2026-08-19 13:15:00,0.008714,0.008748,0.008635,0.008699,48616637.0
2026-08-19 13:30:00,0.008699,0.008739,0.008653,0.00871,45061355.0
2026-08-19 13:45:00,0.00871,0.008739,0.008651,0.008695,36455193.0
2026-08-19 14:00:00,0.008694,0.008824,0.008645,0.008725,82069173.0
2026-08-19 14:15:00,0.008725,0.0088,0.008713,0.008756,48844605.0
2026-08-19 14:30:00,0.008756,0.008761,0.008683,0.008713,39410217.0
2026-08-19 14:45:00,0.008713,0.008717,0.008555,0.008605,81833027.0
2026-08-19 15:00:00,0.008605,0.00866,0.008518,0.008609,148154409.0
2026-08-19 15:15:00,0.008611,0.009039,0.008471,0.008785,325623075.0
2026-08-19 15:30:00,0.008785,0.008815,0.008351,0.00837,292724142.0
2026-08-19 15:45:00,0.008367,0.008575,0.008337,0.008519,158071666.0
2026-08-19 16:00:00,0.00852,0.008588,0.008364,0.008445,124977941.0
2026-08-19 16:15:00,0.008445,0.008445,0.008321,0.008409,85591842.0
2026-08-19 16:30:00,0.008408,0.008443,0.0083275,0.008336,62246662.0
2026-08-19 16:45:00,0.008334,0.008552,0.008309,0.008478,137889556.0
2026-08-19 17:00:00,0.008477,0.008787,0.008454,0.008616,190057538.0
2026-08-19 17:15:00,0.008617,0.008632,0.008505,0.008542,60137506.0
2026-08-19 17:30:00,0.008542,0.008639,0.0085,0.008595,42382584.0
2026-08-19 17:45:00,0.008595,0.008613,0.008472,0.008542,45541433.0
2026-08-19 18:00:00,0.008542,0.00855,0.008501,0.008516,40455386.0
2026-08-19 18:15:00,0.008517,0.008534,0.008468,0.008517,41021606.0
2026-08-19 18:30:00,0.008516,0.008555,0.008473,0.008533,27479019.0
2026-08-19 18:45:00,0.008532,0.008577,0.008453,0.008512,37460625.0
2026-08-19 19:00:00,0.008511,0.008539,0.008466,0.008511,33490881.0
2026-08-19 19:15:00,0.008511,0.008733,0.008496,0.008664,83342751.0
2026-08-19 19:30:00,0.008663,0.008843,0.008662,0.008762,85649427.0
2026-08-19 19:45:00,0.008761,0.008781,0.008668,0.008683,46505374.0
2026-08-19 20:00:00,0.008682,0.008739,0.008649,0.008662,29204134.0
2026-08-19 20:15:00,0.008662,0.008681,0.008584,0.008616,32994712.0
2026-08-19 20:30:00,0.008616,0.008631,0.00858,0.008624,20937005.0
2026-08-19 20:45:00,0.008624,0.008754,0.00861,0.008736,59058774.0
2026-08-19 21:00:00,0.008735,0.008953,0.008675,0.008863,117038700.0
2026-08-19 21:15:00,0.008865,0.008935,0.008747,0.008748,55855243.0
2026-08-19 21:30:00,0.008749,0.008799,0.008632,0.008664,41106736.0
2026-08-19 21:45:00,0.008664,0.008831,0.008616,0.00883,44969550.0
2026-08-19 22:00:00,0.00883,0.009145,0.008763,0.008851,179735356.0
2026-08-19 22:15:00,0.008854,0.008868,0.008746,0.00879,53283174.0
2026-08-19 22:30:00,0.008791,0.008882,0.008758,0.008813,40332113.0
2026-08-19 22:45:00,0.008813,0.008839,0.008734,0.00874,36671827.0
2026-08-19 23:00:00,0.008738,0.008778,0.008696,0.008703,31117603.0
2026-08-19 23:15:00,0.008704,0.008726,0.008657,0.008683,24706816.0
2026-08-19 23:30:00,0.008684,0.008766,0.008658,0.008671,27438123.0
2026-08-19 23:45:00,0.008672,0.008684,0.008565,0.008632,34192374.0
2026-08-20 00:00:00,0.008633,0.008647,0.008553,0.008595,42464367.0
2026-08-20 00:15:00,0.008595,0.008745,0.008578,0.008583,65737568.0
2026-08-20 00:30:00,0.008583,0.008696,0.008553,0.008651,40059260.0
2026-08-20 00:45:00,0.008654,0.00874,0.008654,0.00872,36447782.0
2026-08-20 01:00:00,0.008721,0.008938,0.008704,0.008898,77750051.0
2026-08-20 01:15:00,0.008899,0.00894,0.008746,0.008806,49794050.0
2026-08-20 01:30:00,0.008807,0.008813,0.008729,0.008763,22035722.0
2026-08-20 01:45:00,0.008764,0.00884,0.008642,0.008664,41034603.0
2026-08-20 02:00:00,0.008662,0.008666,0.0085637,0.008593,50282961.0
2026-08-20 02:15:00,0.008592,0.008672,0.008561,0.008642,29302650.0
2026-08-20 02:30:00,0.008641,0.008696,0.008601,0.008643,20201465.0
2026-08-20 02:45:00,0.008644,0.008659,0.008567,0.008614,22777308.0
2026-08-20 03:00:00,0.008613,0.00866,0.008587,0.008624,25199344.0
2026-08-20 03:15:00,0.008624,0.00865,0.008561,0.008567,21608675.0
2026-08-20 03:30:00,0.008568,0.008627,0.0085,0.008553,44922480.0
2026-08-20 03:45:00,0.008551,0.008557,0.008424,0.008526,61716525.0
2026-08-20 04:00:00,0.008528,0.008621,0.008467,0.008472,56478779.0
2026-08-20 04:15:00,0.008471,0.008538,0.008458,0.008496,33151630.0
2026-08-20 04:30:00,0.008497,0.008551,0.008482,0.008489,13547019.0
2026-08-20 04:45:00,0.00849,0.008499,0.00841,0.008416,24184579.0
2026-08-20 05:00:00,0.008418,0.008519,0.008404,0.008433,49076068.0
2026-08-20 05:15:00,0.008433,0.008477,0.008415,0.008427,21989021.0
2026-08-20 05:30:00,0.008428,0.008458,0.008386,0.008446,30536905.0
2026-08-20 05:45:00,0.008446,0.00854,0.008422,0.008488,35425831.0
2026-08-20 06:00:00,0.008485,0.008489,0.008182,0.008203,146065276.0
2026-08-20 06:15:00,0.008203,0.008419,0.008164,0.008365,136809066.0
2026-08-20 06:30:00,0.008365,0.008447,0.008337,0.008407,61106712.0
2026-08-20 06:45:00,0.008407,0.008454,0.008385,0.008413,49192235.0
2026-08-20 07:00:00,0.008412,0.008537,0.008407,0.008461,58730224.0
2026-08-20 07:15:00,0.008462,0.008746,0.008404,0.008684,100725005.0
2026-08-20 07:30:00,0.008684,0.00876,0.00855,0.008588,87324245.0
2026-08-20 07:45:00,0.008586,0.0086,0.008517,0.008571,35644768.0
2026-08-20 08:00:00,0.008572,0.008746,0.00857,0.008739,70099140.0
2026-08-20 08:15:00,0.008738,0.008874,0.008691,0.008752,102574713.0
2026-08-20 08:30:00,0.008753,0.008804,0.008674,0.008679,54941721.0
2026-08-20 08:45:00,0.00868,0.008785,0.008578,0.008636,70997632.0
2026-08-20 09:00:00,0.008638,0.00881,0.00857,0.008769,61053112.0
2026-08-20 09:15:00,0.008769,0.009044,0.008713,0.009044,119721524.0
2026-08-20 09:30:00,0.009042,0.009133,0.008905,0.008983,156591736.0
2026-08-20 09:45:00,0.008984,0.008992,0.008765,0.00886,95625899.0
2026-08-20 10:00:00,0.008858,0.008858,0.00875,0.008784,53723770.0
2026-08-20 10:15:00,0.008785,0.008831,0.008751,0.008766,32744314.0
2026-08-20 10:30:00,0.008765,0.008807,0.00875,0.00879,26693699.0
2026-08-20 10:45:00,0.008791,0.008843,0.008715,0.008734,43114999.0
2026-08-20 11:00:00,0.008731,0.008747,0.00861,0.00863,71053410.0
2026-08-20 11:15:00,0.00863,0.008686,0.008574,0.008645,65075690.0
2026-08-20 11:30:00,0.008645,0.008671,0.008553,0.008587,52832326.0
2026-08-20 11:45:00,0.008587,0.008603,0.008467,0.008482,70038477.0
2026-08-20 12:00:00,0.008483,0.008517,0.008458,0.008512,47891654.0
2026-08-20 12:15:00,0.008512,0.008523,0.008424,0.008437,51114859.0
2026-08-20 12:30:00,0.008435,0.00851,0.008428,0.008509,34743820.0
2026-08-20 12:45:00,0.008505,0.008562,0.008474,0.008483,46601705.0
2026-08-20 13:00:00,0.008482,0.008508,0.008369,0.008457,62142076.0
2026-08-20 13:15:00,0.008459,0.008511,0.008403,0.008444,37114720.0
2026-08-20 13:30:00,0.008444,0.00847,0.008393,0.008431,33303902.0
2026-08-20 13:45:00,0.00843,0.00843,0.008341,0.00838,46965730.0
2026-08-20 14:00:00,0.00838,0.008399,0.008361,0.008376,30518944.0
2026-08-20 14:15:00,0.008374,0.008455,0.008345,0.008386,55343816.0
2026-08-20 14:30:00,0.008386,0.00848,0.008375,0.008446,55442444.0
2026-08-20 14:45:00,0.008446,0.008491,0.008364,0.008422,64020111.0
2026-08-20 15:00:00,0.008424,0.008488,0.008382,0.008426,53253763.0
2026-08-20 15:15:00,0.008429,0.008584,0.008424,0.008581,69613672.0
2026-08-20 15:30:00,0.008578,0.008649,0.008461,0.008494,76715894.0
2026-08-20 15:45:00,0.008494,0.0085,0.008458,0.008477,44025764.0
2026-08-20 16:00:00,0.008476,0.00862,0.00846,0.008481,76134799.0
2026-08-20 16:15:00,0.008482,0.00851,0.008385,0.008404,51404028.0
2026-08-20 16:30:00,0.008406,0.008406,0.008234,0.008254,129863895.0
2026-08-20 16:45:00,0.008256,0.008422,0.008123,0.008302,298886323.0
2026-08-20 17:00:00,0.0083,0.008314,0.008227,0.008307,56097611.0
2026-08-20 17:15:00,0.008306,0.008361,0.008291,0.008319,37225863.0
2026-08-20 17:30:00,0.008318,0.008339,0.008283,0.008293,26159808.0
2026-08-20 17:45:00,0.008292,0.008329,0.008252,0.008263,36262109.0
2026-08-20 18:00:00,0.008263,0.008273,0.008087,0.008144,116065952.0
2026-08-20 18:15:00,0.008144,0.008225,0.008064,0.008164,86765611.0
2026-08-20 18:30:00,0.008168,0.008456,0.008154,0.008439,106036365.0
2026-08-20 18:45:00,0.00844,0.008565,0.00834,0.008353,85686204.0
2026-08-20 19:00:00,0.008352,0.008648,0.008352,0.008527,82958055.0
2026-08-20 19:15:00,0.008528,0.008597,0.008469,0.00851,42056320.0
2026-08-20 19:30:00,0.008511,0.008617,0.008503,0.008592,34186399.0
2026-08-20 19:45:00,0.008592,0.008739,0.008536,0.008673,77105210.0
2026-08-20 20:00:00,0.008676,0.008842,0.008647,0.008775,88815307.0
2026-08-20 20:15:00,0.008776,0.008784,0.008596,0.008641,62836063.0
2026-08-20 20:30:00,0.00864,0.008646,0.008554,0.008582,31609665.0
2026-08-20 20:45:00,0.008583,0.008588,0.00847,0.008485,38615648.0
2026-08-20 21:00:00,0.008485,0.008523,0.0084,0.008431,35681887.0
2026-08-20 21:15:00,0.008432,0.00844,0.008364,0.008396,37278599.0
2026-08-20 21:30:00,0.008397,0.008505,0.008397,0.008482,26722127.0
2026-08-20 21:45:00,0.008481,0.008623,0.008478,0.008563,34794252.0
2026-08-20 22:00:00,0.008563,0.008643,0.008557,0.008621,21580324.0
2026-08-20 22:15:00,0.008622,0.008623,0.008546,0.008562,15085472.0
2026-08-20 22:30:00,0.008562,0.008622,0.008518,0.008591,17933934.0
2026-08-20 22:45:00,0.008591,0.008664,0.008579,0.008615,34622592.0
2026-08-20 23:00:00,0.008615,0.008657,0.008604,0.008636,15001523.0
2026-08-20 23:15:00,0.008636,0.008639,0.008567,0.008567,16723507.0
2026-08-20 23:30:00,0.008569,0.008621,0.00855,0.008559,19816463.0
2026-08-20 23:45:00,0.008558,0.008597,0.008536,0.00854,14200896.0
2026-08-21 00:00:00,0.00854,0.008626,0.008525,0.008564,27047552.0
2026-08-21 00:15:00,0.008565,0.008638,0.008557,0.008602,16908370.0
2026-08-21 00:30:00,0.008602,0.008647,0.008596,0.008601,28789438.0
2026-08-21 00:45:00,0.008601,0.008613,0.008559,0.008592,20371264.0
2026-08-21 01:00:00,0.008592,0.0086,0.008532,0.008532,21096502.0
2026-08-21 01:15:00,0.008532,0.008697,0.008528,0.008606,56788251.0
2026-08-21 01:30:00,0.008605,0.008612,0.008346,0.008399,99459628.0
2026-08-21 01:45:00,0.008399,0.008458,0.008383,0.008452,36506680.0
2026-08-21 02:00:00,0.008452,0.008551,0.00841,0.008535,30907811.0
2026-08-21 02:15:00,0.008534,0.008632,0.008513,0.008553,36516051.0
2026-08-21 02:30:00,0.008554,0.008625,0.008526,0.008574,20603984.0
2026-08-21 02:45:00,0.008572,0.00863,0.008549,0.008604,22831887.0
2026-08-21 03:00:00,0.008603,0.008746,0.0086,0.008662,42865760.0
2026-08-21 03:15:00,0.00866,0.0088242,0.008653,0.008676,64634298.0
2026-08-21 03:30:00,0.008674,0.008773,0.008587,0.008633,53576017.0
2026-08-21 03:45:00,0.008633,0.008659,0.008587,0.008617,30805754.0
2026-08-21 04:00:00,0.008619,0.008624,0.00844,0.008464,57315032.0
2026-08-21 04:15:00,0.008464,0.008544,0.008442,0.008525,33327233.0
2026-08-21 04:30:00,0.008526,0.008544,0.00847,0.008497,19767450.0
2026-08-21 04:45:00,0.008498,0.008515,0.008422,0.008427,28785148.0
2026-08-21 05:00:00,0.008427,0.008479,0.008401,0.008467,25367279.0
2026-08-21 05:15:00,0.008466,0.008529,0.008416,0.008523,27985726.0
2026-08-21 05:30:00,0.008523,0.008689,0.008501,0.008663,49429483.0
2026-08-21 05:45:00,0.008662,0.0088,0.008645,0.008781,78976488.0
2026-08-21 06:00:00,0.008782,0.008802,0.008403,0.008412,85318844.0
2026-08-21 06:15:00,0.008411,0.008517,0.008387,0.008469,55008511.0
2026-08-21 06:30:00,0.008469,0.008486,0.008418,0.008449,34047672.0
2026-08-21 06:45:00,0.008448,0.008465,0.008404,0.008438,38457792.0
2026-08-21 07:00:00,0.008438,0.008551,0.008434,0.008539,33006191.0
2026-08-21 07:15:00,0.008543,0.008648,0.008525,0.008614,55597181.0
2026-08-21 07:30:00,0.008615,0.008616,0.00851,0.00855,35259000.0
2026-08-21 07:45:00,0.00855,0.00857,0.008508,0.008536,20701028.0
2026-08-21 08:00:00,0.008536,0.008548,0.008351,0.008421,74233312.0
2026-08-21 08:15:00,0.008421,0.008431,0.008365,0.008402,30436450.0
2026-08-21 08:30:00,0.008402,0.00848,0.008366,0.008386,61607249.0
2026-08-21 08:45:00,0.008386,0.008518,0.008324,0.008475,61175133.0
2026-08-21 09:00:00,0.008476,0.008484,0.008333,0.008341,62499255.0
2026-08-21 09:15:00,0.008341,0.008347,0.00825,0.008333,80029958.0
2026-08-21 09:30:00,0.008331,0.008353,0.008238,0.008283,51724876.0
2026-08-21 09:45:00,0.008282,0.008357,0.008211,0.008253,51420693.0
2026-08-21 10:00:00,0.008253,0.008265,0.008153,0.008193,71518625.0
2026-08-21 10:15:00,0.008193,0.008241,0.008164,0.008216,37913304.0
2026-08-21 10:30:00,0.008216,0.008349,0.00812,0.008248,94043250.0
2026-08-21 10:45:00,0.008246,0.008286,0.008207,0.008241,33337161.0
2026-08-21 11:00:00,0.008242,0.008248,0.008144,0.008166,37261034.0
2026-08-21 11:15:00,0.008163,0.008183,0.0081,0.008141,52946786.0
2026-08-21 11:30:00,0.008141,0.008228,0.008128,0.008208,46154006.0
2026-08-21 11:45:00,0.008207,0.008301,0.008191,0.008236,62083727.0
2026-08-21 12:00:00,0.008235,0.008269,0.00818,0.008252,40398709.0
2026-08-21 12:15:00,0.008251,0.00827,0.00818,0.008198,29831153.0
2026-08-21 12:30:00,0.008198,0.0084979,0.008193,0.008364,145049146.0
2026-08-21 12:45:00,0.008362,0.008441,0.008355,0.008366,44296032.0
2026-08-21 13:00:00,0.008368,0.008553,0.008368,0.008535,58842668.0
2026-08-21 13:15:00,0.008535,0.008545,0.008401,0.008423,46342878.0
2026-08-21 13:30:00,0.008423,0.008514,0.008401,0.008494,29843679.0
2026-08-21 13:45:00,0.008494,0.008504,0.008417,0.008469,29948180.0
2026-08-21 14:00:00,0.008469,0.008499,0.008439,0.008447,18345903.0
2026-08-21 14:15:00,0.008447,0.008458,0.008365,0.008408,38527842.0
2026-08-21 14:30:00,0.008409,0.00843,0.008364,0.008378,22413849.0
2026-08-21 14:45:00,0.008377,0.008477,0.008377,0.008427,21356002.0
2026-08-21 15:00:00,0.00843,0.008461,0.008312,0.008342,32974506.0
2026-08-21 15:15:00,0.008342,0.008353,0.008272,0.008337,28728621.0
2026-08-21 15:30:00,0.008338,0.00849,0.008291,0.008457,48128646.0
2026-08-21 15:45:00,0.008457,0.008458,0.0084,0.008429,22644876.0
2026-08-21 16:00:00,0.008429,0.008553,0.008418,0.008529,47261000.0
2026-08-21 16:15:00,0.00853,0.008534,0.008295,0.008355,46417364.0
2026-08-21 16:30:00,0.008354,0.008454,0.008325,0.008427,26624478.0
2026-08-21 16:45:00,0.008427,0.008452,0.00838,0.008412,19173070.0
2026-08-21 17:00:00,0.008412,0.008439,0.008377,0.008431,16967390.0
2026-08-21 17:15:00,0.008431,0.008448,0.00832,0.008362,35357099.0
2026-08-21 17:30:00,0.008362,0.008406,0.00834,0.008393,12722022.0
2026-08-21 17:45:00,0.008394,0.008436,0.008385,0.008402,11112517.0
2026-08-21 18:00:00,0.008403,0.008471,0.008373,0.008387,29124131.0
2026-08-21 18:15:00,0.008388,0.008394,0.008302,0.008345,29410507.0
2026-08-21 18:30:00,0.008345,0.008425,0.008344,0.008399,12446265.0
2026-08-21 18:45:00,0.008399,0.008403,0.008315,0.008353,13094663.0
2026-08-21 19:00:00,0.008354,0.00848,0.008328,0.00846,26461366.0
2026-08-21 19:15:00,0.00846,0.008499,0.008437,0.008458,19131516.0
2026-08-21 19:30:00,0.008458,0.00848,0.0083832,0.008391,13099716.0
2026-08-21 19:45:00,0.00839,0.008427,0.008366,0.008404,13630122.0
2026-08-21 20:00:00,0.008403,0.008427,0.00838,0.008402,10749415.0
2026-08-21 20:15:00,0.008402,0.008468,0.00838,0.008428,18521672.0
2026-08-21 20:30:00,0.008428,0.00845,0.008382,0.008391,9928279.0
2026-08-21 20:45:00,0.008391,0.008392,0.008275,0.008299,31943197.0
2026-08-21 21:00:00,0.008299,0.00835,0.008272,0.008342,23006874.0
2026-08-21 21:15:00,0.008339,0.008405,0.008312,0.00833,24352262.0
2026-08-21 21:30:00,0.008329,0.008385,0.0083,0.008355,22989594.0
2026-08-21 21:45:00,0.008354,0.0084,0.008352,0.008382,14026516.0
2026-08-21 22:00:00,0.008382,0.008454,0.008367,0.00843,21089496.0
2026-08-21 22:15:00,0.00843,0.008444,0.008288,0.008306,33291074.0
2026-08-21 22:30:00,0.008306,0.008364,0.008276,0.008325,25872021.0
2026-08-21 22:45:00,0.008325,0.00833,0.008271,0.008285,18659606.0
2026-08-21 23:00:00,0.008286,0.00831,0.008251,0.008269,22192829.0
2026-08-21 23:15:00,0.00827,0.008273,0.008215,0.008252,31085405.0
2026-08-21 23:30:00,0.008252,0.008295,0.008244,0.008287,14897491.0
2026-08-21 23:45:00,0.008287,0.008334,0.0082066,0.00826,37999700.0
2026-08-22 00:00:00,0.008259,0.008279,0.008204,0.008263,28283037.0
2026-08-22 00:15:00,0.008264,0.008335,0.008256,0.00829,25851990.0
2026-08-22 00:30:00,0.008291,0.008375,0.008278,0.008344,23873603.0
2026-08-22 00:45:00,0.008345,0.00835,0.008245,0.008251,26950195.0
2026-08-22 01:00:00,0.008252,0.008363,0.00822,0.008299,42010884.0
2026-08-22 01:15:00,0.008298,0.008329,0.008275,0.008281,15579073.0
2026-08-22 01:30:00,0.008281,0.008325,0.008281,0.008321,16834008.0
2026-08-22 01:45:00,0.00832,0.008363,0.008288,0.008346,21970083.0
2026-08-22 02:00:00,0.008346,0.008362,0.008269,0.008277,17496948.0
2026-08-22 02:15:00,0.008277,0.008298,0.008196,0.008218,38578428.0
2026-08-22 02:30:00,0.008218,0.008268,0.008186,0.008202,35671048.0
2026-08-22 02:45:00,0.008206,0.00827,0.008189,0.008259,26248263.0
2026-08-22 03:00:00,0.008259,0.008279,0.008191,0.008209,29675876.0
2026-08-22 03:15:00,0.008209,0.008358,0.008194,0.008318,52789327.0
2026-08-22 03:30:00,0.008318,0.008457,0.008292,0.00845,43764812.0
2026-08-22 03:45:00,0.008449,0.008517,0.008365,0.008373,51941817.0
2026-08-22 04:00:00,0.008374,0.008429,0.008364,0.008386,23013170.0
2026-08-22 04:15:00,0.008386,0.008508,0.00838,0.008456,36278054.0
2026-08-22 04:30:00,0.008456,0.008548,0.008403,0.008432,56425021.0
2026-08-22 04:45:00,0.008433,0.008511,0.008418,0.00845,31002207.0
2026-08-22 05:00:00,0.00845,0.008485,0.008088,0.008298,200368637.0
2026-08-22 05:15:00,0.0083,0.00975,0.00818,0.008645,736152028.0
2026-08-22 05:30:00,0.008646,0.009092,0.008613,0.008927,288154193.0
2026-08-22 05:45:00,0.008924,0.009173,0.008853,0.008926,184321270.0
2026-08-22 06:00:00,0.008927,0.00907,0.008541,0.0086,196424318.0
2026-08-22 06:15:00,0.008601,0.008745,0.00858,0.008661,70929397.0
2026-08-22 06:30:00,0.008662,0.008688,0.00835,0.008573,208623676.0
2026-08-22 06:45:00,0.008572,0.008809,0.008543,0.008788,65616380.0
2026-08-22 07:00:00,0.008789,0.008793,0.008565,0.008598,65242380.0
2026-08-22 07:15:00,0.008598,0.008615,0.0085,0.008551,37704791.0
2026-08-22 07:30:00,0.008549,0.008591,0.008515,0.008534,29898427.0
2026-08-22 07:45:00,0.008533,0.008637,0.00853,0.00858,30049979.0
2026-08-22 08:00:00,0.00858,0.008621,0.008504,0.008618,46453681.0
2026-08-22 08:15:00,0.008617,0.009131,0.00861,0.008865,166757994.0
2026-08-22 08:30:00,0.008868,0.009,0.008708,0.008763,122419898.0
2026-08-22 08:45:00,0.008766,0.008844,0.008727,0.008768,32989193.0
2026-08-22 09:00:00,0.00877,0.008932,0.008656,0.008698,75631315.0
2026-08-22 09:15:00,0.008696,0.008733,0.008616,0.008665,49540872.0
2026-08-22 09:30:00,0.008666,0.008799,0.008647,0.008791,34913463.0
2026-08-22 09:45:00,0.008795,0.008795,0.008613,0.00863,33864357.0
2026-08-22 10:00:00,0.008632,0.008633,0.008415,0.008493,90220190.0
2026-08-22 10:15:00,0.008491,0.008696,0.008481,0.008655,69175032.0
2026-08-22 10:30:00,0.008655,0.008729,0.00862,0.008723,26700715.0
2026-08-22 10:45:00,0.008723,0.008757,0.00866,0.008727,33486696.0
2026-08-22 11:00:00,0.008728,0.008823,0.008686,0.008692,41834345.0
2026-08-22 11:15:00,0.008691,0.008715,0.008647,0.008676,26490843.0
2026-08-22 11:30:00,0.008675,0.008846,0.008657,0.00882,52199475.0
2026-08-22 11:45:00,0.008819,0.008967,0.008813,0.008858,61129742.0
2026-08-22 12:00:00,0.008858,0.009031,0.008842,0.009016,65158727.0
2026-08-22 12:15:00,0.009019,0.009022,0.008764,0.008812,71587965.0
2026-08-22 12:30:00,0.008813,0.00891,0.008803,0.008867,33576344.0
2026-08-22 12:45:00,0.008867,0.008879,0.008765,0.008859,29780507.0
2026-08-22 13:00:00,0.008859,0.008875,0.008769,0.008784,27662928.0
2026-08-22 13:15:00,0.008785,0.008942,0.008771,0.008934,37648879.0
2026-08-22 13:30:00,0.008933,0.008962,0.008833,0.008912,45351927.0
2026-08-22 13:45:00,0.008912,0.009333,0.008893,0.009066,157494282.0
2026-08-22 14:00:00,0.009062,0.009186,0.008989,0.009076,89115216.0
2026-08-22 14:15:00,0.009076,0.009213,0.009062,0.009112,75339750.0
2026-08-22 14:30:00,0.009112,0.009145,0.00876,0.00881,117282316.0
2026-08-22 14:45:00,0.008813,0.008942,0.008813,0.008874,57015685.0
2026-08-22 15:00:00,0.008874,0.008974,0.008821,0.00895,46989489.0
2026-08-22 15:15:00,0.008952,0.009036,0.008729,0.008837,100773424.0
2026-08-22 15:30:00,0.008842,0.008932,0.008794,0.008867,38509425.0
2026-08-22 15:45:00,0.008868,0.008881,0.008718,0.008778,51749088.0
2026-08-22 16:00:00,0.008779,0.008825,0.00873,0.008806,37152584.0
2026-08-22 16:15:00,0.008804,0.00882,0.008672,0.00872,49175110.0
2026-08-22 16:30:00,0.008719,0.008796,0.008719,0.00879,24591192.0
2026-08-22 16:45:00,0.008789,0.008796,0.00868,0.008698,33005897.0
2026-08-22 17:00:00,0.008698,0.008796,0.008695,0.008774,29124406.0
2026-08-22 17:15:00,0.008773,0.008834,0.008747,0.008791,27020136.0
2026-08-22 17:30:00,0.008792,0.008816,0.008752,0.008764,17300654.0
2026-08-22 17:45:00,0.008764,0.008809,0.008753,0.008781,14933468.0
2026-08-22 18:00:00,0.008781,0.008782,0.008649,0.008712,35507358.0
2026-08-22 18:15:00,0.008709,0.008732,0.008665,0.008706,16265976.0
2026-08-22 18:30:00,0.008706,0.008735,0.008679,0.008683,15410201.0
2026-08-22 18:45:00,0.008682,0.008707,0.008648,0.008675,18346626.0
2026-08-22 19:00:00,0.008674,0.00868,0.00858,0.008642,30399542.0
2026-08-22 19:15:00,0.008641,0.008684,0.008622,0.00863,16497241.0
2026-08-22 19:30:00,0.008632,0.008804,0.00863,0.00877,36224441.0
2026-08-22 19:45:00,0.008771,0.008826,0.008696,0.008759,63074205.0
2026-08-22 20:00:00,0.008758,0.008768,0.008683,0.0087,46456915.0
2026-08-22 20:15:00,0.008699,0.008718,0.008671,0.008688,26832705.0
2026-08-22 20:30:00,0.008686,0.008705,0.008654,0.008663,22259932.0
2026-08-22 20:45:00,0.008662,0.008689,0.008653,0.008671,16838403.0
2026-08-22 21:00:00,0.00867,0.008677,0.008585,0.008612,40127901.0
2026-08-22 21:15:00,0.008613,0.008659,0.008592,0.008609,21212205.0
2026-08-22 21:30:00,0.008609,0.008648,0.008539,0.008648,39939709.0
2026-08-22 21:45:00,0.008647,0.008666,0.0086,0.008637,20198498.0
2026-08-22 22:00:00,0.008637,0.008759,0.008621,0.008756,24237157.0
2026-08-22 22:15:00,0.008758,0.008956,0.008717,0.008937,59440009.0
2026-08-22 22:30:00,0.008937,0.008973,0.008819,0.008872,51665643.0
2026-08-22 22:45:00,0.008871,0.008885,0.008748,0.008809,30285030.0
2026-08-22 23:00:00,0.00881,0.008837,0.00875,0.008771,23180378.0
2026-08-22 23:15:00,0.008772,0.008826,0.00875,0.008778,20885023.0
2026-08-22 23:30:00,0.00878,0.008792,0.008751,0.008759,12110270.0
2026-08-22 23:45:00,0.00876,0.008813,0.008641,0.008704,43725316.0
2026-08-23 00:00:00,0.0087,0.008725,0.008643,0.008704,34919108.0
2026-08-23 00:15:00,0.008703,0.008781,0.0087,0.008718,28319758.0
2026-08-23 00:30:00,0.008718,0.008749,0.008657,0.008664,19709028.0
2026-08-23 00:45:00,0.008664,0.008688,0.008633,0.008658,25820317.0
2026-08-23 01:00:00,0.008658,0.00872,0.008657,0.008708,14867105.0
2026-08-23 01:15:00,0.008707,0.008708,0.008644,0.008665,14570402.0
2026-08-23 01:30:00,0.008666,0.00869,0.008624,0.008672,17127646.0
2026-08-23 01:45:00,0.008672,0.008675,0.008633,0.008659,16315250.0
2026-08-23 02:00:00,0.008661,0.008715,0.008623,0.008696,20408488.0
2026-08-23 02:15:00,0.008696,0.008798,0.008693,0.008784,40164899.0
2026-08-23 02:30:00,0.008783,0.008788,0.008673,0.008758,41196962.0
2026-08-23 02:45:00,0.008763,0.008774,0.008692,0.008726,25393430.0
2026-08-23 03:00:00,0.008726,0.008842,0.008661,0.008689,59761128.0
2026-08-23 03:15:00,0.00869,0.00869,0.0085552,0.008581,72528336.0
2026-08-23 03:30:00,0.008581,0.008633,0.00854,0.008576,39533099.0
2026-08-23 03:45:00,0.008579,0.008617,0.008458,0.008565,64614203.0
2026-08-23 04:00:00,0.008565,0.008672,0.008501,0.008656,52187075.0
2026-08-23 04:15:00,0.008656,0.008686,0.008567,0.008594,23777393.0
2026-08-23 04:30:00,0.008593,0.008599,0.008462,0.008491,32478517.0
2026-08-23 04:45:00,0.008491,0.008535,0.008401,0.008508,57617581.0
2026-08-23 05:00:00,0.008508,0.008517,0.008441,0.008457,27100204.0
2026-08-23 05:15:00,0.008452,0.008529,0.008438,0.008468,31674017.0
2026-08-23 05:30:00,0.008467,0.008497,0.008418,0.008445,25689967.0
2026-08-23 05:45:00,0.008444,0.008459,0.008364,0.008414,46453681.0
2026-08-23 06:00:00,0.008414,0.008718,0.008331,0.008606,146380700.0
2026-08-23 06:15:00,0.008606,0.008635,0.008547,0.008597,44246249.0
2026-08-23 06:30:00,0.008598,0.0086129,0.008539,0.008584,24993733.0
2026-08-23 06:45:00,0.008586,0.008642,0.008546,0.008552,24755511.0
2026-08-23 07:00:00,0.008551,0.008588,0.00852,0.00854,23071487.0
2026-08-23 07:15:00,0.00854,0.008596,0.008525,0.008565,12527028.0
2026-08-23 07:30:00,0.008565,0.00863,0.008529,0.008588,23615014.0
2026-08-23 07:45:00,0.008587,0.008591,0.008544,0.008561,9233351.0
2026-08-23 08:00:00,0.008561,0.008647,0.008554,0.008582,28705930.0
2026-08-23 08:15:00,0.008582,0.0086,0.008558,0.008558,12586796.0
2026-08-23 08:30:00,0.008558,0.008641,0.008485,0.008634,64053020.0
2026-08-23 08:45:00,0.008634,0.0086639,0.0086,0.008612,28615491.0
2026-08-23 09:00:00,0.008612,0.008712,0.008431,0.008639,124204054.0
2026-08-23 09:15:00,0.008638,0.00866,0.008601,0.008639,23413096.0
2026-08-23 09:30:00,0.00864,0.008676,0.00861,0.008662,16731056.0
2026-08-23 09:45:00,0.008662,0.008737,0.008651,0.008725,32342635.0
2026-08-23 10:00:00,0.008722,0.008779,0.008668,0.008718,49929287.0
2026-08-23 10:15:00,0.008718,0.008769,0.008716,0.008769,21507842.0
2026-08-23 10:30:00,0.008768,0.008825,0.008733,0.008765,41316573.0
2026-08-23 10:45:00,0.008765,0.008831,0.008749,0.008797,33120058.0
2026-08-23 11:00:00,0.008799,0.008806,0.0086,0.008696,54748003.0
2026-08-23 11:15:00,0.008697,0.008709,0.00863,0.008668,23660605.0
2026-08-23 11:30:00,0.008667,0.008675,0.008623,0.008658,15715943.0
2026-08-23 11:45:00,0.008659,0.00867,0.008605,0.00861,17029511.0
2026-08-23 12:00:00,0.008611,0.008616,0.008566,0.008598,23321305.0
2026-08-23 12:15:00,0.008598,0.008601,0.008557,0.008585,15377012.0
2026-08-23 12:30:00,0.008584,0.008597,0.008538,0.008538,23569180.0
2026-08-23 12:45:00,0.008538,0.008588,0.008517,0.008554,26292851.0
2026-08-23 13:00:00,0.008552,0.00861,0.008532,0.008567,25642601.0
2026-08-23 13:15:00,0.008567,0.008611,0.0085,0.008562,33084105.0
2026-08-23 13:30:00,0.008561,0.008582,0.008535,0.008538,15702397.0
2026-08-23 13:45:00,0.008538,0.008558,0.008508,0.008539,19688842.0
2026-08-23 14:00:00,0.008538,0.008577,0.0085,0.008574,21493676.0
2026-08-23 14:15:00,0.008576,0.008582,0.00852,0.008544,19906489.0
2026-08-23 14:30:00,0.008543,0.008582,0.00845,0.008559,42833636.0
2026-08-23 14:45:00,0.008563,0.008622,0.00852,0.008549,32309670.0
2026-08-23 15:00:00,0.008552,0.008599,0.008526,0.008586,21927194.0
2026-08-23 15:15:00,0.008584,0.008617,0.00856,0.008581,21651753.0
2026-08-23 15:30:00,0.008578,0.008585,0.008489,0.008533,17713150.0
2026-08-23 15:45:00,0.008532,0.008623,0.008531,0.008608,29189502.0
2026-08-23 16:00:00,0.008609,0.008647,0.008554,0.008565,42605164.0
2026-08-23 16:15:00,0.008565,0.008569,0.008501,0.008513,18524614.0
2026-08-23 16:30:00,0.00851,0.008546,0.00846,0.008522,35027128.0
2026-08-23 16:45:00,0.00852,0.008533,0.008484,0.008511,15473607.0
2026-08-23 17:00:00,0.00851,0.008526,0.008489,0.008511,11664358.0
2026-08-23 17:15:00,0.00851,0.008513,0.00845,0.008454,19957834.0
2026-08-23 17:30:00,0.008454,0.00852,0.008433,0.008441,21487079.0
2026-08-23 17:45:00,0.008441,0.008487,0.008431,0.008458,17347212.0
2026-08-23 18:00:00,0.008457,0.008501,0.008446,0.008477,14924955.0
2026-08-23 18:15:00,0.008477,0.008486,0.008447,0.008469,7808141.0
2026-08-23 18:30:00,0.008469,0.008631,0.008401,0.00862,56490042.0
2026-08-23 18:45:00,0.00862,0.00862,0.0085218,0.008533,26143920.0
2026-08-23 19:00:00,0.008533,0.008552,0.00848,0.0085,13470425.0
2026-08-23 19:15:00,0.008501,0.008527,0.008443,0.008453,14823166.0
2026-08-23 19:30:00,0.008454,0.008463,0.00842,0.008422,8533360.0
2026-08-23 19:45:00,0.008422,0.008457,0.008407,0.008427,11038036.0
2026-08-23 20:00:00,0.008427,0.008617,0.008426,0.008545,77346321.0
2026-08-23 20:15:00,0.008545,0.008566,0.00853,0.008542,11678755.0
2026-08-23 20:30:00,0.008544,0.0086,0.008512,0.008586,23915639.0
2026-08-23 20:45:00,0.008584,0.0086,0.008559,0.008565,9216530.0
2026-08-23 21:00:00,0.008565,0.008614,0.008534,0.008566,17315453.0
2026-08-23 21:15:00,0.008566,0.008624,0.008545,0.008616,11964914.0
2026-08-23 21:30:00,0.008617,0.008658,0.008603,0.008641,17139724.0
2026-08-23 21:45:00,0.008641,0.008656,0.008575,0.0086,13415161.0
2026-08-23 22:00:00,0.0086,0.008614,0.008557,0.00859,15537500.0
2026-08-23 22:15:00,0.00859,0.00866,0.008577,0.008592,18707287.0
2026-08-23 22:30:00,0.008594,0.008599,0.008514,0.008535,26619591.0
2026-08-23 22:45:00,0.008536,0.008541,0.008495,0.008512,9153896.0
2026-08-23 23:00:00,0.008511,0.008515,0.008459,0.008507,30152056.0
2026-08-23 23:15:00,0.008509,0.008537,0.0085,0.008517,7250265.0
2026-08-23 23:30:00,0.008517,0.008533,0.008486,0.008504,7632021.0
2026-08-23 23:45:00,0.008504,0.008514,0.008472,0.008488,8821182.0
2026-08-24 00:00:00,0.008489,0.008521,0.008443,0.008471,31017708.0
2026-08-24 00:15:00,0.008471,0.008518,0.008448,0.008489,21088479.0
2026-08-24 00:30:00,0.008488,0.008571,0.008488,0.008561,18854420.0
2026-08-24 00:45:00,0.008561,0.008594,0.008511,0.008529,15878098.0
2026-08-24 01:00:00,0.008529,0.00858,0.008525,0.008549,8886235.0
2026-08-24 01:15:00,0.008548,0.008567,0.008515,0.008539,10222235.0
2026-08-24 01:30:00,0.008539,0.008539,0.008365,0.008421,54098691.0
2026-08-24 01:45:00,0.008421,0.008454,0.0084,0.008424,25572029.0
2026-08-24 02:00:00,0.008424,0.008442,0.008393,0.008404,22443858.0
2026-08-24 02:15:00,0.008403,0.008687,0.008389,0.008658,106514665.0
2026-08-24 02:30:00,0.008657,0.008657,0.008557,0.008571,24843997.0
2026-08-24 02:45:00,0.008572,0.008599,0.008509,0.008536,22954738.0
2026-08-24 03:00:00,0.008535,0.008649,0.008479,0.008583,86363050.0
2026-08-24 03:15:00,0.008584,0.00864,0.008555,0.008559,17526947.0
2026-08-24 03:30:00,0.00856,0.008588,0.008535,0.008578,11671305.0
2026-08-24 03:45:00,0.008579,0.008597,0.008512,0.008562,18956539.0
2026-08-24 04:00:00,0.008563,0.008618,0.008549,0.008596,22915287.0
2026-08-24 04:15:00,0.008596,0.008636,0.008584,0.008598,14103839.0
2026-08-24 04:30:00,0.008598,0.008649,0.008523,0.008623,49227234.0
2026-08-24 04:45:00,0.008624,0.008637,0.008559,0.008596,16292065.0
2026-08-24 05:00:00,0.008596,0.008625,0.008577,0.008608,11521392.0
2026-08-24 05:15:00,0.008607,0.0088,0.008597,0.008726,93568719.0
2026-08-24 05:30:00,0.008727,0.008727,0.008641,0.008652,33317120.0
2026-08-24 05:45:00,0.008653,0.008657,0.008594,0.008621,21685386.0
2026-08-24 06:00:00,0.008622,0.008661,0.008592,0.008599,14048927.0
2026-08-24 06:15:00,0.008599,0.008629,0.0085748,0.008583,13259593.0
2026-08-24 06:30:00,0.008584,0.008664,0.00858,0.008631,19944307.0
2026-08-24 06:45:00,0.008631,0.008716,0.008619,0.008709,19698402.0
2026-08-24 07:00:00,0.008709,0.008712,0.008587,0.008599,43397554.0
2026-08-24 07:15:00,0.0086,0.008628,0.008591,0.008611,16317378.0
2026-08-24 07:30:00,0.008612,0.00862,0.008575,0.008583,9264997.0
2026-08-24 07:45:00,0.008583,0.008597,0.008536,0.008544,13296450.0
2026-08-24 08:00:00,0.008545,0.008583,0.008524,0.008563,28203769.0
2026-08-24 08:15:00,0.008564,0.008624,0.008539,0.008596,23022661.0
2026-08-24 08:30:00,0.008597,0.008646,0.008568,0.00858,22404214.0
2026-08-24 08:45:00,0.008583,0.008647,0.00858,0.008639,14247327.0
2026-08-24 09:00:00,0.00864,0.008678,0.008598,0.008639,26257222.0
2026-08-24 09:15:00,0.008638,0.00869,0.008632,0.008681,18794194.0
2026-08-24 09:30:00,0.008684,0.00883,0.008669,0.008678,81151144.0
2026-08-24 09:45:00,0.008679,0.008726,0.008652,0.008663,31564955.0
2026-08-24 10:00:00,0.008663,0.0087,0.008637,0.008659,19956863.0
2026-08-24 10:15:00,0.008659,0.008662,0.00858,0.008613,27612831.0
2026-08-24 10:30:00,0.008612,0.008636,0.008576,0.008613,17795545.0
2026-08-24 10:45:00,0.008613,0.008623,0.008565,0.008566,20818315.0
2026-08-24 11:00:00,0.008567,0.008612,0.008538,0.008599,32156570.0
2026-08-24 11:15:00,0.008598,0.008644,0.008587,0.008613,14195711.0
2026-08-24 11:30:00,0.008614,0.008645,0.008597,0.00862,17225723.0
2026-08-24 11:45:00,0.008621,0.008682,0.008604,0.008676,24696064.0
2026-08-24 12:00:00,0.008678,0.008688,0.008592,0.008603,26030183.0
2026-08-24 12:15:00,0.008603,0.00863,0.008588,0.008593,14794388.0
2026-08-24 12:30:00,0.008594,0.00862,0.008541,0.008604,39310402.0
2026-08-24 12:45:00,0.008604,0.008643,0.008559,0.008563,21120357.0
2026-08-24 13:00:00,0.008563,0.008605,0.008547,0.008581,16474045.0
2026-08-24 13:15:00,0.008582,0.008648,0.008577,0.008628,22219361.0
2026-08-24 13:30:00,0.00863,0.008648,0.008552,0.008574,27099550.0
2026-08-24 13:45:00,0.008576,0.008629,0.008535,0.008621,47987828.0
2026-08-24 14:00:00,0.00862,0.008685,0.008616,0.008656,36258218.0
2026-08-24 14:15:00,0.008655,0.008659,0.008609,0.008611,14831337.0
2026-08-24 14:30:00,0.008609,0.008617,0.008562,0.008572,20704768.0
2026-08-24 14:45:00,0.008572,0.008603,0.00856,0.008585,18526379.0
2026-08-24 15:00:00,0.008585,0.008602,0.00853,0.008557,40431996.0
2026-08-24 15:15:00,0.008557,0.008572,0.00853,0.008538,17222285.0
2026-08-24 15:30:00,0.008538,0.008647,0.00853,0.008618,44503946.0
2026-08-24 15:45:00,0.008618,0.008644,0.0086,0.008644,18082465.0
2026-08-24 16:00:00,0.008644,0.008656,0.008568,0.008575,24776241.0
2026-08-24 16:15:00,0.008577,0.008591,0.008559,0.00857,12270415.0
2026-08-24 16:30:00,0.00857,0.008614,0.008555,0.008571,20748164.0
2026-08-24 16:45:00,0.008571,0.008617,0.008543,0.008544,22377550.0
2026-08-24 17:00:00,0.008544,0.008677,0.008534,0.008649,54639661.0
2026-08-24 17:15:00,0.008649,0.008661,0.008579,0.008579,24534118.0
2026-08-24 17:30:00,0.008582,0.008664,0.008558,0.00861,42461507.0
2026-08-24 17:45:00,0.008611,0.008766,0.008597,0.00874,41396600.0
2026-08-24 18:00:00,0.008739,0.0088,0.008666,0.008694,53155334.0
2026-08-24 18:15:00,0.008693,0.008693,0.008604,0.008618,23623195.0
2026-08-24 18:30:00,0.008618,0.008647,0.008599,0.008625,15343806.0
2026-08-24 18:45:00,0.008625,0.008676,0.008613,0.008658,11660832.0
2026-08-24 19:00:00,0.008658,0.008699,0.008633,0.008688,9823312.0
2026-08-24 19:15:00,0.008689,0.008735,0.008682,0.008722,21042366.0
2026-08-24 19:30:00,0.008722,0.008797,0.008721,0.008774,28560405.0
2026-08-24 19:45:00,0.008774,0.008874,0.008767,0.008842,52414933.0
2026-08-24 20:00:00,0.008843,0.00889,0.008778,0.00887,39654561.0
2026-08-24 20:15:00,0.00887,0.008884,0.008817,0.008847,20707425.0
2026-08-24 20:30:00,0.008847,0.008868,0.008757,0.008781,21902039.0
2026-08-24 20:45:00,0.008782,0.00884,0.008762,0.008809,11176509.0
2026-08-24 21:00:00,0.008809,0.008814,0.008752,0.008807,12254702.0
2026-08-24 21:15:00,0.008806,0.008842,0.008792,0.008816,9573647.0
2026-08-24 21:30:00,0.008815,0.008818,0.008735,0.008757,20232341.0
2026-08-24 21:45:00,0.008757,0.008758,0.00865,0.008664,25294933.0
2026-08-24 22:00:00,0.008665,0.008694,0.008648,0.008663,12723996.0
2026-08-24 22:15:00,0.008662,0.008665,0.0086,0.008624,22572523.0
2026-08-24 22:30:00,0.008623,0.008639,0.008605,0.008608,9498497.0
2026-08-24 22:45:00,0.008608,0.008618,0.00858,0.008589,18756547.0
2026-08-24 23:00:00,0.008589,0.008608,0.008568,0.008572,14475335.0
2026-08-24 23:15:00,0.008571,0.008616,0.008569,0.008592,13152080.0
2026-08-24 23:30:00,0.008592,0.008592,0.008561,0.008569,17633722.0
2026-08-24 23:45:00,0.008568,0.008621,0.00856,0.008595,28519052.0
2026-08-25 00:00:00,0.008596,0.008621,0.008571,0.008585,19738092.0
2026-08-25 00:15:00,0.008585,0.008585,0.008567,0.008571,7526401.0
2026-08-25 00:30:00,0.008571,0.008591,0.008561,0.008567,18954025.0
2026-08-25 00:45:00,0.008567,0.008576,0.00854,0.008553,24020073.0
2026-08-25 01:00:00,0.008553,0.00857,0.008546,0.008555,14722414.0
2026-08-25 01:15:00,0.008555,0.008573,0.008552,0.008554,7972818.0
2026-08-25 01:30:00,0.008554,0.008573,0.00854,0.00855,28805130.0
2026-08-25 01:45:00,0.008548,0.008566,0.008537,0.008549,18941960.0
2026-08-25 02:00:00,0.008549,0.008609,0.008538,0.008558,15368431.0
2026-08-25 02:15:00,0.008557,0.00863,0.008271,0.008534,241993487.0
2026-08-25 02:30:00,0.008533,0.008553,0.008398,0.008436,45324541.0
2026-08-25 02:45:00,0.008431,0.008435,0.0081706,0.00824,167914760.0
2026-08-25 03:00:00,0.00824,0.00838,0.00822,0.008282,67357411.0
2026-08-25 03:15:00,0.008281,0.008618,0.00816,0.008495,165753498.0
2026-08-25 03:30:00,0.008499,0.008685,0.008378,0.008583,193858731.0
2026-08-25 03:45:00,0.008589,0.0086,0.00849,0.008501,29404428.0
2026-08-25 04:00:00,0.008501,0.008597,0.0085,0.008569,19395377.0
2026-08-25 04:15:00,0.008569,0.008598,0.008558,0.008579,13969469.0
2026-08-25 04:30:00,0.008579,0.008595,0.008538,0.008569,17209160.0
2026-08-25 04:45:00,0.008569,0.008575,0.008526,0.008536,8159101.0
2026-08-25 05:00:00,0.008535,0.008603,0.008499,0.008561,28331464.0
2026-08-25 05:15:00,0.008562,0.008629,0.008521,0.008591,24404945.0
2026-08-25 05:30:00,0.008591,0.008649,0.008574,0.008615,25809330.0
2026-08-25 05:45:00,0.008615,0.008686,0.008578,0.008666,19610628.0
2026-08-25 06:00:00,0.008669,0.00871,0.008611,0.008627,23560321.0
2026-08-25 06:15:00,0.008626,0.008656,0.008614,0.008636,8314419.0
2026-08-25 06:30:00,0.008636,0.008746,0.008635,0.008734,35917874.0
2026-08-25 06:45:00,0.008735,0.008746,0.008688,0.00872,21329134.0
2026-08-25 07:00:00,0.00872,0.008744,0.008584,0.008617,34967447.0
2026-08-25 07:15:00,0.008618,0.00873,0.008617,0.008681,30699383.0
2026-08-25 07:30:00,0.008678,0.008684,0.008639,0.008669,9600551.0
2026-08-25 07:45:00,0.008668,0.008677,0.008605,0.008673,19240118.0
2026-08-25 08:00:00,0.008674,0.0087,0.008619,0.008667,26638622.0
2026-08-25 08:15:00,0.008667,0.0087,0.008648,0.008666,10288058.0
2026-08-25 08:30:00,0.008667,0.008757,0.008659,0.008748,20556169.0
2026-08-25 08:45:00,0.00875,0.009019,0.008731,0.008926,144422172.0
2026-08-25 09:00:00,0.008927,0.008967,0.008764,0.008864,101588742.0
2026-08-25 09:15:00,0.008864,0.008957,0.008853,0.008907,39839951.0
2026-08-25 09:30:00,0.008907,0.00894,0.00888,0.008915,19678558.0
2026-08-25 09:45:00,0.008916,0.008986,0.008854,0.008872,74087720.0
2026-08-25 10:00:00,0.00887,0.0089,0.008618,0.008684,141839234.0
2026-08-25 10:15:00,0.008681,0.008725,0.00864,0.008714,41239986.0
2026-08-25 10:30:00,0.008714,0.008733,0.008682,0.008729,15964521.0
2026-08-25 10:45:00,0.008729,0.008851,0.008719,0.008802,32927312.0
2026-08-25 11:00:00,0.008803,0.008899,0.008698,0.008722,55771181.0
2026-08-25 11:15:00,0.008724,0.008756,0.008714,0.008735,12216197.0
2026-08-25 11:30:00,0.008736,0.008842,0.008727,0.008824,22792339.0
2026-08-25 11:45:00,0.008824,0.008839,0.008772,0.008832,12547904.0
2026-08-25 12:00:00,0.008831,0.008844,0.0088,0.008821,14498028.0
2026-08-25 12:15:00,0.00882,0.008962,0.00875,0.008911,52565166.0
2026-08-25 12:30:00,0.008909,0.00894,0.008856,0.008918,40775289.0
2026-08-25 12:45:00,0.00892,0.008943,0.008865,0.008891,20767341.0
2026-08-25 13:00:00,0.008891,0.008983,0.008891,0.008942,43337527.0
2026-08-25 13:15:00,0.008941,0.00899,0.008852,0.008972,40741128.0
2026-08-25 13:30:00,0.008972,0.009026,0.008951,0.008998,39532473.0
2026-08-25 13:45:00,0.008998,0.009144,0.008906,0.00897,113090123.0
2026-08-25 14:00:00,0.008969,0.00905,0.0089,0.008926,44211197.0
2026-08-25 14:15:00,0.008926,0.009018,0.008922,0.009003,17948857.0
2026-08-25 14:30:00,0.009004,0.009145,0.008967,0.009128,70289904.0
2026-08-25 14:45:00,0.009128,0.0095,0.00907,0.009488,137755901.0
2026-08-25 15:00:00,0.009486,0.009746,0.008888,0.009147,534627670.0
2026-08-25 15:15:00,0.009148,0.009185,0.00896,0.009013,85101433.0
2026-08-25 15:30:00,0.009011,0.009106,0.00899,0.009011,40971087.0
2026-08-25 15:45:00,0.009011,0.009183,0.009007,0.009123,30331405.0
2026-08-25 16:00:00,0.009123,0.009133,0.008744,0.008931,141998033.0
2026-08-25 16:15:00,0.008932,0.009017,0.008857,0.008977,58461911.0
2026-08-25 16:30:00,0.008979,0.009065,0.008971,0.009039,34794658.0
2026-08-25 16:45:00,0.009039,0.009173,0.00901,0.009151,35501584.0
2026-08-25 17:00:00,0.009152,0.009276,0.009092,0.009234,75326455.0
2026-08-25 17:15:00,0.009233,0.009255,0.009089,0.009129,33949025.0
2026-08-25 17:30:00,0.009127,0.009247,0.009078,0.009078,39241526.0
2026-08-25 17:45:00,0.00908,0.009129,0.009036,0.009097,28913557.0
2026-08-25 18:00:00,0.009098,0.00918,0.009097,0.009144,23405159.0
2026-08-25 18:15:00,0.009143,0.009166,0.0091,0.009131,11776404.0
2026-08-25 18:30:00,0.009132,0.009147,0.008963,0.008986,31608432.0
2026-08-25 18:45:00,0.008987,0.009087,0.008963,0.009049,27900987.0
2026-08-25 19:00:00,0.00905,0.00905,0.008956,0.008992,19028291.0
2026-08-25 19:15:00,0.008993,0.009002,0.008915,0.00892,17764805.0
2026-08-25 19:30:00,0.008922,0.008989,0.008912,0.008943,17140653.0
2026-08-25 19:45:00,0.008943,0.008988,0.008888,0.008931,24595053.0
2026-08-25 20:00:00,0.008932,0.009,0.008926,0.008936,13886806.0
2026-08-25 20:15:00,0.008936,0.008947,0.008888,0.008929,13502138.0
2026-08-25 20:30:00,0.008929,0.008947,0.008895,0.008906,7591155.0
2026-08-25 20:45:00,0.008907,0.00895,0.008844,0.008851,25853915.0
2026-08-25 21:00:00,0.008851,0.008892,0.008767,0.008879,30357577.0
2026-08-25 21:15:00,0.008878,0.008882,0.008746,0.008759,30236121.0
2026-08-25 21:30:00,0.008759,0.008808,0.00875,0.008806,20958801.0
2026-08-25 21:45:00,0.008807,0.008819,0.00876,0.008766,11145365.0
2026-08-25 22:00:00,0.008764,0.008769,0.00868,0.008734,30970446.0
2026-08-25 22:15:00,0.008735,0.00875,0.008684,0.008692,14403859.0
2026-08-25 22:30:00,0.008693,0.008741,0.008682,0.0087,11450571.0
2026-08-25 22:45:00,0.0087,0.008708,0.008667,0.008697,16771811.0
2026-08-25 23:00:00,0.008697,0.008716,0.008628,0.008635,24136947.0
2026-08-25 23:15:00,0.008636,0.008669,0.00861,0.008641,19282359.0
2026-08-25 23:30:00,0.008641,0.008641,0.008553,0.008628,44075641.0
2026-08-25 23:45:00,0.008627,0.008684,0.008608,0.008611,28075809.0
2026-08-26 00:00:00,0.00861,0.008677,0.008602,0.008625,21503701.0
2026-08-26 00:15:00,0.008624,0.00872,0.008615,0.008706,26659863.0
2026-08-26 00:30:00,0.008706,0.008726,0.008686,0.008708,14795014.0
2026-08-26 00:45:00,0.008708,0.008805,0.008701,0.008784,22196856.0
2026-08-26 01:00:00,0.008785,0.008842,0.008773,0.008804,25696119.0
2026-08-26 01:15:00,0.008804,0.008843,0.008804,0.008838,14526158.0
2026-08-26 01:30:00,0.008838,0.008842,0.008709,0.008742,20094028.0
2026-08-26 01:45:00,0.008742,0.008767,0.008685,0.008698,14141984.0
2026-08-26 02:00:00,0.0087,0.008724,0.008642,0.008676,27546882.0
2026-08-26 02:15:00,0.008677,0.008691,0.00863,0.008667,24143717.0
2026-08-26 02:30:00,0.008666,0.008678,0.00864,0.008664,15357599.0
2026-08-26 02:45:00,0.008665,0.008723,0.008659,0.008694,16753480.0
2026-08-26 03:00:00,0.008696,0.008744,0.008678,0.008685,17397662.0
2026-08-26 03:15:00,0.008686,0.008718,0.008624,0.00867,18794280.0
2026-08-26 03:30:00,0.008669,0.008718,0.008636,0.008686,17150655.0
2026-08-26 03:45:00,0.008685,0.008707,0.008668,0.008693,10687155.0
2026-08-26 04:00:00,0.008693,0.00872,0.008682,0.008702,9772938.0
2026-08-26 04:15:00,0.008702,0.008726,0.008643,0.008672,20126664.0
2026-08-26 04:30:00,0.008672,0.008685,0.008653,0.008674,7537050.0
2026-08-26 04:45:00,0.008675,0.008738,0.008675,0.008702,18359297.0
2026-08-26 05:00:00,0.008703,0.008779,0.008668,0.008723,29634132.0
2026-08-26 05:15:00,0.008725,0.008791,0.00869,0.008771,20179495.0
2026-08-26 05:30:00,0.008771,0.008818,0.008732,0.008782,17315385.0
2026-08-26 05:45:00,0.008781,0.008818,0.008722,0.008754,23008988.0
2026-08-26 06:00:00,0.008756,0.008815,0.00872,0.008733,19858741.0
2026-08-26 06:15:00,0.008734,0.00878,0.008718,0.00878,12842222.0
2026-08-26 06:30:00,0.00878,0.008782,0.0087,0.008742,31414033.0
2026-08-26 06:45:00,0.00874,0.008942,0.008728,0.008869,46091221.0
2026-08-26 07:00:00,0.008871,0.008912,0.008841,0.0089,21907733.0
2026-08-26 07:15:00,0.0089,0.0091,0.008896,0.00907,71547192.0
2026-08-26 07:30:00,0.009071,0.009198,0.009007,0.009103,125561483.0
2026-08-26 07:45:00,0.009104,0.00935,0.009092,0.009228,126476823.0
2026-08-26 08:00:00,0.009229,0.009297,0.009146,0.009171,62936510.0
2026-08-26 08:15:00,0.009175,0.009184,0.008335,0.008392,573389360.0
2026-08-26 08:30:00,0.008393,0.008509,0.008321,0.008404,172171283.0
2026-08-26 08:45:00,0.008402,0.008505,0.008386,0.008393,94869482.0
2026-08-26 09:00:00,0.008393,0.008498,0.008333,0.00848,97258474.0
2026-08-26 09:15:00,0.00848,0.008482,0.008386,0.008422,51556268.0
2026-08-26 09:30:00,0.008421,0.0085,0.008396,0.008438,46878500.0
2026-08-26 09:45:00,0.00844,0.008479,0.008411,0.008453,22531085.0
2026-08-26 10:00:00,0.008452,0.008493,0.00844,0.008442,26728220.0
2026-08-26 10:15:00,0.008442,0.008485,0.008414,0.008445,23534226.0
2026-08-26 10:30:00,0.008445,0.008495,0.00839,0.008433,42035615.0
2026-08-26 10:45:00,0.008432,0.00851,0.00842,0.008494,46176337.0
2026-08-26 11:00:00,0.008493,0.008518,0.008449,0.008478,40040965.0
2026-08-26 11:15:00,0.008478,0.008507,0.008441,0.008478,26428873.0
2026-08-26 11:30:00,0.008478,0.008479,0.00732,0.008171,971703502.0
2026-08-26 11:45:00,0.008174,0.0091,0.008068,0.008815,828877426.0
2026-08-26 12:00:00,0.008817,0.009043,0.008502,0.008596,263030643.0
2026-08-26 12:15:00,0.008598,0.008839,0.008567,0.008836,95105163.0
2026-08-26 12:30:00,0.008835,0.008888,0.008746,0.008805,68245301.0
2026-08-26 12:45:00,0.008808,0.008914,0.008746,0.008842,64813658.0
2026-08-26 13:00:00,0.008839,0.008924,0.008656,0.00871,57217152.0
2026-08-26 13:15:00,0.008711,0.008722,0.008507,0.008623,71711808.0
2026-08-26 13:30:00,0.008622,0.008818,0.008555,0.008781,61668286.0
2026-08-26 13:45:00,0.008782,0.008829,0.00869,0.008725,36854363.0
2026-08-26 14:00:00,0.008725,0.008768,0.008649,0.008653,30869291.0
2026-08-26 14:15:00,0.008653,0.008699,0.008582,0.008596,26053609.0
2026-08-26 14:30:00,0.008595,0.008669,0.008588,0.008628,22874563.0
2026-08-26 14:45:00,0.008627,0.008788,0.008576,0.008612,46740969.0
2026-08-26 15:00:00,0.00861,0.008798,0.0086,0.008758,48451442.0
2026-08-26 15:15:00,0.00876,0.008782,0.008441,0.008557,95829426.0
2026-08-26 15:30:00,0.008555,0.008648,0.008514,0.008626,33865807.0
2026-08-26 15:45:00,0.008625,0.008683,0.008605,0.008671,14304329.0
2026-08-26 16:00:00,0.008672,0.008769,0.008647,0.008647,52733374.0
2026-08-26 16:15:00,0.008648,0.00909,0.008634,0.009002,205368839.0
2026-08-26 16:30:00,0.009001,0.009029,0.008827,0.008942,89783932.0
2026-08-26 16:45:00,0.008941,0.008949,0.008803,0.008862,45520525.0
2026-08-26 17:00:00,0.008861,0.008915,0.008504,0.008578,299549566.0
2026-08-26 17:15:00,0.008577,0.008691,0.008562,0.0086,56772510.0
2026-08-26 17:30:00,0.008602,0.008617,0.00845,0.008523,72909698.0
2026-08-26 17:45:00,0.008524,0.008535,0.008402,0.008431,61375499.0
2026-08-26 18:00:00,0.008432,0.00844,0.0082,0.008292,98886314.0
2026-08-26 18:15:00,0.00829,0.00838,0.008277,0.008313,48850643.0
2026-08-26 18:30:00,0.008313,0.00834,0.008217,0.008232,41244566.0
2026-08-26 18:45:00,0.008232,0.00826,0.008105,0.008125,58067684.0
2026-08-26 19:00:00,0.008124,0.008137,0.006202,0.006555,980273678.0
2026-08-26 19:15:00,0.006564,0.00836,0.00486,0.007907,3033457283.0
2026-08-26 19:30:00,0.007908,0.008172,0.007604,0.007859,456753725.0
2026-08-26 19:45:00,0.00786,0.007991,0.007454,0.007926,393838033.0
2026-08-26 20:00:00,0.007926,0.00806,0.007658,0.007964,250485731.0
2026-08-26 20:15:00,0.007966,0.008044,0.00786,0.007908,144441102.0
2026-08-26 20:30:00,0.007906,0.007909,0.007612,0.007652,178107715.0
2026-08-26 20:45:00,0.007652,0.007729,0.007432,0.007528,128355241.0
2026-08-26 21:00:00,0.00753,0.007534,0.00725,0.007317,175721087.0
2026-08-26 21:15:00,0.007315,0.007375,0.007151,0.007297,139268646.0
2026-08-26 21:30:00,0.007294,0.00772,0.007197,0.007665,223280670.0
2026-08-26 21:45:00,0.007671,0.008097,0.007525,0.007878,181931970.0
2026-08-26 22:00:00,0.007878,0.008099,0.007742,0.007906,126982568.0
2026-08-26 22:15:00,0.007909,0.008006,0.007863,0.007981,60901483.0
2026-08-26 22:30:00,0.007981,0.00804,0.00787,0.00787,67600411.0
2026-08-26 22:45:00,0.007872,0.00805,0.00781,0.007962,69279695.0
2026-08-26 23:00:00,0.00796,0.008029,0.007771,0.007839,66274701.0
2026-08-26 23:15:00,0.007837,0.007852,0.007649,0.007701,72255452.0
2026-08-26 23:30:00,0.007701,0.007799,0.007535,0.007588,57868527.0
2026-08-26 23:45:00,0.00759,0.007737,0.00758,0.007659,71171375.0
2026-08-27 00:00:00,0.007658,0.007732,0.007602,0.007605,62581905.0
2026-08-27 00:15:00,0.007606,0.00882,0.007593,0.00811,529010511.0
2026-08-27 00:30:00,0.00811,0.008116,0.007845,0.007879,131147731.0
2026-08-27 00:45:00,0.007881,0.008455,0.007865,0.008332,162797627.0
2026-08-27 01:00:00,0.00833,0.008406,0.008044,0.008197,114769931.0
2026-08-27 01:15:00,0.008193,0.00845,0.008193,0.008303,100169367.0
2026-08-27 01:30:00,0.008303,0.008351,0.008221,0.008291,55709221.0
2026-08-27 01:45:00,0.008285,0.008348,0.008227,0.008294,30976484.0
2026-08-27 02:00:00,0.008294,0.008362,0.008195,0.008288,42167380.0
2026-08-27 02:15:00,0.008289,0.0083392,0.0082,0.008285,44178231.0
2026-08-27 02:30:00,0.008283,0.008387,0.008245,0.008251,42084509.0
2026-08-27 02:45:00,0.008251,0.008426,0.00825,0.00838,46404238.0
2026-08-27 03:00:00,0.008379,0.008491,0.008367,0.00844,47752408.0
2026-08-27 03:15:00,0.008439,0.008532,0.008104,0.008116,97689043.0
2026-08-27 03:30:00,0.008116,0.008328,0.007768,0.00823,178098100.0
2026-08-27 03:45:00,0.008228,0.008268,0.008135,0.008203,41729519.0
2026-08-27 04:00:00,0.0082,0.008268,0.008177,0.008219,32901555.0
2026-08-27 04:15:00,0.008219,0.00844,0.00817,0.008259,70307116.0
2026-08-27 04:30:00,0.008257,0.008322,0.008164,0.008195,27907044.0
2026-08-27 04:45:00,0.008194,0.008194,0.008064,0.008133,53673119.0
2026-08-27 05:00:00,0.008131,0.00828,0.008131,0.008252,33114038.0
2026-08-27 05:15:00,0.00825,0.008272,0.008126,0.008171,26932131.0
2026-08-27 05:30:00,0.008171,0.008184,0.008121,0.008121,20304001.0
2026-08-27 05:45:00,0.008121,0.008158,0.008106,0.008119,27221913.0
2026-08-27 06:00:00,0.00812,0.008145,0.007963,0.007975,63623603.0
2026-08-27 06:15:00,0.007975,0.008019,0.00791,0.007959,58003735.0
2026-08-27 06:30:00,0.007957,0.008008,0.007866,0.007893,65481394.0
2026-08-27 06:45:00,0.007892,0.007915,0.007835,0.007856,51709345.0
2026-08-27 07:00:00,0.007857,0.007874,0.00781,0.007861,34753999.0
2026-08-27 07:15:00,0.007861,0.007904,0.007816,0.00783,26863923.0
2026-08-27 07:30:00,0.007833,0.007888,0.0078,0.007846,34912148.0
2026-08-27 07:45:00,0.007844,0.008103,0.007564,0.007625,167565758.0
2026-08-27 08:00:00,0.007621,0.007914,0.007538,0.007812,128269123.0
2026-08-27 08:15:00,0.007813,0.007825,0.007701,0.007762,42032962.0
2026-08-27 08:30:00,0.007764,0.007786,0.007591,0.007611,72733911.0
2026-08-27 08:45:00,0.007608,0.007732,0.007601,0.007629,46173364.0
2026-08-27 09:00:00,0.007627,0.00767,0.007566,0.007599,50844088.0
2026-08-27 09:15:00,0.007599,0.007599,0.007266,0.007447,117665781.0
2026-08-27 09:30:00,0.007449,0.007614,0.007417,0.0075815,84588959.0
2026-08-27 09:45:00,0.0075815,0.007841,0.00755,0.007629,119788907.0
2026-08-27 10:00:00,0.00763,0.007631,0.00748,0.007548,72758409.0
2026-08-27 10:15:00,0.007548,0.0076,0.007491,0.007557,36957271.0
2026-08-27 10:30:00,0.007558,0.007565,0.007483,0.007501,27560927.0
2026-08-27 10:45:00,0.007502,0.007678,0.007497,0.007586,65124699.0
2026-08-27 11:00:00,0.007583,0.007609,0.007454,0.007529,54706939.0
2026-08-27 11:15:00,0.007529,0.007551,0.007411,0.007447,50373648.0
2026-08-27 11:30:00,0.007447,0.007531,0.007423,0.007513,41002169.0
2026-08-27 11:45:00,0.007514,0.007523,0.007401,0.007487,56351562.0
2026-08-27 12:00:00,0.007486,0.007493,0.007417,0.007445,51491464.0
2026-08-27 12:15:00,0.007445,0.00748,0.007369,0.007397,71928959.0
2026-08-27 12:30:00,0.007397,0.007441,0.007304,0.007321,79786869.0
2026-08-27 12:45:00,0.007323,0.007564,0.007284,0.007434,123831068.0
2026-08-27 13:00:00,0.007435,0.007544,0.007403,0.007434,72012869.0
2026-08-27 13:15:00,0.007431,0.007486,0.007351,0.007408,46784741.0
2026-08-27 13:30:00,0.007408,0.007459,0.007363,0.007445,54611541.0
2026-08-27 13:45:00,0.007446,0.007453,0.007326,0.007356,47147492.0
2026-08-27 14:00:00,0.007356,0.007388,0.007329,0.007342,36431621.0
2026-08-27 14:15:00,0.007342,0.007363,0.007242,0.007295,68304070.0
2026-08-27 14:30:00,0.007296,0.007353,0.007239,0.007302,52331831.0
2026-08-27 14:45:00,0.007306,0.007393,0.007253,0.00735,57612294.0
2026-08-27 15:00:00,0.007354,0.007382,0.0071,0.007168,116295568.0
2026-08-27 15:15:00,0.007169,0.00722,0.006994,0.007164,134194303.0
2026-08-27 15:30:00,0.007165,0.00735,0.007135,0.007259,94456768.0
2026-08-27 15:45:00,0.00726,0.007262,0.007111,0.00714,47074250.0
2026-08-27 16:00:00,0.007141,0.007285,0.007108,0.007179,83717072.0
2026-08-27 16:15:00,0.007177,0.00718,0.006915,0.006975,129636683.0
2026-08-27 16:30:00,0.006977,0.006999,0.006706,0.006936,428100397.0
2026-08-27 16:45:00,0.006931,0.008063,0.006857,0.008031,1046409164.0
2026-08-27 17:00:00,0.008028,0.009039,0.00791,0.008347,1955931246.0
2026-08-27 17:15:00,0.008347,0.008676,0.006851,0.00707,1103794742.0
2026-08-27 17:30:00,0.007076,0.008024,0.005955,0.007391,2179234298.0
2026-08-27 17:45:00,0.007394,0.007592,0.006883,0.007566,691760826.0
2026-08-27 18:00:00,0.007565,0.007937,0.0073,0.007813,583719914.0
2026-08-27 18:15:00,0.007817,0.007999,0.007574,0.007993,334711858.0
2026-08-27 18:30:00,0.007993,0.00828,0.007862,0.008172,314110460.0
2026-08-27 18:45:00,0.008171,0.008212,0.0079,0.007916,208484900.0
2026-08-27 19:00:00,0.007916,0.008038,0.007747,0.007841,151779123.0
2026-08-27 19:15:00,0.007837,0.007945,0.007779,0.007794,91995329.0
2026-08-27 19:30:00,0.007791,0.007849,0.00765,0.007671,103649205.0
2026-08-27 19:45:00,0.007669,0.007715,0.007553,0.007606,71619610.0
2026-08-27 20:00:00,0.007608,0.007663,0.007534,0.007572,68347750.0
2026-08-27 20:15:00,0.007571,0.007616,0.00749,0.007515,59169749.0
2026-08-27 20:30:00,0.007515,0.007599,0.007413,0.007461,57292373.0
2026-08-27 20:45:00,0.00746,0.007463,0.00719,0.007219,91558506.0
2026-08-27 21:00:00,0.007219,0.00726,0.007001,0.007087,127036972.0
2026-08-27 21:15:00,0.007086,0.007493,0.007,0.007485,144670236.0
2026-08-27 21:30:00,0.00748,0.00748,0.006934,0.007138,236726744.0
2026-08-27 21:45:00,0.007138,0.007157,0.006916,0.006972,80243345.0
2026-08-27 22:00:00,0.006969,0.007058,0.006833,0.006876,92723500.0
2026-08-27 22:15:00,0.006878,0.006905,0.006727,0.006745,100842695.0
2026-08-27 22:30:00,0.00675,0.006791,0.006709,0.006729,63334492.0
2026-08-27 22:45:00,0.006729,0.006729,0.006625,0.006639,101524282.0
2026-08-27 23:00:00,0.006639,0.006809,0.006581,0.006784,174123291.0
2026-08-27 23:15:00,0.006785,0.0069095,0.006722,0.006846,119942443.0
2026-08-27 23:30:00,0.006847,0.006983,0.006784,0.006851,118566542.0
2026-08-27 23:45:00,0.006851,0.00692,0.0068,0.006855,45532106.0
2026-08-28 00:00:00,0.006854,0.006923,0.006651,0.006865,119935491.0
2026-08-28 00:15:00,0.006864,0.006954,0.0068,0.006941,66992221.0
2026-08-28 00:30:00,0.006942,0.007049,0.006868,0.006956,100769409.0
2026-08-28 00:45:00,0.006953,0.007022,0.006933,0.006941,38426938.0
2026-08-28 01:00:00,0.006941,0.007156,0.006916,0.007094,66568742.0
2026-08-28 01:15:00,0.007094,0.00726,0.006914,0.006964,116935572.0
2026-08-28 01:30:00,0.006965,0.007205,0.00693,0.006961,131746735.0
2026-08-28 01:45:00,0.006963,0.006993,0.006905,0.006957,47847982.0
2026-08-28 02:00:00,0.006958,0.00699,0.006822,0.006851,55360910.0
2026-08-28 02:15:00,0.006844,0.006878,0.006743,0.00681,99998124.0
2026-08-28 02:30:00,0.006811,0.00685,0.006779,0.006808,35987711.0
2026-08-28 02:45:00,0.006808,0.007974,0.006805,0.007766,782010198.0
2026-08-28 03:00:00,0.007758,0.007888,0.00753,0.007568,265963007.0
2026-08-28 03:15:00,0.007568,0.007809,0.007568,0.007776,115300537.0
2026-08-28 03:30:00,0.007773,0.007775,0.007367,0.007418,187751086.0
2026-08-28 03:45:00,0.007417,0.007502,0.007392,0.007486,73997956.0
2026-08-28 04:00:00,0.007485,0.007644,0.007426,0.007566,89613007.0
2026-08-28 04:15:00,0.007568,0.00787,0.007491,0.00778,182935218.0
2026-08-28 04:30:00,0.007783,0.007821,0.00762,0.007676,53686714.0
2026-08-28 04:45:00,0.007676,0.007723,0.007603,0.007665,32257533.0
2026-08-28 05:00:00,0.007665,0.007737,0.007661,0.007705,33406661.0
2026-08-28 05:15:00,0.007705,0.007782,0.007689,0.007754,25223681.0
2026-08-28 05:30:00,0.007754,0.007779,0.007719,0.007761,29355445.0
2026-08-28 05:45:00,0.007761,0.008577,0.007738,0.008495,682603581.0
2026-08-28 06:00:00,0.008496,0.0086,0.00829,0.008415,312958968.0
2026-08-28 06:15:00,0.008415,0.008682,0.008376,0.008565,225244585.0
2026-08-28 06:30:00,0.008566,0.008624,0.00835,0.008462,157351871.0
2026-08-28 06:45:00,0.008462,0.008548,0.008426,0.008462,70430342.0
2026-08-28 07:00:00,0.008461,0.00848,0.008203,0.008247,122295392.0
2026-08-28 07:15:00,0.008245,0.008343,0.008166,0.00827,86341554.0
2026-08-28 07:30:00,0.008272,0.008323,0.008188,0.008228,56747112.0
2026-08-28 07:45:00,0.008228,0.008279,0.008179,0.008254,51550530.0
2026-08-28 08:00:00,0.008255,0.008333,0.00818,0.008241,87112700.0
2026-08-28 08:15:00,0.008241,0.00827,0.008049,0.008191,102748469.0
2026-08-28 08:30:00,0.008192,0.008267,0.008159,0.008215,37660756.0
2026-08-28 08:45:00,0.008217,0.008261,0.008154,0.008207,41253897.0
2026-08-28 09:00:00,0.008204,0.008415,0.008134,0.008394,99259898.0
2026-08-28 09:15:00,0.008394,0.00841,0.00795,0.008134,171591441.0
2026-08-28 09:30:00,0.008132,0.008266,0.008023,0.008112,105296743.0
2026-08-28 09:45:00,0.008112,0.008206,0.008094,0.008175,31920245.0
2026-08-28 10:00:00,0.008176,0.008183,0.008086,0.008114,43147242.0
2026-08-28 10:15:00,0.008114,0.008117,0.008004,0.008083,55618623.0
2026-08-28 10:30:00,0.008079,0.008135,0.007977,0.007985,51237518.0
2026-08-28 10:45:00,0.007988,0.00806,0.007971,0.007976,26996911.0
2026-08-28 11:00:00,0.007975,0.008052,0.007943,0.007948,48304871.0
2026-08-28 11:15:00,0.007949,0.008025,0.007933,0.007991,28128760.0
2026-08-28 11:30:00,0.00799,0.008003,0.007923,0.00794,24543179.0
2026-08-28 11:45:00,0.007941,0.007993,0.007888,0.007903,29641703.0
2026-08-28 12:00:00,0.007903,0.00805,0.007902,0.007999,53899805.0
2026-08-28 12:15:00,0.008001,0.008133,0.00796,0.008045,59410550.0
2026-08-28 12:30:00,0.008045,0.008195,0.007983,0.008143,62579846.0
2026-08-28 12:45:00,0.008143,0.008143,0.008059,0.008081,38809779.0
2026-08-28 13:00:00,0.00808,0.008149,0.008075,0.008126,27410075.0
2026-08-28 13:15:00,0.008124,0.008128,0.008026,0.008059,24653474.0
2026-08-28 13:30:00,0.008062,0.008143,0.008056,0.00812,30289451.0
2026-08-28 13:45:00,0.00812,0.008168,0.007824,0.00799,88894160.0
2026-08-28 14:00:00,0.007992,0.00805,0.007924,0.008004,94751393.0
2026-08-28 14:15:00,0.008004,0.008049,0.007974,0.008002,30597591.0
2026-08-28 14:30:00,0.008002,0.008033,0.007926,0.007972,38890325.0
2026-08-28 14:45:00,0.00797,0.008138,0.00797,0.008053,57612324.0
2026-08-28 15:00:00,0.008052,0.008167,0.007925,0.007947,66197705.0
2026-08-28 15:15:00,0.007944,0.008014,0.0079,0.008007,45329992.0
2026-08-28 15:30:00,0.008007,0.008051,0.007959,0.007975,26642380.0
2026-08-28 15:45:00,0.007976,0.00803,0.007962,0.008007,23632194.0
2026-08-28 16:00:00,0.008006,0.0081,0.007963,0.007974,79158388.0
2026-08-28 16:15:00,0.007973,0.008043,0.007935,0.008006,55744928.0
2026-08-28 16:30:00,0.008006,0.0087,0.008002,0.008598,440840197.0
2026-08-28 16:45:00,0.008601,0.009,0.00822,0.008578,1019190132.0
2026-08-28 17:00:00,0.008578,0.008698,0.0083,0.008406,255104935.0
2026-08-28 17:15:00,0.008409,0.008619,0.008373,0.008545,153742783.0
2026-08-28 17:30:00,0.008545,0.008738,0.008449,0.008703,208386853.0
2026-08-28 17:45:00,0.008703,0.008844,0.008624,0.008813,148200868.0
2026-08-28 18:00:00,0.008817,0.009067,0.008704,0.00896,249920628.0
2026-08-28 18:15:00,0.00896,0.008978,0.008703,0.008793,174512029.0
2026-08-28 18:30:00,0.008792,0.00892,0.008724,0.008827,98196457.0
2026-08-28 18:45:00,0.008828,0.008909,0.00878,0.008795,54230867.0
2026-08-28 19:00:00,0.008794,0.009026,0.008758,0.008995,107149299.0
2026-08-28 19:15:00,0.008998,0.009385,0.008887,0.009233,283434896.0
2026-08-28 19:30:00,0.009233,0.00936,0.009112,0.009236,209938255.0
2026-08-28 19:45:00,0.009238,0.009509,0.009161,0.009456,284338483.0
2026-08-28 20:00:00,0.009457,0.00963,0.00925,0.00952,270343302.0
2026-08-28 20:15:00,0.009518,0.009599,0.009343,0.00955,215851811.0
2026-08-28 20:30:00,0.009544,0.009641,0.009412,0.009495,160628076.0
2026-08-28 20:45:00,0.009493,0.009612,0.009379,0.009486,120964868.0
2026-08-28 21:00:00,0.009486,0.00963,0.00932,0.009522,188357277.0
2026-08-28 21:15:00,0.009522,0.010209,0.00947,0.009917,745142732.0
2026-08-28 21:30:00,0.009918,0.009986,0.009715,0.009761,176039272.0
2026-08-28 21:45:00,0.009759,0.009939,0.009669,0.0099,167385013.0
2026-08-28 22:00:00,0.009904,0.0104,0.009669,0.010349,388442095.0
2026-08-28 22:15:00,0.010353,0.010511,0.010274,0.010434,287967040.0
2026-08-28 22:30:00,0.01043,0.010707,0.010322,0.010525,277775620.0
2026-08-28 22:45:00,0.010521,0.010826,0.010469,0.010805,349288387.0
2026-08-28 23:00:00,0.010803,0.01086,0.01056,0.010786,292054554.0
2026-08-28 23:15:00,0.010788,0.011292,0.010636,0.011038,539645280.0
2026-08-28 23:30:00,0.011037,0.011279,0.010982,0.011211,300730400.0
2026-08-28 23:45:00,0.011209,0.011263,0.011036,0.011164,209363293.0
2026-08-29 00:00:00,0.011166,0.01145,0.011162,0.011272,357046541.0
2026-08-29 00:15:00,0.01127,0.011335,0.010526,0.010863,770395902.0
2026-08-29 00:30:00,0.010862,0.01126,0.010834,0.011058,281233237.0
2026-08-29 00:45:00,0.011053,0.011233,0.010761,0.011113,277474028.0
2026-08-29 01:00:00,0.011114,0.011595,0.010253,0.010382,702953760.0
2026-08-29 01:15:00,0.010383,0.010744,0.01015,0.010564,502493458.0
2026-08-29 01:30:00,0.010566,0.010747,0.010427,0.010716,231289951.0
2026-08-29 01:45:00,0.010715,0.010855,0.010539,0.010828,171772260.0
2026-08-29 02:00:00,0.010828,0.010976,0.010692,0.010915,218679341.0
2026-08-29 02:15:00,0.010915,0.011118,0.010762,0.011093,180131356.0
2026-08-29 02:30:00,0.011093,0.01117,0.010928,0.011006,162879963.0
2026-08-29 02:45:00,0.011011,0.01143,0.011008,0.011426,271192264.0
2026-08-29 03:00:00,0.011422,0.011579,0.011129,0.011416,385635608.0
2026-08-29 03:15:00,0.011416,0.011555,0.011105,0.0113,317774825.0
2026-08-29 03:30:00,0.011304,0.011548,0.011255,0.011418,197867727.0
2026-08-29 03:45:00,0.011417,0.011941,0.011339,0.011489,344816797.0
2026-08-29 04:00:00,0.01149,0.011621,0.01134,0.011604,295804814.0
2026-08-29 04:15:00,0.011604,0.011666,0.011407,0.0116,394236538.0
2026-08-29 04:30:00,0.0116,0.0123,0.0095,0.010089,1853117847.0
2026-08-29 04:45:00,0.010093,0.010481,0.008251,0.008532,2733023753.0
2026-08-29 05:00:00,0.008528,0.00958,0.00808,0.008771,2377198727.0
2026-08-29 05:15:00,0.00877,0.009175,0.00858,0.008999,660889415.0
2026-08-29 05:30:00,0.009,0.009241,0.008716,0.008849,541885793.0
2026-08-29 05:45:00,0.008846,0.009181,0.00876,0.0091,287476426.0
2026-08-29 06:00:00,0.009104,0.00913,0.008905,0.009015,204037681.0
2026-08-29 06:15:00,0.009016,0.00937,0.00892,0.009365,244803053.0
2026-08-29 06:30:00,0.009363,0.00937,0.009079,0.009175,185041936.0
2026-08-29 06:45:00,0.009172,0.00948,0.009143,0.009314,221254394.0
2026-08-29 07:00:00,0.009317,0.009334,0.008944,0.009074,307987356.0
2026-08-29 07:15:00,0.009073,0.009158,0.008839,0.008956,239545349.0
2026-08-29 07:30:00,0.008958,0.009115,0.008903,0.008927,127117135.0
2026-08-29 07:45:00,0.008927,0.009064,0.008501,0.008701,575612004.0
2026-08-29 08:00:00,0.008697,0.009006,0.008654,0.008795,371283995.0
2026-08-29 08:15:00,0.008794,0.008877,0.008768,0.008807,97244544.0
2026-08-29 08:30:00,0.008807,0.008924,0.008733,0.008826,104955080.0
2026-08-29 08:45:00,0.008827,0.008861,0.0087412,0.008764,68081743.0
2026-08-29 09:00:00,0.008767,0.008903,0.00876,0.008807,86120628.0
2026-08-29 09:15:00,0.00881,0.009015,0.0088,0.008944,124964660.0
2026-08-29 09:30:00,0.008942,0.008951,0.008822,0.00894,67180521.0
2026-08-29 09:45:00,0.00894,0.008974,0.008857,0.008899,46114460.0
2026-08-29 10:00:00,0.008899,0.00895,0.008817,0.008918,82475544.0
2026-08-29 10:15:00,0.008921,0.009037,0.008894,0.008925,68699935.0
2026-08-29 10:30:00,0.008929,0.009048,0.008854,0.008947,114347693.0
2026-08-29 10:45:00,0.008946,0.009137,0.008849,0.009085,129433676.0
2026-08-29 11:00:00,0.009088,0.009115,0.008988,0.009103,84010864.0
2026-08-29 11:15:00,0.009103,0.009275,0.009087,0.009103,153259994.0
2026-08-29 11:30:00,0.009104,0.009215,0.009076,0.009191,89708184.0
2026-08-29 11:45:00,0.009191,0.009212,0.008954,0.008995,129208124.0
2026-08-29 12:00:00,0.008997,0.009025,0.008894,0.008982,91817826.0
2026-08-29 12:15:00,0.008982,0.008989,0.008822,0.008885,110661286.0
2026-08-29 12:30:00,0.008887,0.0089,0.008801,0.008815,61683569.0
2026-08-29 12:45:00,0.008814,0.008859,0.00875,0.008794,89490317.0
2026-08-29 13:00:00,0.008798,0.008865,0.008698,0.008725,100297711.0
2026-08-29 13:15:00,0.008727,0.008736,0.008404,0.008625,289900137.0
2026-08-29 13:30:00,0.008628,0.008666,0.008576,0.008594,59526483.0
2026-08-29 13:45:00,0.008593,0.008644,0.008528,0.008567,86041099.0
2026-08-29 14:00:00,0.008567,0.008649,0.008524,0.008586,91167401.0
2026-08-29 14:15:00,0.008586,0.008611,0.008355,0.008486,148174217.0
2026-08-29 14:30:00,0.008487,0.008647,0.00842,0.008485,143522005.0
2026-08-29 14:45:00,0.008485,0.008697,0.008466,0.008591,112376008.0
2026-08-29 15:00:00,0.008588,0.008837,0.00855,0.008671,130647201.0
2026-08-29 15:15:00,0.008668,0.008702,0.008549,0.008559,48758763.0
2026-08-29 15:30:00,0.008558,0.008558,0.00846,0.00848,54502718.0
2026-08-29 15:45:00,0.00848,0.0085,0.00841,0.00844,52288826.0
2026-08-29 16:00:00,0.008439,0.008497,0.008266,0.008334,126366428.0
2026-08-29 16:15:00,0.008334,0.008435,0.0081,0.00827,232949064.0
2026-08-29 16:30:00,0.008271,0.008405,0.00826,0.008302,94673058.0
2026-08-29 16:45:00,0.0083,0.008348,0.008222,0.008297,59459350.0
2026-08-29 17:00:00,0.008299,0.008343,0.008177,0.008263,67085931.0
2026-08-29 17:15:00,0.008261,0.008279,0.0082,0.008238,30637389.0
2026-08-29 17:30:00,0.008239,0.00826,0.008205,0.00823,28160486.0
2026-08-29 17:45:00,0.008228,0.008279,0.008065,0.008126,110318828.0
2026-08-29 18:00:00,0.008128,0.008172,0.008095,0.008114,57646444.0
2026-08-29 18:15:00,0.008116,0.008232,0.008052,0.008185,92937552.0
2026-08-29 18:30:00,0.008186,0.008265,0.008113,0.008163,53378905.0
2026-08-29 18:45:00,0.008163,0.008371,0.008161,0.008183,87549854.0
2026-08-29 19:00:00,0.008184,0.008329,0.008184,0.008253,38269082.0
2026-08-29 19:15:00,0.008255,0.0083,0.008212,0.008283,29545973.0
2026-08-29 19:30:00,0.008283,0.0083651,0.008246,0.008296,38144303.0
2026-08-29 19:45:00,0.008297,0.008381,0.008288,0.008359,35738919.0
2026-08-29 20:00:00,0.008359,0.008364,0.008185,0.008199,44154890.0
2026-08-29 20:15:00,0.008197,0.008267,0.008176,0.008222,31027153.0
2026-08-29 20:30:00,0.008219,0.008281,0.008204,0.008245,24706368.0
2026-08-29 20:45:00,0.008245,0.008273,0.008161,0.008208,50175635.0
2026-08-29 21:00:00,0.008209,0.008209,0.008133,0.008177,28872417.0
2026-08-29 21:15:00,0.008178,0.008196,0.008143,0.008187,16435470.0
2026-08-29 21:30:00,0.008185,0.008213,0.008159,0.008179,26612167.0
2026-08-29 21:45:00,0.00818,0.008307,0.008165,0.008269,24382912.0
2026-08-29 22:00:00,0.008268,0.008331,0.008267,0.008304,22719484.0
2026-08-29 22:15:00,0.008304,0.008319,0.008254,0.008293,19453738.0
2026-08-29 22:30:00,0.008291,0.008389,0.008266,0.008347,32413246.0
2026-08-29 22:45:00,0.008348,0.00836,0.008295,0.00833,26997867.0
2026-08-29 23:00:00,0.008331,0.008334,0.008184,0.008201,59497533.0
2026-08-29 23:15:00,0.008204,0.008232,0.008082,0.008155,77745342.0
2026-08-29 23:30:00,0.008156,0.008162,0.007904,0.007932,162293223.0
2026-08-29 23:45:00,0.007932,0.008136,0.007929,0.008102,79950926.0
2026-08-30 00:00:00,0.008102,0.008189,0.008068,0.008089,60500293.0
2026-08-30 00:15:00,0.00809,0.008162,0.008053,0.008128,47183423.0
2026-08-30 00:30:00,0.008128,0.008154,0.008087,0.008105,34072352.0
2026-08-30 00:45:00,0.008106,0.008168,0.008062,0.008095,52961272.0
2026-08-30 01:00:00,0.008095,0.008264,0.008087,0.008167,80015445.0
2026-08-30 01:15:00,0.008164,0.008191,0.00806,0.008118,55458690.0
2026-08-30 01:30:00,0.008118,0.00832,0.008099,0.008194,53019644.0
2026-08-30 01:45:00,0.008194,0.008216,0.008013,0.008202,109601578.0
2026-08-30 02:00:00,0.008204,0.008281,0.008122,0.008125,67153911.0
2026-08-30 02:15:00,0.008123,0.008179,0.008091,0.008127,40861331.0
2026-08-30 02:30:00,0.008129,0.00822,0.008118,0.00814,32297816.0
2026-08-30 02:45:00,0.008141,0.008219,0.008128,0.008141,32441436.0
2026-08-30 03:00:00,0.00814,0.008146,0.008032,0.008042,52079732.0
2026-08-30 03:15:00,0.008039,0.008093,0.008027,0.008052,43158889.0
2026-08-30 03:30:00,0.008052,0.008156,0.00804,0.008106,48043565.0
2026-08-30 03:45:00,0.008106,0.008157,0.008068,0.008089,28405562.0
2026-08-30 04:00:00,0.008095,0.008175,0.00804,0.008074,54305850.0
2026-08-30 04:15:00,0.008075,0.00812,0.008044,0.008104,39310369.0
2026-08-30 04:30:00,0.008106,0.00816,0.008105,0.008132,26505485.0
2026-08-30 04:45:00,0.008131,0.008144,0.008063,0.008072,30338840.0
2026-08-30 05:00:00,0.008073,0.008093,0.007802,0.0079,175606980.0
2026-08-30 05:15:00,0.007903,0.007982,0.00789,0.007922,63471427.0
2026-08-30 05:30:00,0.007922,0.008014,0.007916,0.007991,40519264.0
2026-08-30 05:45:00,0.00799,0.008166,0.007967,0.008144,85406951.0
2026-08-30 06:00:00,0.008144,0.008211,0.008057,0.008095,56524124.0
2026-08-30 06:15:00,0.008096,0.008101,0.007985,0.008017,58431942.0
2026-08-30 06:30:00,0.008015,0.008063,0.007991,0.008038,30598445.0
2026-08-30 06:45:00,0.008036,0.008046,0.007942,0.008009,52812865.0
2026-08-30 07:00:00,0.008008,0.008122,0.007995,0.008028,38055566.0
2026-08-30 07:15:00,0.00803,0.008031,0.007924,0.007984,46060835.0
2026-08-30 07:30:00,0.007984,0.007996,0.007946,0.00795,25089369.0
2026-08-30 07:45:00,0.007952,0.007983,0.007931,0.007972,24605364.0
2026-08-30 08:00:00,0.007972,0.007974,0.007864,0.007902,57572446.0
2026-08-30 08:15:00,0.007902,0.007944,0.007897,0.007925,22085560.0
2026-08-30 08:30:00,0.007925,0.007933,0.007868,0.007927,25889308.0
2026-08-30 08:45:00,0.007928,0.007948,0.00787,0.00788,32737932.0
2026-08-30 09:00:00,0.007882,0.007902,0.007851,0.007895,31016286.0
2026-08-30 09:15:00,0.007896,0.007928,0.007882,0.007912,20175459.0
2026-08-30 09:30:00,0.00791,0.007929,0.007864,0.007903,21946824.0
2026-08-30 09:45:00,0.007901,0.007927,0.007822,0.007876,44228992.0
2026-08-30 10:00:00,0.007877,0.007908,0.007718,0.007865,83519099.0
2026-08-30 10:15:00,0.007865,0.008086,0.007808,0.007914,188496867.0
2026-08-30 10:30:00,0.007913,0.008038,0.007913,0.007965,53554649.0
2026-08-30 10:45:00,0.007965,0.007997,0.00791,0.007953,27767703.0
2026-08-30 11:00:00,0.007955,0.008054,0.00793,0.00793,37915815.0
2026-08-30 11:15:00,0.007933,0.007952,0.007875,0.007891,29753663.0
2026-08-30 11:30:00,0.007892,0.00791,0.007868,0.007878,23765295.0
2026-08-30 11:45:00,0.007879,0.007948,0.007823,0.007847,38283800.0
2026-08-30 12:00:00,0.007848,0.007893,0.00783,0.007849,40570559.0
2026-08-30 12:15:00,0.007848,0.008854,0.007827,0.00803,1003662918.0
2026-08-30 12:30:00,0.008029,0.008133,0.007876,0.008081,161834106.0
2026-08-30 12:45:00,0.008081,0.008104,0.007997,0.008017,65789724.0
2026-08-30 13:00:00,0.008019,0.008048,0.00791,0.00799,62546651.0
2026-08-30 13:15:00,0.007991,0.008308,0.007954,0.008148,86925691.0
2026-08-30 13:30:00,0.008151,0.008209,0.008001,0.008028,79640010.0
2026-08-30 13:45:00,0.008028,0.008144,0.008011,0.008104,39351631.0
2026-08-30 14:00:00,0.008105,0.008132,0.008045,0.00808,28000834.0
2026-08-30 14:15:00,0.008081,0.008142,0.008051,0.008142,23968201.0
2026-08-30 14:30:00,0.008142,0.008289,0.008122,0.008175,64695289.0
2026-08-30 14:45:00,0.008175,0.008417,0.008141,0.008297,82520534.0
2026-08-30 15:00:00,0.008297,0.008351,0.008186,0.008221,55448420.0
2026-08-30 15:15:00,0.008225,0.008254,0.008094,0.008101,49447910.0
2026-08-30 15:30:00,0.008101,0.008109,0.007971,0.008034,47459738.0
2026-08-30 15:45:00,0.008035,0.008043,0.00795,0.007964,33678220.0
2026-08-30 16:00:00,0.007964,0.008183,0.007964,0.008141,70002483.0
2026-08-30 16:15:00,0.008144,0.008164,0.008092,0.008092,21465356.0
2026-08-30 16:30:00,0.008094,0.008095,0.007994,0.008,30028487.0
2026-08-30 16:45:00,0.008002,0.008146,0.007983,0.008104,27426636.0
2026-08-30 17:00:00,0.008105,0.008226,0.008085,0.008092,33002993.0
2026-08-30 17:15:00,0.008092,0.008099,0.008027,0.008043,19747228.0
2026-08-30 17:30:00,0.008044,0.008047,0.007996,0.008011,17269699.0
2026-08-30 17:45:00,0.008013,0.008042,0.008004,0.008029,14227459.0
2026-08-30 18:00:00,0.008029,0.008052,0.007973,0.008009,26491383.0
2026-08-30 18:15:00,0.008008,0.008037,0.007998,0.008019,7795217.0
2026-08-30 18:30:00,0.008019,0.008031,0.007987,0.007987,11785877.0
2026-08-30 18:45:00,0.007986,0.008001,0.007954,0.007977,12073354.0
2026-08-30 19:00:00,0.007977,0.008027,0.00797,0.007981,17513622.0
2026-08-30 19:15:00,0.007981,0.00799,0.007923,0.007977,22630780.0
2026-08-30 19:30:00,0.007978,0.007997,0.007944,0.007987,8596822.0
2026-08-30 19:45:00,0.007987,0.008018,0.007892,0.007922,28262730.0
2026-08-30 20:00:00,0.007922,0.007956,0.007872,0.007922,27999615.0
2026-08-30 20:15:00,0.007922,0.007927,0.007886,0.007896,8095502.0
2026-08-30 20:30:00,0.007898,0.007936,0.007886,0.007931,12507090.0
2026-08-30 20:45:00,0.007931,0.007973,0.007829,0.00785,25405583.0
2026-08-30 21:00:00,0.00785,0.007916,0.00785,0.007857,22247884.0
2026-08-30 21:15:00,0.007857,0.007886,0.007839,0.007864,11194294.0
2026-08-30 21:30:00,0.007864,0.007916,0.007861,0.007904,13461416.0
2026-08-30 21:45:00,0.007905,0.008033,0.007902,0.008009,25495774.0
2026-08-30 22:00:00,0.008009,0.008034,0.007888,0.007888,33946919.0
2026-08-30 22:15:00,0.007888,0.007902,0.007831,0.007865,23480491.0
2026-08-30 22:30:00,0.007866,0.00792,0.00773,0.007793,47234345.0
2026-08-30 22:45:00,0.007794,0.007847,0.007789,0.007816,21347999.0
2026-08-30 23:00:00,0.007816,0.007874,0.007773,0.007785,38672075.0
2026-08-30 23:15:00,0.007788,0.00792,0.007788,0.007864,39642891.0
2026-08-30 23:30:00,0.007867,0.007958,0.007857,0.007908,30286279.0
2026-08-30 23:45:00,0.007908,0.007968,0.007866,0.007935,36688102.0
2026-08-31 00:00:00,0.007936,0.008069,0.007936,0.008004,57683908.0
2026-08-31 00:15:00,0.008001,0.008042,0.007961,0.008022,20833344.0
2026-08-31 00:30:00,0.008022,0.008043,0.007962,0.007983,15870342.0
2026-08-31 00:45:00,0.007983,0.008015,0.007963,0.008006,15608786.0
2026-08-31 01:00:00,0.008006,0.008045,0.007985,0.008002,20608947.0
2026-08-31 01:15:00,0.008002,0.008005,0.007928,0.007983,21538872.0
2026-08-31 01:30:00,0.007984,0.008038,0.007962,0.007987,22608662.0
2026-08-31 01:45:00,0.007987,0.007997,0.007923,0.007933,17101619.0
2026-08-31 02:00:00,0.007934,0.00799,0.007909,0.007987,15945266.0
2026-08-31 02:15:00,0.007985,0.008215,0.007984,0.008112,73947588.0
2026-08-31 02:30:00,0.008113,0.008158,0.008,0.008075,59890679.0
2026-08-31 02:45:00,0.008075,0.008116,0.008013,0.008029,16945616.0
2026-08-31 03:00:00,0.00803,0.008077,0.008008,0.008019,12797961.0
2026-08-31 03:15:00,0.008017,0.008026,0.007954,0.007956,16682236.0
2026-08-31 03:30:00,0.007954,0.00804,0.00793,0.008032,29276619.0
2026-08-31 03:45:00,0.008033,0.008085,0.007985,0.00801,28136967.0
2026-08-31 04:00:00,0.008008,0.008079,0.007999,0.008079,20443188.0
2026-08-31 04:15:00,0.008079,0.008152,0.007998,0.008,31086836.0
2026-08-31 04:30:00,0.008,0.008037,0.007973,0.008026,24366847.0
2026-08-31 04:45:00,0.008025,0.008036,0.00799,0.008017,11548674.0
2026-08-31 05:00:00,0.008016,0.008017,0.007973,0.007993,15293168.0
2026-08-31 05:15:00,0.007994,0.008045,0.007955,0.008017,20051065.0
2026-08-31 05:30:00,0.008019,0.008046,0.007966,0.007973,12778826.0
2026-08-31 05:45:00,0.007973,0.00798,0.007925,0.007956,17330338.0
2026-08-31 06:00:00,0.007957,0.0081,0.007954,0.008014,37993357.0
2026-08-31 06:15:00,0.008013,0.008039,0.007963,0.007968,17111500.0
2026-08-31 06:30:00,0.007966,0.007972,0.007856,0.007882,24116532.0
2026-08-31 06:45:00,0.00788,0.007937,0.007797,0.007871,58226207.0
2026-08-31 07:00:00,0.007873,0.00794,0.007862,0.00794,28026920.0
2026-08-31 07:15:00,0.007937,0.007942,0.007811,0.007835,24866938.0
2026-08-31 07:30:00,0.007835,0.008193,0.007828,0.00801,154453165.0
2026-08-31 07:45:00,0.00801,0.008038,0.007961,0.008023,22883723.0
2026-08-31 08:00:00,0.008024,0.008032,0.007779,0.00783,76688887.0
2026-08-31 08:15:00,0.00783,0.00797,0.007523,0.007948,204222791.0
2026-08-31 08:30:00,0.007949,0.008164,0.007892,0.00791,150790457.0
2026-08-31 08:45:00,0.007906,0.007996,0.007855,0.007857,35830739.0
2026-08-31 09:00:00,0.007859,0.007929,0.00785,0.007904,27378261.0
2026-08-31 09:15:00,0.007903,0.007939,0.007867,0.007897,19341910.0
2026-08-31 09:30:00,0.007897,0.007932,0.007882,0.007887,13344072.0
2026-08-31 09:45:00,0.007888,0.007899,0.00785,0.007878,13392788.0
2026-08-31 10:00:00,0.007874,0.007928,0.007852,0.007873,30963613.0
2026-08-31 10:15:00,0.007873,0.007893,0.007753,0.007775,50654930.0
2026-08-31 10:30:00,0.007775,0.007814,0.007738,0.007785,34654825.0
2026-08-31 10:45:00,0.007785,0.007832,0.007777,0.007784,13526449.0
2026-08-31 11:00:00,0.007785,0.007836,0.007745,0.007799,24299292.0
2026-08-31 11:15:00,0.0078,0.008068,0.007773,0.00798,206732334.0
2026-08-31 11:30:00,0.007981,0.00814,0.00792,0.008109,74954715.0
2026-08-31 11:45:00,0.008109,0.008221,0.0079,0.007995,122275033.0
2026-08-31 12:00:00,0.007994,0.008001,0.007913,0.007949,30273793.0
2026-08-31 12:15:00,0.007949,0.007968,0.007903,0.007915,22809766.0
2026-08-31 12:30:00,0.007915,0.007948,0.00785,0.007915,25250436.0
2026-08-31 12:45:00,0.00792,0.007945,0.007861,0.007905,22199345.0
2026-08-31 13:00:00,0.007905,0.007954,0.007852,0.007882,29707228.0
2026-08-31 13:15:00,0.007879,0.007946,0.00786,0.007936,16912632.0
2026-08-31 13:30:00,0.007936,0.007945,0.007875,0.007914,12388792.0
2026-08-31 13:45:00,0.007914,0.007915,0.007852,0.007867,13821520.0
2026-08-31 14:00:00,0.007868,0.007931,0.007838,0.007883,22744374.0
2026-08-31 14:15:00,0.007882,0.007904,0.007836,0.007861,12054345.0
2026-08-31 14:30:00,0.007861,0.007934,0.007845,0.007909,16214561.0
2026-08-31 14:45:00,0.007907,0.007923,0.007871,0.007881,10835805.0
2026-08-31 15:00:00,0.007881,0.007895,0.00782,0.007827,26186288.0
2026-08-31 15:15:00,0.007827,0.007859,0.0078,0.007826,20710129.0
2026-08-31 15:30:00,0.007827,0.007851,0.0078,0.007847,8510837.0
2026-08-31 15:45:00,0.007846,0.008049,0.007819,0.008007,98675324.0
2026-08-31 16:00:00,0.00801,0.008023,0.007912,0.00792,25344213.0
2026-08-31 16:15:00,0.00792,0.008017,0.007869,0.008007,38646265.0
2026-08-31 16:30:00,0.008009,0.008056,0.007974,0.008001,40538519.0
2026-08-31 16:45:00,0.007999,0.008038,0.007952,0.007976,14448450.0
2026-08-31 17:00:00,0.007976,0.008034,0.007947,0.008033,16598997.0
2026-08-31 17:15:00,0.008033,0.008039,0.007854,0.007919,73020578.0
2026-08-31 17:30:00,0.007918,0.007952,0.00789,0.007913,23007804.0
2026-08-31 17:45:00,0.007911,0.007981,0.007885,0.007901,19473566.0
2026-08-31 18:00:00,0.007898,0.007906,0.007852,0.007861,12057135.0
2026-08-31 18:15:00,0.007861,0.007912,0.007852,0.007879,11276945.0
2026-08-31 18:30:00,0.00788,0.007889,0.007855,0.007868,6829256.0
2026-08-31 18:45:00,0.007869,0.007883,0.007853,0.007862,9883014.0
2026-08-31 19:00:00,0.007862,0.007885,0.007852,0.007874,12557420.0
2026-08-31 19:15:00,0.007873,0.007904,0.007805,0.007836,17370091.0
2026-08-31 19:30:00,0.007837,0.007846,0.0078,0.007801,19630026.0
2026-08-31 19:45:00,0.007802,0.007833,0.0078,0.00782,7727433.0
2026-08-31 20:00:00,0.00782,0.00784,0.0078,0.007825,10527174.0
2026-08-31 20:15:00,0.007826,0.007885,0.007805,0.007827,12996519.0
2026-08-31 20:30:00,0.007827,0.007863,0.007806,0.007836,8277798.0
2026-08-31 20:45:00,0.007838,0.00784,0.007802,0.007807,5268641.0
2026-08-31 21:00:00,0.007807,0.00783,0.007803,0.007815,7216957.0
2026-08-31 21:15:00,0.007816,0.007857,0.0078,0.007804,11693650.0
2026-08-31 21:30:00,0.007805,0.00782,0.007728,0.007734,33715369.0
2026-08-31 21:45:00,0.007735,0.007772,0.007708,0.007749,24607254.0
2026-08-31 22:00:00,0.007749,0.007749,0.007684,0.00771,15771414.0
2026-08-31 22:15:00,0.007711,0.007742,0.007687,0.007715,16839991.0
2026-08-31 22:30:00,0.007714,0.007732,0.007685,0.007728,14033253.0
2026-08-31 22:45:00,0.007729,0.007757,0.007693,0.007714,12262135.0
2026-08-31 23:00:00,0.007714,0.007728,0.007631,0.007637,28154856.0
2026-08-31 23:15:00,0.007639,0.007681,0.007601,0.007659,16484203.0
2026-08-31 23:30:00,0.007659,0.007978,0.00765,0.007826,71119860.0
2026-08-31 23:45:00,0.007827,0.008147,0.007753,0.008111,272963710.0
2026-09-01 00:00:00,0.008114,0.00821,0.008075,0.008131,71355656.0
2026-09-01 00:15:00,0.008136,0.008272,0.007917,0.007974,95342265.0
2026-09-01 00:30:00,0.007974,0.008108,0.007971,0.008097,47987262.0
2026-09-01 00:45:00,0.008097,0.00822,0.008059,0.008147,31998582.0
2026-09-01 01:00:00,0.008143,0.008164,0.008058,0.008094,20875180.0
2026-09-01 01:15:00,0.008094,0.00827,0.008086,0.00821,37672340.0
2026-09-01 01:30:00,0.008211,0.00833,0.008188,0.008299,31413377.0
2026-09-01 01:45:00,0.008298,0.008338,0.008251,0.008264,18567821.0
2026-09-01 02:00:00,0.008264,0.00832,0.008201,0.00826,36951495.0
2026-09-01 02:15:00,0.008259,0.00874,0.008251,0.008529,312119663.0
2026-09-01 02:30:00,0.008522,0.0086,0.008467,0.008555,46904602.0
2026-09-01 02:45:00,0.008554,0.008625,0.008457,0.008597,45177864.0
2026-09-01 03:00:00,0.008596,0.008758,0.008564,0.008679,69703883.0
2026-09-01 03:15:00,0.008677,0.008789,0.008566,0.008627,72927801.0
2026-09-01 03:30:00,0.008627,0.008741,0.008588,0.008729,52761109.0
2026-09-01 03:45:00,0.008725,0.008798,0.008647,0.008653,44944319.0
2026-09-01 04:00:00,0.008655,0.008735,0.008635,0.008697,41920337.0
2026-09-01 04:15:00,0.008697,0.008715,0.008439,0.008445,62448279.0
2026-09-01 04:30:00,0.008454,0.008594,0.008329,0.008492,95347283.0
2026-09-01 04:45:00,0.008492,0.008583,0.008488,0.008525,20866787.0
2026-09-01 05:00:00,0.008527,0.008732,0.008458,0.008658,85560728.0
2026-09-01 05:15:00,0.008655,0.008657,0.008549,0.008617,29806656.0
2026-09-01 05:30:00,0.008616,0.00868,0.008553,0.008581,35828601.0
2026-09-01 05:45:00,0.008584,0.008838,0.008562,0.008768,48690246.0
2026-09-01 06:00:00,0.008771,0.008958,0.008764,0.008931,101308149.0
2026-09-01 06:15:00,0.008929,0.008952,0.0088,0.008836,70964144.0
2026-09-01 06:30:00,0.008832,0.008899,0.008774,0.008868,37382331.0
2026-09-01 06:45:00,0.008864,0.008934,0.008833,0.008886,42064094.0
2026-09-01 07:00:00,0.008884,0.008923,0.008785,0.008849,47593081.0
2026-09-01 07:15:00,0.008851,0.008946,0.00885,0.008925,53591536.0
2026-09-01 07:30:00,0.008927,0.009038,0.008859,0.009002,59111854.0
2026-09-01 07:45:00,0.009,0.009021,0.008821,0.008917,75476073.0
2026-09-01 08:00:00,0.008918,0.009065,0.008866,0.008906,109694061.0
2026-09-01 08:15:00,0.008905,0.009042,0.008845,0.009024,78915123.0
2026-09-01 08:30:00,0.009026,0.00905,0.00891,0.008953,99449643.0
2026-09-01 08:45:00,0.008953,0.008989,0.00828,0.00854,489598517.0
2026-09-01 09:00:00,0.008544,0.008973,0.00851,0.008818,314865297.0
2026-09-01 09:15:00,0.008819,0.008957,0.008675,0.008794,140005751.0
2026-09-01 09:30:00,0.008792,0.008848,0.008305,0.008819,318118458.0
2026-09-01 09:45:00,0.008818,0.008912,0.008753,0.008812,64739492.0
2026-09-01 10:00:00,0.008816,0.008995,0.008816,0.008935,86491768.0
2026-09-01 10:15:00,0.008934,0.00901,0.008889,0.008981,61113868.0
2026-09-01 10:30:00,0.008981,0.00904,0.008812,0.00891,97423016.0
2026-09-01 10:45:00,0.008904,0.008945,0.008789,0.008863,48357722.0
2026-09-01 11:00:00,0.008866,0.008926,0.008676,0.008742,57002877.0
2026-09-01 11:15:00,0.008742,0.008804,0.008694,0.008745,42830414.0
2026-09-01 11:30:00,0.008745,0.008745,0.008567,0.008647,56981045.0
2026-09-01 11:45:00,0.008647,0.008665,0.008453,0.008623,60285739.0
2026-09-01 12:00:00,0.008625,0.008664,0.008598,0.008652,29924998.0
2026-09-01 12:15:00,0.00865,0.00871,0.00855,0.008666,47628928.0
2026-09-01 12:30:00,0.008664,0.008698,0.008558,0.008598,31617304.0
2026-09-01 12:45:00,0.008599,0.008645,0.00853,0.008573,23722869.0
2026-09-01 13:00:00,0.008574,0.00866,0.008562,0.008627,23140944.0
2026-09-01 13:15:00,0.008627,0.008672,0.008594,0.008623,17496803.0
2026-09-01 13:30:00,0.008624,0.008668,0.008607,0.008643,15518608.0
2026-09-01 13:45:00,0.008643,0.008651,0.008534,0.008568,30300503.0
2026-09-01 14:00:00,0.008572,0.00862,0.008546,0.008582,15223853.0
2026-09-01 14:15:00,0.008582,0.008657,0.008511,0.00864,31731464.0
2026-09-01 14:30:00,0.008642,0.008795,0.008642,0.008723,47060226.0
2026-09-01 14:45:00,0.008723,0.008793,0.008622,0.008663,44297705.0
2026-09-01 15:00:00,0.008666,0.008725,0.00859,0.00863,31215665.0
2026-09-01 15:15:00,0.008628,0.00865,0.00853,0.008575,33041009.0
2026-09-01 15:30:00,0.008578,0.008699,0.00857,0.008689,21749758.0
2026-09-01 15:45:00,0.008689,0.008727,0.008601,0.008611,18997960.0
2026-09-01 16:00:00,0.008608,0.008736,0.008606,0.008719,33156631.0
2026-09-01 16:15:00,0.008722,0.00892,0.008669,0.008852,64311097.0
2026-09-01 16:30:00,0.008855,0.008929,0.008813,0.00885,53580797.0
2026-09-01 16:45:00,0.008851,0.008873,0.008662,0.008668,36016907.0
2026-09-01 17:00:00,0.008667,0.008769,0.008641,0.008642,24587660.0
2026-09-01 17:15:00,0.008642,0.008828,0.00863,0.008813,21395980.0
2026-09-01 17:30:00,0.008813,0.008858,0.008792,0.008803,24229621.0
2026-09-01 17:45:00,0.008804,0.008828,0.0087,0.008745,28522872.0
2026-09-01 18:00:00,0.008744,0.00879,0.008704,0.008729,18934104.0
2026-09-01 18:15:00,0.008731,0.008736,0.008666,0.008718,17128850.0
2026-09-01 18:30:00,0.008718,0.008809,0.008701,0.008767,18366347.0
2026-09-01 18:45:00,0.008769,0.008791,0.008712,0.008769,24819514.0
2026-09-01 19:00:00,0.008766,0.008795,0.008701,0.008754,19085589.0
2026-09-01 19:15:00,0.008752,0.008757,0.008654,0.00868,16025948.0
2026-09-01 19:30:00,0.00868,0.008738,0.008656,0.008738,15756279.0
2026-09-01 19:45:00,0.008738,0.008842,0.008734,0.008806,25781346.0
2026-09-01 20:00:00,0.008806,0.008822,0.008713,0.008817,16934636.0
2026-09-01 20:15:00,0.008816,0.008816,0.008623,0.008659,30050592.0
2026-09-01 20:30:00,0.008658,0.008735,0.0086,0.008735,28947193.0
2026-09-01 20:45:00,0.008734,0.00879,0.008716,0.008762,15050077.0
2026-09-01 21:00:00,0.008763,0.008769,0.008706,0.008724,12160327.0
2026-09-01 21:15:00,0.008724,0.008742,0.008685,0.008693,10065685.0
2026-09-01 21:30:00,0.00869,0.008699,0.008661,0.008682,12521409.0
2026-09-01 21:45:00,0.008682,0.008839,0.008674,0.008761,26181555.0
2026-09-01 22:00:00,0.008761,0.008802,0.008701,0.008708,17268549.0
2026-09-01 22:15:00,0.008708,0.008773,0.0087,0.00874,9123229.0
2026-09-01 22:30:00,0.00874,0.00875,0.008701,0.008737,8068095.0
2026-09-01 22:45:00,0.008738,0.008913,0.008715,0.008856,36082060.0
2026-09-01 23:00:00,0.008856,0.009,0.008832,0.008977,68562439.0
2026-09-01 23:15:00,0.008974,0.009004,0.008866,0.008912,42139049.0
2026-09-01 23:30:00,0.008913,0.008916,0.008816,0.008878,28744402.0
2026-09-01 23:45:00,0.008877,0.008893,0.0087,0.008744,43477866.0
2026-09-02 00:00:00,0.008744,0.008841,0.008744,0.008822,28479921.0
2026-09-02 00:15:00,0.008823,0.00886,0.008803,0.008843,18021041.0
2026-09-02 00:30:00,0.008843,0.008892,0.008787,0.008868,18929963.0
2026-09-02 00:45:00,0.008865,0.008871,0.008795,0.008798,11279201.0
2026-09-02 01:00:00,0.008798,0.008887,0.008796,0.008838,14411848.0
2026-09-02 01:15:00,0.008839,0.008914,0.00883,0.008897,16884447.0
2026-09-02 01:30:00,0.008898,0.00892,0.008684,0.008704,40988418.0
2026-09-02 01:45:00,0.008707,0.008745,0.008666,0.008723,32115565.0
2026-09-02 02:00:00,0.008721,0.008848,0.008707,0.00882,53818619.0
2026-09-02 02:15:00,0.008819,0.008906,0.008819,0.008833,23365140.0
2026-09-02 02:30:00,0.008838,0.008843,0.008631,0.00865,40030865.0
2026-09-02 02:45:00,0.008653,0.008743,0.008621,0.008724,24563861.0
2026-09-02 03:00:00,0.008723,0.008744,0.008687,0.008729,16327913.0
2026-09-02 03:15:00,0.008729,0.008781,0.008715,0.008733,19115458.0
2026-09-02 03:30:00,0.008733,0.008766,0.008686,0.008717,18954653.0
2026-09-02 03:45:00,0.008719,0.008743,0.008627,0.008637,25717111.0
2026-09-02 04:00:00,0.008638,0.008668,0.008517,0.008577,64780497.0
2026-09-02 04:15:00,0.008578,0.008646,0.008557,0.008613,22246269.0
2026-09-02 04:30:00,0.008612,0.008633,0.00857,0.008624,13586598.0
2026-09-02 04:45:00,0.008624,0.008665,0.008624,0.008655,10087728.0
2026-09-02 05:00:00,0.008656,0.008712,0.008615,0.008696,16393592.0
2026-09-02 05:15:00,0.008698,0.008698,0.008599,0.008602,11474367.0
2026-09-02 05:30:00,0.008601,0.008747,0.008505,0.008505,76679829.0
2026-09-02 05:45:00,0.008514,0.00866,0.00851,0.008615,37269464.0
2026-09-02 06:00:00,0.008614,0.008706,0.008605,0.008677,21329395.0
2026-09-02 06:15:00,0.008678,0.008707,0.008618,0.008633,16839282.0
2026-09-02 06:30:00,0.008634,0.008674,0.008614,0.008625,9937352.0
2026-09-02 06:45:00,0.008625,0.008746,0.008622,0.008718,19017277.0
2026-09-02 07:00:00,0.008719,0.008744,0.008659,0.00867,15457891.0
2026-09-02 07:15:00,0.00867,0.008674,0.008619,0.008658,15997580.0
2026-09-02 07:30:00,0.008658,0.008697,0.008613,0.008665,11499525.0
2026-09-02 07:45:00,0.008665,0.008694,0.00861,0.008628,11063694.0
2026-09-02 08:00:00,0.008627,0.008719,0.008593,0.008683,21736356.0
2026-09-02 08:15:00,0.008681,0.00874,0.008668,0.008707,14000907.0
2026-09-02 08:30:00,0.008708,0.008738,0.008381,0.008461,87892767.0
2026-09-02 08:45:00,0.008457,0.008463,0.008011,0.008074,453260089.0
2026-09-02 09:00:00,0.008065,0.008316,0.008019,0.008249,142047036.0
2026-09-02 09:15:00,0.008249,0.00893,0.0082,0.008733,372577925.0
2026-09-02 09:30:00,0.008735,0.008747,0.008576,0.008642,58305337.0
2026-09-02 09:45:00,0.008643,0.008668,0.00848,0.008543,88535596.0
2026-09-02 10:00:00,0.008543,0.008574,0.008491,0.008523,25325685.0
2026-09-02 10:15:00,0.008525,0.008536,0.008389,0.008428,59577674.0
2026-09-02 10:30:00,0.008426,0.008496,0.008387,0.008454,20507599.0
2026-09-02 10:45:00,0.008455,0.008471,0.008403,0.008436,15709926.0
2026-09-02 11:00:00,0.008437,0.00855,0.0084,0.008529,27211343.0
2026-09-02 11:15:00,0.008527,0.008537,0.008455,0.008482,15865001.0
2026-09-02 11:30:00,0.008481,0.008557,0.008469,0.008517,20341285.0
2026-09-02 11:45:00,0.008518,0.008653,0.008485,0.008646,30667355.0
2026-09-02 12:00:00,0.008644,0.008723,0.008621,0.008687,27582893.0
2026-09-02 12:15:00,0.008686,0.008732,0.008651,0.008691,24645586.0
2026-09-02 12:30:00,0.008692,0.008704,0.008575,0.008584,20494509.0
2026-09-02 12:45:00,0.008587,0.00862,0.008556,0.008596,18198128.0
2026-09-02 13:00:00,0.008596,0.008697,0.008593,0.00868,25560094.0
2026-09-02 13:15:00,0.00868,0.008777,0.008636,0.008742,43490477.0
2026-09-02 13:30:00,0.00874,0.009571,0.008692,0.009529,479423217.0
2026-09-02 13:45:00,0.009535,0.01034,0.009427,0.010239,1237141973.0
2026-09-02 14:00:00,0.010237,0.011171,0.010236,0.010984,1247260247.0
2026-09-02 14:15:00,0.010979,0.011321,0.008555,0.008668,2501408500.0
2026-09-02 14:30:00,0.008659,0.008666,0.0076,0.008324,2037581794.0
2026-09-02 14:45:00,0.008324,0.009463,0.008272,0.008827,1167255368.0
2026-09-02 15:00:00,0.008824,0.009125,0.008695,0.008865,346222237.0
2026-09-02 15:15:00,0.008866,0.01013,0.008835,0.009704,1099042006.0
2026-09-02 15:30:00,0.009702,0.010062,0.009563,0.010033,381478954.0
2026-09-02 15:45:00,0.010034,0.010707,0.010021,0.010476,767821400.0
2026-09-02 16:00:00,0.010476,0.011257,0.01035,0.011184,1062320034.0
2026-09-02 16:15:00,0.011183,0.01205,0.01033,0.012013,1538733722.0
2026-09-02 16:30:00,0.012012,0.012919,0.01155,0.012789,1863480903.0
2026-09-02 16:45:00,0.012789,0.013167,0.01235,0.012941,1281570784.0
2026-09-02 17:00:00,0.012941,0.014218,0.011759,0.013417,2628204963.0
2026-09-02 17:15:00,0.013424,0.014416,0.013303,0.01418,1138060624.0
2026-09-02 17:30:00,0.01418,0.01505,0.014039,0.014902,1054628611.0
2026-09-02 17:45:00,0.014901,0.015444,0.013857,0.01477,1319311818.0
2026-09-02 18:00:00,0.014775,0.015947,0.01476,0.015903,1080782415.0
2026-09-02 18:15:00,0.015904,0.017799,0.01544,0.017074,2214126179.0
2026-09-02 18:30:00,0.017074,0.01789,0.01652,0.017167,1576247466.0
2026-09-02 18:45:00,0.017167,0.018241,0.01706,0.017907,1045647432.0
2026-09-02 19:00:00,0.017913,0.0186,0.0177,0.018294,1000877211.0
2026-09-02 19:15:00,0.018294,0.0188888,0.018134,0.01848,970425586.0
2026-09-02 19:30:00,0.018481,0.0188888,0.01794,0.018744,1095839050.0
2026-09-02 19:45:00,0.018744,0.0189999,0.018633,0.018864,771237846.0
2026-09-02 20:00:00,0.018869,0.0193333,0.016056,0.018518,3561217845.0
2026-09-02 20:15:00,0.018524,0.0216,0.016827,0.017382,3922068854.0
2026-09-02 20:30:00,0.017391,0.021272,0.017102,0.02043,2074687613.0
2026-09-02 20:45:00,0.020432,0.021854,0.01982,0.020118,1405962524.0
2026-09-02 21:00:00,0.020124,0.021698,0.019863,0.02137,912998732.0
2026-09-02 21:15:00,0.021375,0.0225,0.021235,0.021984,889129829.0
2026-09-02 21:30:00,0.021972,0.044859,0.021716,0.034895,3843775300.0
2026-09-02 21:45:00,0.034791,0.034879,0.0156,0.016687,4383338016.0
2026-09-02 22:00:00,0.016688,0.019717,0.014003,0.015537,3757069489.0
2026-09-02 22:15:00,0.015533,0.01735,0.0151,0.016353,1559487458.0
2026-09-02 22:30:00,0.016351,0.0177,0.0157,0.016477,810323188.0
2026-09-02 22:45:00,0.016473,0.017946,0.016432,0.016964,660042599.0
2026-09-02 23:00:00,0.016964,0.017045,0.014845,0.015637,828567855.0
2026-09-02 23:15:00,0.015641,0.016839,0.015624,0.016576,509164153.0
2026-09-02 23:30:00,0.016572,0.017131,0.016353,0.016802,306112410.0
2026-09-02 23:45:00,0.016801,0.0169,0.0161,0.016551,301444454.0
2026-09-03 00:00:00,0.01655,0.016753,0.015191,0.015355,498831844.0
2026-09-03 00:15:00,0.015359,0.016353,0.014943,0.015736,500902523.0
2026-09-03 00:30:00,0.015742,0.015783,0.014452,0.01521,666680250.0
2026-09-03 00:45:00,0.01521,0.016161,0.014913,0.015711,431694953.0
2026-09-03 01:00:00,0.015712,0.015941,0.015074,0.015116,287744254.0
2026-09-03 01:15:00,0.015112,0.015842,0.0149,0.015551,252027135.0
2026-09-03 01:30:00,0.015545,0.015684,0.015201,0.015545,184842106.0
2026-09-03 01:45:00,0.015545,0.016436,0.01528,0.015496,405096389.0
2026-09-03 02:00:00,0.015497,0.0162,0.014807,0.015038,325579094.0
2026-09-03 02:15:00,0.015037,0.015463,0.014001,0.014802,615331475.0
2026-09-03 02:30:00,0.014804,0.015128,0.013714,0.014354,1025193112.0
2026-09-03 02:45:00,0.014354,0.014488,0.013803,0.014146,427838309.0
2026-09-03 03:00:00,0.014151,0.014677,0.013814,0.014422,317913423.0
2026-09-03 03:15:00,0.014426,0.014499,0.01385,0.013903,234343450.0
2026-09-03 03:30:00,0.013901,0.014138,0.013424,0.013898,416677137.0
2026-09-03 03:45:00,0.013901,0.0141,0.013693,0.013771,197720711.0
2026-09-03 04:00:00,0.013778,0.014243,0.013254,0.01349,382565207.0
2026-09-03 04:15:00,0.013493,0.013774,0.013012,0.01319,426886401.0
2026-09-03 04:30:00,0.013187,0.013398,0.013015,0.013101,281580046.0
2026-09-03 04:45:00,0.013103,0.01337,0.012708,0.012762,464726997.0
2026-09-03 05:00:00,0.012762,0.013255,0.012757,0.013113,365633327.0
2026-09-03 05:15:00,0.013109,0.013355,0.012445,0.012739,363295069.0
2026-09-03 05:30:00,0.012739,0.013084,0.012615,0.012823,298982786.0
2026-09-03 05:45:00,0.012824,0.013185,0.012803,0.012998,275344003.0
2026-09-03 06:00:00,0.012997,0.013866,0.01285,0.013224,399774292.0
2026-09-03 06:15:00,0.013223,0.01345,0.012666,0.013097,472539576.0
2026-09-03 06:30:00,0.013096,0.01342,0.012912,0.013347,234252177.0
2026-09-03 06:45:00,0.013342,0.013455,0.013073,0.013226,185653892.0
2026-09-03 07:00:00,0.013227,0.013245,0.012718,0.012863,258730029.0
2026-09-03 07:15:00,0.012867,0.013084,0.01281,0.012962,160419337.0
2026-09-03 07:30:00,0.012966,0.013063,0.012725,0.012954,160211861.0
2026-09-03 07:45:00,0.012957,0.013006,0.012564,0.012906,181808756.0
2026-09-03 08:00:00,0.012902,0.013052,0.0128,0.012968,133894199.0
2026-09-03 08:15:00,0.012968,0.013298,0.012947,0.013159,202281640.0
2026-09-03 08:30:00,0.01316,0.013227,0.012969,0.01309,129111010.0
2026-09-03 08:45:00,0.013089,0.01357,0.013026,0.01331,213183290.0
2026-09-03 09:00:00,0.013309,0.013444,0.0128,0.01283,243867339.0
2026-09-03 09:15:00,0.012832,0.012997,0.012739,0.012971,175376386.0
2026-09-03 09:30:00,0.012971,0.013126,0.012898,0.012975,133591895.0
2026-09-03 09:45:00,0.012976,0.013093,0.012854,0.012927,101934959.0
2026-09-03 10:00:00,0.012926,0.012957,0.012613,0.012893,194971765.0
2026-09-03 10:15:00,0.012896,0.013173,0.012881,0.012952,206492092.0
2026-09-03 10:30:00,0.01295,0.012977,0.012401,0.012602,277111380.0
2026-09-03 10:45:00,0.012601,0.01295,0.012583,0.01277,168328649.0
2026-09-03 11:00:00,0.012774,0.013223,0.01274,0.013162,197794463.0
2026-09-03 11:15:00,0.013165,0.013229,0.01285,0.012876,200718586.0
2026-09-03 11:30:00,0.012881,0.013208,0.012865,0.013094,126813022.0
2026-09-03 11:45:00,0.013098,0.013316,0.012951,0.013155,151794902.0
2026-09-03 12:00:00,0.013155,0.01335,0.013091,0.01316,162812090.0
2026-09-03 12:15:00,0.013161,0.013323,0.013046,0.013224,142354956.0
2026-09-03 12:30:00,0.013221,0.013259,0.012901,0.013014,118754494.0
2026-09-03 12:45:00,0.013014,0.013169,0.012984,0.013087,73297532.0
2026-09-03 13:00:00,0.013091,0.01311,0.012802,0.012917,150367515.0
2026-09-03 13:15:00,0.012914,0.013,0.012876,0.012925,57879107.0
2026-09-03 13:30:00,0.012922,0.013106,0.012867,0.013071,86224113.0
2026-09-03 13:45:00,0.013069,0.013446,0.012968,0.01326,179385531.0
2026-09-03 14:00:00,0.013263,0.013297,0.012993,0.013066,119718803.0
2026-09-03 14:15:00,0.013069,0.013247,0.013005,0.013173,104801484.0
2026-09-03 14:30:00,0.013169,0.01325,0.01291,0.012937,157286063.0
2026-09-03 14:45:00,0.012937,0.012996,0.012783,0.012886,159515465.0
2026-09-03 15:00:00,0.012887,0.013015,0.012822,0.012977,108307988.0
2026-09-03 15:15:00,0.012976,0.012989,0.012847,0.012887,62741608.0
2026-09-03 15:30:00,0.012887,0.013311,0.012839,0.013158,155109480.0
2026-09-03 15:45:00,0.013158,0.013346,0.013113,0.013303,145494130.0
2026-09-03 16:00:00,0.013303,0.013328,0.0129,0.012951,141525189.0
2026-09-03 16:15:00,0.01295,0.01301,0.0126,0.012952,185821776.0
2026-09-03 16:30:00,0.012951,0.013178,0.012951,0.013143,77500781.0
2026-09-03 16:45:00,0.01314,0.014659,0.013138,0.013527,704216120.0
2026-09-03 17:00:00,0.013528,0.014161,0.013451,0.014076,234632458.0
2026-09-03 17:15:00,0.014082,0.014962,0.013591,0.014886,365116918.0
2026-09-03 17:30:00,0.014886,0.015159,0.014521,0.01507,255186627.0
2026-09-03 17:45:00,0.015072,0.01642,0.014425,0.015321,798333685.0
2026-09-03 18:00:00,0.015328,0.016047,0.014969,0.015537,427984187.0
2026-09-03 18:15:00,0.015538,0.017755,0.01538,0.017248,558253769.0
2026-09-03 18:30:00,0.017245,0.017423,0.013654,0.014073,892872743.0
2026-09-03 18:45:00,0.01407,0.016243,0.014058,0.015864,623578958.0
2026-09-03 19:00:00,0.015861,0.016274,0.015366,0.015895,274524135.0
2026-09-03 19:15:00,0.015895,0.01664,0.015881,0.016382,184412014.0
2026-09-03 19:30:00,0.016384,0.017176,0.01638,0.016781,170869698.0
2026-09-03 19:45:00,0.016774,0.0173,0.016253,0.016319,196558311.0
2026-09-03 20:00:00,0.016325,0.016859,0.0155,0.015786,284270787.0
2026-09-03 20:15:00,0.015795,0.015945,0.014922,0.014962,262284063.0
2026-09-03 20:30:00,0.01497,0.015283,0.014851,0.01503,214709033.0
2026-09-03 20:45:00,0.015031,0.015188,0.014629,0.014953,110941123.0
2026-09-03 21:00:00,0.01495,0.015472,0.01488,0.015265,124797396.0
2026-09-03 21:15:00,0.015267,0.015386,0.015046,0.015241,73437588.0
2026-09-03 21:30:00,0.015236,0.015329,0.014963,0.015023,59419093.0
2026-09-03 21:45:00,0.015023,0.0154,0.014944,0.015376,50567738.0
2026-09-03 22:00:00,0.015374,0.015908,0.015361,0.015637,121761450.0
2026-09-03 22:15:00,0.015638,0.015799,0.015556,0.015715,66434118.0
2026-09-03 22:30:00,0.015715,0.015839,0.015431,0.015541,81009432.0
2026-09-03 22:45:00,0.015543,0.015639,0.014876,0.01495,159179916.0
2026-09-03 23:00:00,0.014944,0.015031,0.01429,0.014579,170169527.0
2026-09-03 23:15:00,0.014579,0.014799,0.014486,0.014736,57317051.0
2026-09-03 23:30:00,0.014736,0.015141,0.014685,0.015124,69230842.0
2026-09-03 23:45:00,0.015124,0.015136,0.014814,0.014898,66192572.0
2026-09-04 00:00:00,0.014901,0.015192,0.014888,0.014951,82058687.0
2026-09-04 00:15:00,0.014955,0.015089,0.014774,0.014888,62992228.0
2026-09-04 00:30:00,0.01489,0.014956,0.014765,0.01485,43712757.0
2026-09-04 00:45:00,0.01485,0.014919,0.014705,0.014855,54053663.0
2026-09-04 01:00:00,0.014857,0.01505,0.014626,0.014735,71595861.0
2026-09-04 01:15:00,0.014734,0.014912,0.014542,0.014831,43765917.0
2026-09-04 01:30:00,0.014832,0.014921,0.014765,0.01491,37449962.0
2026-09-04 01:45:00,0.01491,0.015012,0.014012,0.014209,117210206.0
2026-09-04 02:00:00,0.014208,0.014962,0.0142,0.014477,183747396.0
2026-09-04 02:15:00,0.014483,0.014791,0.014361,0.014616,64591173.0
2026-09-04 02:30:00,0.014616,0.014713,0.014458,0.014625,35646207.0
2026-09-04 02:45:00,0.014625,0.014628,0.014421,0.014549,44036104.0
2026-09-04 03:00:00,0.014548,0.01461,0.014345,0.014459,41519342.0
2026-09-04 03:15:00,0.014462,0.014644,0.014431,0.014478,42074590.0
2026-09-04 03:30:00,0.014478,0.01455,0.014401,0.014449,27686034.0
2026-09-04 03:45:00,0.01445,0.014838,0.014449,0.01479,56481142.0
2026-09-04 04:00:00,0.014791,0.014875,0.014629,0.014824,53146556.0
2026-09-04 04:15:00,0.014826,0.014975,0.014819,0.014903,57134818.0
2026-09-04 04:30:00,0.014901,0.015432,0.014861,0.015038,145680660.0
2026-09-04 04:45:00,0.015037,0.015094,0.014732,0.01491,63695959.0
2026-09-04 05:00:00,0.014911,0.014994,0.014131,0.014234,156411509.0
2026-09-04 05:15:00,0.014235,0.014274,0.013935,0.014168,130014133.0
2026-09-04 05:30:00,0.01417,0.014499,0.01417,0.014463,73644575.0
2026-09-04 05:45:00,0.014463,0.014471,0.014294,0.014346,36109493.0
2026-09-04 06:00:00,0.014345,0.014416,0.014176,0.01423,42407272.0
2026-09-04 06:15:00,0.014231,0.014306,0.014171,0.014269,32342816.0
2026-09-04 06:30:00,0.014267,0.014293,0.013832,0.013895,83989501.0
2026-09-04 06:45:00,0.013895,0.014043,0.013682,0.013927,95703779.0
2026-09-04 07:00:00,0.013923,0.013938,0.013704,0.013824,56693085.0
2026-09-04 07:15:00,0.013823,0.01399,0.013747,0.013882,51951380.0
2026-09-04 07:30:00,0.013881,0.01407,0.013848,0.013984,44257530.0
2026-09-04 07:45:00,0.013984,0.01415,0.013902,0.013935,53276380.0
2026-09-04 08:00:00,0.013938,0.01406,0.01389,0.013898,40727505.0
2026-09-04 08:15:00,0.0139,0.013929,0.01352,0.013582,97693535.0
2026-09-04 08:30:00,0.013582,0.01368,0.013468,0.013635,77562527.0
2026-09-04 08:45:00,0.013634,0.013834,0.013597,0.013739,59771716.0
2026-09-04 09:00:00,0.013738,0.01381,0.013669,0.013673,43515272.0
2026-09-04 09:15:00,0.013672,0.013701,0.013584,0.01366,40883968.0
2026-09-04 09:30:00,0.013658,0.013796,0.013565,0.013727,46323552.0
2026-09-04 09:45:00,0.013733,0.01396,0.013532,0.013643,77834944.0
2026-09-04 10:00:00,0.013642,0.013729,0.013555,0.013588,32493956.0
2026-09-04 10:15:00,0.013588,0.013861,0.013582,0.013834,69459460.0
2026-09-04 10:30:00,0.013834,0.01384,0.013668,0.013673,33791796.0
2026-09-04 10:45:00,0.013673,0.013755,0.013584,0.013601,31062474.0
2026-09-04 11:00:00,0.013601,0.013613,0.013424,0.01354,51304603.0
2026-09-04 11:15:00,0.013539,0.013578,0.013433,0.013473,29568646.0
2026-09-04 11:30:00,0.013476,0.013532,0.013408,0.013451,28477952.0
2026-09-04 11:45:00,0.013452,0.013462,0.01326,0.01345,59755768.0
2026-09-04 12:00:00,0.013452,0.013571,0.013393,0.013515,41455608.0
2026-09-04 12:15:00,0.013515,0.013675,0.01344,0.013612,64244373.0
2026-09-04 12:30:00,0.013611,0.013619,0.013019,0.013377,167977108.0
2026-09-04 12:45:00,0.013377,0.013438,0.013221,0.013251,63546956.0
2026-09-04 13:00:00,0.013249,0.013449,0.013234,0.013375,46105731.0
2026-09-04 13:15:00,0.013375,0.01342,0.013292,0.013354,30978388.0
2026-09-04 13:30:00,0.013356,0.013443,0.01332,0.013403,30768741.0
2026-09-04 13:45:00,0.013402,0.013654,0.013145,0.013413,86469232.0
2026-09-04 14:00:00,0.013413,0.013467,0.013305,0.013417,33805195.0
2026-09-04 14:15:00,0.013416,0.013787,0.013375,0.013658,106577082.0
2026-09-04 14:30:00,0.013656,0.013725,0.013427,0.013499,46178116.0
2026-09-04 14:45:00,0.0135,0.01371,0.013462,0.013621,39653999.0
2026-09-04 15:00:00,0.013621,0.013857,0.01358,0.013837,47459084.0
2026-09-04 15:15:00,0.013836,0.013841,0.013301,0.013467,72511694.0
2026-09-04 15:30:00,0.013467,0.013555,0.013405,0.013415,33734650.0
2026-09-04 15:45:00,0.013414,0.013561,0.013414,0.013559,23368238.0
2026-09-04 16:00:00,0.01356,0.013576,0.013259,0.013315,51232543.0
2026-09-04 16:15:00,0.013313,0.013464,0.013282,0.013464,21977918.0
2026-09-04 16:30:00,0.01346,0.013529,0.013345,0.013391,27249785.0
2026-09-04 16:45:00,0.01339,0.01342,0.013101,0.013302,55197392.0
2026-09-04 17:00:00,0.013302,0.013356,0.013196,0.013326,32906834.0
2026-09-04 17:15:00,0.013328,0.013339,0.01313,0.013222,37799923.0
2026-09-04 17:30:00,0.013226,0.013465,0.01322,0.013257,49044146.0
2026-09-04 17:45:00,0.013256,0.013301,0.013046,0.013102,34139352.0
2026-09-04 18:00:00,0.013101,0.01323,0.012956,0.013174,71551232.0
2026-09-04 18:15:00,0.013174,0.013196,0.013065,0.013098,27337953.0
2026-09-04 18:30:00,0.013097,0.01315,0.013057,0.013063,18218687.0
2026-09-04 18:45:00,0.013062,0.013138,0.013048,0.013109,15872416.0
2026-09-04 19:00:00,0.013109,0.013151,0.013051,0.013072,19683859.0
2026-09-04 19:15:00,0.013072,0.013121,0.013026,0.013059,24191668.0
2026-09-04 19:30:00,0.013058,0.013237,0.013056,0.013147,33019168.0
2026-09-04 19:45:00,0.013144,0.013273,0.013086,0.013264,24911317.0
2026-09-04 20:00:00,0.013264,0.013283,0.013084,0.013121,22826581.0
2026-09-04 20:15:00,0.013121,0.013292,0.01302,0.01329,33142632.0
2026-09-04 20:30:00,0.01329,0.013373,0.013258,0.013267,26351361.0
2026-09-04 20:45:00,0.013268,0.0133,0.013176,0.01321,12581028.0
2026-09-04 21:00:00,0.01321,0.013246,0.013061,0.013076,25399121.0
2026-09-04 21:15:00,0.013075,0.013146,0.012694,0.012854,77904279.0
2026-09-04 21:30:00,0.012855,0.012952,0.012839,0.012861,31305426.0
2026-09-04 21:45:00,0.012861,0.013058,0.012861,0.012974,17662249.0
2026-09-04 22:00:00,0.012974,0.013071,0.012948,0.013051,16625766.0
2026-09-04 22:15:00,0.013047,0.013064,0.012974,0.012979,13066272.0
2026-09-04 22:30:00,0.012982,0.013036,0.012943,0.01295,11058406.0
2026-09-04 22:45:00,0.01295,0.013016,0.012919,0.012994,11800175.0
2026-09-04 23:00:00,0.012994,0.013179,0.012986,0.013086,20629585.0
2026-09-04 23:15:00,0.013086,0.013157,0.013049,0.013101,18382925.0
2026-09-04 23:30:00,0.013102,0.013389,0.013076,0.013281,50880992.0
2026-09-04 23:45:00,0.01328,0.013332,0.013233,0.013253,26816268.0
2026-09-05 00:00:00,0.013254,0.013581,0.013173,0.013452,70698236.0
2026-09-05 00:15:00,0.013451,0.013471,0.013214,0.013362,36222922.0
2026-09-05 00:30:00,0.013362,0.013362,0.012775,0.01292,73022015.0
2026-09-05 00:45:00,0.012924,0.014321,0.012807,0.014145,249239468.0
2026-09-05 01:00:00,0.014154,0.014881,0.014108,0.014638,281543793.0
2026-09-05 01:15:00,0.014639,0.016688,0.014598,0.016598,521326245.0
2026-09-05 01:30:00,0.016597,0.01757,0.016425,0.017076,501243341.0
2026-09-05 01:45:00,0.017079,0.018784,0.016053,0.017976,1012257898.0
2026-09-05 02:00:00,0.017976,0.01875,0.0175,0.018701,464520701.0
2026-09-05 02:15:00,0.018711,0.018999,0.018333,0.018829,375243166.0
2026-09-05 02:30:00,0.018828,0.019388,0.01842,0.019184,453469321.0
2026-09-05 02:45:00,0.019183,0.02015,0.017049,0.019395,1007557809.0
2026-09-05 03:00:00,0.019395,0.01975,0.019003,0.0195,306922805.0
2026-09-05 03:15:00,0.019501,0.019792,0.018774,0.01939,279949907.0
2026-09-05 03:30:00,0.01939,0.019688,0.017297,0.018714,481648991.0
2026-09-05 03:45:00,0.018722,0.019678,0.018632,0.0196,407470492.0
2026-09-05 04:00:00,0.019607,0.021675,0.019,0.021224,556087440.0
2026-09-05 04:15:00,0.021222,0.021534,0.017558,0.019302,727045574.0
2026-09-05 04:30:00,0.019302,0.019541,0.018723,0.019028,191548543.0
2026-09-05 04:45:00,0.019032,0.019112,0.01635,0.017003,512073341.0
2026-09-05 05:00:00,0.017002,0.017168,0.01559,0.016525,626225068.0
2026-09-05 05:15:00,0.016514,0.016888,0.015922,0.016405,231101580.0
2026-09-05 05:30:00,0.016399,0.016579,0.0161,0.016345,164625811.0
2026-09-05 05:45:00,0.016345,0.016917,0.016323,0.016535,170068473.0
2026-09-05 06:00:00,0.016534,0.016644,0.016021,0.01649,127125495.0
2026-09-05 06:15:00,0.016503,0.0166,0.016229,0.01636,88841566.0
2026-09-05 06:30:00,0.016361,0.016599,0.016072,0.016425,111108176.0
2026-09-05 06:45:00,0.016431,0.017794,0.016401,0.017557,181869312.0
2026-09-05 07:00:00,0.017563,0.020194,0.017445,0.017634,931262264.0
2026-09-05 07:15:00,0.017649,0.018401,0.017551,0.018019,267080099.0
2026-09-05 07:30:00,0.01802,0.018543,0.017407,0.018373,176857200.0
2026-09-05 07:45:00,0.018374,0.018379,0.0162,0.016656,357272156.0
2026-09-05 08:00:00,0.016656,0.018098,0.016457,0.017792,297204398.0
2026-09-05 08:15:00,0.017795,0.018009,0.017606,0.017887,113090366.0
2026-09-05 08:30:00,0.017887,0.018026,0.017344,0.01764,130296490.0
2026-09-05 08:45:00,0.017637,0.018887,0.017454,0.018746,145237633.0
2026-09-05 09:00:00,0.018754,0.019141,0.018192,0.018796,374540526.0
2026-09-05 09:15:00,0.018794,0.019578,0.018112,0.018724,427908927.0
2026-09-05 09:30:00,0.018724,0.019197,0.018716,0.018959,133601212.0
2026-09-05 09:45:00,0.018959,0.019181,0.018353,0.018954,140433949.0
2026-09-05 10:00:00,0.018951,0.019223,0.018592,0.018727,96535036.0
2026-09-05 10:15:00,0.018726,0.019518,0.018673,0.019468,161485260.0
2026-09-05 10:30:00,0.019458,0.01957,0.01931,0.019519,169488343.0
2026-09-05 10:45:00,0.019516,0.019593,0.019234,0.019511,156278827.0
2026-09-05 11:00:00,0.019511,0.01963,0.019351,0.019498,186089962.0
2026-09-05 11:15:00,0.019499,0.019543,0.019255,0.019433,113126461.0
2026-09-05 11:30:00,0.019433,0.019739,0.019375,0.019598,189283850.0
2026-09-05 11:45:00,0.019593,0.019606,0.018621,0.019532,251918105.0
2026-09-05 12:00:00,0.019533,0.02033,0.018953,0.018977,411114254.0
2026-09-05 12:15:00,0.018977,0.019714,0.018045,0.018942,537736811.0
2026-09-05 12:30:00,0.01895,0.01995,0.018901,0.019347,283473734.0
2026-09-05 12:45:00,0.019347,0.019515,0.018945,0.019232,137903713.0
2026-09-05 13:00:00,0.019232,0.019818,0.018578,0.019043,335493551.0
2026-09-05 13:15:00,0.019035,0.019039,0.018362,0.018853,185954369.0
2026-09-05 13:30:00,0.018854,0.019632,0.018791,0.019497,129064829.0
2026-09-05 13:45:00,0.019501,0.019739,0.019,0.019309,185439428.0
2026-09-05 14:00:00,0.019306,0.020767,0.019213,0.020646,297332391.0
2026-09-05 14:15:00,0.020647,0.020678,0.01889,0.019205,506088120.0
2026-09-05 14:30:00,0.019208,0.019313,0.018241,0.018895,373722327.0
2026-09-05 14:45:00,0.018897,0.019359,0.01805,0.018743,385314420.0
2026-09-05 15:00:00,0.01875,0.01885,0.018185,0.018489,166426065.0
2026-09-05 15:15:00,0.018491,0.019139,0.01834,0.019085,215017069.0
2026-09-05 15:30:00,0.019084,0.019295,0.01853,0.018802,267854065.0
2026-09-05 15:45:00,0.018798,0.019268,0.01844,0.018664,221609765.0
2026-09-05 16:00:00,0.018657,0.019143,0.017008,0.018985,593642603.0
2026-09-05 16:15:00,0.018985,0.019074,0.018695,0.019023,117501852.0
2026-09-05 16:30:00,0.019023,0.019116,0.0188,0.019006,81755425.0
2026-09-05 16:45:00,0.019006,0.019099,0.018883,0.019002,74769483.0
2026-09-05 17:00:00,0.019003,0.019499,0.018585,0.019429,233421604.0
2026-09-05 17:15:00,0.019435,0.019868,0.01925,0.019736,112230101.0
2026-09-05 17:30:00,0.019736,0.020144,0.019454,0.020046,184409046.0
2026-09-05 17:45:00,0.020053,0.020723,0.019896,0.020645,196028290.0
2026-09-05 18:00:00,0.02064,0.02142,0.017753,0.018366,958776616.0
2026-09-05 18:15:00,0.018361,0.018886,0.018254,0.018597,231744798.0
2026-09-05 18:30:00,0.018597,0.019085,0.01852,0.018903,107483999.0
2026-09-05 18:45:00,0.018903,0.019156,0.018759,0.018886,75065083.0
2026-09-05 19:00:00,0.018883,0.018917,0.018212,0.018737,130338986.0
2026-09-05 19:15:00,0.018733,0.018956,0.018513,0.018771,67038397.0
2026-09-05 19:30:00,0.018771,0.018891,0.018589,0.018792,40379854.0
2026-09-05 19:45:00,0.018799,0.01964,0.018773,0.019453,172569826.0
2026-09-05 20:00:00,0.01946,0.019609,0.018695,0.018866,97435817.0
2026-09-05 20:15:00,0.018873,0.019201,0.018829,0.019188,43559893.0
2026-09-05 20:30:00,0.019187,0.019379,0.018853,0.018886,46172046.0
2026-09-05 20:45:00,0.018885,0.019065,0.018854,0.01897,32417582.0
2026-09-05 21:00:00,0.018968,0.018994,0.018709,0.018863,42048405.0
2026-09-05 21:15:00,0.018863,0.019033,0.018624,0.019011,47402509.0
2026-09-05 21:30:00,0.019016,0.01944,0.019005,0.019132,57852979.0
2026-09-05 21:45:00,0.019134,0.019275,0.019001,0.019122,31704705.0
2026-09-05 22:00:00,0.019119,0.019168,0.018664,0.018688,69842269.0
2026-09-05 22:15:00,0.018696,0.018787,0.01819,0.018571,74606547.0
2026-09-05 22:30:00,0.01857,0.018679,0.018433,0.018646,43415349.0
2026-09-05 22:45:00,0.018648,0.01884,0.018589,0.018779,35472973.0
2026-09-05 23:00:00,0.018779,0.01884,0.018472,0.018802,53959519.0
2026-09-05 23:15:00,0.018795,0.018795,0.018555,0.018634,35445723.0
2026-09-05 23:30:00,0.018631,0.018824,0.018587,0.018683,48680983.0
2026-09-05 23:45:00,0.018685,0.018685,0.018356,0.018618,51145672.0
2026-09-06 00:00:00,0.018611,0.018654,0.018218,0.018309,72554789.0
2026-09-06 00:15:00,0.018306,0.018438,0.01791,0.018338,81243459.0
2026-09-06 00:30:00,0.018333,0.018485,0.018182,0.0182,37985606.0
2026-09-06 00:45:00,0.0182,0.018447,0.018193,0.018314,32901946.0
2026-09-06 01:00:00,0.018315,0.018417,0.017667,0.018138,96321506.0
2026-09-06 01:15:00,0.018139,0.018175,0.017805,0.017859,41830589.0
2026-09-06 01:30:00,0.017857,0.018199,0.017848,0.018046,41244294.0
2026-09-06 01:45:00,0.018048,0.018082,0.016589,0.0171,327913943.0
2026-09-06 02:00:00,0.0171,0.01844,0.017095,0.018313,197376849.0
2026-09-06 02:15:00,0.01831,0.018359,0.017762,0.018047,74521531.0
2026-09-06 02:30:00,0.018047,0.018257,0.01781,0.017865,46466552.0
2026-09-06 02:45:00,0.01786,0.017985,0.017723,0.017792,43711670.0
2026-09-06 03:00:00,0.0178,0.018526,0.0178,0.018249,95692478.0
2026-09-06 03:15:00,0.018249,0.018282,0.01784,0.018045,41346932.0
2026-09-06 03:30:00,0.01805,0.018243,0.017932,0.018038,31933589.0
2026-09-06 03:45:00,0.018036,0.018181,0.017736,0.017914,48172698.0
2026-09-06 04:00:00,0.01792,0.018376,0.017796,0.018145,62225146.0
2026-09-06 04:15:00,0.018145,0.018149,0.017834,0.018036,45282602.0
2026-09-06 04:30:00,0.018034,0.018199,0.017854,0.017916,25516118.0
2026-09-06 04:45:00,0.017916,0.018199,0.017901,0.018039,33643750.0
2026-09-06 05:00:00,0.018038,0.018129,0.017816,0.018069,31579133.0
2026-09-06 05:15:00,0.018071,0.018342,0.017233,0.017588,133869936.0
2026-09-06 05:30:00,0.017589,0.01775,0.01742,0.017497,39659194.0
2026-09-06 05:45:00,0.017498,0.017672,0.017341,0.017641,35244757.0
2026-09-06 06:00:00,0.017638,0.017667,0.015834,0.015852,290390146.0
2026-09-06 06:15:00,0.015848,0.015942,0.014337,0.014773,773994327.0
2026-09-06 06:30:00,0.014768,0.014812,0.013051,0.01437,912444374.0
2026-09-06 06:45:00,0.014363,0.014765,0.014215,0.014501,224888370.0
2026-09-06 07:00:00,0.014501,0.01523,0.014279,0.014722,256732211.0
2026-09-06 07:15:00,0.014724,0.014912,0.014568,0.014751,78361085.0
2026-09-06 07:30:00,0.014743,0.014846,0.014535,0.014623,81220251.0
2026-09-06 07:45:00,0.014624,0.014855,0.014508,0.014576,95036995.0
2026-09-06 08:00:00,0.014579,0.014779,0.014559,0.01468,51177327.0
2026-09-06 08:15:00,0.014681,0.014884,0.014578,0.014603,65184871.0
2026-09-06 08:30:00,0.014608,0.014705,0.014318,0.014595,58470913.0
2026-09-06 08:45:00,0.014598,0.01475,0.01452,0.014616,42867092.0
2026-09-06 09:00:00,0.014611,0.014631,0.014357,0.014447,55241728.0
2026-09-06 09:15:00,0.014444,0.014535,0.014211,0.014467,85471955.0
2026-09-06 09:30:00,0.014464,0.014508,0.013891,0.014294,114326607.0
2026-09-06 09:45:00,0.014298,0.014359,0.014055,0.014185,65783419.0
2026-09-06 10:00:00,0.014187,0.014348,0.014116,0.014264,55686937.0
2026-09-06 10:15:00,0.014258,0.014352,0.014145,0.014179,44221260.0
2026-09-06 10:30:00,0.014179,0.014377,0.014057,0.014196,58792009.0
2026-09-06 10:45:00,0.014195,0.01422,0.014018,0.0141,69160044.0
2026-09-06 11:00:00,0.0141,0.014137,0.0139489,0.014032,75586354.0
2026-09-06 11:15:00,0.01403,0.014133,0.013922,0.013953,54544924.0
2026-09-06 11:30:00,0.013951,0.014077,0.013751,0.013956,93804391.0
2026-09-06 11:45:00,0.013957,0.01407,0.01371,0.013939,91868365.0
2026-09-06 12:00:00,0.013944,0.014075,0.013829,0.013897,67395861.0
2026-09-06 12:15:00,0.013897,0.014149,0.013806,0.013862,62786164.0
2026-09-06 12:30:00,0.013864,0.013867,0.0135,0.013611,117770035.0
2026-09-06 12:45:00,0.013613,0.0138,0.013468,0.013613,84841708.0
2026-09-06 13:00:00,0.013614,0.013648,0.013468,0.013626,53964906.0
2026-09-06 13:15:00,0.013625,0.013694,0.0135,0.013503,57760922.0
2026-09-06 13:30:00,0.013502,0.014063,0.013478,0.013691,123712024.0
2026-09-06 13:45:00,0.013691,0.01435,0.013673,0.014199,162828342.0
2026-09-06 14:00:00,0.0142,0.014428,0.013952,0.014277,128160200.0
2026-09-06 14:15:00,0.014278,0.014399,0.014008,0.014212,122013602.0
2026-09-06 14:30:00,0.014208,0.014331,0.014121,0.01426,72098641.0
2026-09-06 14:45:00,0.01426,0.014336,0.013822,0.014014,87928647.0
2026-09-06 15:00:00,0.014017,0.014776,0.013858,0.014206,226174846.0
2026-09-06 15:15:00,0.014201,0.0143,0.013934,0.014085,78637941.0
2026-09-06 15:30:00,0.014086,0.014179,0.013907,0.014035,79253807.0
2026-09-06 15:45:00,0.014041,0.014137,0.013972,0.014004,36870084.0
2026-09-06 16:00:00,0.014004,0.014136,0.013901,0.014068,60860786.0
2026-09-06 16:15:00,0.014062,0.0141,0.013831,0.01384,47453276.0
2026-09-06 16:30:00,0.013838,0.013943,0.01375,0.013827,47299904.0
2026-09-06 16:45:00,0.013826,0.013913,0.013784,0.013876,25849711.0
2026-09-06 17:00:00,0.013878,0.013998,0.013819,0.01397,34176992.0
2026-09-06 17:15:00,0.013971,0.014115,0.013901,0.01398,37689477.0
2026-09-06 17:30:00,0.013981,0.01425,0.013981,0.014235,40009923.0
2026-09-06 17:45:00,0.014233,0.014267,0.014085,0.014223,39074019.0
2026-09-06 18:00:00,0.01422,0.014532,0.014207,0.01446,66855275.0
2026-09-06 18:15:00,0.014463,0.015179,0.014463,0.015,185726427.0
2026-09-06 18:30:00,0.014999,0.015289,0.014781,0.015219,125319755.0
2026-09-06 18:45:00,0.015219,0.015485,0.014775,0.015021,157587613.0
2026-09-06 19:00:00,0.015021,0.015274,0.014831,0.015008,68911476.0
2026-09-06 19:15:00,0.015011,0.015053,0.014403,0.014479,95798356.0
2026-09-06 19:30:00,0.014477,0.014744,0.014144,0.014522,104782532.0
2026-09-06 19:45:00,0.014521,0.014665,0.014298,0.014584,82279092.0
2026-09-06 20:00:00,0.014584,0.014954,0.014422,0.014842,85795372.0
2026-09-06 20:15:00,0.014846,0.015132,0.014641,0.014655,84935084.0
2026-09-06 20:30:00,0.014663,0.014682,0.01451,0.014553,23289387.0
2026-09-06 20:45:00,0.014554,0.014567,0.014327,0.014365,36689915.0
2026-09-06 21:00:00,0.014364,0.014583,0.01434,0.014448,29908772.0
2026-09-06 21:15:00,0.014447,0.014488,0.014372,0.014409,20985520.0
2026-09-06 21:30:00,0.014409,0.014469,0.01414,0.01415,34569300.0
2026-09-06 21:45:00,0.014149,0.014347,0.01414,0.014212,24638685.0
2026-09-06 22:00:00,0.014212,0.014361,0.014162,0.014266,30355673.0
2026-09-06 22:15:00,0.014266,0.014335,0.014177,0.014256,21512939.0
2026-09-06 22:30:00,0.014259,0.014274,0.014042,0.01409,28294664.0
2026-09-06 22:45:00,0.014091,0.01415,0.014036,0.01406,21662763.0
2026-09-06 23:00:00,0.014061,0.014148,0.013995,0.013995,35606882.0
2026-09-06 23:15:00,0.013995,0.014031,0.013711,0.013801,77580422.0
2026-09-06 23:30:00,0.0138,0.013831,0.013668,0.013745,50727581.0
2026-09-06 23:45:00,0.013745,0.01402,0.013668,0.013832,66034995.0
2026-09-07 00:00:00,0.013833,0.014233,0.013781,0.014027,81249488.0
2026-09-07 00:15:00,0.014026,0.014278,0.013958,0.014157,45496307.0
2026-09-07 00:30:00,0.01416,0.014169,0.013853,0.013947,48887771.0
2026-09-07 00:45:00,0.013946,0.013995,0.013883,0.013944,24853764.0
2026-09-07 01:00:00,0.013943,0.013999,0.01369,0.013755,49973671.0
2026-09-07 01:15:00,0.013757,0.013914,0.013739,0.01388,27661293.0
2026-09-07 01:30:00,0.013879,0.013922,0.013602,0.013879,74875513.0
2026-09-07 01:45:00,0.013877,0.01463,0.013877,0.014363,145086184.0
2026-09-07 02:00:00,0.014364,0.014661,0.014156,0.014417,104527078.0
2026-09-07 02:15:00,0.014415,0.014438,0.014244,0.01432,35002753.0
2026-09-07 02:30:00,0.014319,0.014657,0.014203,0.014468,68325799.0
2026-09-07 02:45:00,0.014469,0.014551,0.011333,0.012841,1130695427.0
2026-09-07 03:00:00,0.012838,0.013,0.01258,0.012786,206839141.0
2026-09-07 03:15:00,0.012787,0.013292,0.012411,0.012778,245336682.0
2026-09-07 03:30:00,0.012778,0.013387,0.012716,0.013276,138398349.0
2026-09-07 03:45:00,0.01328,0.014273,0.013266,0.014172,292770991.0
2026-09-07 04:00:00,0.014169,0.014686,0.013672,0.01458,308362344.0
2026-09-07 04:15:00,0.014581,0.01503,0.014563,0.014922,223305420.0
2026-09-07 04:30:00,0.014918,0.015023,0.01398,0.014203,209764220.0
2026-09-07 04:45:00,0.014201,0.014594,0.01416,0.014476,57241477.0
2026-09-07 05:00:00,0.014477,0.01568,0.014202,0.015216,256074381.0
2026-09-07 05:15:00,0.015209,0.015678,0.015051,0.015379,136356795.0
2026-09-07 05:30:00,0.01538,0.015843,0.0151,0.015612,97911584.0
2026-09-07 05:45:00,0.015617,0.01593,0.015125,0.015624,139948203.0
2026-09-07 06:00:00,0.015625,0.016072,0.01544,0.015913,123076682.0
2026-09-07 06:15:00,0.015913,0.016253,0.014455,0.015149,324119074.0
2026-09-07 06:30:00,0.015154,0.015293,0.014186,0.014323,222943678.0
2026-09-07 06:45:00,0.014327,0.015257,0.014026,0.014908,199307825.0
2026-09-07 07:00:00,0.014914,0.015,0.014532,0.014832,91004111.0
2026-09-07 07:15:00,0.014833,0.015224,0.01482,0.015118,99313954.0
2026-09-07 07:30:00,0.015119,0.015691,0.015025,0.015164,126302678.0
2026-09-07 07:45:00,0.015154,0.015285,0.014747,0.015006,118030687.0
2026-09-07 08:00:00,0.015006,0.015208,0.014327,0.015051,165291584.0
2026-09-07 08:15:00,0.015057,0.015095,0.014801,0.014929,66653779.0
2026-09-07 08:30:00,0.014931,0.015316,0.014701,0.015053,62133835.0
2026-09-07 08:45:00,0.015054,0.015114,0.014812,0.014965,42061095.0
2026-09-07 09:00:00,0.014965,0.015118,0.014915,0.014962,26852436.0
2026-09-07 09:15:00,0.014963,0.015044,0.014707,0.014885,40954374.0
2026-09-07 09:30:00,0.014884,0.015552,0.014772,0.015483,95761929.0
2026-09-07 09:45:00,0.015481,0.016269,0.015347,0.015838,171350357.0
2026-09-07 10:00:00,0.015837,0.016173,0.015715,0.016118,116189293.0
2026-09-07 10:15:00,0.016116,0.017031,0.016047,0.016576,274101442.0
2026-09-07 10:30:00,0.016578,0.017414,0.016527,0.017202,280493959.0
2026-09-07 10:45:00,0.017193,0.017388,0.016557,0.016972,252656013.0
2026-09-07 11:00:00,0.016972,0.01748,0.016604,0.01681,235313366.0
2026-09-07 11:15:00,0.016811,0.01753,0.016591,0.017296,223002252.0
2026-09-07 11:30:00,0.017298,0.01765,0.017083,0.017159,210701532.0
2026-09-07 11:45:00,0.017162,0.017344,0.016661,0.017216,198965775.0
2026-09-07 12:00:00,0.017219,0.017274,0.016925,0.017047,120972420.0
2026-09-07 12:15:00,0.017045,0.017122,0.016812,0.016914,105711726.0
2026-09-07 12:30:00,0.016919,0.017186,0.01671,0.016972,105434489.0
2026-09-07 12:45:00,0.016975,0.017169,0.016888,0.017024,86104711.0
2026-09-07 13:00:00,0.017025,0.017131,0.016426,0.016794,161371313.0
2026-09-07 13:15:00,0.016793,0.017077,0.0167,0.016972,82229685.0
2026-09-07 13:30:00,0.016967,0.017142,0.016624,0.01681,93073521.0
2026-09-07 13:45:00,0.01681,0.016925,0.01647,0.016563,118432417.0
2026-09-07 14:00:00,0.016561,0.016948,0.016271,0.016457,115293543.0
2026-09-07 14:15:00,0.016457,0.016638,0.016271,0.016578,87621668.0
2026-09-07 14:30:00,0.016584,0.016726,0.016493,0.016584,56809635.0
2026-09-07 14:45:00,0.016586,0.01679,0.016421,0.016694,64264992.0
2026-09-07 15:00:00,0.016693,0.016877,0.016568,0.016778,82094528.0
2026-09-07 15:15:00,0.01678,0.0168,0.0162,0.016396,102460839.0
2026-09-07 15:30:00,0.016396,0.016633,0.016384,0.016552,58480690.0
2026-09-07 15:45:00,0.01655,0.016597,0.016006,0.016237,103574159.0
2026-09-07 16:00:00,0.016237,0.0164,0.016027,0.016098,85702289.0
2026-09-07 16:15:00,0.016098,0.016332,0.0152,0.016091,272296609.0
2026-09-07 16:30:00,0.016091,0.016155,0.015781,0.015964,103560948.0
2026-09-07 16:45:00,0.015963,0.016108,0.01587,0.015937,55194424.0
2026-09-07 17:00:00,0.015937,0.016138,0.015862,0.016017,44371403.0
2026-09-07 17:15:00,0.016017,0.016017,0.0157,0.015774,45740782.0
2026-09-07 17:30:00,0.015775,0.015841,0.015685,0.015782,24368263.0
2026-09-07 17:45:00,0.015786,0.016113,0.01577,0.015877,41914511.0
2026-09-07 18:00:00,0.015877,0.015987,0.015833,0.015917,25913306.0
2026-09-07 18:15:00,0.015915,0.016125,0.015878,0.016043,42677605.0
2026-09-07 18:30:00,0.01604,0.01641,0.015972,0.016221,69053465.0
2026-09-07 18:45:00,0.016217,0.016315,0.016175,0.016246,39235659.0
2026-09-07 19:00:00,0.016246,0.016251,0.015838,0.015868,47172205.0
2026-09-07 19:15:00,0.015868,0.016004,0.015834,0.015946,17972206.0
2026-09-07 19:30:00,0.015947,0.016061,0.015862,0.015989,19607098.0
2026-09-07 19:45:00,0.015989,0.016036,0.01594,0.015965,18514680.0
2026-09-07 20:00:00,0.015965,0.0176,0.015959,0.017554,417029994.0
2026-09-07 20:15:00,0.017552,0.0198,0.016912,0.01975,780870653.0
2026-09-07 20:30:00,0.019741,0.02,0.018392,0.019208,628977981.0
2026-09-07 20:45:00,0.019204,0.019706,0.017057,0.017593,526773118.0
2026-09-07 21:00:00,0.017597,0.018186,0.01694,0.017427,279374755.0
2026-09-07 21:15:00,0.017428,0.017623,0.016607,0.016911,195240011.0
2026-09-07 21:30:00,0.016911,0.018099,0.016704,0.017423,294788577.0
2026-09-07 21:45:00,0.017419,0.017672,0.016925,0.017176,118851662.0
2026-09-07 22:00:00,0.017176,0.017332,0.017068,0.017146,51194690.0
2026-09-07 22:15:00,0.017151,0.017383,0.016863,0.017078,66180019.0
2026-09-07 22:30:00,0.017078,0.017078,0.016811,0.016994,54237561.0
2026-09-07 22:45:00,0.016994,0.017098,0.016623,0.016844,68735348.0
2026-09-07 23:00:00,0.016851,0.01709,0.016633,0.016791,70921383.0
2026-09-07 23:15:00,0.016792,0.016873,0.016339,0.01637,94433125.0
2026-09-07 23:30:00,0.016371,0.016546,0.01625,0.016338,72702388.0
2026-09-07 23:45:00,0.016334,0.016556,0.016237,0.016469,56605941.0
2026-09-08 00:00:00,0.016472,0.016525,0.016112,0.016276,86192891.0
2026-09-08 00:15:00,0.016273,0.01639,0.016033,0.016078,45983159.0
2026-09-08 00:30:00,0.01608,0.016205,0.016038,0.016115,32942402.0
2026-09-08 00:45:00,0.016116,0.016237,0.016089,0.016148,27490310.0
2026-09-08 01:00:00,0.016144,0.01645,0.015888,0.016273,88544005.0
2026-09-08 01:15:00,0.016272,0.016471,0.01622,0.01631,47521236.0
2026-09-08 01:30:00,0.016316,0.016513,0.016272,0.016394,37123156.0
2026-09-08 01:45:00,0.016394,0.016408,0.01623,0.016323,29304597.0
2026-09-08 02:00:00,0.01633,0.016552,0.016321,0.016422,47251024.0
2026-09-08 02:15:00,0.016422,0.016422,0.016101,0.01611,49564323.0
2026-09-08 02:30:00,0.016108,0.016245,0.016103,0.01618,26541155.0
2026-09-08 02:45:00,0.016178,0.017318,0.016115,0.016914,205182873.0
2026-09-08 03:00:00,0.01692,0.017819,0.01607,0.017575,384360115.0
2026-09-08 03:15:00,0.017571,0.017774,0.017352,0.017557,120622236.0
2026-09-08 03:30:00,0.017558,0.018036,0.017275,0.017781,158768912.0
2026-09-08 03:45:00,0.017781,0.018317,0.017704,0.018034,163273195.0
2026-09-08 04:00:00,0.018033,0.018462,0.018008,0.018355,113760592.0
2026-09-08 04:15:00,0.018354,0.01858,0.018177,0.018326,150430676.0
2026-09-08 04:30:00,0.018332,0.018399,0.017435,0.017825,197082549.0
2026-09-08 04:45:00,0.017826,0.018423,0.01775,0.018268,114344093.0
2026-09-08 05:00:00,0.018267,0.01844,0.018055,0.018145,80029150.0
2026-09-08 05:15:00,0.018144,0.018208,0.017816,0.017912,95980067.0
2026-09-08 05:30:00,0.017912,0.018015,0.017729,0.017876,45711699.0
2026-09-08 05:45:00,0.017875,0.018065,0.017842,0.017949,32163368.0
2026-09-08 06:00:00,0.01795,0.018732,0.01795,0.018472,145557427.0
2026-09-08 06:15:00,0.01847,0.01856,0.018169,0.018491,81187560.0
2026-09-08 06:30:00,0.018498,0.018641,0.018302,0.018567,66370142.0
2026-09-08 06:45:00,0.018567,0.019011,0.018508,0.018753,138723375.0
2026-09-08 07:00:00,0.018754,0.018997,0.018571,0.018929,124543162.0
2026-09-08 07:15:00,0.018929,0.019118,0.018675,0.018972,117288338.0
2026-09-08 07:30:00,0.018972,0.018985,0.018066,0.018806,166984628.0
2026-09-08 07:45:00,0.018806,0.018948,0.018435,0.01864,73118198.0
2026-09-08 08:00:00,0.018643,0.018865,0.018379,0.018609,79093926.0
2026-09-08 08:15:00,0.018611,0.018798,0.018444,0.018775,57404035.0
2026-09-08 08:30:00,0.018774,0.019067,0.018627,0.018723,77825399.0
2026-09-08 08:45:00,0.018723,0.018812,0.018569,0.018756,44794380.0
2026-09-08 09:00:00,0.018758,0.018826,0.01845,0.018628,63418852.0
2026-09-08 09:15:00,0.018628,0.018874,0.018482,0.018488,64939083.0
2026-09-08 09:30:00,0.018487,0.018819,0.018308,0.018757,59656016.0
2026-09-08 09:45:00,0.018754,0.018769,0.018207,0.018491,64447243.0
2026-09-08 10:00:00,0.018491,0.018799,0.018399,0.018634,48314984.0
2026-09-08 10:15:00,0.018634,0.018732,0.018452,0.018483,51652655.0
2026-09-08 10:30:00,0.018483,0.018695,0.018396,0.018432,32460533.0
2026-09-08 10:45:00,0.018434,0.018495,0.018249,0.018459,47886622.0
2026-09-08 11:00:00,0.018459,0.018873,0.018372,0.018756,85851457.0
2026-09-08 11:15:00,0.018756,0.018811,0.018562,0.018691,38095861.0
2026-09-08 11:30:00,0.018691,0.018866,0.018642,0.018769,30616272.0
2026-09-08 11:45:00,0.018769,0.018908,0.018743,0.018837,40647434.0
2026-09-08 12:00:00,0.018837,0.018978,0.018566,0.018874,71582172.0
2026-09-08 12:15:00,0.018876,0.019444,0.018725,0.019122,111663302.0
2026-09-08 12:30:00,0.019124,0.01929,0.018893,0.019049,97251381.0
2026-09-08 12:45:00,0.01905,0.019069,0.018844,0.018974,43184060.0
2026-09-08 13:00:00,0.018974,0.019167,0.018921,0.019067,44986723.0
2026-09-08 13:15:00,0.019064,0.01912,0.018751,0.018779,44275030.0
2026-09-08 13:30:00,0.018779,0.018983,0.018665,0.018904,74710478.0
2026-09-08 13:45:00,0.018903,0.019079,0.018812,0.018837,53206283.0
2026-09-08 14:00:00,0.018839,0.019149,0.018838,0.01909,59413999.0
2026-09-08 14:15:00,0.019087,0.020326,0.019069,0.019795,447381569.0
2026-09-08 14:30:00,0.0198,0.019866,0.018303,0.018507,289804193.0
2026-09-08 14:45:00,0.018513,0.019531,0.0185,0.019358,153357511.0
2026-09-08 15:00:00,0.019361,0.019497,0.019166,0.01938,79132654.0
2026-09-08 15:15:00,0.019381,0.019999,0.019185,0.019812,127421227.0
2026-09-08 15:30:00,0.019813,0.019955,0.01932,0.019515,108617861.0
2026-09-08 15:45:00,0.019515,0.019782,0.019504,0.019699,52514189.0
2026-09-08 16:00:00,0.0197,0.019785,0.01958,0.019683,38036800.0
2026-09-08 16:15:00,0.019683,0.019963,0.019584,0.019728,63001217.0
2026-09-08 16:30:00,0.019731,0.019909,0.019618,0.01967,48702951.0
2026-09-08 16:45:00,0.01967,0.021661,0.019001,0.019046,484345875.0
2026-09-08 17:00:00,0.019042,0.019316,0.014802,0.015254,1514032508.0
2026-09-08 17:15:00,0.015244,0.017151,0.01331,0.016349,1448943647.0
2026-09-08 17:30:00,0.016349,0.016583,0.015728,0.016275,359097681.0
2026-09-08 17:45:00,0.016279,0.01669,0.015966,0.016494,175958719.0
2026-09-08 18:00:00,0.016496,0.016668,0.015976,0.016003,118374381.0
2026-09-08 18:15:00,0.016005,0.016438,0.015987,0.016061,72155554.0
2026-09-08 18:30:00,0.016062,0.016148,0.015936,0.016039,54178807.0
2026-09-08 18:45:00,0.016039,0.016215,0.015958,0.015994,40675806.0
2026-09-08 19:00:00,0.015994,0.016105,0.015522,0.01569,86779643.0
2026-09-08 19:15:00,0.015689,0.015705,0.015416,0.015451,49302627.0
2026-09-08 19:30:00,0.015446,0.015588,0.0153,0.015456,63153309.0
2026-09-08 19:45:00,0.015455,0.01614,0.015327,0.015774,86026960.0
2026-09-08 20:00:00,0.015776,0.016081,0.01565,0.015819,74883809.0
2026-09-08 20:15:00,0.015822,0.015838,0.015422,0.015582,48388539.0
2026-09-08 20:30:00,0.015582,0.01568,0.01548,0.015566,26438415.0
2026-09-08 20:45:00,0.015566,0.015631,0.015412,0.015425,34651971.0
2026-09-08 21:00:00,0.015426,0.015975,0.015401,0.015775,47443592.0
2026-09-08 21:15:00,0.015775,0.015998,0.015596,0.015656,30882894.0
2026-09-08 21:30:00,0.015656,0.015811,0.015608,0.015802,16762471.0
2026-09-08 21:45:00,0.015804,0.015805,0.0156,0.015701,16371534.0
2026-09-08 22:00:00,0.015701,0.015997,0.015681,0.015772,28441551.0
2026-09-08 22:15:00,0.015774,0.016019,0.015761,0.01583,24498555.0
2026-09-08 22:30:00,0.015831,0.015994,0.015791,0.015916,23845093.0
2026-09-08 22:45:00,0.015916,0.016123,0.015895,0.016114,23890313.0
2026-09-08 23:00:00,0.016112,0.016645,0.015927,0.016517,95119376.0
2026-09-08 23:15:00,0.016517,0.016633,0.016382,0.016464,39320211.0
2026-09-08 23:30:00,0.016468,0.016501,0.016203,0.016267,53787171.0
2026-09-08 23:45:00,0.016266,0.016382,0.01613,0.016269,37370369.0
2026-09-09 00:00:00,0.016269,0.016394,0.015958,0.016183,52583815.0
2026-09-09 00:15:00,0.016183,0.01622,0.015829,0.015906,34803667.0
2026-09-09 00:30:00,0.015907,0.016079,0.015851,0.016031,31662141.0
2026-09-09 00:45:00,0.016033,0.016035,0.015903,0.015944,20751484.0
2026-09-09 01:00:00,0.015943,0.016205,0.015899,0.016068,42439557.0
2026-09-09 01:15:00,0.016068,0.016169,0.015861,0.015953,27819149.0
2026-09-09 01:30:00,0.015953,0.016221,0.015921,0.016042,27395659.0
2026-09-09 01:45:00,0.016041,0.0161,0.015905,0.015942,18158129.0
2026-09-09 02:00:00,0.015942,0.015989,0.015834,0.015931,26307312.0
2026-09-09 02:15:00,0.01593,0.015942,0.015831,0.015887,17656312.0
2026-09-09 02:30:00,0.015888,0.016053,0.015861,0.015877,16869952.0
2026-09-09 02:45:00,0.01588,0.015979,0.015852,0.015911,14364465.0
2026-09-09 03:00:00,0.01591,0.015944,0.015802,0.015842,23213735.0
2026-09-09 03:15:00,0.015843,0.015988,0.015833,0.015868,17648011.0
2026-09-09 03:30:00,0.015868,0.015936,0.015365,0.015469,76676974.0
2026-09-09 03:45:00,0.015469,0.01558,0.015315,0.01536,63873895.0
2026-09-09 04:00:00,0.01536,0.015417,0.014893,0.015135,123151511.0
2026-09-09 04:15:00,0.015136,0.015305,0.015102,0.01522,42717871.0
2026-09-09 04:30:00,0.015219,0.015366,0.01519,0.01533,38337617.0
2026-09-09 04:45:00,0.01533,0.015348,0.015218,0.015285,27171116.0
2026-09-09 05:00:00,0.015284,0.015296,0.015085,0.01521,33645113.0
2026-09-09 05:15:00,0.015212,0.015309,0.015077,0.015096,23987554.0
2026-09-09 05:30:00,0.015095,0.01559,0.01495,0.015458,89254972.0
2026-09-09 05:45:00,0.015454,0.015628,0.015213,0.015483,71792490.0
2026-09-09 06:00:00,0.015481,0.015974,0.015468,0.015962,93927073.0
2026-09-09 06:15:00,0.01596,0.016676,0.015949,0.016067,185653123.0
2026-09-09 06:30:00,0.01607,0.016187,0.015867,0.0161,68820546.0
2026-09-09 06:45:00,0.016101,0.016193,0.015975,0.01605,33508189.0
2026-09-09 07:00:00,0.016052,0.016199,0.015993,0.016051,36170052.0
2026-09-09 07:15:00,0.016052,0.01637,0.015884,0.016345,44615966.0
2026-09-09 07:30:00,0.016347,0.016428,0.016172,0.016322,39091028.0
2026-09-09 07:45:00,0.01632,0.016432,0.016278,0.01633,32936733.0
2026-09-09 08:00:00,0.016326,0.016328,0.015995,0.016052,44998794.0
2026-09-09 08:15:00,0.016053,0.016303,0.015903,0.015943,51121128.0
2026-09-09 08:30:00,0.015942,0.016018,0.015731,0.015802,47578884.0
2026-09-09 08:45:00,0.015801,0.015885,0.015487,0.015498,52277561.0
2026-09-09 09:00:00,0.015499,0.015691,0.015488,0.015531,43447108.0
2026-09-09 09:15:00,0.01553,0.015624,0.015404,0.015457,38369880.0
2026-09-09 09:30:00,0.015457,0.015532,0.015317,0.015429,36147212.0
2026-09-09 09:45:00,0.015429,0.015496,0.015266,0.015276,30789991.0
2026-09-09 10:00:00,0.015277,0.015521,0.01523,0.015426,42748753.0
2026-09-09 10:15:00,0.015426,0.015564,0.015397,0.015413,27765337.0
2026-09-09 10:30:00,0.015413,0.015425,0.015141,0.015233,64938600.0
2026-09-09 10:45:00,0.015232,0.015392,0.015218,0.015313,37586101.0
2026-09-09 11:00:00,0.015313,0.015531,0.015249,0.015468,46791645.0
2026-09-09 11:15:00,0.015467,0.01555,0.015401,0.015439,27423285.0
2026-09-09 11:30:00,0.015439,0.01557,0.015415,0.015467,21496023.0
2026-09-09 11:45:00,0.015467,0.015496,0.015243,0.015319,37292268.0
2026-09-09 12:00:00,0.015319,0.015403,0.015218,0.015225,30272111.0
2026-09-09 12:15:00,0.015222,0.015284,0.015151,0.015239,29454654.0
2026-09-09 12:30:00,0.015238,0.015425,0.015214,0.015317,45153328.0
2026-09-09 12:45:00,0.015314,0.015589,0.01526,0.01547,66260897.0
2026-09-09 13:00:00,0.015472,0.015523,0.015311,0.0154,35488415.0
2026-09-09 13:15:00,0.0154,0.015631,0.015383,0.015483,28894094.0
2026-09-09 13:30:00,0.015482,0.01565,0.015443,0.015596,24422788.0
2026-09-09 13:45:00,0.015593,0.015796,0.01548,0.015584,60576098.0
2026-09-09 14:00:00,0.015585,0.015617,0.015375,0.015414,45695715.0
2026-09-09 14:15:00,0.015416,0.015505,0.015379,0.015394,21441011.0
2026-09-09 14:30:00,0.015395,0.015458,0.015201,0.015251,33777757.0
2026-09-09 14:45:00,0.015252,0.015403,0.015188,0.015386,48487702.0
2026-09-09 15:00:00,0.015385,0.015495,0.015286,0.015394,44679591.0
2026-09-09 15:15:00,0.015393,0.015628,0.01531,0.015505,54059385.0
2026-09-09 15:30:00,0.015504,0.015512,0.015311,0.015438,27630275.0
2026-09-09 15:45:00,0.015436,0.015587,0.015407,0.015576,28708714.0
2026-09-09 16:00:00,0.015577,0.015579,0.014856,0.015184,120767926.0
2026-09-09 16:15:00,0.015192,0.015304,0.015139,0.015232,24165779.0
2026-09-09 16:30:00,0.01523,0.015364,0.015128,0.015151,25538919.0
2026-09-09 16:45:00,0.015152,0.015182,0.015001,0.015169,41811004.0
2026-09-09 17:00:00,0.01517,0.015635,0.015168,0.015389,54266090.0
2026-09-09 17:15:00,0.015388,0.01539,0.015279,0.015331,16867949.0
2026-09-09 17:30:00,0.015331,0.015457,0.015271,0.015406,12530841.0
2026-09-09 17:45:00,0.015406,0.015435,0.015342,0.015364,9598509.0
2026-09-09 18:00:00,0.015364,0.015421,0.015272,0.015296,13267716.0
2026-09-09 18:15:00,0.015295,0.015362,0.015266,0.015282,10040406.0
2026-09-09 18:30:00,0.015283,0.015324,0.015177,0.01522,12021786.0
2026-09-09 18:45:00,0.015221,0.015265,0.015155,0.015194,9706413.0
2026-09-09 19:00:00,0.015194,0.01524,0.015067,0.015223,16128512.0
2026-09-09 19:15:00,0.015223,0.015223,0.015107,0.015119,6317852.0
2026-09-09 19:30:00,0.015119,0.015153,0.015077,0.015098,10238364.0
2026-09-09 19:45:00,0.015097,0.015097,0.015027,0.01507,15006029.0
2026-09-09 20:00:00,0.01507,0.015102,0.015002,0.015082,12493601.0
2026-09-09 20:15:00,0.015081,0.015121,0.014993,0.015042,17192487.0
2026-09-09 20:30:00,0.015043,0.015302,0.015031,0.015258,16251450.0
2026-09-09 20:45:00,0.015256,0.015279,0.015176,0.01522,14438391.0
2026-09-09 21:00:00,0.015219,0.015364,0.015214,0.015324,14430591.0
2026-09-09 21:15:00,0.015323,0.015337,0.01525,0.015288,8016043.0
2026-09-09 21:30:00,0.015288,0.015352,0.015208,0.015213,9857053.0
2026-09-09 21:45:00,0.015212,0.01527,0.01513,0.015205,10337885.0
2026-09-09 22:00:00,0.015204,0.015292,0.014382,0.014479,132592288.0
2026-09-09 22:15:00,0.01448,0.015363,0.014435,0.015328,105261815.0
2026-09-09 22:30:00,0.015327,0.015429,0.015142,0.01537,47096870.0
2026-09-09 22:45:00,0.015369,0.015563,0.015333,0.01547,26675017.0
2026-09-09 23:00:00,0.01547,0.015959,0.015441,0.015938,71816531.0
2026-09-09 23:15:00,0.015942,0.016298,0.015826,0.015944,97992920.0
2026-09-09 23:30:00,0.015943,0.016097,0.015827,0.016017,34074673.0
2026-09-09 23:45:00,0.016016,0.016136,0.015963,0.016057,26378963.0
2026-09-10 00:00:00,0.016057,0.016118,0.01575,0.015771,40914729.0
2026-09-10 00:15:00,0.015774,0.015822,0.015542,0.015606,31676760.0
2026-09-10 00:30:00,0.015603,0.01567,0.015522,0.015561,13981113.0
2026-09-10 00:45:00,0.015562,0.015598,0.015389,0.015447,18150305.0
2026-09-10 01:00:00,0.015448,0.015718,0.015431,0.015608,23442423.0
2026-09-10 01:15:00,0.015604,0.015702,0.015529,0.015592,13031425.0
2026-09-10 01:30:00,0.015592,0.015696,0.015505,0.015586,21616493.0
2026-09-10 01:45:00,0.015586,0.015633,0.015387,0.015568,16205461.0
2026-09-10 02:00:00,0.015568,0.015671,0.015527,0.015605,11898998.0
2026-09-10 02:15:00,0.015605,0.015936,0.01555,0.015778,22101021.0
2026-09-10 02:30:00,0.015779,0.015934,0.015679,0.015767,20601706.0
2026-09-10 02:45:00,0.015767,0.015795,0.015641,0.01577,14721971.0
2026-09-10 03:00:00,0.015769,0.016103,0.015707,0.016033,26583134.0
2026-09-10 03:15:00,0.016034,0.016039,0.015676,0.015777,29820519.0
2026-09-10 03:30:00,0.015776,0.015843,0.015252,0.015345,41331287.0
2026-09-10 03:45:00,0.015351,0.015368,0.015013,0.015061,51945130.0
2026-09-10 04:00:00,0.015065,0.015357,0.014994,0.015289,36353424.0
2026-09-10 04:15:00,0.015291,0.015352,0.015189,0.015312,18234120.0
2026-09-10 04:30:00,0.015317,0.015656,0.01531,0.015562,29873528.0
2026-09-10 04:45:00,0.015562,0.015602,0.015439,0.015457,14420372.0
2026-09-10 05:00:00,0.015458,0.015482,0.015134,0.015198,30703834.0
2026-09-10 05:15:00,0.015197,0.01532,0.015162,0.015277,18944083.0
2026-09-10 05:30:00,0.015274,0.015321,0.015202,0.015215,10025932.0
2026-09-10 05:45:00,0.015215,0.015306,0.01515,0.01517,9294650.0
2026-09-10 06:00:00,0.015171,0.015226,0.0151,0.015131,13661543.0
2026-09-10 06:15:00,0.015128,0.01518,0.015021,0.015091,16465370.0
2026-09-10 06:30:00,0.015091,0.015363,0.015078,0.015297,13853271.0
2026-09-10 06:45:00,0.015294,0.015397,0.015238,0.015284,13127099.0
2026-09-10 07:00:00,0.015284,0.015298,0.01516,0.015195,11311488.0
2026-09-10 07:15:00,0.015194,0.015388,0.015097,0.015365,25571605.0
2026-09-10 07:30:00,0.015368,0.015506,0.015206,0.01547,23058036.0
2026-09-10 07:45:00,0.015472,0.01552,0.015379,0.015388,13861174.0
2026-09-10 08:00:00,0.015388,0.015577,0.015217,0.015254,30993019.0
2026-09-10 08:15:00,0.015248,0.015648,0.015241,0.015629,19442622.0
2026-09-10 08:30:00,0.015633,0.015672,0.015473,0.015533,17235790.0
2026-09-10 08:45:00,0.015533,0.015613,0.01541,0.015499,16186155.0
2026-09-10 09:00:00,0.015504,0.01615,0.015502,0.016031,63661435.0
2026-09-10 09:15:00,0.01603,0.01607,0.015725,0.015897,36626035.0
2026-09-10 09:30:00,0.015899,0.016035,0.015816,0.015869,27214461.0
2026-09-10 09:45:00,0.015868,0.015879,0.015633,0.015653,25852186.0
2026-09-10 10:00:00,0.015653,0.015673,0.015575,0.015627,12935053.0
2026-09-10 10:15:00,0.015623,0.015752,0.015608,0.015677,18188464.0
2026-09-10 10:30:00,0.015677,0.015807,0.015652,0.015768,19766703.0
2026-09-10 10:45:00,0.015768,0.01589,0.015765,0.01581,17335609.0
2026-09-10 11:00:00,0.015808,0.015813,0.015694,0.015771,13719255.0
2026-09-10 11:15:00,0.015772,0.015834,0.015687,0.015787,14902543.0
2026-09-10 11:30:00,0.015788,0.016027,0.01578,0.015983,20384089.0
2026-09-10 11:45:00,0.015984,0.016015,0.015719,0.015772,21922949.0
2026-09-10 12:00:00,0.015771,0.015955,0.015769,0.01589,19629128.0
2026-09-10 12:15:00,0.015892,0.016423,0.015875,0.015999,84600078.0
2026-09-10 12:30:00,0.015992,0.016087,0.015822,0.015962,48757690.0
2026-09-10 12:45:00,0.015962,0.016079,0.015785,0.016053,38529810.0
2026-09-10 13:00:00,0.016053,0.016092,0.015885,0.015999,23037950.0
2026-09-10 13:15:00,0.016,0.016459,0.015963,0.01634,79832501.0
2026-09-10 13:30:00,0.016341,0.016348,0.016034,0.016183,54307942.0
2026-09-10 13:45:00,0.016183,0.0162,0.015885,0.015996,36218208.0
2026-09-10 14:00:00,0.015996,0.016011,0.015633,0.015709,53634587.0
2026-09-10 14:15:00,0.015709,0.01584,0.015673,0.015683,27130008.0
2026-09-10 14:30:00,0.015684,0.015694,0.015419,0.015574,43713261.0
2026-09-10 14:45:00,0.015574,0.015948,0.015573,0.015902,34863489.0
2026-09-10 15:00:00,0.015902,0.016157,0.015761,0.016017,41498896.0
2026-09-10 15:15:00,0.016018,0.016188,0.015957,0.015984,25565941.0
2026-09-10 15:30:00,0.015985,0.016036,0.015702,0.015719,30149691.0
2026-09-10 15:45:00,0.015723,0.015824,0.015634,0.015675,15074398.0
2026-09-10 16:00:00,0.015675,0.015707,0.015486,0.015554,31410645.0
2026-09-10 16:15:00,0.015553,0.015593,0.015427,0.015507,22054037.0
2026-09-10 16:30:00,0.015509,0.015661,0.015433,0.015648,20247419.0
2026-09-10 16:45:00,0.015645,0.015784,0.015561,0.01557,26297930.0
2026-09-10 17:00:00,0.015572,0.015695,0.015453,0.015565,26052995.0
2026-09-10 17:15:00,0.015566,0.015669,0.015533,0.015605,10298300.0
2026-09-10 17:30:00,0.015607,0.015651,0.015539,0.015545,9617396.0
2026-09-10 17:45:00,0.015544,0.015637,0.015519,0.015564,9238659.0
2026-09-10 18:00:00,0.015564,0.015584,0.015495,0.015518,11556045.0
2026-09-10 18:15:00,0.015518,0.015559,0.015457,0.015458,9865956.0
2026-09-10 18:30:00,0.015458,0.015477,0.015348,0.015442,14941663.0
2026-09-10 18:45:00,0.015442,0.015578,0.015442,0.015518,9084293.0
2026-09-10 19:00:00,0.015518,0.015526,0.015429,0.015478,11935584.0
2026-09-10 19:15:00,0.015478,0.015566,0.015445,0.015508,8742960.0
2026-09-10 19:30:00,0.015508,0.015542,0.015471,0.015522,6143947.0
2026-09-10 19:45:00,0.015522,0.015543,0.015326,0.015345,12409830.0
2026-09-10 20:00:00,0.015345,0.015383,0.015268,0.015318,22703191.0
2026-09-10 20:15:00,0.015318,0.015397,0.015314,0.015379,10908171.0
2026-09-10 20:30:00,0.01538,0.01544,0.015362,0.01542,9891938.0
2026-09-10 20:45:00,0.015418,0.015435,0.015374,0.015411,8372651.0
2026-09-10 21:00:00,0.015412,0.015422,0.015327,0.01533,8068133.0
2026-09-10 21:15:00,0.015334,0.015392,0.015312,0.015367,8898003.0
2026-09-10 21:30:00,0.015368,0.015381,0.015152,0.015159,19597194.0
2026-09-10 21:45:00,0.015161,0.015365,0.015161,0.015303,12574952.0
2026-09-10 22:00:00,0.015306,0.015487,0.015255,0.015312,19507391.0
2026-09-10 22:15:00,0.015308,0.015396,0.015304,0.015337,5620900.0
2026-09-10 22:30:00,0.015336,0.015362,0.015227,0.015238,8618555.0
2026-09-10 22:45:00,0.015237,0.015291,0.0152,0.015276,11976113.0
2026-09-10 23:00:00,0.015272,0.015448,0.01518,0.01519,27575704.0
2026-09-10 23:15:00,0.01519,0.015344,0.015082,0.015194,36855719.0
2026-09-10 23:30:00,0.015194,0.015223,0.015044,0.015046,20801922.0
2026-09-10 23:45:00,0.015051,0.015219,0.015041,0.015204,10770031.0
2026-09-11 00:00:00,0.015204,0.015532,0.015197,0.015394,32346416.0
2026-09-11 00:15:00,0.015398,0.015495,0.015352,0.015495,14006029.0
2026-09-11 00:30:00,0.015495,0.015615,0.015378,0.015443,16553085.0
2026-09-11 00:45:00,0.015443,0.0155,0.015414,0.015452,7533168.0
2026-09-11 01:00:00,0.015454,0.015544,0.015428,0.015487,9648616.0
2026-09-11 01:15:00,0.015486,0.015489,0.015329,0.015396,7445703.0
2026-09-11 01:30:00,0.015395,0.015465,0.015347,0.015449,4412809.0
2026-09-11 01:45:00,0.01545,0.015588,0.015442,0.0155,10999447.0
2026-09-11 02:00:00,0.015501,0.015513,0.015404,0.015443,11542879.0
2026-09-11 02:15:00,0.015439,0.015575,0.015314,0.015386,13828766.0
2026-09-11 02:30:00,0.015387,0.015426,0.015285,0.015295,11563831.0
2026-09-11 02:45:00,0.015295,0.015365,0.015254,0.015289,11467123.0
2026-09-11 03:00:00,0.01529,0.01529,0.015204,0.015223,11798498.0
2026-09-11 03:15:00,0.015225,0.015248,0.01457,0.014605,108482557.0
2026-09-11 03:30:00,0.014602,0.014653,0.013887,0.014391,195382038.0
2026-09-11 03:45:00,0.014388,0.014588,0.014251,0.014556,37368683.0
2026-09-11 04:00:00,0.014556,0.014776,0.014269,0.014737,41975346.0
2026-09-11 04:15:00,0.014735,0.014735,0.014551,0.014605,21151137.0
2026-09-11 04:30:00,0.014605,0.014708,0.014578,0.014608,14579861.0
2026-09-11 04:45:00,0.014609,0.014642,0.013204,0.013395,193670631.0
2026-09-11 05:00:00,0.013395,0.013646,0.011105,0.011984,936187705.0
2026-09-11 05:15:00,0.011994,0.012888,0.0093,0.01284,1602787271.0
2026-09-11 05:30:00,0.01284,0.015398,0.012837,0.014805,899850844.0
2026-09-11 05:45:00,0.014811,0.0155,0.01353,0.014315,445610143.0
2026-09-11 06:00:00,0.01432,0.014569,0.014109,0.014397,150442615.0
2026-09-11 06:15:00,0.014404,0.01525,0.01415,0.014684,199547223.0
2026-09-11 06:30:00,0.014677,0.014681,0.014221,0.014318,78492105.0
2026-09-11 06:45:00,0.014314,0.01472,0.014288,0.014369,55790854.0
2026-09-11 07:00:00,0.014366,0.014511,0.01364,0.01395,142538571.0
2026-09-11 07:15:00,0.01395,0.013982,0.013551,0.013748,91708617.0
2026-09-11 07:30:00,0.013746,0.014355,0.013629,0.014082,139062177.0
2026-09-11 07:45:00,0.014082,0.014288,0.014051,0.014189,36910346.0
2026-09-11 08:00:00,0.014188,0.014555,0.014041,0.01425,93017480.0
2026-09-11 08:15:00,0.014245,0.014508,0.014181,0.014393,34064917.0
2026-09-11 08:30:00,0.014393,0.014649,0.014389,0.014424,39131972.0
2026-09-11 08:45:00,0.014425,0.014785,0.014424,0.014608,38420221.0
2026-09-11 09:00:00,0.014608,0.01464,0.014392,0.014455,34544578.0
2026-09-11 09:15:00,0.014454,0.014566,0.014342,0.014428,23666326.0
2026-09-11 09:30:00,0.014425,0.014564,0.014373,0.014475,30959877.0
2026-09-11 09:45:00,0.014478,0.014733,0.014351,0.014377,45033278.0
2026-09-11 10:00:00,0.014378,0.014628,0.01437,0.014446,24825499.0
2026-09-11 10:15:00,0.014448,0.01459,0.014393,0.014455,26408965.0
2026-09-11 10:30:00,0.014455,0.014514,0.014312,0.014447,18763940.0
2026-09-11 10:45:00,0.014444,0.01448,0.01416,0.014297,35275063.0
2026-09-11 11:00:00,0.014297,0.014556,0.01428,0.014509,26872112.0
2026-09-11 11:15:00,0.01451,0.014528,0.014348,0.01444,16722574.0
2026-09-11 11:30:00,0.014439,0.014448,0.014302,0.01437,13920170.0
2026-09-11 11:45:00,0.01437,0.014385,0.014216,0.014321,18885233.0
2026-09-11 12:00:00,0.014319,0.014372,0.014226,0.014298,19924155.0
2026-09-11 12:15:00,0.014295,0.014443,0.014045,0.014286,73190942.0
2026-09-11 12:30:00,0.014286,0.014562,0.014164,0.014482,90756677.0
2026-09-11 12:45:00,0.014482,0.014703,0.014451,0.014593,51839874.0
2026-09-11 13:00:00,0.014592,0.014592,0.014347,0.014417,38537014.0
2026-09-11 13:15:00,0.014416,0.014503,0.014352,0.014392,23833680.0
2026-09-11 13:30:00,0.014391,0.014427,0.014258,0.014375,36172561.0
2026-09-11 13:45:00,0.014375,0.014678,0.014345,0.014595,60849910.0
2026-09-11 14:00:00,0.014594,0.014675,0.014463,0.014543,46292336.0
2026-09-11 14:15:00,0.014544,0.014614,0.014345,0.014382,37513395.0
2026-09-11 14:30:00,0.014386,0.014407,0.014209,0.014276,40328510.0
2026-09-11 14:45:00,0.014276,0.014319,0.014171,0.014173,36504600.0
2026-09-11 15:00:00,0.014173,0.014241,0.01412,0.014167,29264378.0
2026-09-11 15:15:00,0.014167,0.014383,0.014101,0.014337,30703191.0
2026-09-11 15:30:00,0.014336,0.014512,0.014318,0.01445,28399094.0
2026-09-11 15:45:00,0.014451,0.014614,0.014255,0.014421,62977873.0
2026-09-11 16:00:00,0.014418,0.014418,0.0141,0.014148,38249032.0
2026-09-11 16:15:00,0.01414,0.014415,0.014112,0.014315,34000001.0
2026-09-11 16:30:00,0.014316,0.014369,0.014246,0.014246,16504792.0
2026-09-11 16:45:00,0.014246,0.014251,0.013744,0.013971,65144578.0
2026-09-11 17:00:00,0.013969,0.014157,0.013853,0.014111,31293784.0
2026-09-11 17:15:00,0.01411,0.014151,0.014039,0.014145,15807660.0
2026-09-11 17:30:00,0.014145,0.014195,0.014051,0.014141,15803631.0
2026-09-11 17:45:00,0.01414,0.014377,0.01414,0.014263,25017811.0
2026-09-11 18:00:00,0.014259,0.014261,0.014013,0.014036,25376728.0
2026-09-11 18:15:00,0.014039,0.014099,0.013983,0.014024,19947399.0
2026-09-11 18:30:00,0.014022,0.01407,0.013898,0.013918,17517942.0
2026-09-11 18:45:00,0.013918,0.013999,0.013901,0.013964,18307983.0
2026-09-11 19:00:00,0.013966,0.013979,0.013812,0.01386,25471092.0
2026-09-11 19:15:00,0.013856,0.013904,0.013763,0.01381,34704400.0
2026-09-11 19:30:00,0.013806,0.014057,0.01378,0.01401,25189037.0
2026-09-11 19:45:00,0.01401,0.014079,0.013928,0.014019,24149561.0
2026-09-11 20:00:00,0.014018,0.014161,0.013961,0.014111,25787271.0
2026-09-11 20:15:00,0.01411,0.014164,0.01403,0.014133,18125597.0
2026-09-11 20:30:00,0.014133,0.014508,0.014056,0.014443,43495864.0
2026-09-11 20:45:00,0.014444,0.014444,0.013975,0.014005,45962093.0
2026-09-11 21:00:00,0.014007,0.014017,0.01386,0.013897,42367641.0
2026-09-11 21:15:00,0.013898,0.013911,0.013819,0.013846,12604346.0
2026-09-11 21:30:00,0.013844,0.013981,0.013817,0.013876,12625982.0
2026-09-11 21:45:00,0.013876,0.014162,0.013835,0.014128,18507735.0
2026-09-11 22:00:00,0.014128,0.014155,0.013966,0.014007,22811457.0
2026-09-11 22:15:00,0.014005,0.014023,0.013894,0.013907,10247972.0
2026-09-11 22:30:00,0.013906,0.014111,0.013893,0.013974,21094218.0
2026-09-11 22:45:00,0.013973,0.014027,0.01394,0.014023,9073085.0
2026-09-11 23:00:00,0.014024,0.014046,0.013852,0.013857,14816419.0
2026-09-11 23:15:00,0.01386,0.013926,0.013764,0.013827,22143217.0
2026-09-11 23:30:00,0.013827,0.013996,0.013715,0.013739,43226652.0
2026-09-11 23:45:00,0.01374,0.013932,0.013736,0.013839,27610739.0
2026-09-12 00:00:00,0.01384,0.014275,0.013824,0.014001,71547985.0
2026-09-12 00:15:00,0.014001,0.014099,0.013984,0.01403,14507123.0
2026-09-12 00:30:00,0.014032,0.014068,0.013894,0.013894,15155379.0
2026-09-12 00:45:00,0.013895,0.014056,0.013851,0.014032,15634019.0
2026-09-12 01:00:00,0.014031,0.014082,0.013936,0.01397,16598659.0
2026-09-12 01:15:00,0.013969,0.013986,0.013814,0.013816,29739689.0
2026-09-12 01:30:00,0.013816,0.013961,0.013722,0.013883,23868375.0
2026-09-12 01:45:00,0.013883,0.013901,0.013756,0.013822,16301601.0
2026-09-12 02:00:00,0.01383,0.013993,0.013821,0.013867,20250966.0
2026-09-12 02:15:00,0.013868,0.013928,0.013839,0.013883,15424185.0
2026-09-12 02:30:00,0.013886,0.013945,0.013787,0.013908,19046165.0
2026-09-12 02:45:00,0.013906,0.013935,0.0138,0.013849,12277010.0
2026-09-12 03:00:00,0.013847,0.013879,0.013802,0.013846,12892254.0
2026-09-12 03:15:00,0.013845,0.013921,0.013754,0.013794,24397505.0
2026-09-12 03:30:00,0.013794,0.013917,0.013783,0.013821,11667108.0
2026-09-12 03:45:00,0.013819,0.014052,0.013815,0.01402,27240132.0
2026-09-12 04:00:00,0.01402,0.014364,0.014002,0.01419,44163388.0
2026-09-12 04:15:00,0.01419,0.014193,0.013912,0.013958,29685613.0
2026-09-12 04:30:00,0.013957,0.013986,0.013811,0.013857,16773173.0
2026-09-12 04:45:00,0.013856,0.01388,0.013788,0.013811,15650504.0
2026-09-12 05:00:00,0.01381,0.013811,0.013653,0.013711,32541641.0
2026-09-12 05:15:00,0.01371,0.014244,0.013664,0.014095,75619914.0
2026-09-12 05:30:00,0.014093,0.014598,0.013779,0.013832,211009309.0
2026-09-12 05:45:00,0.013833,0.014592,0.013712,0.014343,165791795.0
2026-09-12 06:00:00,0.014344,0.015183,0.014264,0.014601,120619177.0
2026-09-12 06:15:00,0.014601,0.014916,0.014556,0.014759,55712463.0
2026-09-12 06:30:00,0.014759,0.01532,0.014619,0.0151,82992566.0
2026-09-12 06:45:00,0.015101,0.015191,0.014705,0.015108,54355634.0
2026-09-12 07:00:00,0.01511,0.015128,0.014915,0.014976,28822188.0
2026-09-12 07:15:00,0.014975,0.015204,0.014771,0.014835,33363548.0
2026-09-12 07:30:00,0.014836,0.014862,0.014478,0.014602,44399614.0
2026-09-12 07:45:00,0.014603,0.014871,0.01457,0.014721,37532682.0
2026-09-12 08:00:00,0.014719,0.014755,0.014407,0.014514,44335245.0
2026-09-12 08:15:00,0.014513,0.014967,0.014495,0.014881,39568568.0
2026-09-12 08:30:00,0.014882,0.0151,0.014784,0.014851,38172383.0
2026-09-12 08:45:00,0.014851,0.014936,0.014763,0.014835,12397244.0
2026-09-12 09:00:00,0.014834,0.015241,0.014543,0.014687,64864582.0
2026-09-12 09:15:00,0.014691,0.014735,0.014504,0.014627,26806215.0
2026-09-12 09:30:00,0.014627,0.014687,0.014557,0.014654,16673672.0
2026-09-12 09:45:00,0.014653,0.014963,0.014642,0.014668,29672173.0
2026-09-12 10:00:00,0.014667,0.014839,0.014653,0.014802,13742230.0
2026-09-12 10:15:00,0.014802,0.015016,0.014737,0.014944,16370960.0
2026-09-12 10:30:00,0.014945,0.015182,0.014894,0.014974,26528979.0
2026-09-12 10:45:00,0.014977,0.015107,0.014849,0.014901,20776236.0
2026-09-12 11:00:00,0.014902,0.014998,0.01482,0.014907,15361111.0
2026-09-12 11:15:00,0.014908,0.014956,0.014751,0.014837,11013486.0
2026-09-12 11:30:00,0.014838,0.014917,0.014754,0.014801,13144061.0
2026-09-12 11:45:00,0.014801,0.014852,0.01472,0.014776,10356533.0
2026-09-12 12:00:00,0.014776,0.014972,0.014754,0.014854,19444590.0
2026-09-12 12:15:00,0.014853,0.01538,0.01482,0.015207,55636165.0
2026-09-12 12:30:00,0.015205,0.015599,0.015028,0.015523,50157356.0
2026-09-12 12:45:00,0.015517,0.01554,0.01531,0.01543,50671048.0
2026-09-12 13:00:00,0.015432,0.015458,0.015066,0.015362,52302137.0
2026-09-12 13:15:00,0.015362,0.015676,0.015304,0.015506,37727546.0
2026-09-12 13:30:00,0.015506,0.015699,0.015345,0.01542,29256060.0
2026-09-12 13:45:00,0.01542,0.015539,0.015346,0.015477,20581140.0
2026-09-12 14:00:00,0.015478,0.015621,0.015114,0.015478,49512916.0
2026-09-12 14:15:00,0.015478,0.015488,0.015257,0.015297,19638506.0
2026-09-12 14:30:00,0.015298,0.015487,0.0152,0.015241,26212596.0
2026-09-12 14:45:00,0.015238,0.015365,0.015122,0.015365,22670806.0
2026-09-12 15:00:00,0.015363,0.015489,0.015267,0.015344,22123779.0
2026-09-12 15:15:00,0.015341,0.015685,0.015337,0.015516,43090318.0
2026-09-12 15:30:00,0.015515,0.015518,0.015375,0.015464,19290814.0
2026-09-12 15:45:00,0.015469,0.015469,0.015244,0.015333,32120556.0
2026-09-12 16:00:00,0.015326,0.01633,0.01532,0.015864,178151800.0
2026-09-12 16:15:00,0.015865,0.016072,0.015687,0.015967,40392836.0
2026-09-12 16:30:00,0.015969,0.015983,0.015739,0.015829,32487172.0
2026-09-12 16:45:00,0.015829,0.016,0.015823,0.015849,23021070.0
2026-09-12 17:00:00,0.01585,0.015961,0.01573,0.015898,28345677.0
2026-09-12 17:15:00,0.015898,0.016021,0.015797,0.015968,17802511.0
2026-09-12 17:30:00,0.015968,0.016016,0.015778,0.015804,19459602.0
2026-09-12 17:45:00,0.015808,0.015959,0.01579,0.01594,14064666.0
2026-09-12 18:00:00,0.015939,0.01636,0.015759,0.016074,63197794.0
2026-09-12 18:15:00,0.016074,0.01621,0.015933,0.01607,30049471.0
2026-09-12 18:30:00,0.016072,0.01626,0.016072,0.016154,25987296.0
2026-09-12 18:45:00,0.016153,0.016153,0.015979,0.016047,14687567.0
2026-09-12 19:00:00,0.016047,0.016235,0.016044,0.016191,17767335.0
2026-09-12 19:15:00,0.01619,0.016211,0.016005,0.016166,19980426.0
2026-09-12 19:30:00,0.016165,0.016435,0.016165,0.016377,29691644.0
2026-09-12 19:45:00,0.016378,0.016395,0.016193,0.016336,18756181.0
2026-09-12 20:00:00,0.016335,0.016539,0.016316,0.016424,43212910.0
2026-09-12 20:15:00,0.016422,0.016495,0.01627,0.016479,24778687.0
2026-09-12 20:30:00,0.016475,0.016521,0.016072,0.016129,33179302.0
2026-09-12 20:45:00,0.016132,0.01638,0.01601,0.016298,25449500.0
2026-09-12 21:00:00,0.016296,0.016331,0.016166,0.01627,16137210.0
2026-09-12 21:15:00,0.01627,0.016365,0.016179,0.016185,13045815.0
2026-09-12 21:30:00,0.016183,0.016448,0.016182,0.016268,17829610.0
2026-09-12 21:45:00,0.016267,0.016346,0.016026,0.016252,18554632.0
2026-09-12 22:00:00,0.016252,0.01638,0.016199,0.016357,17002732.0
2026-09-12 22:15:00,0.016358,0.0164,0.016182,0.016385,14809022.0
2026-09-12 22:30:00,0.016385,0.016472,0.016309,0.01641,23892247.0
2026-09-12 22:45:00,0.016408,0.016666,0.016305,0.01634,40506396.0
2026-09-12 23:00:00,0.01634,0.016472,0.01616,0.016226,29357054.0
2026-09-12 23:15:00,0.016226,0.016594,0.016214,0.016308,51729597.0
2026-09-12 23:30:00,0.016304,0.016397,0.016214,0.016295,23453420.0
2026-09-12 23:45:00,0.016294,0.016355,0.016245,0.016295,9808303.0
2026-09-13 00:00:00,0.016295,0.016295,0.01607,0.016249,34591393.0
2026-09-13 00:15:00,0.016248,0.016361,0.016128,0.016317,15567632.0
2026-09-13 00:30:00,0.016315,0.016328,0.016054,0.016129,19785840.0
2026-09-13 00:45:00,0.016128,0.016273,0.01612,0.016231,13371393.0
2026-09-13 01:00:00,0.016232,0.016235,0.015902,0.016047,28893481.0
2026-09-13 01:15:00,0.016047,0.016118,0.01597,0.01598,21548540.0
2026-09-13 01:30:00,0.015976,0.016116,0.015885,0.015943,17486758.0
2026-09-13 01:45:00,0.015942,0.015995,0.015907,0.015922,13955514.0
2026-09-13 02:00:00,0.015923,0.015986,0.015894,0.015926,18325208.0
2026-09-13 02:15:00,0.015924,0.016071,0.01583,0.016052,23936220.0
2026-09-13 02:30:00,0.016053,0.016504,0.015976,0.016254,45438135.0
2026-09-13 02:45:00,0.016254,0.016559,0.015868,0.016474,68593065.0
2026-09-13 03:00:00,0.016484,0.016559,0.016159,0.016224,34944858.0
2026-09-13 03:15:00,0.016222,0.01665,0.016177,0.016252,53685617.0
2026-09-13 03:30:00,0.016251,0.01635,0.015973,0.016091,31710907.0
2026-09-13 03:45:00,0.016088,0.016227,0.015996,0.016191,24293637.0
2026-09-13 04:00:00,0.016192,0.016293,0.016055,0.016115,19336700.0
2026-09-13 04:15:00,0.016114,0.016311,0.016015,0.016294,16792764.0
2026-09-13 04:30:00,0.016292,0.01633,0.01604,0.016074,12004183.0
2026-09-13 04:45:00,0.016073,0.016202,0.016049,0.016094,9997495.0
2026-09-13 05:00:00,0.016088,0.016232,0.016055,0.0161,18084820.0
2026-09-13 05:15:00,0.016101,0.016194,0.015101,0.015634,143163798.0
2026-09-13 05:30:00,0.015634,0.015728,0.014141,0.014278,209890809.0
2026-09-13 05:45:00,0.014271,0.014539,0.013069,0.013589,312384761.0
2026-09-13 06:00:00,0.01359,0.013906,0.013351,0.013736,137157044.0
2026-09-13 06:15:00,0.013734,0.01395,0.013241,0.013501,97413169.0
2026-09-13 06:30:00,0.013501,0.013758,0.013413,0.01372,56630675.0
2026-09-13 06:45:00,0.013721,0.014426,0.013482,0.013912,200949842.0
2026-09-13 07:00:00,0.013912,0.015241,0.013779,0.01474,201839348.0
2026-09-13 07:15:00,0.014739,0.014858,0.01449,0.014586,61126121.0
2026-09-13 07:30:00,0.014586,0.015138,0.01445,0.01493,79339905.0
2026-09-13 07:45:00,0.01493,0.015276,0.014805,0.015187,69477795.0
2026-09-13 08:00:00,0.015186,0.015222,0.014931,0.0151,49784659.0
2026-09-13 08:15:00,0.015099,0.015218,0.015017,0.015142,25832216.0
2026-09-13 08:30:00,0.015143,0.015178,0.014832,0.014922,34062993.0
2026-09-13 08:45:00,0.01492,0.014965,0.014608,0.014672,34455179.0
2026-09-13 09:00:00,0.014672,0.015955,0.014632,0.014994,152240657.0
2026-09-13 09:15:00,0.015003,0.015066,0.014861,0.014909,38565270.0
2026-09-13 09:30:00,0.014906,0.01501,0.014748,0.014822,22556725.0
2026-09-13 09:45:00,0.014823,0.01498,0.014764,0.014855,22385885.0
2026-09-13 10:00:00,0.014854,0.015016,0.014765,0.014777,20758075.0
2026-09-13 10:15:00,0.014777,0.014798,0.014601,0.014623,19147287.0
2026-09-13 10:30:00,0.014623,0.015537,0.014581,0.014836,111983375.0
2026-09-13 10:45:00,0.014836,0.014899,0.014699,0.014785,24038234.0
2026-09-13 11:00:00,0.014785,0.014821,0.014633,0.014713,20470259.0
2026-09-13 11:15:00,0.014714,0.014729,0.014501,0.014564,16889923.0
2026-09-13 11:30:00,0.01456,0.014705,0.014545,0.014574,14674402.0
2026-09-13 11:45:00,0.014573,0.014601,0.014515,0.014584,11547140.0
2026-09-13 12:00:00,0.014583,0.014698,0.014525,0.014565,18725570.0
2026-09-13 12:15:00,0.014564,0.014614,0.014456,0.014514,10583508.0
2026-09-13 12:30:00,0.014518,0.01458,0.014405,0.014483,12955349.0
2026-09-13 12:45:00,0.014481,0.015165,0.014353,0.014742,84689074.0
2026-09-13 13:00:00,0.014741,0.014795,0.014637,0.01476,15281451.0
2026-09-13 13:15:00,0.014763,0.014842,0.014687,0.014824,12068821.0
2026-09-13 13:30:00,0.014825,0.015018,0.014689,0.014857,23366943.0
2026-09-13 13:45:00,0.014856,0.015095,0.014855,0.014939,31188781.0
2026-09-13 14:00:00,0.014939,0.015056,0.014869,0.014875,14455046.0
2026-09-13 14:15:00,0.014875,0.014996,0.014821,0.014868,11627748.0
2026-09-13 14:30:00,0.014869,0.015023,0.014823,0.01497,13015519.0
2026-09-13 14:45:00,0.014968,0.01498,0.01487,0.014949,8405832.0
2026-09-13 15:00:00,0.014948,0.015028,0.014806,0.014866,12625011.0
2026-09-13 15:15:00,0.014865,0.015065,0.014784,0.014896,19480709.0
2026-09-13 15:30:00,0.014898,0.014954,0.014852,0.014891,6463159.0
2026-09-13 15:45:00,0.014885,0.014903,0.014802,0.014848,6935153.0
2026-09-13 16:00:00,0.014848,0.014977,0.014739,0.014944,21921913.0
2026-09-13 16:15:00,0.014939,0.015041,0.014925,0.014981,8897390.0
2026-09-13 16:30:00,0.014977,0.015247,0.01495,0.015195,18570030.0
2026-09-13 16:45:00,0.015196,0.015365,0.015161,0.015286,32090949.0
2026-09-13 17:00:00,0.015288,0.015332,0.015199,0.015325,11764313.0
2026-09-13 17:15:00,0.015327,0.015364,0.015186,0.01526,12611052.0
2026-09-13 17:30:00,0.01526,0.01528,0.015155,0.015258,10074089.0
2026-09-13 17:45:00,0.015256,0.01528,0.015123,0.015262,8407866.0
2026-09-13 18:00:00,0.015262,0.015675,0.015262,0.015421,44752960.0
2026-09-13 18:15:00,0.015422,0.015527,0.01536,0.015378,13303763.0
2026-09-13 18:30:00,0.015378,0.01539,0.015222,0.015343,12969794.0
2026-09-13 18:45:00,0.015346,0.015598,0.015319,0.015493,19058128.0
2026-09-13 19:00:00,0.015493,0.015507,0.015334,0.015359,13083215.0
2026-09-13 19:15:00,0.015359,0.015375,0.015243,0.015266,10609407.0
2026-09-13 19:30:00,0.015265,0.01531,0.01524,0.015247,6839537.0
2026-09-13 19:45:00,0.015247,0.015259,0.015178,0.015189,7354963.0
2026-09-13 20:00:00,0.015189,0.015281,0.015185,0.015236,6852631.0
2026-09-13 20:15:00,0.015237,0.015265,0.015119,0.015137,7508603.0
2026-09-13 20:30:00,0.015138,0.015152,0.015057,0.015144,7146053.0
2026-09-13 20:45:00,0.015144,0.015236,0.015127,0.01519,9724345.0
2026-09-13 21:00:00,0.01519,0.0152,0.015134,0.015147,6331164.0
2026-09-13 21:15:00,0.015147,0.015188,0.015098,0.015167,7444665.0
2026-09-13 21:30:00,0.015167,0.015194,0.015071,0.015102,4113284.0
2026-09-13 21:45:00,0.015102,0.015141,0.015002,0.015062,7256486.0
2026-09-13 22:00:00,0.015063,0.01515,0.015012,0.015054,14502855.0
2026-09-13 22:15:00,0.015055,0.015062,0.014933,0.014979,15418663.0
2026-09-13 22:30:00,0.01498,0.015001,0.014857,0.01488,15745631.0
2026-09-13 22:45:00,0.014879,0.014927,0.014756,0.014807,16995781.0
2026-09-13 23:00:00,0.014807,0.014878,0.014789,0.01482,11258433.0
2026-09-13 23:15:00,0.01482,0.014874,0.014782,0.014786,7328424.0
2026-09-13 23:30:00,0.014786,0.015172,0.01477,0.015115,31682434.0
2026-09-13 23:45:00,0.015114,0.015177,0.015045,0.015099,10496933.0
2026-09-14 00:00:00,0.015099,0.015198,0.015062,0.015127,14493076.0
2026-09-14 00:15:00,0.015127,0.015264,0.015015,0.015116,15789877.0
2026-09-14 00:30:00,0.015114,0.015114,0.01494,0.014964,10320471.0
2026-09-14 00:45:00,0.014965,0.015174,0.01494,0.015091,12770871.0
2026-09-14 01:00:00,0.015091,0.015151,0.014989,0.015006,10473484.0
2026-09-14 01:15:00,0.015006,0.015008,0.014835,0.01486,12910552.0
2026-09-14 01:30:00,0.014859,0.01491,0.014817,0.014827,8745106.0
2026-09-14 01:45:00,0.014827,0.014929,0.014762,0.014896,11766268.0
2026-09-14 02:00:00,0.014897,0.01498,0.014856,0.014927,11300952.0
2026-09-14 02:15:00,0.014924,0.014938,0.01482,0.01483,14477564.0
2026-09-14 02:30:00,0.014832,0.014894,0.01479,0.014804,11397110.0
2026-09-14 02:45:00,0.014804,0.014909,0.014785,0.01486,6279045.0
2026-09-14 03:00:00,0.01486,0.015481,0.014856,0.015228,60379927.0
2026-09-14 03:15:00,0.01523,0.01523,0.015,0.015002,13485568.0
2026-09-14 03:30:00,0.015002,0.015055,0.01487,0.014956,11877166.0
2026-09-14 03:45:00,0.014958,0.014988,0.014908,0.014968,6433320.0
2026-09-14 04:00:00,0.014968,0.014986,0.014846,0.01486,10314554.0
2026-09-14 04:15:00,0.01486,0.014873,0.014716,0.014807,13986293.0
2026-09-14 04:30:00,0.014808,0.014916,0.014774,0.014863,12056902.0
2026-09-14 04:45:00,0.014862,0.014869,0.014823,0.014861,3519018.0
2026-09-14 05:00:00,0.014861,0.014984,0.014805,0.014944,10853080.0
2026-09-14 05:15:00,0.014942,0.015004,0.014899,0.014946,11107889.0
2026-09-14 05:30:00,0.014946,0.015043,0.014937,0.014973,6421939.0
2026-09-14 05:45:00,0.014973,0.015014,0.014911,0.014911,7149504.0
2026-09-14 06:00:00,0.014911,0.014916,0.014752,0.01486,18188279.0
2026-09-14 06:15:00,0.014857,0.014909,0.014786,0.014793,11862918.0
2026-09-14 06:30:00,0.014792,0.014823,0.014745,0.014781,10572884.0
2026-09-14 06:45:00,0.014781,0.014844,0.014738,0.014804,8095460.0
2026-09-14 07:00:00,0.014803,0.01485,0.014658,0.014689,17004912.0
2026-09-14 07:15:00,0.014686,0.014848,0.014675,0.014788,9277697.0
2026-09-14 07:30:00,0.014791,0.01483,0.014734,0.014754,9003071.0
2026-09-14 07:45:00,0.014755,0.014827,0.014722,0.014813,5142107.0
2026-09-14 08:00:00,0.014814,0.014995,0.014784,0.014872,25633271.0
2026-09-14 08:15:00,0.014873,0.01488,0.014707,0.014779,11875571.0
2026-09-14 08:30:00,0.014779,0.01484,0.014719,0.014746,8086882.0
2026-09-14 08:45:00,0.014746,0.01705,0.014693,0.015523,370694798.0
2026-09-14 09:00:00,0.015523,0.015859,0.015276,0.015733,105069145.0
2026-09-14 09:15:00,0.015735,0.015786,0.015606,0.01577,44475801.0
2026-09-14 09:30:00,0.015772,0.017017,0.015522,0.016488,90125894.0
2026-09-14 09:45:00,0.016488,0.016911,0.016227,0.016784,119357603.0
2026-09-14 10:00:00,0.016774,0.016929,0.015375,0.015612,180189770.0
2026-09-14 10:15:00,0.015609,0.015882,0.015253,0.015572,108315325.0
2026-09-14 10:30:00,0.015573,0.015747,0.015413,0.015583,35034315.0
2026-09-14 10:45:00,0.015586,0.01563,0.015371,0.015561,22301066.0
2026-09-14 11:00:00,0.015561,0.015583,0.014927,0.014975,57902838.0
2026-09-14 11:15:00,0.014974,0.01554,0.014778,0.015295,75475925.0
2026-09-14 11:30:00,0.015293,0.01548,0.015216,0.015442,38709734.0
2026-09-14 11:45:00,0.015443,0.015476,0.015362,0.015394,15073081.0
2026-09-14 12:00:00,0.015397,0.015431,0.015326,0.015331,10534399.0
2026-09-14 12:15:00,0.015331,0.015499,0.01525,0.015484,25201729.0
2026-09-14 12:30:00,0.015484,0.015595,0.015361,0.015387,15381749.0
2026-09-14 12:45:00,0.015388,0.015397,0.015291,0.015322,9368925.0
2026-09-14 13:00:00,0.015325,0.015351,0.015182,0.015192,21314655.0
2026-09-14 13:15:00,0.01519,0.015248,0.015046,0.01512,21284409.0
2026-09-14 13:30:00,0.015124,0.01523,0.015055,0.01513,15521563.0
2026-09-14 13:45:00,0.01513,0.015536,0.015054,0.015422,57712653.0
2026-09-14 14:00:00,0.015421,0.015475,0.015139,0.015459,44711642.0
2026-09-14 14:15:00,0.01546,0.01547,0.015231,0.015332,14511778.0
2026-09-14 14:30:00,0.015331,0.015488,0.015278,0.015409,22784625.0
2026-09-14 14:45:00,0.015407,0.015441,0.01533,0.015332,13074886.0
2026-09-14 15:00:00,0.015332,0.015346,0.01518,0.015295,20052710.0
2026-09-14 15:15:00,0.015295,0.015415,0.01525,0.015254,10417103.0
2026-09-14 15:30:00,0.015254,0.015591,0.015254,0.015501,33824218.0
2026-09-14 15:45:00,0.015505,0.015908,0.015449,0.015797,34348849.0
2026-09-14 16:00:00,0.015797,0.016048,0.015469,0.015919,64901386.0
2026-09-14 16:15:00,0.015924,0.0165,0.01586,0.016215,68407827.0
2026-09-14 16:30:00,0.016216,0.016227,0.016042,0.016184,20168792.0
2026-09-14 16:45:00,0.016184,0.016198,0.016012,0.016044,17432040.0
2026-09-14 17:00:00,0.016044,0.016267,0.01601,0.016158,18098588.0
2026-09-14 17:15:00,0.016158,0.016166,0.016011,0.016036,10737782.0
2026-09-14 17:30:00,0.016038,0.016074,0.015803,0.015826,15829906.0
2026-09-14 17:45:00,0.015827,0.015915,0.015761,0.015801,15532552.0
2026-09-14 18:00:00,0.015802,0.015804,0.015716,0.015744,12013940.0
2026-09-14 18:15:00,0.015743,0.015794,0.015687,0.015762,14345754.0
2026-09-14 18:30:00,0.015761,0.015784,0.015653,0.015677,10710173.0
2026-09-14 18:45:00,0.015677,0.01588,0.015627,0.015814,16900562.0
2026-09-14 19:00:00,0.015812,0.015914,0.015732,0.0159,8657794.0
2026-09-14 19:15:00,0.015901,0.016078,0.015867,0.01605,12745273.0
2026-09-14 19:30:00,0.01605,0.016051,0.015903,0.015969,8208460.0
2026-09-14 19:45:00,0.015968,0.016137,0.015925,0.016087,9234556.0
2026-09-14 20:00:00,0.016087,0.016117,0.016025,0.016032,10431488.0
2026-09-14 20:15:00,0.016033,0.016101,0.01592,0.016029,18628387.0
2026-09-14 20:30:00,0.016028,0.016043,0.015966,0.015981,8167736.0
2026-09-14 20:45:00,0.015982,0.016048,0.015904,0.01593,9845637.0
2026-09-14 21:00:00,0.01593,0.016001,0.015757,0.01577,14072487.0
2026-09-14 21:15:00,0.01577,0.015863,0.01576,0.015804,8803786.0
2026-09-14 21:30:00,0.015805,0.015812,0.015698,0.015785,7849125.0
2026-09-14 21:45:00,0.015785,0.0158,0.01574,0.015782,4936971.0
2026-09-14 22:00:00,0.015784,0.015818,0.015716,0.015742,9454679.0
2026-09-14 22:15:00,0.015743,0.015848,0.015728,0.015817,5693083.0
2026-09-14 22:30:00,0.015816,0.015874,0.015769,0.015852,6532900.0
2026-09-14 22:45:00,0.015852,0.015936,0.015814,0.01593,8690272.0
2026-09-14 23:00:00,0.015931,0.015946,0.015803,0.015888,7694883.0
2026-09-14 23:15:00,0.015887,0.015888,0.015703,0.015804,10629770.0
2026-09-14 23:30:00,0.015805,0.015969,0.015774,0.0158,12773560.0
2026-09-14 23:45:00,0.015798,0.015883,0.01574,0.01586,8327192.0
2026-09-15 00:00:00,0.015858,0.016334,0.015858,0.016141,53503920.0
2026-09-15 00:15:00,0.01614,0.016205,0.016058,0.016138,14476771.0
2026-09-15 00:30:00,0.016138,0.016228,0.016126,0.016191,10473736.0
2026-09-15 00:45:00,0.016194,0.016203,0.016139,0.016183,6245932.0
2026-09-15 01:00:00,0.016183,0.016252,0.016061,0.016076,16092512.0
2026-09-15 01:15:00,0.016075,0.016204,0.016027,0.016146,10519774.0
2026-09-15 01:30:00,0.016146,0.016187,0.015963,0.016024,10010133.0
2026-09-15 01:45:00,0.016024,0.01608,0.015902,0.016039,15363509.0
2026-09-15 02:00:00,0.016038,0.016115,0.015924,0.01597,7845630.0
2026-09-15 02:15:00,0.015972,0.015998,0.015913,0.015972,6196819.0
2026-09-15 02:30:00,0.015972,0.015992,0.015827,0.015871,7816036.0
2026-09-15 02:45:00,0.01587,0.015882,0.015807,0.015869,9735873.0
2026-09-15 03:00:00,0.015868,0.015892,0.015721,0.015814,13305554.0
2026-09-15 03:15:00,0.015814,0.015881,0.01577,0.015836,8525308.0
2026-09-15 03:30:00,0.015834,0.016257,0.015782,0.016006,33779372.0
2026-09-15 03:45:00,0.016004,0.017999,0.015894,0.016418,356507306.0
2026-09-15 04:00:00,0.016416,0.017,0.016332,0.01667,71526465.0
2026-09-15 04:15:00,0.01667,0.0169,0.016633,0.016824,38241030.0
2026-09-15 04:30:00,0.016827,0.016953,0.01667,0.01669,32330677.0
2026-09-15 04:45:00,0.016687,0.017146,0.016686,0.016921,33329541.0
2026-09-15 05:00:00,0.016921,0.016994,0.016629,0.016831,26705168.0
2026-09-15 05:15:00,0.016833,0.016865,0.016675,0.016733,16307129.0
2026-09-15 05:30:00,0.016735,0.016884,0.016543,0.016636,20639293.0
2026-09-15 05:45:00,0.016635,0.016641,0.0165,0.016583,21499767.0
2026-09-15 06:00:00,0.016591,0.01787,0.01654,0.017715,200987459.0
2026-09-15 06:15:00,0.01772,0.017999,0.017342,0.017755,84606832.0
2026-09-15 06:30:00,0.017759,0.018831,0.017665,0.018642,195220822.0
2026-09-15 06:45:00,0.018642,0.019323,0.018513,0.018964,164107542.0
2026-09-15 07:00:00,0.018966,0.01907,0.018029,0.018433,184590283.0
2026-09-15 07:15:00,0.018433,0.01863,0.018055,0.018185,88864626.0
2026-09-15 07:30:00,0.018184,0.01827,0.01765,0.017987,109396115.0
2026-09-15 07:45:00,0.017987,0.018817,0.01657,0.018566,287897286.0
2026-09-15 08:00:00,0.018576,0.01943,0.017499,0.019104,293221353.0
2026-09-15 08:15:00,0.019122,0.02,0.018571,0.019304,449101043.0
2026-09-15 08:30:00,0.0193,0.020146,0.018961,0.019797,307854877.0
2026-09-15 08:45:00,0.019797,0.02021,0.018801,0.019737,330346798.0
2026-09-15 09:00:00,0.019745,0.020147,0.019476,0.020037,140782008.0
2026-09-15 09:15:00,0.02003,0.020993,0.01988,0.020865,221021099.0
2026-09-15 09:30:00,0.020865,0.021222,0.020712,0.021086,249364773.0
2026-09-15 09:45:00,0.021091,0.021955,0.02105,0.021517,253172054.0
2026-09-15 10:00:00,0.021523,0.022635,0.021515,0.022065,412577746.0
2026-09-15 10:15:00,0.022062,0.02365,0.021721,0.022534,459643362.0
2026-09-15 10:30:00,0.022542,0.022969,0.02111,0.02202,358824298.0
2026-09-15 10:45:00,0.022011,0.022324,0.019304,0.021797,924135361.0
2026-09-15 11:00:00,0.021795,0.022194,0.02081,0.021996,328858227.0
2026-09-15 11:15:00,0.021995,0.023467,0.021658,0.022433,392973716.0
2026-09-15 11:30:00,0.022429,0.02394,0.022429,0.023457,483057451.0
2026-09-15 11:45:00,0.023448,0.024285,0.022737,0.023718,314062349.0
2026-09-15 12:00:00,0.023717,0.024136,0.02358,0.024012,176789513.0
2026-09-15 12:15:00,0.024012,0.0245,0.023826,0.024149,199433439.0
2026-09-15 12:30:00,0.024145,0.02666,0.02414,0.026275,487434690.0
2026-09-15 12:45:00,0.026275,0.027497,0.02471,0.026616,714789574.0
2026-09-15 13:00:00,0.026618,0.027767,0.026463,0.027023,357645075.0
2026-09-15 13:15:00,0.027014,0.02734,0.024501,0.02558,703730891.0
2026-09-15 13:30:00,0.025588,0.02661,0.025354,0.02607,302946217.0
2026-09-15 13:45:00,0.026067,0.026344,0.025001,0.025856,265957507.0
2026-09-15 14:00:00,0.025849,0.026531,0.025222,0.025886,239470428.0
2026-09-15 14:15:00,0.025875,0.026833,0.025403,0.026416,218702139.0
2026-09-15 14:30:00,0.026417,0.02662,0.025927,0.026234,126924527.0
2026-09-15 14:45:00,0.026247,0.027098,0.026192,0.026802,169479132.0
2026-09-15 15:00:00,0.026811,0.02758,0.026212,0.027237,292671520.0
2026-09-15 15:15:00,0.027228,0.02753,0.027024,0.02743,184441632.0
2026-09-15 15:30:00,0.02743,0.028733,0.02655,0.027407,536030587.0
2026-09-15 15:45:00,0.02741,0.027821,0.027251,0.027445,162373418.0
2026-09-15 16:00:00,0.027436,0.02844,0.027125,0.027854,387440548.0
2026-09-15 16:15:00,0.027847,0.0292,0.027825,0.029017,257498570.0
2026-09-15 16:30:00,0.029016,0.029413,0.024845,0.025087,748365914.0
2026-09-15 16:45:00,0.025086,0.027369,0.02428,0.026705,656922226.0
2026-09-15 17:00:00,0.026699,0.02716,0.02588,0.026301,279988846.0
2026-09-15 17:15:00,0.026307,0.02738,0.025295,0.026569,362285826.0
2026-09-15 17:30:00,0.026567,0.027624,0.026208,0.027416,230400439.0
2026-09-15 17:45:00,0.027407,0.027936,0.027215,0.027718,159755487.0
2026-09-15 18:00:00,0.027729,0.028198,0.0276,0.027889,150241783.0
2026-09-15 18:15:00,0.027887,0.028092,0.027416,0.027768,122900647.0
2026-09-15 18:30:00,0.027767,0.027963,0.027165,0.0275,148933472.0
2026-09-15 18:45:00,0.0275,0.02877,0.027286,0.028483,187695174.0
2026-09-15 19:00:00,0.028483,0.02934,0.028212,0.028567,182416837.0
2026-09-15 19:15:00,0.028561,0.029094,0.028358,0.028891,138871438.0
2026-09-15 19:30:00,0.028891,0.02934,0.028431,0.028829,130779010.0
2026-09-15 19:45:00,0.028827,0.0298,0.0286,0.029406,184213878.0
2026-09-15 20:00:00,0.029422,0.029645,0.026577,0.027246,417569503.0
2026-09-15 20:15:00,0.027266,0.027606,0.026384,0.027486,233415736.0
2026-09-15 20:30:00,0.027484,0.027759,0.026325,0.026808,216018364.0
2026-09-15 20:45:00,0.026808,0.027246,0.02606,0.026413,162821317.0
2026-09-15 21:00:00,0.026403,0.027124,0.026312,0.026908,116259218.0
2026-09-15 21:15:00,0.02691,0.0273,0.0267,0.026929,95358759.0
2026-09-15 21:30:00,0.026927,0.027239,0.026651,0.026958,65049452.0
2026-09-15 21:45:00,0.026959,0.027333,0.026826,0.027008,45036325.0
2026-09-15 22:00:00,0.026997,0.027641,0.026658,0.026792,116186600.0
2026-09-15 22:15:00,0.026798,0.026918,0.026201,0.026556,107992298.0
2026-09-15 22:30:00,0.026556,0.026697,0.026506,0.026565,48771121.0
2026-09-15 22:45:00,0.026564,0.026843,0.026341,0.026459,57700015.0
2026-09-15 23:00:00,0.026462,0.027146,0.026452,0.027096,106742640.0
2026-09-15 23:15:00,0.027091,0.027102,0.025676,0.02664,175061609.0
2026-09-15 23:30:00,0.026645,0.027377,0.026641,0.027082,99383859.0
2026-09-15 23:45:00,0.027077,0.027287,0.026806,0.026954,65746920.0
2026-09-16 00:00:00,0.026958,0.027573,0.026901,0.027303,121534780.0
2026-09-16 00:15:00,0.027303,0.027489,0.027201,0.027374,60402921.0
2026-09-16 00:30:00,0.027374,0.02943,0.026937,0.027142,203984719.0
2026-09-16 00:45:00,0.027139,0.027616,0.02692,0.027314,114262839.0
2026-09-16 01:00:00,0.027316,0.027843,0.027075,0.027224,109669956.0
2026-09-16 01:15:00,0.027224,0.027979,0.027003,0.027574,121594817.0
2026-09-16 01:30:00,0.027574,0.028886,0.027463,0.028035,124754011.0
2026-09-16 01:45:00,0.028042,0.028456,0.027262,0.027535,177402122.0
2026-09-16 02:00:00,0.027539,0.028746,0.02748,0.028392,159142164.0
2026-09-16 02:15:00,0.028395,0.02884,0.027901,0.028552,133173275.0
2026-09-16 02:30:00,0.028553,0.028682,0.028229,0.028535,90815706.0
2026-09-16 02:45:00,0.028545,0.0294,0.028341,0.029118,150648993.0
2026-09-16 03:00:00,0.029114,0.029412,0.028773,0.029033,150786191.0
2026-09-16 03:15:00,0.029033,0.029252,0.025482,0.027218,535543435.0
2026-09-16 03:30:00,0.027214,0.0293,0.026857,0.028973,287351271.0
2026-09-16 03:45:00,0.028969,0.029097,0.027025,0.027233,207300808.0
2026-09-16 04:00:00,0.027235,0.028298,0.026265,0.027732,351540602.0
2026-09-16 04:15:00,0.027721,0.028782,0.026872,0.028699,179229287.0
2026-09-16 04:30:00,0.0287,0.029,0.0274,0.028368,204182615.0
2026-09-16 04:45:00,0.028369,0.028455,0.027735,0.028075,79542407.0
2026-09-16 05:00:00,0.028078,0.028155,0.027677,0.027839,71740035.0
2026-09-16 05:15:00,0.027835,0.028097,0.027556,0.027928,61908428.0
2026-09-16 05:30:00,0.027935,0.028665,0.027747,0.028514,113436120.0
2026-09-16 05:45:00,0.028509,0.028527,0.028151,0.028313,70804708.0
2026-09-16 06:00:00,0.028311,0.028644,0.028029,0.028414,98918154.0
2026-09-16 06:15:00,0.028414,0.028587,0.027637,0.027795,125984048.0
2026-09-16 06:30:00,0.027794,0.02888,0.025931,0.028221,480513582.0
2026-09-16 06:45:00,0.028221,0.028933,0.028083,0.028754,142206931.0
2026-09-16 07:00:00,0.028753,0.029888,0.027565,0.028208,358482655.0
2026-09-16 07:15:00,0.028211,0.028859,0.028169,0.028641,82049166.0
2026-09-16 07:30:00,0.028642,0.02898,0.028385,0.028523,79956451.0
2026-09-16 07:45:00,0.028521,0.028864,0.028506,0.02864,57900005.0
2026-09-16 08:00:00,0.028637,0.028704,0.0277,0.028161,123419407.0
2026-09-16 08:15:00,0.028156,0.028447,0.027746,0.028339,92178341.0
2026-09-16 08:30:00,0.028339,0.028692,0.028296,0.02854,81859579.0
2026-09-16 08:45:00,0.028538,0.028924,0.028165,0.028236,91647183.0
2026-09-16 09:00:00,0.028237,0.028292,0.027884,0.027952,93217987.0
2026-09-16 09:15:00,0.027949,0.028199,0.027717,0.027987,94727193.0
2026-09-16 09:30:00,0.027982,0.02807,0.027847,0.028001,45746778.0
2026-09-16 09:45:00,0.028005,0.028149,0.027786,0.027982,61755452.0
2026-09-16 10:00:00,0.02798,0.028137,0.027346,0.027834,82820496.0
2026-09-16 10:15:00,0.027832,0.028375,0.027772,0.028302,75612928.0
2026-09-16 10:30:00,0.0283,0.028694,0.028168,0.028592,76399003.0
2026-09-16 10:45:00,0.028592,0.028859,0.028456,0.028761,86376140.0
2026-09-16 11:00:00,0.028767,0.02934,0.028623,0.028834,94253701.0
2026-09-16 11:15:00,0.028845,0.029277,0.0286,0.02908,100781364.0
2026-09-16 11:30:00,0.029075,0.029275,0.028834,0.029248,76662130.0
2026-09-16 11:45:00,0.029248,0.029258,0.028428,0.028809,94680863.0
2026-09-16 12:00:00,0.02881,0.028835,0.028308,0.028469,79008914.0
2026-09-16 12:15:00,0.028467,0.028598,0.027942,0.028047,74197445.0
2026-09-16 12:30:00,0.028047,0.028186,0.027572,0.027691,93839297.0
2026-09-16 12:45:00,0.027684,0.027892,0.026266,0.027278,273659450.0
2026-09-16 13:00:00,0.027278,0.028298,0.027001,0.027529,111336289.0
2026-09-16 13:15:00,0.027523,0.02771,0.026703,0.027104,90883475.0
2026-09-16 13:30:00,0.027091,0.027666,0.026918,0.02735,69242048.0
2026-09-16 13:45:00,0.02735,0.02747,0.026934,0.027232,48077984.0
2026-09-16 14:00:00,0.027226,0.027375,0.027053,0.027214,34307939.0
2026-09-16 14:15:00,0.027215,0.027263,0.026851,0.027112,44063646.0
2026-09-16 14:30:00,0.027112,0.0275,0.026918,0.027232,47952634.0
2026-09-16 14:45:00,0.02723,0.02745,0.027101,0.027445,31935932.0
2026-09-16 15:00:00,0.027442,0.027442,0.026862,0.026969,49877444.0
2026-09-16 15:15:00,0.026963,0.028247,0.02647,0.027177,194929332.0
2026-09-16 15:30:00,0.027172,0.027368,0.026937,0.027058,34014005.0
2026-09-16 15:45:00,0.027063,0.027262,0.026997,0.027125,24346997.0
2026-09-16 16:00:00,0.027123,0.02754,0.027048,0.027274,38010954.0
2026-09-16 16:15:00,0.027292,0.027617,0.023662,0.023701,424131494.0
2026-09-16 16:30:00,0.023712,0.024718,0.018555,0.020288,2044974909.0
2026-09-16 16:45:00,0.020304,0.021683,0.019186,0.019745,525543138.0
2026-09-16 17:00:00,0.019747,0.020817,0.01769,0.018567,781622344.0
2026-09-16 17:15:00,0.018578,0.018645,0.01682,0.01749,530348172.0
2026-09-16 17:30:00,0.017486,0.021983,0.017256,0.020935,816087364.0
2026-09-16 17:45:00,0.020937,0.021183,0.019449,0.019645,311147329.0
2026-09-16 18:00:00,0.01963,0.020776,0.019605,0.020223,188761081.0
2026-09-16 18:15:00,0.020219,0.020675,0.019871,0.020281,100673124.0
2026-09-16 18:30:00,0.020281,0.020467,0.020028,0.020211,56058396.0
2026-09-16 18:45:00,0.020205,0.020631,0.019927,0.020148,75560047.0
2026-09-16 19:00:00,0.020152,0.020389,0.019733,0.019948,60512228.0
2026-09-16 19:15:00,0.019947,0.020216,0.019553,0.019737,60246467.0
2026-09-16 19:30:00,0.019728,0.020128,0.01968,0.019827,46074990.0
2026-09-16 19:45:00,0.019827,0.02,0.019635,0.019645,33513878.0
2026-09-16 20:00:00,0.019643,0.019796,0.019504,0.019522,33691656.0
2026-09-16 20:15:00,0.019518,0.019874,0.019256,0.019743,61380849.0
2026-09-16 20:30:00,0.019744,0.019839,0.019338,0.019402,38407405.0
2026-09-16 20:45:00,0.019402,0.019475,0.019187,0.019338,31411145.0
2026-09-16 21:00:00,0.01934,0.019484,0.019233,0.019267,22593151.0
2026-09-16 21:15:00,0.019271,0.01936,0.019001,0.01912,22692906.0
2026-09-16 21:30:00,0.01912,0.019685,0.019108,0.019264,38468278.0
2026-09-16 21:45:00,0.019264,0.019453,0.01918,0.019249,21837406.0
2026-09-16 22:00:00,0.019249,0.019405,0.019048,0.019094,41309885.0
2026-09-16 22:15:00,0.019091,0.019289,0.018936,0.019236,40278183.0
2026-09-16 22:30:00,0.019236,0.019273,0.019038,0.019153,29126241.0
2026-09-16 22:45:00,0.019157,0.019189,0.01898,0.019076,22425006.0
2026-09-16 23:00:00,0.019075,0.019324,0.019075,0.019179,32923343.0
2026-09-16 23:15:00,0.019177,0.019351,0.019111,0.019187,44505901.0
2026-09-16 23:30:00,0.019187,0.019245,0.019055,0.0191,33182534.0
2026-09-16 23:45:00,0.019099,0.021196,0.01905,0.020332,224182760.0
2026-09-17 00:00:00,0.020331,0.02046,0.01963,0.019755,117153585.0
2026-09-17 00:15:00,0.019751,0.01989,0.019608,0.019688,39196836.0
2026-09-17 00:30:00,0.019692,0.019748,0.019287,0.01947,42365549.0
2026-09-17 00:45:00,0.019471,0.019545,0.019149,0.019224,43215819.0
2026-09-17 01:00:00,0.019225,0.019563,0.019141,0.019187,40575542.0
2026-09-17 01:15:00,0.019184,0.019414,0.019123,0.019339,28523608.0
2026-09-17 01:30:00,0.019338,0.019455,0.018842,0.01908,39298387.0
2026-09-17 01:45:00,0.019081,0.019189,0.018918,0.019035,45865292.0
2026-09-17 02:00:00,0.019032,0.019316,0.018707,0.019014,81924842.0
2026-09-17 02:15:00,0.019013,0.021722,0.018587,0.021205,362737402.0
2026-09-17 02:30:00,0.0212,0.021964,0.020414,0.021723,265035447.0
2026-09-17 02:45:00,0.021725,0.023519,0.019561,0.019785,347388314.0
2026-09-17 03:00:00,0.019781,0.020989,0.019313,0.019548,305496406.0
2026-09-17 03:15:00,0.019551,0.019984,0.019316,0.0196,83197429.0
2026-09-17 03:30:00,0.019603,0.019739,0.019263,0.019411,42084088.0
2026-09-17 03:45:00,0.01941,0.019635,0.019126,0.019506,44581358.0
2026-09-17 04:00:00,0.019516,0.0208,0.019487,0.020309,128637166.0
2026-09-17 04:15:00,0.020308,0.021688,0.020306,0.021261,146477506.0
2026-09-17 04:30:00,0.021262,0.021904,0.021009,0.021732,83937642.0
2026-09-17 04:45:00,0.021736,0.021911,0.020448,0.02049,96989689.0
2026-09-17 05:00:00,0.02049,0.021829,0.019792,0.021031,186817898.0
2026-09-17 05:15:00,0.021033,0.021688,0.021022,0.021533,74137589.0
2026-09-17 05:30:00,0.021537,0.021636,0.020652,0.02146,92438907.0
2026-09-17 05:45:00,0.021464,0.021623,0.021262,0.021561,36854845.0
2026-09-17 06:00:00,0.02156,0.022067,0.021455,0.021487,44409353.0
2026-09-17 06:15:00,0.021487,0.021554,0.021133,0.021267,28577959.0
2026-09-17 06:30:00,0.021266,0.021688,0.021157,0.021543,37700392.0
2026-09-17 06:45:00,0.021543,0.021546,0.021185,0.021228,26299211.0
2026-09-17 07:00:00,0.021229,0.021343,0.020752,0.020954,34933825.0
2026-09-17 07:15:00,0.020952,0.022481,0.020896,0.022107,93127634.0
2026-09-17 07:30:00,0.022093,0.022233,0.0218,0.021968,48781604.0
2026-09-17 07:45:00,0.021969,0.0223,0.021913,0.022185,31515792.0
2026-09-17 08:00:00,0.022186,0.022231,0.02168,0.021792,35825299.0
2026-09-17 08:15:00,0.021791,0.021947,0.021533,0.021662,30850280.0
2026-09-17 08:30:00,0.021669,0.021813,0.02161,0.021666,14707118.0
2026-09-17 08:45:00,0.021665,0.021779,0.02155,0.021739,19173159.0
2026-09-17 09:00:00,0.021738,0.021837,0.021619,0.021702,23624050.0
2026-09-17 09:15:00,0.021702,0.021753,0.021223,0.021427,34591985.0
2026-09-17 09:30:00,0.021426,0.021521,0.021222,0.0213,24484009.0
2026-09-17 09:45:00,0.0213,0.0216,0.021245,0.021415,24282305.0
2026-09-17 10:00:00,0.021414,0.021568,0.021298,0.02131,19806833.0
2026-09-17 10:15:00,0.021305,0.021316,0.021089,0.021126,23234488.0
2026-09-17 10:30:00,0.021126,0.021248,0.021051,0.021077,18984338.0
2026-09-17 10:45:00,0.021081,0.021235,0.021051,0.021134,17067384.0
2026-09-17 11:00:00,0.021133,0.021293,0.021082,0.02119,17773677.0
2026-09-17 11:15:00,0.02119,0.021443,0.021063,0.021395,28038390.0
2026-09-17 11:30:00,0.021397,0.021419,0.021051,0.021077,19046386.0
2026-09-17 11:45:00,0.021077,0.021168,0.021052,0.021087,12889885.0
2026-09-17 12:00:00,0.021087,0.021236,0.021073,0.021105,15825644.0
2026-09-17 12:15:00,0.021104,0.021111,0.020778,0.021028,38430713.0
2026-09-17 12:30:00,0.021029,0.021112,0.020968,0.020998,13373761.0
2026-09-17 12:45:00,0.021002,0.021213,0.020983,0.021132,15413271.0
2026-09-17 13:00:00,0.021132,0.02156,0.021041,0.021413,32670602.0
2026-09-17 13:15:00,0.021413,0.021789,0.021386,0.021541,31581487.0
2026-09-17 13:30:00,0.021541,0.021653,0.021199,0.021453,50765937.0
2026-09-17 13:45:00,0.021452,0.021543,0.021323,0.021477,21794986.0
2026-09-17 14:00:00,0.021477,0.021851,0.021333,0.021588,30759262.0
2026-09-17 14:15:00,0.021588,0.021722,0.02144,0.021643,31337241.0
2026-09-17 14:30:00,0.021642,0.021642,0.0214,0.021483,23249120.0
2026-09-17 14:45:00,0.021485,0.02151,0.021342,0.021408,13875045.0
2026-09-17 15:00:00,0.021412,0.021596,0.021079,0.021211,34353559.0
2026-09-17 15:15:00,0.021212,0.021275,0.021113,0.021166,20794774.0
2026-09-17 15:30:00,0.021166,0.021332,0.021047,0.021133,22579367.0
2026-09-17 15:45:00,0.021132,0.02121,0.021007,0.021076,13899786.0
2026-09-17 16:00:00,0.021076,0.02111,0.020923,0.021049,25707091.0
2026-09-17 16:15:00,0.02105,0.021228,0.020932,0.021168,19930629.0
2026-09-17 16:30:00,0.021168,0.021243,0.020714,0.020903,30558990.0
2026-09-17 16:45:00,0.020903,0.021261,0.020847,0.021097,20304858.0
2026-09-17 17:00:00,0.021096,0.02116,0.020919,0.021018,14250792.0
2026-09-17 17:15:00,0.021017,0.021935,0.020981,0.021575,56221759.0
2026-09-17 17:30:00,0.021576,0.021648,0.020811,0.021049,59203666.0
2026-09-17 17:45:00,0.021048,0.021084,0.020964,0.021036,11548555.0
2026-09-17 18:00:00,0.021036,0.021088,0.020854,0.020926,13451002.0
2026-09-17 18:15:00,0.020926,0.02114,0.020851,0.021066,17233056.0
2026-09-17 18:30:00,0.021065,0.021142,0.020824,0.020859,14698129.0
2026-09-17 18:45:00,0.020858,0.020887,0.020721,0.02079,15727780.0
2026-09-17 19:00:00,0.02079,0.020962,0.020774,0.020939,12714467.0
2026-09-17 19:15:00,0.020941,0.021,0.020865,0.020953,9854225.0
2026-09-17 19:30:00,0.020952,0.020982,0.020858,0.020933,7490104.0
2026-09-17 19:45:00,0.020933,0.021061,0.020872,0.020946,8578092.0
2026-09-17 20:00:00,0.020947,0.021758,0.020935,0.021498,74513110.0
2026-09-17 20:15:00,0.021497,0.02164,0.021025,0.0215,36335566.0
2026-09-17 20:30:00,0.021502,0.021654,0.021484,0.02158,13138828.0
2026-09-17 20:45:00,0.021581,0.021638,0.021465,0.02149,9393246.0
2026-09-17 21:00:00,0.021491,0.0215,0.021328,0.021374,13274778.0
2026-09-17 21:15:00,0.021374,0.021421,0.021123,0.021161,12946919.0
2026-09-17 21:30:00,0.021161,0.021195,0.021024,0.021037,10764458.0
2026-09-17 21:45:00,0.021037,0.02118,0.02103,0.021096,7267461.0
2026-09-17 22:00:00,0.021096,0.021153,0.020909,0.021055,13253230.0
2026-09-17 22:15:00,0.021054,0.021369,0.020973,0.021182,17381058.0
2026-09-17 22:30:00,0.021183,0.021332,0.021127,0.0213,8468504.0
2026-09-17 22:45:00,0.021301,0.021396,0.021235,0.021304,11227946.0
2026-09-17 23:00:00,0.021304,0.02136,0.021243,0.021344,9042999.0
2026-09-17 23:15:00,0.021344,0.021361,0.021212,0.021255,7447280.0
2026-09-17 23:30:00,0.021256,0.021284,0.021206,0.021244,5312464.0
2026-09-17 23:45:00,0.021245,0.021325,0.02122,0.021287,5670380.0
2026-09-18 00:00:00,0.021288,0.021547,0.021267,0.021347,21408640.0
2026-09-18 00:15:00,0.021347,0.021394,0.021156,0.021277,10771127.0
2026-09-18 00:30:00,0.021277,0.021369,0.021032,0.021334,14738165.0
2026-09-18 00:45:00,0.021334,0.021398,0.021067,0.021143,12685528.0
2026-09-18 01:00:00,0.021144,0.021261,0.021079,0.021088,11501876.0
2026-09-18 01:15:00,0.021085,0.021284,0.021012,0.021271,14447398.0
2026-09-18 01:30:00,0.021273,0.021815,0.021058,0.021508,32947374.0
2026-09-18 01:45:00,0.021501,0.022077,0.021401,0.021577,42907184.0
2026-09-18 02:00:00,0.021576,0.021866,0.021311,0.02162,24800320.0
2026-09-18 02:15:00,0.02162,0.021644,0.021426,0.02154,12989970.0
2026-09-18 02:30:00,0.02154,0.02154,0.021138,0.021163,15715097.0
2026-09-18 02:45:00,0.021162,0.021653,0.021144,0.021572,22635118.0
2026-09-18 03:00:00,0.021573,0.021633,0.021407,0.021475,20173242.0
2026-09-18 03:15:00,0.021474,0.021653,0.021319,0.021441,22586381.0
2026-09-18 03:30:00,0.021441,0.021509,0.020977,0.021177,26047391.0
2026-09-18 03:45:00,0.021176,0.021807,0.021176,0.021609,31625911.0
2026-09-18 04:00:00,0.021609,0.021609,0.021371,0.021381,16258820.0
2026-09-18 04:15:00,0.021382,0.021556,0.021364,0.021435,14791171.0
2026-09-18 04:30:00,0.021436,0.021464,0.021228,0.021297,13800712.0
2026-09-18 04:45:00,0.021297,0.021342,0.0212,0.02125,12182665.0
2026-09-18 05:00:00,0.02125,0.021599,0.021219,0.021483,41382957.0
2026-09-18 05:15:00,0.021484,0.02168,0.021405,0.021469,15457819.0
2026-09-18 05:30:00,0.021469,0.021605,0.0214,0.021538,14348189.0
2026-09-18 05:45:00,0.02154,0.021639,0.021496,0.021622,9443024.0
2026-09-18 06:00:00,0.021621,0.021898,0.021423,0.021772,35644877.0
2026-09-18 06:15:00,0.021772,0.023511,0.021646,0.023442,139257418.0
2026-09-18 06:30:00,0.023437,0.023636,0.022805,0.023125,74414243.0
2026-09-18 06:45:00,0.023125,0.0234,0.022869,0.022974,31515533.0
2026-09-18 07:00:00,0.022974,0.02316,0.022837,0.023102,26790887.0
2026-09-18 07:15:00,0.023101,0.023164,0.022971,0.023133,16528332.0
2026-09-18 07:30:00,0.023134,0.024245,0.023126,0.023938,88221606.0
2026-09-18 07:45:00,0.023937,0.024128,0.023766,0.023917,27302818.0
2026-09-18 08:00:00,0.023918,0.023986,0.022924,0.023278,61100381.0
2026-09-18 08:15:00,0.023278,0.024503,0.023127,0.02384,85153958.0
2026-09-18 08:30:00,0.023838,0.024177,0.023469,0.023879,73655282.0
2026-09-18 08:45:00,0.023879,0.024243,0.02378,0.02403,20908665.0
2026-09-18 09:00:00,0.024032,0.024063,0.02357,0.023576,19270079.0
2026-09-18 09:15:00,0.023576,0.023697,0.023529,0.023635,14841466.0
2026-09-18 09:30:00,0.023635,0.024722,0.023626,0.024357,106423335.0
2026-09-18 09:45:00,0.024355,0.024742,0.024238,0.024635,33765768.0
2026-09-18 10:00:00,0.024636,0.026808,0.024402,0.026291,164854803.0
2026-09-18 10:15:00,0.026291,0.026591,0.025207,0.026039,144693680.0
2026-09-18 10:30:00,0.02604,0.02626,0.025166,0.025436,79631057.0
2026-09-18 10:45:00,0.025436,0.025686,0.025012,0.02525,32591075.0
2026-09-18 11:00:00,0.025248,0.025345,0.023612,0.024477,117740765.0
2026-09-18 11:15:00,0.024478,0.024969,0.024075,0.024096,65682842.0
2026-09-18 11:30:00,0.024109,0.026384,0.024109,0.025867,136872891.0
2026-09-18 11:45:00,0.02586,0.026269,0.025567,0.02568,59807635.0
2026-09-18 12:00:00,0.025679,0.02615,0.02558,0.025784,41289481.0
2026-09-18 12:15:00,0.025786,0.0258,0.025304,0.02543,37479851.0
2026-09-18 12:30:00,0.025434,0.025725,0.025331,0.025508,18647253.0
2026-09-18 12:45:00,0.025508,0.026589,0.025508,0.026456,57095211.0
2026-09-18 13:00:00,0.026457,0.026626,0.026037,0.026127,48568127.0
2026-09-18 13:15:00,0.026128,0.026568,0.02601,0.026208,34074067.0
2026-09-18 13:30:00,0.026203,0.026374,0.025869,0.026253,33455124.0
2026-09-18 13:45:00,0.026254,0.02691,0.02604,0.026629,52188790.0
2026-09-18 14:00:00,0.02663,0.02675,0.026175,0.026343,38117451.0
2026-09-18 14:15:00,0.026343,0.026433,0.02605,0.02616,30006842.0
2026-09-18 14:30:00,0.02616,0.026597,0.026043,0.026178,25527293.0
2026-09-18 14:45:00,0.026179,0.026266,0.025755,0.026085,29976752.0
2026-09-18 15:00:00,0.026086,0.026499,0.025948,0.026077,28624736.0
2026-09-18 15:15:00,0.02608,0.026416,0.025988,0.02607,19513608.0
2026-09-18 15:30:00,0.026074,0.026436,0.026072,0.026236,15871814.0
2026-09-18 15:45:00,0.026235,0.026268,0.025771,0.025818,27242629.0
2026-09-18 16:00:00,0.025817,0.026261,0.02581,0.02596,34420187.0
2026-09-18 16:15:00,0.025958,0.0263,0.025916,0.026214,27249674.0
2026-09-18 16:30:00,0.026213,0.028163,0.025937,0.027844,195647791.0
2026-09-18 16:45:00,0.027824,0.028499,0.027007,0.027924,220744716.0
2026-09-18 17:00:00,0.027921,0.02942,0.02781,0.029367,133588573.0
2026-09-18 17:15:00,0.029367,0.032185,0.028812,0.031789,422860516.0
2026-09-18 17:30:00,0.031807,0.0332,0.031651,0.032859,345760469.0
2026-09-18 17:45:00,0.032864,0.034624,0.032544,0.034481,312892547.0
2026-09-18 18:00:00,0.03449,0.036608,0.033728,0.036435,500670304.0
2026-09-18 18:15:00,0.036446,0.038111,0.030351,0.03544,1172240355.0
2026-09-18 18:30:00,0.03544,0.03908,0.035111,0.037155,563095654.0
2026-09-18 18:45:00,0.037144,0.03912,0.036518,0.037781,337969455.0
2026-09-18 19:00:00,0.037775,0.038511,0.037001,0.038406,204113910.0
2026-09-18 19:15:00,0.038406,0.03935,0.036663,0.038462,337217101.0
2026-09-18 19:30:00,0.038462,0.039039,0.038051,0.038731,240867856.0
2026-09-18 19:45:00,0.038732,0.042433,0.037005,0.040096,668234970.0
2026-09-18 20:00:00,0.04009,0.040415,0.036161,0.037733,501849657.0
2026-09-18 20:15:00,0.037733,0.039226,0.03755,0.038888,185082077.0
2026-09-18 20:30:00,0.038894,0.040689,0.0388,0.039818,162353990.0
2026-09-18 20:45:00,0.039806,0.041427,0.039708,0.041085,110448209.0
2026-09-18 21:00:00,0.041105,0.042125,0.040969,0.041908,138784083.0
2026-09-18 21:15:00,0.041929,0.044,0.041335,0.043768,228026220.0
2026-09-18 21:30:00,0.043764,0.04408,0.040767,0.04301,311262755.0
2026-09-18 21:45:00,0.04301,0.04581,0.042702,0.044958,221123499.0
2026-09-18 22:00:00,0.044956,0.045631,0.043641,0.044732,189069477.0
2026-09-18 22:15:00,0.044732,0.04666,0.043628,0.045967,189766509.0
2026-09-18 22:30:00,0.04597,0.04666,0.043765,0.044984,181521070.0
2026-09-18 22:45:00,0.044988,0.045794,0.043662,0.04545,125026211.0
2026-09-18 23:00:00,0.045453,0.047839,0.044333,0.046012,276896789.0
2026-09-18 23:15:00,0.045998,0.046443,0.043139,0.044261,157398480.0
2026-09-18 23:30:00,0.044261,0.045999,0.043519,0.045353,109423625.0
2026-09-18 23:45:00,0.045352,0.046587,0.04528,0.046385,77417648.0
2026-09-19 00:00:00,0.046394,0.04776,0.0455,0.046498,132923094.0
2026-09-19 00:15:00,0.046507,0.04744,0.046413,0.046464,79390988.0
2026-09-19 00:30:00,0.046464,0.047422,0.046436,0.047101,65853066.0
2026-09-19 00:45:00,0.047107,0.04842,0.046222,0.04629,148924538.0
2026-09-19 01:00:00,0.046286,0.046944,0.044181,0.045509,170455879.0
2026-09-19 01:15:00,0.045507,0.04639,0.045017,0.045293,93768580.0
2026-09-19 01:30:00,0.045295,0.04605,0.043626,0.044568,145473854.0
2026-09-19 01:45:00,0.044586,0.045031,0.042808,0.042915,149615897.0
2026-09-19 02:00:00,0.04291,0.04499,0.042676,0.043245,153067716.0
2026-09-19 02:15:00,0.043243,0.044092,0.042682,0.043967,75100864.0
2026-09-19 02:30:00,0.043958,0.044584,0.040204,0.04325,236863862.0
2026-09-19 02:45:00,0.04325,0.043475,0.041488,0.042298,111876271.0
2026-09-19 03:00:00,0.042298,0.042869,0.041749,0.04246,65225232.0
2026-09-19 03:15:00,0.042459,0.042748,0.041135,0.041804,97954390.0
2026-09-19 03:30:00,0.041807,0.042794,0.041559,0.04218,79965966.0
2026-09-19 03:45:00,0.042175,0.042342,0.04145,0.041961,55292392.0
2026-09-19 04:00:00,0.041963,0.043943,0.039795,0.041084,187730425.0
2026-09-19 04:15:00,0.041086,0.044995,0.040971,0.042657,215671361.0
2026-09-19 04:30:00,0.042647,0.047595,0.041859,0.045249,271550392.0
2026-09-19 04:45:00,0.045246,0.048682,0.044087,0.048267,434577822.0
2026-09-19 05:00:00,0.048305,0.049844,0.047303,0.049421,295631686.0
2026-09-19 05:15:00,0.04942,0.054987,0.0451,0.049954,652305485.0
2026-09-19 05:30:00,0.049965,0.056218,0.049883,0.053753,388848521.0
2026-09-19 05:45:00,0.053751,0.057999,0.053253,0.056771,402053772.0
2026-09-19 06:00:00,0.056778,0.057986,0.054998,0.057306,235495587.0
2026-09-19 06:15:00,0.057316,0.06325,0.055202,0.061661,457339558.0
2026-09-19 06:30:00,0.061699,0.06418,0.057401,0.058626,351795027.0
2026-09-19 06:45:00,0.058637,0.059975,0.056135,0.056974,226383619.0
2026-09-19 07:00:00,0.056969,0.058835,0.056273,0.058613,181643736.0
2026-09-19 07:15:00,0.058603,0.064,0.058233,0.059159,363536504.0
2026-09-19 07:30:00,0.05915,0.062032,0.058616,0.060871,172456525.0
2026-09-19 07:45:00,0.06086,0.062,0.059809,0.06118,101300861.0
2026-09-19 08:00:00,0.061179,0.061179,0.057265,0.058957,223754926.0
2026-09-19 08:15:00,0.058957,0.060596,0.058744,0.059628,116594394.0
2026-09-19 08:30:00,0.059646,0.0619,0.0592,0.06101,115401176.0
2026-09-19 08:45:00,0.061001,0.0613,0.058763,0.059913,124706988.0
2026-09-19 09:00:00,0.059926,0.0625,0.059864,0.060962,116299655.0
2026-09-19 09:15:00,0.060967,0.061998,0.059875,0.061502,87682367.0
2026-09-19 09:30:00,0.061513,0.062412,0.0595,0.061822,124585635.0
2026-09-19 09:45:00,0.061822,0.067819,0.061023,0.066514,251822499.0
2026-09-19 10:00:00,0.066551,0.066582,0.061183,0.063235,243873105.0
2026-09-19 10:15:00,0.063249,0.066128,0.062881,0.064583,150466964.0
2026-09-19 10:30:00,0.064582,0.0649,0.063683,0.064349,92572963.0
2026-09-19 10:45:00,0.064349,0.06463,0.060766,0.061462,169243067.0
2026-09-19 11:00:00,0.061474,0.062856,0.060687,0.062274,169182978.0
2026-09-19 11:15:00,0.062274,0.063113,0.060907,0.061494,122309805.0
2026-09-19 11:30:00,0.061503,0.062628,0.061132,0.06229,63783671.0
2026-09-19 11:45:00,0.062289,0.063298,0.061851,0.063168,72056968.0
2026-09-19 12:00:00,0.06316,0.063293,0.061014,0.06279,116223931.0
2026-09-19 12:15:00,0.062781,0.064454,0.061289,0.062183,139908494.0
2026-09-19 12:30:00,0.062178,0.062668,0.06155,0.061767,77541464.0
2026-09-19 12:45:00,0.061768,0.062535,0.05842,0.061364,187541491.0
2026-09-19 13:00:00,0.06137,0.061588,0.0592,0.061096,148647161.0
2026-09-19 13:15:00,0.061092,0.0639,0.060317,0.062469,112521100.0
2026-09-19 13:30:00,0.062471,0.063176,0.06179,0.062389,82534293.0
2026-09-19 13:45:00,0.062385,0.063186,0.062137,0.062352,61268999.0
2026-09-19 14:00:00,0.062355,0.063331,0.061911,0.062075,79682747.0
2026-09-19 14:15:00,0.062071,0.062587,0.0615,0.062201,68500929.0
2026-09-19 14:30:00,0.062204,0.063463,0.062156,0.063169,63929811.0
2026-09-19 14:45:00,0.063169,0.06489,0.063066,0.063641,120610728.0
2026-09-19 15:00:00,0.06364,0.063897,0.061826,0.062647,106287939.0
2026-09-19 15:15:00,0.062655,0.0631,0.061983,0.06243,56685457.0
2026-09-19 15:30:00,0.062431,0.063,0.061502,0.061808,70305581.0
2026-09-19 15:45:00,0.061799,0.063343,0.061213,0.062891,67471641.0
2026-09-19 16:00:00,0.062906,0.063587,0.0618,0.062029,84620741.0
2026-09-19 16:15:00,0.062025,0.0629,0.061713,0.062184,46807705.0
2026-09-19 16:30:00,0.062185,0.06329,0.062091,0.062738,51458271.0
2026-09-19 16:45:00,0.062739,0.06329,0.061687,0.06228,58616610.0
2026-09-19 17:00:00,0.062277,0.08,0.061766,0.067239,808266264.0
2026-09-19 17:15:00,0.067206,0.067899,0.054316,0.056861,448380276.0
2026-09-19 17:30:00,0.05684,0.065294,0.056075,0.062703,323545965.0
2026-09-19 17:45:00,0.062664,0.0639,0.060204,0.062656,133318836.0
2026-09-19 18:00:00,0.06266,0.064666,0.0624,0.063531,99683394.0
2026-09-19 18:15:00,0.063528,0.064628,0.062522,0.064231,86665937.0
2026-09-19 18:30:00,0.064205,0.07,0.063182,0.063814,170692945.0
2026-09-19 18:45:00,0.063836,0.065213,0.062732,0.064045,134237382.0
2026-09-19 19:00:00,0.064044,0.07158,0.063964,0.06898,187877464.0
2026-09-19 19:15:00,0.068955,0.073066,0.068839,0.07252,214211324.0
2026-09-19 19:30:00,0.07252,0.087485,0.07032,0.086,557631025.0
2026-09-19 19:45:00,0.085999,0.0885,0.06488,0.0664,580129583.0
2026-09-19 20:00:00,0.066312,0.0675,0.058207,0.064225,492113719.0
2026-09-19 20:15:00,0.064232,0.064665,0.061451,0.062717,124486134.0
2026-09-19 20:30:00,0.062687,0.064048,0.062377,0.063046,69354027.0
2026-09-19 20:45:00,0.063045,0.06428,0.063011,0.06393,57365207.0
2026-09-19 21:00:00,0.06393,0.06398,0.062788,0.063461,44896318.0
2026-09-19 21:15:00,0.063457,0.064249,0.062924,0.06391,48960940.0
2026-09-19 21:30:00,0.063908,0.065,0.06362,0.064731,63941096.0
2026-09-19 21:45:00,0.064717,0.065,0.06272,0.064061,55629058.0
2026-09-19 22:00:00,0.064061,0.064206,0.063328,0.063696,29833803.0
2026-09-19 22:15:00,0.063696,0.064321,0.063256,0.06326,27692042.0
2026-09-19 22:30:00,0.06326,0.064556,0.06326,0.064504,28123991.0
2026-09-19 22:45:00,0.064499,0.064505,0.063773,0.064212,20443574.0
2026-09-19 23:00:00,0.064212,0.064884,0.063819,0.064816,27753406.0
2026-09-19 23:15:00,0.064825,0.064987,0.064277,0.064675,37873810.0
2026-09-19 23:30:00,0.064675,0.064979,0.064055,0.064365,28560171.0
2026-09-19 23:45:00,0.064365,0.064826,0.064357,0.064543,17989299.0
2026-09-20 00:00:00,0.064542,0.064999,0.063662,0.064263,40961945.0
2026-09-20 00:15:00,0.06425,0.064898,0.064008,0.064734,27973260.0
2026-09-20 00:30:00,0.064732,0.064924,0.063822,0.063874,29868581.0
2026-09-20 00:45:00,0.063865,0.0646,0.063555,0.064374,26189993.0
2026-09-20 01:00:00,0.064374,0.065,0.064084,0.064928,36883731.0
2026-09-20 01:15:00,0.064928,0.065,0.064287,0.06461,29392655.0
2026-09-20 01:30:00,0.064611,0.064999,0.064591,0.064845,23860433.0
2026-09-20 01:45:00,0.06485,0.065,0.06464,0.064957,30263965.0
2026-09-20 02:00:00,0.064956,0.070559,0.061096,0.06711,294971446.0
2026-09-20 02:15:00,0.067094,0.068617,0.065916,0.067145,67368377.0
2026-09-20 02:30:00,0.067145,0.067309,0.064001,0.066067,72211405.0
2026-09-20 02:45:00,0.066065,0.0662,0.057244,0.061253,174145431.0
2026-09-20 03:00:00,0.061245,0.0632,0.056003,0.058874,222552580.0
2026-09-20 03:15:00,0.058874,0.0642,0.05501,0.063791,248316763.0
2026-09-20 03:30:00,0.063813,0.0651,0.062443,0.064337,93046923.0
2026-09-20 03:45:00,0.064341,0.0656,0.064062,0.064762,121992284.0
2026-09-20 04:00:00,0.064763,0.06534,0.063077,0.065,68010409.0
2026-09-20 04:15:00,0.065011,0.0652,0.0647,0.065177,42289465.0
2026-09-20 04:30:00,0.065176,0.0652,0.06492,0.065198,29223979.0
2026-09-20 04:45:00,0.065197,0.0652,0.064976,0.065182,45659681.0
2026-09-20 05:00:00,0.065181,0.0652,0.064986,0.065187,64255520.0
2026-09-20 05:15:00,0.065187,0.0656,0.064234,0.065203,103754597.0
2026-09-20 05:30:00,0.065206,0.065595,0.065187,0.065586,107489585.0
2026-09-20 05:45:00,0.065587,0.065599,0.056452,0.063647,412534717.0
2026-09-20 06:00:00,0.06368,0.065,0.062207,0.0624,138823223.0
2026-09-20 06:15:00,0.062403,0.065346,0.061881,0.064864,106007878.0
2026-09-20 06:30:00,0.064852,0.065498,0.06461,0.065344,59251317.0
2026-09-20 06:45:00,0.065344,0.065472,0.06351,0.064153,64172297.0
2026-09-20 07:00:00,0.064153,0.06548,0.0631,0.065427,85764730.0
2026-09-20 07:15:00,0.06543,0.065591,0.064759,0.065289,52280332.0
2026-09-20 07:30:00,0.065289,0.06566,0.065064,0.065555,67445965.0
2026-09-20 07:45:00,0.065555,0.065967,0.065164,0.065862,178215331.0
2026-09-20 08:00:00,0.06586,0.069994,0.06226,0.067947,387929273.0
2026-09-20 08:15:00,0.067929,0.074159,0.067709,0.071639,208057929.0
2026-09-20 08:30:00,0.071638,0.072659,0.06738,0.07201,162910845.0
2026-09-20 08:45:00,0.07201,0.072731,0.071106,0.071578,110623149.0
2026-09-20 09:00:00,0.071611,0.079533,0.0705,0.079413,260326003.0
2026-09-20 09:15:00,0.079455,0.085671,0.075601,0.085398,305983541.0
2026-09-20 09:30:00,0.08544,0.092412,0.082755,0.086929,430612235.0
2026-09-20 09:45:00,0.086953,0.090306,0.083662,0.087756,238640276.0
2026-09-20 10:00:00,0.087757,0.094164,0.085501,0.0909,266658590.0
2026-09-20 10:15:00,0.090943,0.125513,0.090549,0.1152,872002366.0
2026-09-20 10:30:00,0.115252,0.164696,0.085948,0.095352,1462816890.0
2026-09-20 10:45:00,0.09546,0.098153,0.067602,0.077833,910757222.0
2026-09-20 11:00:00,0.077833,0.07884,0.054427,0.060624,1000446426.0
2026-09-20 11:15:00,0.060649,0.061388,0.052001,0.05435,715293658.0
2026-09-20 11:30:00,0.054351,0.055944,0.045402,0.045928,723350620.0
2026-09-20 11:45:00,0.045929,0.054242,0.045326,0.050986,528899329.0
2026-09-20 12:00:00,0.051003,0.051083,0.046911,0.047853,339120301.0
2026-09-20 12:15:00,0.047854,0.051396,0.0462,0.05066,303808153.0
2026-09-20 12:30:00,0.050652,0.052728,0.049003,0.051267,206830067.0
2026-09-20 12:45:00,0.051282,0.054589,0.050688,0.053308,253638829.0
2026-09-20 13:00:00,0.053283,0.05438,0.048067,0.050291,261268972.0
2026-09-20 13:15:00,0.050296,0.051428,0.049028,0.050323,107278405.0
2026-09-20 13:30:00,0.050315,0.05259,0.049724,0.051737,94326474.0
2026-09-20 13:45:00,0.051737,0.052661,0.051029,0.051145,99035920.0
2026-09-20 14:00:00,0.051144,0.053552,0.050121,0.053342,120850929.0
2026-09-20 14:15:00,0.053358,0.05995,0.0528,0.05865,304228786.0
2026-09-20 14:30:00,0.058634,0.059194,0.052,0.053591,257928957.0
2026-09-20 14:45:00,0.053592,0.05361,0.048339,0.050822,259031927.0
2026-09-20 15:00:00,0.050822,0.052717,0.048794,0.049106,180739909.0
2026-09-20 15:15:00,0.049106,0.051481,0.04843,0.051,119021627.0
2026-09-20 15:30:00,0.051,0.05335,0.050605,0.05277,96694526.0
2026-09-20 15:45:00,0.05277,0.054189,0.05196,0.053345,81074971.0
2026-09-20 16:00:00,0.05333,0.053408,0.050917,0.051959,98558823.0
2026-09-20 16:15:00,0.051959,0.052347,0.051434,0.052062,41478825.0
2026-09-20 16:30:00,0.052061,0.05683,0.05205,0.055713,122321788.0
2026-09-20 16:45:00,0.05571,0.057666,0.054429,0.055815,74493309.0
2026-09-20 17:00:00,0.055817,0.056358,0.054164,0.056281,67381769.0
2026-09-20 17:15:00,0.056284,0.0588,0.056191,0.05856,100400098.0
2026-09-20 17:30:00,0.058566,0.058881,0.057001,0.05836,78669751.0
2026-09-20 17:45:00,0.05836,0.062677,0.058003,0.061527,138286684.0
2026-09-20 18:00:00,0.061539,0.063474,0.061092,0.061927,116272826.0
2026-09-20 18:15:00,0.061935,0.065283,0.06182,0.064859,119781397.0
2026-09-20 18:30:00,0.064884,0.068552,0.064081,0.068377,133057384.0
2026-09-20 18:45:00,0.068391,0.068658,0.050518,0.062863,458759307.0
2026-09-20 19:00:00,0.062828,0.064444,0.05928,0.063192,125654310.0
2026-09-20 19:15:00,0.063191,0.067499,0.062617,0.065176,89566028.0
2026-09-20 19:30:00,0.065165,0.065606,0.06083,0.064139,85706132.0
2026-09-20 19:45:00,0.064135,0.064235,0.06021,0.061533,75015910.0
2026-09-20 20:00:00,0.06155,0.064488,0.061203,0.063201,47810978.0
2026-09-20 20:15:00,0.063203,0.06372,0.06068,0.061388,49521010.0
2026-09-20 20:30:00,0.061395,0.061476,0.057351,0.059762,92141516.0
2026-09-20 20:45:00,0.059753,0.06048,0.058527,0.058874,41651337.0
2026-09-20 21:00:00,0.058876,0.060193,0.058401,0.059114,38840078.0
2026-09-20 21:15:00,0.05913,0.06198,0.058757,0.061728,43555401.0
2026-09-20 21:30:00,0.061736,0.061983,0.059701,0.060652,27044766.0
2026-09-20 21:45:00,0.060639,0.063397,0.06,0.060533,35546526.0
2026-09-20 22:00:00,0.060535,0.061024,0.058382,0.059076,29074528.0
2026-09-20 22:15:00,0.059069,0.059628,0.05878,0.059402,19793370.0
2026-09-20 22:30:00,0.0594,0.060087,0.058108,0.058472,29535266.0
2026-09-20 22:45:00,0.058472,0.059206,0.05639,0.058105,41894357.0
2026-09-20 23:00:00,0.058107,0.058242,0.056153,0.056271,40197671.0
2026-09-20 23:15:00,0.056277,0.057829,0.056226,0.057829,31550455.0
2026-09-20 23:30:00,0.057831,0.05858,0.057132,0.058319,34395967.0
2026-09-20 23:45:00,0.058318,0.059307,0.057952,0.058571,32031155.0
2026-09-21 00:00:00,0.058537,0.059475,0.05682,0.058023,41665030.0
2026-09-21 00:15:00,0.058024,0.0582,0.054144,0.054719,49243482.0
2026-09-21 00:30:00,0.054719,0.055163,0.052733,0.053304,62919803.0
2026-09-21 00:45:00,0.053314,0.054288,0.052287,0.053465,54733566.0
2026-09-21 01:00:00,0.053465,0.05355,0.0515,0.051889,64362045.0
2026-09-21 01:15:00,0.051872,0.05318,0.051671,0.052312,45462014.0
2026-09-21 01:30:00,0.052312,0.053426,0.05,0.051643,95643427.0
2026-09-21 01:45:00,0.051637,0.052116,0.049405,0.051123,75519151.0
2026-09-21 02:00:00,0.051124,0.052251,0.049735,0.050526,81004306.0
2026-09-21 02:15:00,0.05054,0.059946,0.050366,0.052548,200224633.0
2026-09-21 02:30:00,0.052549,0.0548,0.0505,0.051151,88868456.0
2026-09-21 02:45:00,0.051154,0.053782,0.051,0.052694,39682292.0
2026-09-21 03:00:00,0.052696,0.053197,0.051503,0.051934,29343416.0
2026-09-21 03:15:00,0.051938,0.053882,0.051636,0.052797,33891189.0
2026-09-21 03:30:00,0.052796,0.054132,0.052188,0.053757,28374273.0
2026-09-21 03:45:00,0.05374,0.053829,0.051503,0.052059,36469460.0
2026-09-21 04:00:00,0.052074,0.052329,0.050008,0.050463,69099634.0
2026-09-21 04:15:00,0.050472,0.050992,0.044228,0.045239,256111892.0
2026-09-21 04:30:00,0.045272,0.046232,0.042201,0.043789,242922389.0
2026-09-21 04:45:00,0.043792,0.043841,0.0356,0.036569,397986051.0
2026-09-21 05:00:00,0.036578,0.037549,0.033637,0.034139,438373594.0
2026-09-21 05:15:00,0.034141,0.034768,0.031177,0.034619,514095639.0
2026-09-21 05:30:00,0.034608,0.036792,0.0332,0.036382,354533713.0
2026-09-21 05:45:00,0.036383,0.039793,0.03628,0.039671,315008243.0
2026-09-21 06:00:00,0.039692,0.041607,0.038034,0.040265,264645902.0
2026-09-21 06:15:00,0.040264,0.041341,0.038737,0.039043,126333602.0
2026-09-21 06:30:00,0.039043,0.043799,0.03735,0.042907,232571407.0
2026-09-21 06:45:00,0.042887,0.043,0.040211,0.041369,113728977.0
2026-09-21 07:00:00,0.041389,0.043492,0.040871,0.04258,85386638.0
2026-09-21 07:15:00,0.042569,0.042651,0.0391,0.039257,112585715.0
2026-09-21 07:30:00,0.039257,0.040947,0.036601,0.037393,203883426.0
2026-09-21 07:45:00,0.037368,0.038254,0.036202,0.037081,154801308.0
2026-09-21 08:00:00,0.0371,0.039399,0.036709,0.038549,134971829.0
2026-09-21 08:15:00,0.038549,0.039399,0.03824,0.039363,90852039.0
2026-09-21 08:30:00,0.039377,0.039997,0.038397,0.039368,80882248.0
2026-09-21 08:45:00,0.039365,0.041426,0.038441,0.040775,114671172.0
2026-09-21 09:00:00,0.040775,0.0424,0.039787,0.041529,100327226.0
2026-09-21 09:15:00,0.041529,0.042633,0.041023,0.041771,61779092.0
2026-09-21 09:30:00,0.041783,0.043606,0.040685,0.042384,111686668.0
2026-09-21 09:45:00,0.042382,0.044271,0.04166,0.043769,117378923.0
2026-09-21 10:00:00,0.043754,0.044274,0.0419,0.043126,98970454.0
2026-09-21 10:15:00,0.04314,0.044996,0.04314,0.044756,108177488.0
2026-09-21 10:30:00,0.044754,0.045882,0.043802,0.045444,143148888.0
2026-09-21 10:45:00,0.045445,0.045867,0.044823,0.045244,60337488.0
2026-09-21 11:00:00,0.045258,0.047998,0.045106,0.047499,123675917.0
2026-09-21 11:15:00,0.047509,0.049291,0.047123,0.049193,118426804.0
2026-09-21 11:30:00,0.049193,0.049998,0.043338,0.046366,233732579.0
2026-09-21 11:45:00,0.046366,0.053868,0.046171,0.051074,282109023.0
2026-09-21 12:00:00,0.051055,0.0513,0.042752,0.043164,343023736.0
2026-09-21 12:15:00,0.043165,0.049655,0.042553,0.049267,244991755.0
2026-09-21 12:30:00,0.049267,0.050799,0.047376,0.049974,142330236.0
2026-09-21 12:45:00,0.050009,0.053599,0.049854,0.053322,153381034.0
2026-09-21 13:00:00,0.053322,0.057,0.04966,0.05218,340142283.0
2026-09-21 13:15:00,0.052193,0.053392,0.050519,0.053151,96253026.0
2026-09-21 13:30:00,0.053151,0.054294,0.052201,0.053555,74389497.0
2026-09-21 13:45:00,0.053558,0.054263,0.049456,0.050546,119385745.0
2026-09-21 14:00:00,0.050518,0.056475,0.050474,0.054963,114093398.0
2026-09-21 14:15:00,0.054936,0.055083,0.053119,0.053886,62595136.0
2026-09-21 14:30:00,0.053873,0.056769,0.05367,0.055929,79497203.0
2026-09-21 14:45:00,0.055929,0.056624,0.054406,0.055445,97743956.0
2026-09-21 15:00:00,0.055456,0.05596,0.053406,0.05541,97158056.0
2026-09-21 15:15:00,0.05541,0.05581,0.052709,0.0542,80244398.0
2026-09-21 15:30:00,0.054198,0.054286,0.052005,0.053622,74841688.0
2026-09-21 15:45:00,0.053607,0.055703,0.052737,0.055243,69976716.0
2026-09-21 16:00:00,0.055247,0.059648,0.054904,0.058557,142300174.0
2026-09-21 16:15:00,0.058555,0.060968,0.057545,0.058808,113878917.0
2026-09-21 16:30:00,0.058809,0.06013,0.056351,0.056598,88025767.0
2026-09-21 16:45:00,0.056642,0.059004,0.056209,0.058848,66913386.0
2026-09-21 17:00:00,0.058843,0.059806,0.057142,0.057516,58676341.0
2026-09-21 17:15:00,0.057506,0.057852,0.053842,0.054691,118680187.0
2026-09-21 17:30:00,0.054688,0.058899,0.053638,0.056837,90609488.0
2026-09-21 17:45:00,0.05686,0.056997,0.048703,0.05149,162821057.0
2026-09-21 18:00:00,0.051491,0.05479,0.051021,0.0534,132044927.0
2026-09-21 18:15:00,0.053404,0.053596,0.049984,0.052512,109715347.0
2026-09-21 18:30:00,0.052515,0.053636,0.051349,0.052417,64165891.0
2026-09-21 18:45:00,0.052422,0.052877,0.051447,0.051653,43371985.0
2026-09-21 19:00:00,0.05166,0.053767,0.05166,0.052415,43042507.0
2026-09-21 19:15:00,0.052423,0.053454,0.051605,0.053088,39380875.0
2026-09-21 19:30:00,0.053099,0.054334,0.052213,0.053786,41033482.0
2026-09-21 19:45:00,0.053764,0.05543,0.05331,0.0546,47579105.0
2026-09-21 20:00:00,0.0546,0.0553,0.053516,0.054951,37688026.0
2026-09-21 20:15:00,0.054952,0.055791,0.054339,0.055032,31800158.0
2026-09-21 20:30:00,0.05502,0.055685,0.054946,0.055259,18128180.0
2026-09-21 20:45:00,0.055262,0.056927,0.05526,0.05611,33523069.0
2026-09-21 21:00:00,0.056114,0.057184,0.056066,0.056607,26467797.0
2026-09-21 21:15:00,0.056604,0.057145,0.05414,0.05519,77467762.0
2026-09-21 21:30:00,0.055189,0.055829,0.05456,0.055048,21707928.0
2026-09-21 21:45:00,0.055047,0.055753,0.054431,0.055426,13913431.0
2026-09-21 22:00:00,0.055425,0.056134,0.054897,0.055601,21115016.0
2026-09-21 22:15:00,0.05559,0.055653,0.053569,0.054429,36338974.0
2026-09-21 22:30:00,0.054432,0.055603,0.054251,0.054981,24550439.0
2026-09-21 22:45:00,0.054974,0.056417,0.054891,0.055596,25531182.0
2026-09-21 23:00:00,0.055592,0.057639,0.055282,0.057073,28327727.0
2026-09-21 23:15:00,0.057072,0.057725,0.056419,0.057438,28465856.0
2026-09-21 23:30:00,0.05744,0.05858,0.056973,0.058237,38242429.0
2026-09-21 23:45:00,0.058238,0.058247,0.0572,0.057786,25095090.0
2026-09-22 00:00:00,0.057788,0.058721,0.05636,0.056616,39242208.0
2026-09-22 00:15:00,0.056635,0.058249,0.056592,0.058028,28568562.0
2026-09-22 00:30:00,0.058023,0.059356,0.057784,0.058053,39818706.0
2026-09-22 00:45:00,0.05805,0.058096,0.056627,0.057771,29519432.0
2026-09-22 01:00:00,0.057773,0.058522,0.057342,0.057754,29722326.0
2026-09-22 01:15:00,0.057754,0.059356,0.056835,0.058374,53708668.0
2026-09-22 01:30:00,0.058374,0.059349,0.058066,0.058345,26291150.0
2026-09-22 01:45:00,0.058351,0.05865,0.057483,0.058004,22458019.0
2026-09-22 02:00:00,0.058011,0.058826,0.057192,0.057445,23840828.0
2026-09-22 02:15:00,0.057425,0.057804,0.054501,0.054821,95650026.0
2026-09-22 02:30:00,0.054824,0.05633,0.049839,0.056204,218075210.0
2026-09-22 02:45:00,0.056228,0.056933,0.053525,0.056913,65329533.0
2026-09-22 03:00:00,0.056915,0.059543,0.056861,0.058541,85901047.0
2026-09-22 03:15:00,0.05854,0.058992,0.05694,0.05784,50586928.0
2026-09-22 03:30:00,0.05784,0.060447,0.057501,0.060091,62813406.0
2026-09-22 03:45:00,0.060091,0.0642,0.052716,0.05369,230466180.0
2026-09-22 04:00:00,0.053709,0.054151,0.050604,0.052663,157487851.0
2026-09-22 04:15:00,0.05266,0.056193,0.05233,0.055827,93968187.0
2026-09-22 04:30:00,0.055825,0.057469,0.054736,0.056962,84652445.0
2026-09-22 04:45:00,0.056962,0.058196,0.0565,0.057445,61108750.0
2026-09-22 05:00:00,0.057481,0.05832,0.056336,0.057261,66494397.0
2026-09-22 05:15:00,0.057258,0.057997,0.05713,0.057671,43599811.0
2026-09-22 05:30:00,0.057673,0.058499,0.05525,0.055383,64563683.0
2026-09-22 05:45:00,0.055375,0.057499,0.055319,0.056122,61908784.0
2026-09-22 06:00:00,0.05614,0.056765,0.055379,0.056473,46263737.0
2026-09-22 06:15:00,0.056473,0.057418,0.05554,0.056324,35929435.0
2026-09-22 06:30:00,0.056326,0.056333,0.054602,0.055154,44132633.0
2026-09-22 06:45:00,0.055154,0.055184,0.053804,0.053956,45939729.0
2026-09-22 07:00:00,0.05395,0.054329,0.053129,0.053575,52153800.0
2026-09-22 07:15:00,0.053575,0.05642,0.053048,0.05548,73888897.0
2026-09-22 07:30:00,0.05548,0.055515,0.053002,0.053798,51335781.0
2026-09-22 07:45:00,0.053804,0.053957,0.052708,0.053237,46678500.0
2026-09-22 08:00:00,0.05324,0.05483,0.053235,0.053467,37615081.0
2026-09-22 08:15:00,0.053462,0.05445,0.053425,0.054074,26612180.0
2026-09-22 08:30:00,0.054072,0.05436,0.053391,0.054051,23240762.0
2026-09-22 08:45:00,0.054056,0.054227,0.053623,0.054022,20179083.0
2026-09-22 09:00:00,0.054022,0.05483,0.052913,0.053556,46460887.0
2026-09-22 09:15:00,0.05355,0.053863,0.052303,0.052816,46908660.0
2026-09-22 09:30:00,0.052811,0.054,0.052748,0.053116,27433196.0
2026-09-22 09:45:00,0.05312,0.053558,0.052797,0.053455,24674926.0
2026-09-22 10:00:00,0.053459,0.05359,0.052747,0.052964,21595048.0
2026-09-22 10:15:00,0.052964,0.053214,0.052006,0.052829,38522199.0
2026-09-22 10:30:00,0.052826,0.0538,0.052117,0.05308,46588508.0
2026-09-22 10:45:00,0.053082,0.054105,0.0529,0.05371,33088999.0
2026-09-22 11:00:00,0.053711,0.0538,0.05235,0.052414,32273975.0
2026-09-22 11:15:00,0.05241,0.05308,0.052317,0.052729,19898146.0
2026-09-22 11:30:00,0.052728,0.052953,0.052169,0.05253,22251852.0
2026-09-22 11:45:00,0.052531,0.053172,0.052531,0.052822,15297554.0
2026-09-22 12:00:00,0.052821,0.053514,0.052732,0.052853,25671290.0
2026-09-22 12:15:00,0.052854,0.053864,0.05254,0.053527,25493130.0
2026-09-22 12:30:00,0.053523,0.053954,0.0518,0.052812,52711013.0
2026-09-22 12:45:00,0.052812,0.052967,0.052315,0.052595,22873978.0
2026-09-22 13:00:00,0.052595,0.052667,0.051586,0.051901,28350673.0
2026-09-22 13:15:00,0.051901,0.052888,0.051201,0.052836,44774758.0
2026-09-22 13:30:00,0.052823,0.052865,0.051904,0.052528,26499612.0
2026-09-22 13:45:00,0.052532,0.053633,0.052475,0.052896,31648126.0
2026-09-22 14:00:00,0.052894,0.054138,0.052879,0.052996,30138665.0
2026-09-22 14:15:00,0.052994,0.05316,0.05246,0.0526,21740717.0
2026-09-22 14:30:00,0.0526,0.052901,0.052231,0.052768,16941040.0
2026-09-22 14:45:00,0.052767,0.052821,0.050134,0.051379,48763170.0
2026-09-22 15:00:00,0.051377,0.051703,0.049,0.050486,95298104.0
2026-09-22 15:15:00,0.05049,0.052203,0.050456,0.051861,43083206.0
2026-09-22 15:30:00,0.051861,0.052471,0.051694,0.052234,18841491.0
2026-09-22 15:45:00,0.052234,0.052476,0.051692,0.05172,15533781.0
2026-09-22 16:00:00,0.051727,0.053452,0.051701,0.052012,33549813.0
2026-09-22 16:15:00,0.052012,0.053598,0.051974,0.053382,23299885.0
2026-09-22 16:30:00,0.053384,0.053849,0.051755,0.052241,29133385.0
2026-09-22 16:45:00,0.052241,0.052881,0.051963,0.052556,13994767.0
2026-09-22 17:00:00,0.052559,0.052726,0.051751,0.051787,16393123.0
2026-09-22 17:15:00,0.05179,0.052126,0.051589,0.051895,11840546.0
2026-09-22 17:30:00,0.051891,0.052224,0.051762,0.051801,9441830.0
2026-09-22 17:45:00,0.051805,0.052215,0.051757,0.051967,9268072.0
2026-09-22 18:00:00,0.051964,0.052103,0.050692,0.050902,23254410.0
2026-09-22 18:15:00,0.050902,0.051174,0.050645,0.050893,16539888.0
2026-09-22 18:30:00,0.050894,0.050899,0.04858,0.04911,76505827.0
2026-09-22 18:45:00,0.049111,0.049797,0.048847,0.049112,36885423.0
2026-09-22 19:00:00,0.049118,0.050956,0.049046,0.050828,34391223.0
2026-09-22 19:15:00,0.050829,0.05131,0.05047,0.050797,17833088.0
2026-09-22 19:30:00,0.050802,0.051373,0.050798,0.051005,12989406.0
2026-09-22 19:45:00,0.051009,0.051097,0.050548,0.050769,13911892.0
2026-09-22 20:00:00,0.050787,0.051124,0.050135,0.051053,16691212.0
2026-09-22 20:15:00,0.051054,0.051081,0.05037,0.050374,9701444.0
2026-09-22 20:30:00,0.050378,0.050785,0.050301,0.050621,10010810.0
2026-09-22 20:45:00,0.050622,0.050678,0.050246,0.050428,7085237.0
2026-09-22 21:00:00,0.050428,0.051396,0.050287,0.050904,13716275.0
2026-09-22 21:15:00,0.050907,0.051998,0.050809,0.051824,15161506.0
2026-09-22 21:30:00,0.051821,0.052587,0.05078,0.051388,21264760.0
2026-09-22 21:45:00,0.051377,0.051939,0.051166,0.051765,8418067.0
2026-09-22 22:00:00,0.051766,0.0531,0.051766,0.052233,19602334.0
2026-09-22 22:15:00,0.052234,0.052304,0.051613,0.05219,8896719.0
2026-09-22 22:30:00,0.052181,0.052181,0.051206,0.051846,10350116.0
2026-09-22 22:45:00,0.051839,0.05187,0.051405,0.051663,11521934.0
2026-09-22 23:00:00,0.051663,0.05219,0.05085,0.051237,16131633.0
2026-09-22 23:15:00,0.051237,0.051283,0.050654,0.051,15746196.0
2026-09-22 23:30:00,0.050998,0.05157,0.050972,0.05143,8676462.0
2026-09-22 23:45:00,0.051428,0.051471,0.050886,0.050941,8918427.0
2026-09-23 00:00:00,0.050943,0.051683,0.050926,0.051572,11878348.0
2026-09-23 00:15:00,0.051568,0.05185,0.050757,0.050891,11528401.0
2026-09-23 00:30:00,0.050885,0.050885,0.049816,0.049978,25146794.0
2026-09-23 00:45:00,0.049979,0.05019,0.049758,0.050069,10778506.0
2026-09-23 01:00:00,0.050069,0.050577,0.049833,0.050415,14905473.0
2026-09-23 01:15:00,0.050416,0.050922,0.048012,0.048097,34867142.0
2026-09-23 01:30:00,0.048091,0.050159,0.045618,0.048711,109854076.0
2026-09-23 01:45:00,0.048712,0.049055,0.047739,0.048279,34136256.0
2026-09-23 02:00:00,0.048279,0.048775,0.046918,0.047189,52424345.0
2026-09-23 02:15:00,0.047195,0.049,0.046053,0.047412,64616882.0
2026-09-23 02:30:00,0.047416,0.047897,0.04651,0.047257,34981360.0
2026-09-23 02:45:00,0.047254,0.048718,0.047008,0.04808,27427688.0
2026-09-23 03:00:00,0.048082,0.050651,0.047631,0.048722,58212031.0
2026-09-23 03:15:00,0.048722,0.04928,0.047548,0.047962,28911594.0
2026-09-23 03:30:00,0.047967,0.047968,0.04677,0.047098,25963022.0
2026-09-23 03:45:00,0.0471,0.047491,0.046605,0.047174,20252483.0
2026-09-23 04:00:00,0.047175,0.047188,0.045939,0.046237,30878763.0
2026-09-23 04:15:00,0.046237,0.047068,0.046119,0.046675,23841789.0
2026-09-23 04:30:00,0.046675,0.0471,0.046385,0.046862,14590004.0
2026-09-23 04:45:00,0.046861,0.047423,0.04657,0.04729,22229941.0
2026-09-23 05:00:00,0.04729,0.04729,0.0451,0.045661,60336885.0
2026-09-23 05:15:00,0.045661,0.046106,0.045333,0.045825,18980137.0
2026-09-23 05:30:00,0.045826,0.046096,0.043934,0.045315,49216434.0
2026-09-23 05:45:00,0.045316,0.050432,0.045316,0.050358,102287928.0
2026-09-23 06:00:00,0.050348,0.05286,0.047552,0.047966,173088743.0
2026-09-23 06:15:00,0.047973,0.048743,0.046045,0.046279,91461542.0
2026-09-23 06:30:00,0.046279,0.046613,0.045516,0.04585,47227407.0
2026-09-23 06:45:00,0.045854,0.046361,0.045423,0.045512,35024378.0
2026-09-23 07:00:00,0.045512,0.045815,0.045005,0.045535,36002100.0
2026-09-23 07:15:00,0.045542,0.046146,0.04507,0.045367,34786368.0
2026-09-23 07:30:00,0.045367,0.045485,0.043118,0.043621,73588964.0
2026-09-23 07:45:00,0.043621,0.044337,0.041,0.041559,119250486.0
2026-09-23 08:00:00,0.041561,0.042925,0.041505,0.04196,74043041.0
2026-09-23 08:15:00,0.041958,0.04249,0.041623,0.041843,32964893.0
2026-09-23 08:30:00,0.041847,0.0424,0.041163,0.042305,35729117.0
2026-09-23 08:45:00,0.042308,0.042311,0.040114,0.041195,54423336.0
2026-09-23 09:00:00,0.041186,0.041792,0.040609,0.041013,40021136.0
2026-09-23 09:15:00,0.04102,0.04291,0.039733,0.041616,90637625.0
2026-09-23 09:30:00,0.041616,0.044108,0.041535,0.043818,93728766.0
2026-09-23 09:45:00,0.043817,0.044852,0.043421,0.044525,70704470.0
2026-09-23 10:00:00,0.044541,0.047879,0.044163,0.047481,117656716.0
2026-09-23 10:15:00,0.047476,0.0475,0.045635,0.046575,70379017.0
2026-09-23 10:30:00,0.046574,0.049536,0.046385,0.049163,81753191.0
2026-09-23 10:45:00,0.049164,0.0496,0.046952,0.047438,82852048.0
2026-09-23 11:00:00,0.047435,0.049391,0.047367,0.049126,47050260.0
2026-09-23 11:15:00,0.049126,0.049753,0.048465,0.048917,38794249.0
2026-09-23 11:30:00,0.048919,0.049319,0.048586,0.048922,26100320.0
2026-09-23 11:45:00,0.048921,0.049248,0.047859,0.04876,31411818.0
2026-09-23 12:00:00,0.048761,0.05025,0.04873,0.049693,43687946.0
2026-09-23 12:15:00,0.049686,0.05022,0.049441,0.050096,25273144.0
2026-09-23 12:30:00,0.050098,0.051828,0.050088,0.051092,74518592.0
2026-09-23 12:45:00,0.051089,0.05154,0.050786,0.051251,24792921.0
2026-09-23 13:00:00,0.051253,0.051708,0.050857,0.051595,33631299.0
2026-09-23 13:15:00,0.051596,0.052279,0.051115,0.051438,38666981.0
2026-09-23 13:30:00,0.051442,0.051567,0.046727,0.047443,161232609.0
2026-09-23 13:45:00,0.047442,0.051546,0.047433,0.050647,97163547.0
2026-09-23 14:00:00,0.050663,0.050986,0.04806,0.049024,71078081.0
2026-09-23 14:15:00,0.049023,0.049732,0.047708,0.048286,55300971.0
2026-09-23 14:30:00,0.048281,0.048319,0.046774,0.047339,52888797.0
2026-09-23 14:45:00,0.047346,0.04762,0.046496,0.047186,36544853.0
2026-09-23 15:00:00,0.047183,0.047366,0.046157,0.046528,37996056.0
2026-09-23 15:15:00,0.046529,0.046767,0.046001,0.046326,25560933.0
2026-09-23 15:30:00,0.046335,0.047261,0.046186,0.046921,30629943.0
2026-09-23 15:45:00,0.04692,0.046967,0.045814,0.046456,33074552.0
2026-09-23 16:00:00,0.046468,0.046773,0.045027,0.046052,48246587.0
2026-09-23 16:15:00,0.046056,0.046187,0.045113,0.045259,22259235.0
2026-09-23 16:30:00,0.04526,0.048769,0.045187,0.046834,64652338.0
2026-09-23 16:45:00,0.046833,0.047832,0.045737,0.047122,50354965.0
2026-09-23 17:00:00,0.047116,0.048197,0.04707,0.047464,35584116.0
2026-09-23 17:15:00,0.047465,0.048168,0.047228,0.047613,21409027.0
2026-09-23 17:30:00,0.047613,0.048244,0.047516,0.048001,15011029.0
2026-09-23 17:45:00,0.048,0.048112,0.046734,0.046888,22108573.0
2026-09-23 18:00:00,0.046889,0.048145,0.046716,0.047933,20479744.0
2026-09-23 18:15:00,0.047934,0.048493,0.047428,0.047755,21652903.0
2026-09-23 18:30:00,0.047755,0.04893,0.047745,0.048686,18473435.0
2026-09-23 18:45:00,0.048694,0.048739,0.048031,0.048138,12756913.0
2026-09-23 19:00:00,0.04814,0.048257,0.0473,0.047504,17404002.0
2026-09-23 19:15:00,0.047501,0.047625,0.045698,0.04603,28721214.0
2026-09-23 19:30:00,0.046027,0.046236,0.045505,0.045833,22431392.0
2026-09-23 19:45:00,0.045829,0.045888,0.045608,0.045788,12085293.0
2026-09-23 20:00:00,0.045788,0.045819,0.04522,0.045372,14998351.0
2026-09-23 20:15:00,0.045373,0.045448,0.044836,0.04494,20294634.0
2026-09-23 20:30:00,0.044942,0.045487,0.044877,0.045117,13160883.0
2026-09-23 20:45:00,0.045114,0.045114,0.0438,0.044046,34496741.0
2026-09-23 21:00:00,0.044045,0.044592,0.044015,0.044409,16627541.0
2026-09-23 21:15:00,0.044411,0.044427,0.04371,0.043961,16943281.0
2026-09-23 21:30:00,0.043958,0.044321,0.043845,0.044149,10757900.0
2026-09-23 21:45:00,0.04415,0.04424,0.043506,0.04375,10820434.0
2026-09-23 22:00:00,0.043751,0.043937,0.043431,0.043547,9589943.0
2026-09-23 22:15:00,0.043547,0.043701,0.043392,0.043461,7840954.0
2026-09-23 22:30:00,0.043461,0.043987,0.043399,0.043917,11166075.0
2026-09-23 22:45:00,0.043916,0.04454,0.04358,0.044118,15464743.0
2026-09-23 23:00:00,0.044115,0.044419,0.043861,0.044391,11388963.0
2026-09-23 23:15:00,0.044401,0.044531,0.043496,0.043542,16374999.0
2026-09-23 23:30:00,0.043543,0.043664,0.043052,0.043265,15727499.0
2026-09-23 23:45:00,0.043266,0.043522,0.042762,0.043341,21414999.0
2026-09-24 00:00:00,0.043335,0.044073,0.043139,0.043685,22729934.0
2026-09-24 00:15:00,0.043682,0.043756,0.043085,0.043206,10967939.0
2026-09-24 00:30:00,0.043208,0.043325,0.042602,0.042851,21525160.0
2026-09-24 00:45:00,0.042851,0.0431,0.042431,0.042728,21307218.0
2026-09-24 01:00:00,0.042726,0.042992,0.042323,0.042544,17245472.0
2026-09-24 01:15:00,0.042545,0.042625,0.042199,0.04262,18067338.0
2026-09-24 01:30:00,0.042624,0.042743,0.04226,0.042566,12065309.0
2026-09-24 01:45:00,0.042566,0.04268,0.04224,0.042499,12484623.0
2026-09-24 02:00:00,0.042498,0.042826,0.042423,0.042537,12351900.0
2026-09-24 02:15:00,0.042538,0.042885,0.042211,0.042619,12796272.0
2026-09-24 02:30:00,0.042618,0.042657,0.041887,0.042212,16746109.0
2026-09-24 02:45:00,0.042214,0.042347,0.04182,0.042252,12025273.0
2026-09-24 03:00:00,0.042253,0.042397,0.041541,0.041764,16812105.0
2026-09-24 03:15:00,0.041762,0.042945,0.041029,0.042048,56611532.0
2026-09-24 03:30:00,0.042045,0.042045,0.04138,0.041504,14318918.0
2026-09-24 03:45:00,0.041506,0.041698,0.041358,0.041525,11840270.0
2026-09-24 04:00:00,0.041521,0.042028,0.041488,0.041784,13548668.0
2026-09-24 04:15:00,0.041783,0.042036,0.041294,0.041912,11265910.0
2026-09-24 04:30:00,0.041913,0.042075,0.041359,0.041638,10715180.0
2026-09-24 04:45:00,0.041638,0.041695,0.040672,0.041131,19703844.0
2026-09-24 05:00:00,0.041131,0.041518,0.040845,0.041217,20551062.0
2026-09-24 05:15:00,0.041217,0.041437,0.041067,0.041399,11279137.0
2026-09-24 05:30:00,0.041399,0.041688,0.041106,0.041168,12066311.0
2026-09-24 05:45:00,0.041168,0.04117,0.040446,0.040702,19375899.0
2026-09-24 06:00:00,0.040703,0.041054,0.040351,0.040944,21056292.0
2026-09-24 06:15:00,0.040928,0.041063,0.040578,0.040819,12932726.0
2026-09-24 06:30:00,0.040819,0.041006,0.040531,0.040736,10840584.0
2026-09-24 06:45:00,0.040736,0.040818,0.040288,0.040476,14919769.0
2026-09-24 07:00:00,0.040471,0.04066,0.039523,0.039969,42705137.0
2026-09-24 07:15:00,0.03997,0.040412,0.039699,0.039912,23080860.0
2026-09-24 07:30:00,0.039912,0.04252,0.038101,0.04078,119790206.0
2026-09-24 07:45:00,0.040779,0.046274,0.040543,0.046047,241226352.0
2026-09-24 08:00:00,0.046053,0.047828,0.04243,0.04701,324017242.0
2026-09-24 08:15:00,0.047028,0.047535,0.045157,0.045813,112571369.0
2026-09-24 08:30:00,0.045808,0.048542,0.045261,0.04793,126796955.0
2026-09-24 08:45:00,0.047916,0.048283,0.047448,0.048097,65136925.0
2026-09-24 09:00:00,0.0481,0.04868,0.046266,0.047504,88232090.0
2026-09-24 09:15:00,0.047501,0.047973,0.045555,0.046419,88877531.0
2026-09-24 09:30:00,0.046423,0.046733,0.045885,0.046198,41727774.0
2026-09-24 09:45:00,0.046197,0.046356,0.044234,0.044747,56576586.0
2026-09-24 10:00:00,0.044743,0.045037,0.040783,0.040823,162590209.0
2026-09-24 10:15:00,0.040822,0.043176,0.040107,0.042525,145999065.0
2026-09-24 10:30:00,0.04253,0.043264,0.041452,0.041996,69398446.0
2026-09-24 10:45:00,0.042004,0.042529,0.041512,0.041716,34104434.0
2026-09-24 11:00:00,0.041722,0.041933,0.040502,0.040626,46890087.0
2026-09-24 11:15:00,0.040623,0.041268,0.040502,0.040774,34019188.0
2026-09-24 11:30:00,0.040774,0.040777,0.040307,0.040677,23393363.0
2026-09-24 11:45:00,0.040671,0.041357,0.040305,0.04057,25028479.0
2026-09-24 12:00:00,0.040573,0.04149,0.040171,0.041237,35943326.0
2026-09-24 12:15:00,0.041266,0.041279,0.040462,0.040622,29922696.0
2026-09-24 12:30:00,0.040622,0.040739,0.03999,0.040343,35712336.0
2026-09-24 12:45:00,0.040347,0.04084,0.040253,0.040713,22052292.0
2026-09-24 13:00:00,0.040716,0.040914,0.040214,0.040646,27614148.0
2026-09-24 13:15:00,0.040646,0.043144,0.040586,0.042848,78345936.0
2026-09-24 13:30:00,0.042846,0.042947,0.04158,0.042414,45018505.0
2026-09-24 13:45:00,0.042405,0.044033,0.042075,0.043549,52777248.0
2026-09-24 14:00:00,0.043546,0.044582,0.043476,0.043987,54878399.0
2026-09-24 14:15:00,0.043979,0.045106,0.043953,0.044996,39485909.0
2026-09-24 14:30:00,0.044998,0.045485,0.044491,0.044892,47974600.0
2026-09-24 14:45:00,0.044891,0.045875,0.0441,0.045525,60468967.0
2026-09-24 15:00:00,0.045526,0.045986,0.043829,0.044155,49310000.0
2026-09-24 15:15:00,0.044156,0.045742,0.044155,0.045457,29430557.0
2026-09-24 15:30:00,0.045459,0.045471,0.044677,0.044857,18990476.0
2026-09-24 15:45:00,0.044864,0.045442,0.044466,0.044588,18694174.0
2026-09-24 16:00:00,0.044591,0.044728,0.044002,0.044069,27519697.0
2026-09-24 16:15:00,0.044078,0.0445,0.043002,0.04305,39571064.0
2026-09-24 16:30:00,0.043058,0.043126,0.042598,0.042763,34843208.0
2026-09-24 16:45:00,0.042762,0.042835,0.04187,0.042107,37025370.0
2026-09-24 17:00:00,0.042107,0.042107,0.041214,0.041276,30928084.0
2026-09-24 17:15:00,0.041275,0.041542,0.04053,0.040622,46416877.0
2026-09-24 17:30:00,0.040624,0.040887,0.040158,0.040256,28913483.0
2026-09-24 17:45:00,0.040253,0.040253,0.038696,0.039117,77947061.0
2026-09-24 18:00:00,0.039118,0.040831,0.03782,0.040253,169225628.0
2026-09-24 18:15:00,0.04025,0.04039,0.039308,0.039992,55973648.0
2026-09-24 18:30:00,0.039993,0.040196,0.038832,0.039324,35170244.0
2026-09-24 18:45:00,0.039316,0.039914,0.038905,0.03924,26905675.0
2026-09-24 19:00:00,0.039242,0.039295,0.037684,0.0384,45397557.0
2026-09-24 19:15:00,0.0384,0.039153,0.038117,0.038549,35709470.0
2026-09-24 19:30:00,0.038549,0.041,0.037385,0.038201,105817105.0
2026-09-24 19:45:00,0.0382,0.038925,0.037451,0.037744,52810588.0
2026-09-24 20:00:00,0.037755,0.038249,0.037143,0.037382,50220895.0
2026-09-24 20:15:00,0.037383,0.037906,0.037008,0.037325,39343157.0
2026-09-24 20:30:00,0.037325,0.037584,0.037001,0.037492,26854486.0
2026-09-24 20:45:00,0.037492,0.0375,0.036325,0.036941,43680053.0
2026-09-24 21:00:00,0.036942,0.037203,0.036061,0.036411,36342999.0
2026-09-24 21:15:00,0.036403,0.037489,0.036199,0.0369,38834823.0
2026-09-24 21:30:00,0.036895,0.036922,0.036207,0.036292,21270384.0
2026-09-24 21:45:00,0.036293,0.036639,0.035853,0.03608,22582660.0
2026-09-24 22:00:00,0.036082,0.03609,0.035279,0.035674,39268619.0
2026-09-24 22:15:00,0.035674,0.03589,0.03536,0.035597,19856108.0
2026-09-24 22:30:00,0.035596,0.036249,0.035322,0.035507,22635658.0
2026-09-24 22:45:00,0.035513,0.035821,0.03545,0.035634,12823676.0
2026-09-24 23:00:00,0.035633,0.036032,0.035,0.0351,37533232.0
2026-09-24 23:15:00,0.035102,0.035316,0.034704,0.034946,32387593.0
2026-09-24 23:30:00,0.034947,0.035299,0.034728,0.035057,27270180.0
2026-09-24 23:45:00,0.035059,0.036053,0.035058,0.035753,35019880.0
2026-09-25 00:00:00,0.03576,0.035908,0.035131,0.035759,33380348.0
2026-09-25 00:15:00,0.035759,0.0359,0.035237,0.035371,21186384.0
2026-09-25 00:30:00,0.035371,0.035697,0.035125,0.035361,16566052.0
2026-09-25 00:45:00,0.035363,0.035384,0.034625,0.035127,35658239.0
2026-09-25 01:00:00,0.035118,0.035498,0.034948,0.035312,22478947.0
2026-09-25 01:15:00,0.035313,0.035793,0.035046,0.035085,30034348.0
2026-09-25 01:30:00,0.035083,0.035727,0.034987,0.035311,19104373.0
2026-09-25 01:45:00,0.035312,0.03553,0.0351,0.035262,15925238.0
2026-09-25 02:00:00,0.035264,0.035373,0.034357,0.034947,36099435.0
2026-09-25 02:15:00,0.034948,0.035343,0.034569,0.035126,23602527.0
2026-09-25 02:30:00,0.035126,0.035218,0.034685,0.03504,21926919.0
2026-09-25 02:45:00,0.035037,0.035135,0.034784,0.034879,14213029.0
2026-09-25 03:00:00,0.034878,0.037718,0.034878,0.035311,141950736.0
2026-09-25 03:15:00,0.035301,0.037656,0.034738,0.036938,87146904.0
2026-09-25 03:30:00,0.036955,0.039063,0.03688,0.038855,85771898.0
2026-09-25 03:45:00,0.038852,0.039557,0.038079,0.038931,66343843.0
2026-09-25 04:00:00,0.038932,0.039499,0.038132,0.038484,62070976.0
2026-09-25 04:15:00,0.038483,0.03957,0.037398,0.039241,83697454.0
2026-09-25 04:30:00,0.039241,0.039342,0.03828,0.039009,31820300.0
2026-09-25 04:45:00,0.039006,0.039169,0.036802,0.037914,67042675.0
2026-09-25 05:00:00,0.037915,0.038968,0.037534,0.038351,43276331.0
2026-09-25 05:15:00,0.038353,0.038885,0.036561,0.038844,71566143.0
2026-09-25 05:30:00,0.03884,0.040989,0.038791,0.039627,110589802.0
2026-09-25 05:45:00,0.03963,0.039855,0.038708,0.038942,33611193.0
2026-09-25 06:00:00,0.038943,0.039305,0.037854,0.037915,49665832.0
2026-09-25 06:15:00,0.037917,0.037954,0.0367,0.03697,58369077.0
2026-09-25 06:30:00,0.03697,0.037327,0.036158,0.036452,45501855.0
2026-09-25 06:45:00,0.036452,0.036746,0.036012,0.03645,28923937.0
2026-09-25 07:00:00,0.03645,0.036963,0.035855,0.036122,34766977.0
2026-09-25 07:15:00,0.036122,0.03628,0.035631,0.03595,39184146.0
2026-09-25 07:30:00,0.035949,0.036585,0.035882,0.036106,25770242.0
2026-09-25 07:45:00,0.036104,0.036274,0.035412,0.035542,30575597.0
2026-09-25 08:00:00,0.035548,0.035826,0.035154,0.035452,40167316.0
2026-09-25 08:15:00,0.035455,0.035573,0.03512,0.035469,28599347.0
2026-09-25 08:30:00,0.035468,0.03548,0.034901,0.035018,39353770.0
2026-09-25 08:45:00,0.035016,0.035166,0.03475,0.035076,31917249.0
2026-09-25 09:00:00,0.035077,0.035319,0.034675,0.035018,37910807.0
2026-09-25 09:15:00,0.035021,0.035519,0.034776,0.034987,34234006.0
2026-09-25 09:30:00,0.034984,0.03535,0.034733,0.034866,25476665.0
2026-09-25 09:45:00,0.034865,0.035301,0.034707,0.035234,20765582.0
2026-09-25 10:00:00,0.035234,0.035768,0.034995,0.035165,32553596.0
2026-09-25 10:15:00,0.035166,0.035242,0.034941,0.035097,15703413.0
2026-09-25 10:30:00,0.035097,0.035143,0.0348,0.035142,17575577.0
2026-09-25 10:45:00,0.035143,0.035854,0.03496,0.035426,30438390.0
2026-09-25 11:00:00,0.035425,0.035678,0.035091,0.035509,30124300.0
2026-09-25 11:15:00,0.03551,0.035923,0.035431,0.035628,25655284.0
2026-09-25 11:30:00,0.035627,0.035788,0.035228,0.035349,18138714.0
2026-09-25 11:45:00,0.03535,0.035448,0.034877,0.035194,23555640.0
2026-09-25 12:00:00,0.035194,0.03572,0.035138,0.03523,25582285.0
2026-09-25 12:15:00,0.03523,0.035574,0.033616,0.035503,96115396.0
2026-09-25 12:30:00,0.035502,0.035794,0.035154,0.035447,31607020.0
2026-09-25 12:45:00,0.035444,0.035654,0.035154,0.035453,19015108.0
2026-09-25 13:00:00,0.035454,0.035627,0.035349,0.035582,14847475.0
2026-09-25 13:15:00,0.035581,0.035888,0.035302,0.035338,24077077.0
2026-09-25 13:30:00,0.035343,0.035596,0.035204,0.035392,13774277.0
2026-09-25 13:45:00,0.035392,0.036931,0.035226,0.03679,89872508.0
2026-09-25 14:00:00,0.036792,0.037156,0.036021,0.03669,70197956.0
2026-09-25 14:15:00,0.036689,0.037318,0.035917,0.03633,63565360.0
2026-09-25 14:30:00,0.036328,0.037017,0.035255,0.036442,70136773.0
2026-09-25 14:45:00,0.036434,0.036591,0.03601,0.036414,16241580.0
2026-09-25 15:00:00,0.036413,0.03655,0.036168,0.036323,16760370.0
2026-09-25 15:15:00,0.036323,0.036549,0.036008,0.036247,20795735.0
2026-09-25 15:30:00,0.036249,0.037234,0.036203,0.037118,32730775.0
2026-09-25 15:45:00,0.037119,0.037388,0.036634,0.037093,26300113.0
2026-09-25 16:00:00,0.037103,0.038886,0.037063,0.038101,94606502.0
2026-09-25 16:15:00,0.038108,0.039,0.03806,0.038785,53287961.0
2026-09-25 16:30:00,0.038788,0.038962,0.036359,0.036799,82481316.0
2026-09-25 16:45:00,0.0368,0.036933,0.035874,0.036091,33817503.0
2026-09-25 17:00:00,0.036091,0.036342,0.035885,0.036176,21109706.0
2026-09-25 17:15:00,0.036177,0.036266,0.035563,0.035616,24184518.0
2026-09-25 17:30:00,0.035615,0.03566,0.035075,0.035238,27839766.0
2026-09-25 17:45:00,0.035238,0.035522,0.034801,0.034944,29979608.0
2026-09-25 18:00:00,0.03494,0.035425,0.032278,0.032665,153630759.0
2026-09-25 18:15:00,0.032665,0.034239,0.032618,0.033531,84859965.0
2026-09-25 18:30:00,0.033531,0.033988,0.032753,0.033368,79328000.0
2026-09-25 18:45:00,0.03337,0.033635,0.032956,0.033118,31728247.0
2026-09-25 19:00:00,0.033117,0.033231,0.032128,0.032479,42425985.0
2026-09-25 19:15:00,0.032481,0.032775,0.032155,0.032193,30940809.0
2026-09-25 19:30:00,0.032185,0.032363,0.032017,0.032065,28209782.0
2026-09-25 19:45:00,0.032064,0.032599,0.031614,0.032268,56222311.0
2026-09-25 20:00:00,0.032269,0.033995,0.032268,0.033491,79529449.0
2026-09-25 20:15:00,0.033491,0.033895,0.033294,0.033815,31812819.0
2026-09-25 20:30:00,0.033815,0.033953,0.03314,0.033341,28093960.0
2026-09-25 20:45:00,0.033343,0.033353,0.032836,0.033026,18814300.0
2026-09-25 21:00:00,0.033029,0.0334,0.03256,0.032632,26669240.0
2026-09-25 21:15:00,0.032632,0.032746,0.032325,0.03248,18463049.0
2026-09-25 21:30:00,0.032484,0.032491,0.031918,0.032163,21098014.0
2026-09-25 21:45:00,0.032162,0.03257,0.032142,0.03233,11964864.0
2026-09-25 22:00:00,0.032336,0.032907,0.032122,0.032656,19038176.0
2026-09-25 22:15:00,0.032661,0.032915,0.0326,0.032815,13917212.0
2026-09-25 22:30:00,0.032819,0.033329,0.032818,0.032996,20609905.0
2026-09-25 22:45:00,0.032996,0.033128,0.032685,0.032731,11461213.0
2026-09-25 23:00:00,0.032735,0.032743,0.032228,0.0325,20332668.0
2026-09-25 23:15:00,0.032503,0.032634,0.032256,0.032411,15496368.0
2026-09-25 23:30:00,0.03241,0.032875,0.032203,0.032618,19685075.0
2026-09-25 23:45:00,0.032621,0.032885,0.032546,0.032779,13587943.0
2026-09-26 00:00:00,0.032778,0.033512,0.032615,0.033351,25980708.0
2026-09-26 00:15:00,0.033352,0.033514,0.033023,0.033161,19424512.0
2026-09-26 00:30:00,0.033161,0.033349,0.032924,0.033129,13514299.0
2026-09-26 00:45:00,0.033129,0.033213,0.03291,0.033073,11608055.0
2026-09-26 01:00:00,0.033072,0.033445,0.032725,0.032874,17818594.0
2026-09-26 01:15:00,0.032875,0.033984,0.032851,0.03382,22047705.0
2026-09-26 01:30:00,0.033819,0.033836,0.033362,0.033534,20636747.0
2026-09-26 01:45:00,0.033534,0.033692,0.033004,0.033278,24685803.0
2026-09-26 02:00:00,0.033277,0.033594,0.033016,0.033334,17624323.0
2026-09-26 02:15:00,0.033332,0.033525,0.033166,0.033288,10865547.0
2026-09-26 02:30:00,0.033286,0.0335,0.033146,0.033314,9929319.0
2026-09-26 02:45:00,0.033311,0.033312,0.032967,0.033119,11353818.0
2026-09-26 03:00:00,0.033119,0.03333,0.032956,0.033046,10718820.0
2026-09-26 03:15:00,0.033043,0.033067,0.032777,0.033041,17738843.0
2026-09-26 03:30:00,0.033042,0.033193,0.032949,0.03307,11478355.0
2026-09-26 03:45:00,0.033069,0.033284,0.032845,0.032882,14724693.0
2026-09-26 04:00:00,0.032881,0.033013,0.032536,0.032898,18911585.0
