timestamp,open,high,low,close,volume
2026-07-28 11:45:00,63376.0,63487.8,63367.7,63430.8,703.714
2026-07-28 12:00:00,63430.7,63510.7,63401.1,63415.6,754.544
2026-07-28 12:15:00,63415.5,63487.0,63397.0,63401.6,603.4
2026-07-28 12:30:00,63401.7,63456.1,63355.4,63450.0,869.659
2026-07-28 12:45:00,63450.0,63548.8,63405.0,63520.1,1061.09
2026-07-28 13:00:00,63520.1,63568.6,63449.9,63479.7,918.289
2026-07-28 13:15:00,63479.7,63479.7,63277.0,63282.6,1676.333
2026-07-28 13:30:00,63282.6,63366.4,62815.0,62966.1,7647.255
2026-07-28 13:45:00,62966.1,63098.3,62660.1,63078.9,6562.595
2026-07-28 14:00:00,63078.9,63281.6,63078.8,63128.5,3111.682
2026-07-28 14:15:00,63128.4,63220.0,62937.0,63158.2,2640.243
2026-07-28 14:30:00,63158.2,63398.0,63125.4,63327.2,2457.524
2026-07-28 14:45:00,63327.3,63521.0,63290.2,63384.1,2549.624
2026-07-28 15:00:00,63384.0,63472.0,63231.9,63432.5,2241.12
2026-07-28 15:15:00,63432.4,63949.9,63340.6,63722.3,7293.96
2026-07-28 15:30:00,63722.3,63919.8,63667.1,63841.2,2489.679
2026-07-28 15:45:00,63841.1,64014.2,63767.0,63899.4,3210.705
2026-07-28 16:00:00,63899.5,63912.3,63780.0,63791.9,1385.12
2026-07-28 16:15:00,63791.9,63930.0,63768.0,63809.6,959.33
2026-07-28 16:30:00,63809.6,63920.0,63746.4,63889.8,1149.126
2026-07-28 16:45:00,63889.8,64084.5,63840.3,64020.0,2211.509
2026-07-28 17:00:00,64019.9,64020.0,63769.4,63782.9,1499.003
2026-07-28 17:15:00,63782.9,63813.3,63675.0,63710.0,1500.678
2026-07-28 17:30:00,63710.0,63710.1,63477.2,63538.3,2501.974
2026-07-28 17:45:00,63538.3,63666.3,63537.7,63666.0,836.933
2026-07-28 18:00:00,63666.0,63824.0,63654.6,63670.7,1267.18
2026-07-28 18:15:00,63670.8,63720.4,63651.7,63679.5,523.644
2026-07-28 18:30:00,63679.4,63753.3,63646.6,63730.9,371.886
2026-07-28 18:45:00,63731.0,63780.0,63664.0,63710.8,358.602
2026-07-28 19:00:00,63710.8,63837.6,63710.8,63739.3,534.69
2026-07-28 19:15:00,63739.3,63775.2,63699.8,63728.5,438.198
2026-07-28 19:30:00,63728.6,63857.8,63663.3,63676.7,725.252
2026-07-28 19:45:00,63676.7,63882.4,63650.1,63882.4,967.867
2026-07-28 20:00:00,63882.4,63972.6,63850.4,63960.7,1213.218
2026-07-28 20:15:00,63960.7,63993.2,63869.9,63880.0,891.982
2026-07-28 20:30:00,63880.0,63918.7,63853.4,63906.1,702.832
2026-07-28 20:45:00,63906.1,63920.1,63873.4,63890.8,282.487
2026-07-28 21:00:00,63890.7,63971.0,63887.4,63895.1,461.272
2026-07-28 21:15:00,63895.1,63908.7,63863.8,63894.2,276.987
2026-07-28 21:30:00,63894.2,64042.1,63878.6,64009.9,1030.444
2026-07-28 21:45:00,64010.0,64047.9,63943.6,63950.1,576.173
2026-07-28 22:00:00,63950.1,63994.6,63885.9,63969.0,653.93
2026-07-28 22:15:00,63969.0,64000.0,63893.4,63893.4,584.243
2026-07-28 22:30:00,63893.4,63893.4,63833.7,63852.9,952.763
2026-07-28 22:45:00,63852.9,63852.9,63739.8,63754.6,1085.454
2026-07-28 23:00:00,63754.6,63766.4,63575.1,63599.8,2002.341
2026-07-28 23:15:00,63599.8,63636.1,63526.0,63607.5,1465.201
2026-07-28 23:30:00,63607.6,63826.4,63607.5,63814.5,1758.011
2026-07-28 23:45:00,63814.5,63934.3,63792.1,63903.6,1174.453
2026-07-29 00:00:00,63903.6,64175.0,63901.4,63987.2,2504.106
2026-07-29 00:15:00,63987.2,64066.0,63922.9,63986.5,1027.381
2026-07-29 00:30:00,63986.5,64077.9,63846.0,64059.9,1129.221
2026-07-29 00:45:00,64059.9,64169.4,63905.6,63927.5,1110.593
2026-07-29 01:00:00,63927.5,63978.7,63770.6,63795.2,1129.944
2026-07-29 01:15:00,63795.3,63924.0,63747.0,63890.8,1201.177
2026-07-29 01:30:00,63890.7,63916.6,63762.4,63786.1,983.911
2026-07-29 01:45:00,63786.1,63811.8,63657.8,63682.5,1391.906
2026-07-29 02:00:00,63682.5,63849.2,63630.0,63812.2,1520.049
2026-07-29 02:15:00,63812.3,64002.1,63662.8,64002.1,1208.133
2026-07-29 02:30:00,64002.1,64110.5,63925.3,64003.4,1735.418
2026-07-29 02:45:00,64003.5,64022.8,63891.6,63955.0,958.455
2026-07-29 03:00:00,63955.0,63984.7,63819.0,63913.3,1042.818
2026-07-29 03:15:00,63913.3,63947.1,63759.1,63773.5,973.146
2026-07-29 03:30:00,63773.5,63854.2,63684.7,63749.1,1647.433
2026-07-29 03:45:00,63749.1,63780.0,63687.0,63727.0,1329.543
2026-07-29 04:00:00,63727.0,63748.9,63569.5,63719.6,1593.355
2026-07-29 04:15:00,63719.6,63813.4,63606.1,63785.2,1143.101
2026-07-29 04:30:00,63785.2,63935.3,63753.3,63841.1,783.244
2026-07-29 04:45:00,63841.0,63950.0,63821.0,63944.2,777.021
2026-07-29 05:00:00,63944.3,63999.0,63906.6,63975.1,1044.968
2026-07-29 05:15:00,63975.1,63975.2,63866.4,63928.2,798.664
2026-07-29 05:30:00,63928.2,64025.0,63894.0,63994.3,805.901
2026-07-29 05:45:00,63994.4,64071.1,63984.7,64045.3,925.165
2026-07-29 06:00:00,64045.3,64126.2,64004.7,64098.7,1243.626
2026-07-29 06:15:00,64098.7,64385.0,64070.3,64379.8,3533.141
2026-07-29 06:30:00,64379.8,64444.0,64360.1,64439.4,2819.831
2026-07-29 06:45:00,64439.5,64439.5,64367.7,64407.7,1679.206
2026-07-29 07:00:00,64407.8,64465.2,64376.1,64435.9,1639.231
2026-07-29 07:15:00,64435.9,64483.9,64404.0,64481.9,1426.281
2026-07-29 07:30:00,64481.8,64490.0,64411.9,64468.6,825.546
2026-07-29 07:45:00,64468.7,64544.0,64428.6,64539.0,1562.35
2026-07-29 08:00:00,64539.1,64556.6,64327.9,64342.2,2591.419
2026-07-29 08:15:00,64342.3,64375.3,64258.3,64275.6,1379.912
2026-07-29 08:30:00,64275.6,64402.5,64251.0,64402.5,1017.158
2026-07-29 08:45:00,64402.5,64497.0,64366.6,64391.2,699.735
2026-07-29 09:00:00,64391.2,64440.0,64353.2,64430.1,540.715
2026-07-29 09:15:00,64430.2,64450.0,64397.1,64435.7,581.334
2026-07-29 09:30:00,64435.8,64676.9,64435.8,64572.5,3051.322
2026-07-29 09:45:00,64572.5,64715.9,64482.8,64660.7,1731.891
2026-07-29 10:00:00,64660.8,64680.0,64590.9,64634.7,1357.621
2026-07-29 10:15:00,64634.7,64691.4,64580.6,64593.7,805.696
2026-07-29 10:30:00,64593.7,64650.0,64534.7,64636.0,813.178
2026-07-29 10:45:00,64635.9,64636.0,64381.2,64444.0,1718.885
2026-07-29 11:00:00,64444.0,64514.5,64408.8,64490.0,896.597
2026-07-29 11:15:00,64490.0,64565.2,64445.3,64461.1,814.887
2026-07-29 11:30:00,64461.2,64469.0,64390.4,64391.0,707.063
2026-07-29 11:45:00,64391.0,64480.0,64388.0,64480.0,509.619
2026-07-29 12:00:00,64479.9,64480.0,64400.0,64422.8,661.864
2026-07-29 12:15:00,64422.8,64422.8,64243.9,64304.6,1793.004
2026-07-29 12:30:00,64304.7,64355.5,64250.1,64305.1,888.762
2026-07-29 12:45:00,64305.1,64313.6,64175.4,64248.2,1029.802
2026-07-29 13:00:00,64248.2,64305.7,64190.0,64298.6,1378.476
2026-07-29 13:15:00,64298.6,64305.5,64113.6,64177.7,1700.463
2026-07-29 13:30:00,64177.6,64467.8,64114.7,64444.4,3349.675
2026-07-29 13:45:00,64444.3,64639.9,64281.4,64634.6,4166.15
2026-07-29 14:00:00,64634.6,64688.0,64203.0,64236.4,2857.345
2026-07-29 14:15:00,64236.4,64375.3,64091.2,64171.9,2479.182
2026-07-29 14:30:00,64171.4,64282.7,64019.0,64071.8,2104.943
2026-07-29 14:45:00,64071.9,64232.4,64026.1,64078.1,1445.969
2026-07-29 15:00:00,64078.2,64170.7,64034.1,64106.5,1073.817
2026-07-29 15:15:00,64106.6,64137.0,63940.0,64071.1,2207.042
2026-07-29 15:30:00,64071.0,64163.4,63946.4,63958.2,1664.269
2026-07-29 15:45:00,63958.1,64025.6,63857.4,63940.2,1859.796
2026-07-29 16:00:00,63940.2,63985.8,63873.1,63927.8,1843.667
2026-07-29 16:15:00,63927.8,64131.9,63891.3,63998.6,1580.998
2026-07-29 16:30:00,63998.5,64054.0,63600.0,63669.1,4238.126
2026-07-29 16:45:00,63669.2,63811.6,63630.0,63786.6,2542.332
2026-07-29 17:00:00,63786.6,63854.7,63680.1,63849.9,2111.845
2026-07-29 17:15:00,63849.9,63850.0,63723.4,63738.2,932.547
2026-07-29 17:30:00,63738.2,63957.8,63710.5,63942.3,1170.166
2026-07-29 17:45:00,63942.2,64287.3,63905.7,64247.5,2871.188
2026-07-29 18:00:00,64247.4,64703.9,64227.9,64313.7,11553.907
2026-07-29 18:15:00,64313.7,64370.0,63956.6,64071.9,3789.319
2026-07-29 18:30:00,64072.0,64433.4,63742.9,64381.0,5661.846
2026-07-29 18:45:00,64380.9,64620.0,64325.5,64484.5,3778.94
2026-07-29 19:00:00,64484.4,64575.7,64151.0,64259.0,3281.782
2026-07-29 19:15:00,64259.0,64393.9,63931.8,64013.3,3071.452
2026-07-29 19:30:00,64013.1,64095.7,63820.2,63853.6,2499.816
2026-07-29 19:45:00,63853.5,63882.1,63483.9,63564.1,5442.195
2026-07-29 20:00:00,63564.0,63623.8,63336.0,63585.4,4539.692
2026-07-29 20:15:00,63585.5,63701.3,63371.6,63500.0,2674.209
2026-07-29 20:30:00,63500.1,63721.0,63470.4,63562.2,1756.161
2026-07-29 20:45:00,63562.2,63584.0,63445.0,63487.9,834.135
2026-07-29 21:00:00,63487.8,63500.1,63234.0,63459.3,3759.958
2026-07-29 21:15:00,63459.3,63549.6,63339.6,63539.5,1199.718
2026-07-29 21:30:00,63539.6,63611.0,63504.9,63531.2,1122.695
2026-07-29 21:45:00,63531.2,63831.8,63500.6,63831.1,3279.413
2026-07-29 22:00:00,63831.2,64082.8,63831.1,63990.1,4091.843
2026-07-29 22:15:00,63990.1,64108.4,63948.2,64016.6,2198.139
2026-07-29 22:30:00,64016.5,64033.2,63893.0,63983.4,1367.185
2026-07-29 22:45:00,63983.4,64000.0,63881.3,63916.9,604.167
2026-07-29 23:00:00,63916.9,63965.2,63868.0,63896.1,632.674
2026-07-29 23:15:00,63896.2,64044.4,63891.9,63980.9,1041.078
2026-07-29 23:30:00,63980.9,64009.6,63890.6,63982.4,558.493
2026-07-29 23:45:00,63982.4,64036.8,63921.3,63958.9,575.157
2026-07-30 00:00:00,63958.9,64074.0,63955.9,64007.6,804.848
2026-07-30 00:15:00,64007.6,64098.2,63933.0,63979.8,770.292
2026-07-30 00:30:00,63979.8,63987.0,63669.6,63669.7,2523.662
2026-07-30 00:45:00,63669.6,63730.7,63576.4,63673.7,2175.385
2026-07-30 01:00:00,63673.7,63858.0,63663.2,63677.6,1501.984
2026-07-30 01:15:00,63677.7,63820.0,63662.6,63810.8,629.27
2026-07-30 01:30:00,63810.8,64049.9,63810.8,64034.1,1899.378
2026-07-30 01:45:00,64034.1,64355.9,64015.6,64245.3,2810.227
2026-07-30 02:00:00,64245.2,64373.6,64212.4,64302.6,1322.878
2026-07-30 02:15:00,64302.5,64393.0,64272.1,64327.2,1044.889
2026-07-30 02:30:00,64327.2,64332.2,64189.5,64296.2,867.677
2026-07-30 02:45:00,64296.2,64296.2,64139.0,64163.7,528.867
2026-07-30 03:00:00,64163.7,64246.5,64109.0,64173.9,623.56
2026-07-30 03:15:00,64173.9,64282.8,64165.5,64243.7,739.88
2026-07-30 03:30:00,64243.7,64243.7,64113.5,64134.7,648.875
2026-07-30 03:45:00,64134.8,64198.4,64129.0,64134.0,371.723
2026-07-30 04:00:00,64134.0,64152.3,64075.0,64100.4,565.871
2026-07-30 04:15:00,64100.4,64110.6,64065.1,64075.6,599.042
2026-07-30 04:30:00,64075.5,64135.6,64028.1,64069.9,949.213
2026-07-30 04:45:00,64069.9,64121.9,63980.0,63998.5,536.161
2026-07-30 05:00:00,63998.6,64016.2,63907.2,63956.8,1120.194
2026-07-30 05:15:00,63956.8,63989.1,63881.0,63984.8,943.127
2026-07-30 05:30:00,63984.8,64156.4,63972.0,64093.5,897.511
2026-07-30 05:45:00,64093.5,64132.7,63970.1,64013.6,449.788
2026-07-30 06:00:00,64013.5,64054.3,63954.9,63970.7,410.817
2026-07-30 06:15:00,63970.6,64054.8,63939.7,64054.7,393.891
2026-07-30 06:30:00,64054.8,64054.8,63947.1,63983.1,368.663
2026-07-30 06:45:00,63983.1,63997.8,63930.0,63974.6,312.991
2026-07-30 07:00:00,63974.6,64121.9,63966.3,64032.8,734.867
2026-07-30 07:15:00,64032.8,64120.0,63961.3,64037.7,1024.954
2026-07-30 07:30:00,64037.7,64042.7,63913.6,64014.7,653.907
2026-07-30 07:45:00,64014.6,64014.8,63952.6,63981.9,746.129
2026-07-30 08:00:00,63981.9,64043.1,63950.0,63978.1,639.06
2026-07-30 08:15:00,63978.1,64326.4,63953.0,64240.1,1717.369
2026-07-30 08:30:00,64240.1,64324.0,64205.1,64323.1,1254.13
2026-07-30 08:45:00,64323.1,64334.6,64261.0,64280.4,621.159
2026-07-30 09:00:00,64280.4,64394.9,64257.1,64383.2,825.366
2026-07-30 09:15:00,64383.1,64508.7,64362.4,64469.7,1577.052
2026-07-30 09:30:00,64469.7,64618.1,64469.7,64571.8,2505.826
2026-07-30 09:45:00,64571.7,64616.8,64550.0,64550.0,1785.824
2026-07-30 10:00:00,64550.0,64610.0,64543.8,64549.0,1559.668
2026-07-30 10:15:00,64548.9,64612.5,64544.3,64600.7,717.978
2026-07-30 10:30:00,64600.8,64604.5,64538.2,64591.4,930.699
2026-07-30 10:45:00,64591.4,64596.0,64545.5,64548.9,467.114
2026-07-30 11:00:00,64548.9,64605.0,64515.1,64581.4,832.753
2026-07-30 11:15:00,64581.4,64646.4,64545.3,64553.7,723.109
2026-07-30 11:30:00,64553.8,64695.8,64521.3,64638.3,1654.881
2026-07-30 11:45:00,64638.3,64870.0,64623.6,64766.8,4331.485
2026-07-30 12:00:00,64766.9,65015.6,64765.6,64960.6,3481.422
2026-07-30 12:15:00,64960.7,65000.0,64834.6,64854.8,2301.604
2026-07-30 12:30:00,64854.8,64922.9,64810.5,64810.7,2369.394
2026-07-30 12:45:00,64810.7,64917.4,64810.7,64892.6,981.451
2026-07-30 13:00:00,64892.7,64937.9,64799.6,64817.8,1938.243
2026-07-30 13:15:00,64817.7,64856.7,64785.2,64809.9,917.576
2026-07-30 13:30:00,64809.8,64996.9,64663.0,64991.1,4391.423
2026-07-30 13:45:00,64991.2,65157.0,64960.2,64995.9,6763.645
2026-07-30 14:00:00,64995.8,65015.3,64687.6,64701.1,3699.293
2026-07-30 14:15:00,64701.1,64828.7,64588.4,64751.1,3070.918
2026-07-30 14:30:00,64751.0,64836.2,64700.0,64773.5,1331.153
2026-07-30 14:45:00,64773.4,64818.5,64603.3,64649.0,1577.607
2026-07-30 15:00:00,64649.1,64798.5,64571.4,64692.3,1645.015
2026-07-30 15:15:00,64692.4,64861.4,64654.0,64654.8,1244.027
2026-07-30 15:30:00,64654.8,64749.5,64600.2,64730.8,1136.888
2026-07-30 15:45:00,64730.9,64769.8,64659.1,64694.2,711.598
2026-07-30 16:00:00,64694.2,64933.0,64694.2,64899.5,1564.059
2026-07-30 16:15:00,64899.6,64921.8,64809.4,64851.9,679.822
2026-07-30 16:30:00,64852.0,64870.0,64732.5,64741.0,625.105
2026-07-30 16:45:00,64741.0,64817.9,64741.0,64785.1,416.657
2026-07-30 17:00:00,64785.1,64840.0,64738.1,64770.6,570.884
2026-07-30 17:15:00,64770.7,64931.8,64758.0,64911.7,728.818
2026-07-30 17:30:00,64911.7,64957.2,64790.3,64919.6,823.722
2026-07-30 17:45:00,64919.6,64920.0,64822.2,64842.4,370.639
2026-07-30 18:00:00,64842.4,64871.1,64788.4,64791.0,385.07
2026-07-30 18:15:00,64791.0,64791.0,64718.4,64765.8,404.73
2026-07-30 18:30:00,64765.8,64791.0,64680.0,64704.7,655.626
2026-07-30 18:45:00,64704.6,64704.7,64657.4,64668.9,475.781
2026-07-30 19:00:00,64668.9,64835.4,64668.8,64803.6,596.016
2026-07-30 19:15:00,64803.5,64875.0,64775.1,64856.4,471.313
2026-07-30 19:30:00,64856.3,64856.4,64797.9,64809.4,278.267
2026-07-30 19:45:00,64809.4,64834.9,64750.0,64778.6,619.477
2026-07-30 20:00:00,64778.5,64909.0,64729.5,64766.5,1204.738
2026-07-30 20:15:00,64766.4,64849.9,64737.7,64764.4,257.87
2026-07-30 20:30:00,64764.3,64857.8,64723.4,64847.4,834.04
2026-07-30 20:45:00,64847.4,64865.6,64750.0,64750.0,426.678
2026-07-30 21:00:00,64750.0,64780.8,64709.1,64730.6,435.6
2026-07-30 21:15:00,64730.7,64739.3,64721.2,64725.2,171.965
2026-07-30 21:30:00,64725.3,64774.9,64719.9,64740.3,373.925
2026-07-30 21:45:00,64740.3,64750.0,64678.2,64706.5,454.373
2026-07-30 22:00:00,64706.6,64953.6,64636.3,64908.0,1954.264
2026-07-30 22:15:00,64908.1,64979.4,64876.1,64975.7,613.652
2026-07-30 22:30:00,64975.6,64995.0,64844.6,64887.4,742.04
2026-07-30 22:45:00,64887.4,64900.0,64814.6,64827.4,376.569
2026-07-30 23:00:00,64827.3,64920.0,64806.0,64917.9,393.574
2026-07-30 23:15:00,64917.9,64923.0,64870.0,64906.1,257.987
2026-07-30 23:30:00,64906.1,65062.9,64749.9,64788.8,3120.575
2026-07-30 23:45:00,64788.8,64866.6,64698.5,64750.0,1896.645
2026-07-31 00:00:00,64750.0,64878.0,64734.4,64793.2,972.964
2026-07-31 00:15:00,64793.2,64799.7,64700.0,64744.6,606.642
2026-07-31 00:30:00,64744.5,64795.0,64708.8,64771.8,678.161
2026-07-31 00:45:00,64771.7,64782.2,64663.7,64698.5,715.773
2026-07-31 01:00:00,64698.5,65391.3,64698.5,65162.8,8082.528
2026-07-31 01:15:00,65162.7,65208.7,65001.7,65160.1,2288.349
2026-07-31 01:30:00,65160.1,65160.1,64800.0,64803.3,1881.934
2026-07-31 01:45:00,64803.3,64877.0,64444.0,64535.1,4496.868
2026-07-31 02:00:00,64535.2,64593.3,64435.0,64461.8,2301.403
2026-07-31 02:15:00,64461.8,64461.9,64310.8,64331.7,2379.069
2026-07-31 02:30:00,64331.6,64397.1,64177.9,64200.8,3054.771
2026-07-31 02:45:00,64200.9,64336.9,64189.0,64271.9,1825.513
2026-07-31 03:00:00,64272.0,64272.0,64138.0,64233.5,1528.449
2026-07-31 03:15:00,64233.5,64400.0,64188.8,64355.1,1904.901
2026-07-31 03:30:00,64355.1,64396.5,64264.1,64360.2,1179.387
2026-07-31 03:45:00,64360.2,64410.4,64313.9,64344.0,1241.921
2026-07-31 04:00:00,64344.0,64425.6,64318.9,64341.4,1482.389
2026-07-31 04:15:00,64341.4,64350.0,64210.0,64313.4,863.023
2026-07-31 04:30:00,64313.4,64345.0,64261.3,64282.9,494.662
2026-07-31 04:45:00,64282.8,64308.4,64268.1,64281.6,325.997
2026-07-31 05:00:00,64281.6,64395.0,64281.6,64392.9,1018.116
2026-07-31 05:15:00,64392.8,64396.7,64300.8,64300.8,455.705
2026-07-31 05:30:00,64300.9,64339.4,64260.3,64260.4,454.859
2026-07-31 05:45:00,64260.3,64348.7,64242.5,64334.4,639.343
2026-07-31 06:00:00,64334.3,64365.9,64291.9,64352.9,415.353
2026-07-31 06:15:00,64352.9,64432.4,64331.3,64432.4,752.224
2026-07-31 06:30:00,64432.3,64476.8,64242.9,64249.9,1438.978
2026-07-31 06:45:00,64249.9,64254.0,64179.9,64208.5,1549.129
2026-07-31 07:00:00,64208.4,64217.0,63957.4,64038.5,3241.973
2026-07-31 07:15:00,64038.6,64070.3,63959.2,63969.3,1634.269
2026-07-31 07:30:00,63969.3,64002.6,63835.6,63885.1,4324.515
2026-07-31 07:45:00,63885.1,63986.0,63885.0,63909.1,2033.574
2026-07-31 08:00:00,63909.1,63942.7,63825.5,63915.8,1940.594
2026-07-31 08:15:00,63915.7,63950.0,63831.8,63930.1,1252.764
2026-07-31 08:30:00,63930.1,63930.1,63777.7,63818.6,1791.354
2026-07-31 08:45:00,63818.6,63877.5,63779.9,63801.9,1295.063
2026-07-31 09:00:00,63801.8,63820.0,63722.0,63774.7,1165.212
2026-07-31 09:15:00,63774.7,63782.4,63661.1,63669.9,1255.746
2026-07-31 09:30:00,63670.0,63704.1,63601.2,63665.2,2061.443
2026-07-31 09:45:00,63665.3,63725.3,63653.3,63689.0,772.89
2026-07-31 10:00:00,63689.1,63711.1,63577.0,63701.6,1429.295
2026-07-31 10:15:00,63701.7,63792.5,63667.5,63790.0,1380.16
2026-07-31 10:30:00,63790.0,63875.6,63789.9,63870.2,1650.034
2026-07-31 10:45:00,63870.2,63923.4,63838.6,63886.1,886.116
2026-07-31 11:00:00,63886.2,63982.2,63871.2,63881.6,1310.479
2026-07-31 11:15:00,63881.7,63944.3,63829.2,63868.8,663.531
2026-07-31 11:30:00,63868.8,63875.2,63811.2,63816.1,676.321
2026-07-31 11:45:00,63816.0,63831.2,63755.1,63779.4,1005.671
2026-07-31 12:00:00,63779.4,63804.1,63674.0,63695.0,1423.28
2026-07-31 12:15:00,63695.0,63752.1,63671.6,63722.6,769.013
2026-07-31 12:30:00,63722.6,63722.7,63595.3,63635.4,1629.921
2026-07-31 12:45:00,63635.3,63738.7,63628.6,63727.4,1191.708
2026-07-31 13:00:00,63727.4,63758.9,63692.4,63739.7,921.963
2026-07-31 13:15:00,63739.7,63807.5,63731.0,63799.1,1271.705
2026-07-31 13:30:00,63799.1,63799.1,63430.3,63432.4,6559.635
2026-07-31 13:45:00,63432.4,63505.8,63216.2,63248.1,7024.951
2026-07-31 14:00:00,63248.0,63291.6,62410.5,62669.6,20517.228
2026-07-31 14:15:00,62669.6,62733.0,62502.9,62624.0,8353.135
2026-07-31 14:30:00,62623.9,62794.8,62575.0,62665.5,4736.314
2026-07-31 14:45:00,62665.5,62785.1,62568.0,62663.8,3773.519
2026-07-31 15:00:00,62663.9,62686.3,62525.0,62592.6,2406.863
2026-07-31 15:15:00,62592.7,62694.2,62458.0,62560.1,2579.97
2026-07-31 15:30:00,62560.1,62749.7,62535.6,62734.4,2599.607
2026-07-31 15:45:00,62734.3,62736.1,62608.5,62695.4,1572.392
2026-07-31 16:00:00,62695.3,62885.6,62680.1,62845.0,2751.55
2026-07-31 16:15:00,62845.1,62913.4,62769.1,62898.9,1921.797
2026-07-31 16:30:00,62898.8,62903.2,62785.1,62825.8,981.786
2026-07-31 16:45:00,62825.8,62865.2,62790.0,62849.4,668.092
2026-07-31 17:00:00,62849.4,62908.0,62780.8,62884.2,801.801
2026-07-31 17:15:00,62884.2,62985.0,62850.2,62952.9,1734.05
2026-07-31 17:30:00,62952.9,63079.0,62932.6,63034.3,1613.647
2026-07-31 17:45:00,63034.4,63270.1,63034.3,63215.6,2612.503
2026-07-31 18:00:00,63215.6,63275.7,63106.2,63116.6,1761.654
2026-07-31 18:15:00,63116.5,63157.2,63017.7,63024.7,1421.672
2026-07-31 18:30:00,63024.7,63067.9,62935.1,63008.0,1399.976
2026-07-31 18:45:00,63008.0,63151.7,63005.7,63064.9,1049.833
2026-07-31 19:00:00,63065.0,63133.0,63000.0,63041.5,723.384
2026-07-31 19:15:00,63041.4,63047.0,62990.1,62993.5,424.152
2026-07-31 19:30:00,62993.4,63001.9,62906.3,62973.4,897.596
2026-07-31 19:45:00,62973.5,63029.7,62924.4,62947.2,844.799
2026-07-31 20:00:00,62947.1,62976.4,62913.0,62973.5,627.482
2026-07-31 20:15:00,62973.5,63003.0,62949.3,62974.3,415.295
2026-07-31 20:30:00,62974.2,62979.6,62922.0,62962.4,552.427
2026-07-31 20:45:00,62962.5,62981.5,62901.0,62928.7,673.714
2026-07-31 21:00:00,62928.7,62984.1,62814.1,62981.8,987.982
2026-07-31 21:15:00,62981.7,63013.0,62968.1,62984.9,653.421
2026-07-31 21:30:00,62984.8,63006.9,62963.1,63004.8,664.716
2026-07-31 21:45:00,63004.7,63037.0,62896.0,62924.7,514.305
2026-07-31 22:00:00,62924.8,62996.7,62835.0,62971.9,1088.555
2026-07-31 22:15:00,62972.0,62994.5,62959.1,62959.2,371.984
2026-07-31 22:30:00,62959.2,62976.1,62887.3,62919.0,417.466
2026-07-31 22:45:00,62919.1,62940.0,62886.2,62916.7,428.845
2026-07-31 23:00:00,62916.8,62980.7,62916.7,62946.9,323.834
2026-07-31 23:15:00,62946.9,62990.0,62941.0,62955.7,281.961
2026-07-31 23:30:00,62955.8,62969.3,62919.4,62919.4,328.522
2026-07-31 23:45:00,62919.4,62919.5,62825.0,62859.9,895.515
2026-08-01 00:00:00,62859.9,62945.4,62859.8,62927.2,703.907
2026-08-01 00:15:00,62927.2,62974.4,62905.5,62942.0,373.555
2026-08-01 00:30:00,62942.0,62972.8,62905.2,62971.4,463.008
2026-08-01 00:45:00,62971.3,62995.0,62902.2,62909.4,392.378
2026-08-01 01:00:00,62909.4,62944.0,62909.4,62944.0,255.706
2026-08-01 01:15:00,62943.9,62964.6,62888.9,62923.9,613.916
2026-08-01 01:30:00,62924.0,62953.5,62897.2,62945.0,255.63
2026-08-01 01:45:00,62945.1,62955.2,62916.8,62946.7,196.636
2026-08-01 02:00:00,62946.7,63004.8,62946.7,62992.2,287.043
2026-08-01 02:15:00,62992.1,63059.9,62992.1,63037.3,559.006
2026-08-01 02:30:00,63037.4,63068.7,63037.3,63043.4,344.78
2026-08-01 02:45:00,63043.4,63084.6,63023.4,63040.8,506.311
2026-08-01 03:00:00,63040.8,63045.7,62958.4,62958.4,478.933
2026-08-01 03:15:00,62958.5,63025.0,62937.5,62984.5,301.458
2026-08-01 03:30:00,62984.6,63000.0,62944.6,62970.6,459.538
2026-08-01 03:45:00,62970.6,62988.1,62950.0,62973.8,321.939
2026-08-01 04:00:00,62973.8,62989.0,62964.1,62989.0,241.77
2026-08-01 04:15:00,62989.0,63023.2,62988.9,63015.5,186.182
2026-08-01 04:30:00,63015.5,63040.1,63013.9,63040.1,129.968
2026-08-01 04:45:00,63040.0,63079.2,63035.7,63073.9,311.666
2026-08-01 05:00:00,63074.0,63118.7,63030.0,63094.1,553.319
2026-08-01 05:15:00,63094.2,63094.2,63040.7,63066.6,357.556
2026-08-01 05:30:00,63066.5,63073.3,62979.9,62983.4,496.365
2026-08-01 05:45:00,62983.4,63011.0,62969.6,62999.8,449.978
2026-08-01 06:00:00,62999.8,63014.9,62965.2,63001.9,330.592
2026-08-01 06:15:00,63001.9,63053.1,62979.0,63035.3,326.942
2026-08-01 06:30:00,63035.4,63046.0,63029.3,63033.8,278.319
2026-08-01 06:45:00,63033.9,63051.0,63030.3,63049.9,136.322
2026-08-01 07:00:00,63049.9,63086.3,63049.9,63081.8,245.287
2026-08-01 07:15:00,63081.7,63081.8,63036.7,63040.0,241.638
2026-08-01 07:30:00,63039.9,63040.0,63001.4,63014.4,428.67
2026-08-01 07:45:00,63014.4,63025.7,63012.2,63019.6,295.325
2026-08-01 08:00:00,63019.6,63072.2,63019.5,63072.2,237.587
2026-08-01 08:15:00,63072.2,63073.5,63061.9,63062.0,148.207
2026-08-01 08:30:00,63062.0,63080.1,63061.9,63070.0,155.959
2026-08-01 08:45:00,63070.0,63126.6,63059.1,63097.4,392.584
2026-08-01 09:00:00,63097.4,63111.4,63082.0,63084.5,294.369
2026-08-01 09:15:00,63084.6,63098.0,63069.1,63079.3,292.223
2026-08-01 09:30:00,63079.2,63086.4,63073.4,63073.5,140.633
2026-08-01 09:45:00,63073.4,63073.5,63014.1,63021.4,429.244
2026-08-01 10:00:00,63021.4,63085.0,62956.5,62980.8,915.574
2026-08-01 10:15:00,62980.7,63038.3,62965.6,63013.0,420.068
2026-08-01 10:30:00,63013.0,63047.9,62989.3,63037.8,321.558
2026-08-01 10:45:00,63037.9,63040.3,63008.2,63029.1,153.204
2026-08-01 11:00:00,63029.1,63032.9,63013.5,63032.9,171.612
2026-08-01 11:15:00,63033.0,63053.4,63010.1,63049.7,237.849
2026-08-01 11:30:00,63049.7,63064.0,63038.4,63041.6,254.157
2026-08-01 11:45:00,63041.7,63049.8,63041.6,63045.1,104.896
2026-08-01 12:00:00,63045.2,63094.1,63045.1,63070.7,411.613
2026-08-01 12:15:00,63070.8,63077.1,63067.2,63069.4,118.899
2026-08-01 12:30:00,63069.4,63077.4,63053.6,63066.5,178.18
2026-08-01 12:45:00,63066.5,63079.3,63066.4,63068.9,146.34
2026-08-01 13:00:00,63068.9,63075.9,63064.5,63071.8,147.236
2026-08-01 13:15:00,63071.7,63071.8,63055.7,63055.8,115.858
2026-08-01 13:30:00,63055.8,63069.7,63046.3,63048.3,217.47
2026-08-01 13:45:00,63048.4,63048.4,63010.1,63036.7,339.053
2026-08-01 14:00:00,63036.6,63097.5,63036.6,63050.1,349.312
2026-08-01 14:15:00,63050.0,63096.3,63050.0,63088.5,206.101
2026-08-01 14:30:00,63088.5,63094.0,63056.2,63085.0,253.273
2026-08-01 14:45:00,63085.0,63097.1,63047.9,63097.1,333.481
2026-08-01 15:00:00,63097.1,63097.1,63077.7,63077.8,191.298
2026-08-01 15:15:00,63077.8,63077.8,63029.6,63032.4,337.374
2026-08-01 15:30:00,63032.4,63036.5,63023.5,63024.1,249.132
2026-08-01 15:45:00,63024.2,63024.2,62976.4,62976.4,393.223
2026-08-01 16:00:00,62976.4,62983.1,62900.9,62921.6,1416.613
2026-08-01 16:15:00,62921.7,62944.0,62903.3,62930.0,496.716
2026-08-01 16:30:00,62930.1,63006.6,62918.3,62941.3,638.867
2026-08-01 16:45:00,62941.3,62941.3,62838.8,62899.9,876.441
2026-08-01 17:00:00,62899.9,62969.5,62833.5,62867.7,638.874
2026-08-01 17:15:00,62867.7,62867.7,62772.8,62812.9,1041.338
2026-08-01 17:30:00,62813.0,62819.9,62708.6,62789.9,1488.209
2026-08-01 17:45:00,62790.0,62790.6,62633.3,62684.0,1669.316
2026-08-01 18:00:00,62684.1,62710.7,62588.8,62683.9,1273.543
2026-08-01 18:15:00,62683.9,62683.9,62463.9,62545.1,2707.01
2026-08-01 18:30:00,62545.1,62545.1,62228.8,62345.7,7359.685
2026-08-01 18:45:00,62345.7,62557.0,62250.2,62552.5,2922.385
2026-08-01 19:00:00,62552.6,62596.5,62489.7,62515.2,1511.686
2026-08-01 19:15:00,62515.2,62589.2,62456.3,62514.8,950.255
2026-08-01 19:30:00,62514.7,62558.1,62430.8,62444.2,710.241
2026-08-01 19:45:00,62444.3,62517.6,62444.2,62502.1,336.006
2026-08-01 20:00:00,62502.1,62544.9,62456.9,62526.6,513.26
2026-08-01 20:15:00,62526.6,62615.9,62523.9,62588.9,950.87
2026-08-01 20:30:00,62588.8,62598.0,62528.8,62569.4,419.639
2026-08-01 20:45:00,62569.4,62642.9,62557.5,62631.8,429.075
2026-08-01 21:00:00,62631.8,62778.0,62631.8,62718.1,1411.268
2026-08-01 21:15:00,62718.2,62766.1,62717.1,62766.1,427.145
2026-08-01 21:30:00,62766.1,62844.9,62733.9,62766.1,831.659
2026-08-01 21:45:00,62766.2,62803.0,62751.8,62789.4,257.525
2026-08-01 22:00:00,62789.5,62844.5,62762.4,62827.5,491.562
2026-08-01 22:15:00,62827.5,62840.4,62796.8,62828.5,536.716
2026-08-01 22:30:00,62828.6,62830.2,62798.4,62817.8,235.645
2026-08-01 22:45:00,62817.8,62827.2,62800.0,62800.1,207.076
2026-08-01 23:00:00,62800.1,62830.0,62772.1,62780.8,424.485
2026-08-01 23:15:00,62780.9,62780.9,62737.1,62745.3,520.983
2026-08-01 23:30:00,62745.3,62813.4,62745.3,62799.3,596.089
2026-08-01 23:45:00,62799.3,62810.9,62780.6,62792.3,266.751
2026-08-02 00:00:00,62792.3,62950.0,62792.2,62896.0,1290.584
2026-08-02 00:15:00,62896.0,62911.4,62850.0,62851.8,488.946
2026-08-02 00:30:00,62851.7,62888.0,62820.4,62820.6,523.803
2026-08-02 00:45:00,62820.7,62837.5,62782.3,62807.5,369.103
2026-08-02 01:00:00,62807.5,63000.0,62807.5,62984.3,1095.183
2026-08-02 01:15:00,62984.2,63066.0,62946.9,62957.9,1063.326
2026-08-02 01:30:00,62957.9,62998.8,62950.0,62993.3,417.304
2026-08-02 01:45:00,62993.2,62993.3,62955.8,62960.8,350.871
2026-08-02 02:00:00,62960.9,63542.0,62925.6,63438.5,7086.2
2026-08-02 02:15:00,63438.6,63530.0,63372.5,63379.5,3152.406
2026-08-02 02:30:00,63379.6,63434.9,63302.8,63358.0,1458.784
2026-08-02 02:45:00,63358.0,63462.0,63316.0,63425.4,1236.363
2026-08-02 03:00:00,63425.5,63436.5,63353.3,63393.0,926.167
2026-08-02 03:15:00,63393.0,63529.4,63351.3,63417.9,1483.449
2026-08-02 03:30:00,63418.0,63480.0,63418.0,63474.6,470.501
2026-08-02 03:45:00,63474.6,63487.2,63396.0,63436.7,706.766
2026-08-02 04:00:00,63436.8,63530.0,63436.7,63515.7,869.987
2026-08-02 04:15:00,63515.6,63534.4,63488.6,63514.2,624.199
2026-08-02 04:30:00,63514.2,63534.3,63500.0,63500.0,358.669
2026-08-02 04:45:00,63500.0,63600.0,63500.0,63557.1,1160.968
2026-08-02 05:00:00,63557.1,63620.0,63434.7,63461.3,1975.728
2026-08-02 05:15:00,63461.3,63474.2,63432.4,63469.5,521.221
2026-08-02 05:30:00,63469.5,63469.6,63382.9,63394.9,1802.347
2026-08-02 05:45:00,63395.0,63431.1,63394.9,63428.5,319.62
2026-08-02 06:00:00,63428.6,63460.9,63415.5,63415.5,639.871
2026-08-02 06:15:00,63415.6,63472.0,63402.5,63471.9,340.325
2026-08-02 06:30:00,63471.9,63478.8,63435.5,63473.1,307.582
2026-08-02 06:45:00,63473.1,63473.2,63457.0,63460.0,187.181
2026-08-02 07:00:00,63460.1,63467.1,63451.1,63460.3,238.47
2026-08-02 07:15:00,63460.2,63469.0,63459.9,63459.9,214.317
2026-08-02 07:30:00,63460.0,63514.2,63459.0,63508.7,435.998
2026-08-02 07:45:00,63508.8,63508.8,63449.0,63468.1,770.996
2026-08-02 08:00:00,63468.0,63507.8,63457.2,63462.6,508.484
2026-08-02 08:15:00,63462.5,63462.6,63357.5,63361.2,1031.425
2026-08-02 08:30:00,63361.2,63368.7,63183.7,63202.9,3232.012
2026-08-02 08:45:00,63202.9,63214.9,63141.0,63171.1,1186.465
2026-08-02 09:00:00,63171.2,63264.3,63065.3,63241.2,1910.81
2026-08-02 09:15:00,63241.1,63288.4,63206.2,63206.3,627.296
2026-08-02 09:30:00,63206.3,63301.6,63206.2,63239.1,748.363
2026-08-02 09:45:00,63239.1,63253.7,63230.0,63249.8,290.298
2026-08-02 10:00:00,63249.7,63249.7,63175.0,63180.0,674.821
2026-08-02 10:15:00,63180.1,63247.1,63096.0,63120.0,1332.163
2026-08-02 10:30:00,63120.0,63191.2,63120.0,63178.6,468.08
2026-08-02 10:45:00,63178.6,63185.8,63167.8,63176.7,194.567
2026-08-02 11:00:00,63176.6,63176.7,63110.1,63137.8,354.981
2026-08-02 11:15:00,63137.7,63186.1,63086.7,63129.7,620.199
2026-08-02 11:30:00,63129.7,63159.6,63071.4,63094.6,754.815
2026-08-02 11:45:00,63094.6,63146.4,62961.1,63007.3,1763.651
2026-08-02 12:00:00,63007.2,63158.1,63007.2,63152.7,825.837
2026-08-02 12:15:00,63152.6,63215.1,63125.3,63155.6,868.94
2026-08-02 12:30:00,63155.5,63190.0,63083.6,63123.1,606.972
2026-08-02 12:45:00,63123.0,63134.8,63087.2,63097.2,337.302
2026-08-02 13:00:00,63097.2,63119.2,63063.5,63086.0,370.967
2026-08-02 13:15:00,63086.1,63089.5,63022.3,63056.0,581.547
2026-08-02 13:30:00,63056.1,63082.8,62974.4,63070.1,645.452
2026-08-02 13:45:00,63070.2,63113.9,63064.6,63095.0,440.913
2026-08-02 14:00:00,63095.0,63095.0,63031.7,63065.0,656.33
2026-08-02 14:15:00,63065.0,63134.2,63065.0,63104.7,588.615
2026-08-02 14:30:00,63104.8,63163.2,63067.0,63129.3,558.409
2026-08-02 14:45:00,63129.2,63134.9,63034.0,63042.7,548.964
2026-08-02 15:00:00,63042.6,63101.0,63023.0,63096.1,352.221
2026-08-02 15:15:00,63096.0,63108.8,63075.0,63100.0,315.601
2026-08-02 15:30:00,63100.0,63158.2,63100.0,63119.8,528.702
2026-08-02 15:45:00,63119.8,63129.1,63078.4,63081.6,297.545
2026-08-02 16:00:00,63081.6,63115.9,63038.0,63080.3,370.216
2026-08-02 16:15:00,63080.3,63108.2,63047.0,63086.9,333.593
2026-08-02 16:30:00,63087.0,63258.8,63075.8,63198.8,1493.05
2026-08-02 16:45:00,63198.8,63211.6,63158.6,63158.6,495.57
2026-08-02 17:00:00,63158.6,63198.9,63130.0,63191.0,474.865
2026-08-02 17:15:00,63190.9,63323.6,63166.3,63265.3,988.442
2026-08-02 17:30:00,63265.2,63303.3,63265.2,63302.2,543.498
2026-08-02 17:45:00,63302.1,63310.0,63279.5,63279.7,267.898
2026-08-02 18:00:00,63279.6,63310.0,63269.9,63292.6,367.025
2026-08-02 18:15:00,63292.5,63305.0,63266.4,63268.9,398.277
2026-08-02 18:30:00,63269.0,63594.6,63268.9,63482.5,2702.076
2026-08-02 18:45:00,63482.6,63492.8,63350.3,63364.2,824.011
2026-08-02 19:00:00,63364.2,63373.1,63322.8,63336.1,519.212
2026-08-02 19:15:00,63336.1,63352.9,63306.0,63306.0,265.543
2026-08-02 19:30:00,63306.1,63381.1,63306.0,63380.6,409.577
2026-08-02 19:45:00,63380.6,63459.8,63380.6,63432.9,478.862
2026-08-02 20:00:00,63433.0,63449.4,63391.3,63441.3,492.85
2026-08-02 20:15:00,63441.3,63478.0,63383.0,63389.0,382.207
2026-08-02 20:30:00,63389.0,63437.5,63389.0,63413.7,201.228
2026-08-02 20:45:00,63413.8,63483.3,63394.1,63477.2,374.535
2026-08-02 21:00:00,63477.3,63554.3,63459.9,63504.5,775.844
2026-08-02 21:15:00,63504.5,63534.3,63488.0,63522.8,272.716
2026-08-02 21:30:00,63522.8,63766.1,63485.3,63675.5,2347.439
2026-08-02 21:45:00,63675.5,63774.6,63532.4,63560.0,1904.801
2026-08-02 22:00:00,63560.0,63779.0,63559.9,63675.0,1625.519
2026-08-02 22:15:00,63675.0,63769.6,63554.0,63571.2,936.809
2026-08-02 22:30:00,63571.1,63580.7,63343.2,63491.7,2593.756
2026-08-02 22:45:00,63491.7,63547.0,63394.9,63398.0,721.046
2026-08-02 23:00:00,63398.0,63431.6,63306.2,63339.1,960.952
2026-08-02 23:15:00,63339.0,63530.0,63314.0,63514.8,1186.19
2026-08-02 23:30:00,63514.9,63577.1,63463.0,63502.7,795.396
2026-08-02 23:45:00,63502.6,63550.0,63456.1,63550.0,427.422
2026-08-03 00:00:00,63550.0,63575.6,63359.9,63401.1,1320.801
2026-08-03 00:15:00,63401.2,63424.2,63218.5,63239.5,1206.204
2026-08-03 00:30:00,63239.4,63400.0,63168.3,63308.7,1132.158
2026-08-03 00:45:00,63308.8,63333.1,63245.0,63298.9,392.855
2026-08-03 01:00:00,63299.0,63332.8,63154.9,63200.1,767.575
2026-08-03 01:15:00,63200.1,63240.8,63088.0,63152.8,1350.399
2026-08-03 01:30:00,63152.9,63228.2,63137.0,63200.0,781.479
2026-08-03 01:45:00,63200.0,63210.3,63138.1,63185.9,582.609
2026-08-03 02:00:00,63185.9,63209.3,63116.6,63180.0,505.501
2026-08-03 02:15:00,63180.0,63266.1,63068.1,63102.2,1013.417
2026-08-03 02:30:00,63102.1,63199.0,63084.1,63156.9,465.123
2026-08-03 02:45:00,63157.0,63175.5,63095.0,63118.3,426.365
2026-08-03 03:00:00,63118.2,63152.8,63071.7,63090.1,555.26
2026-08-03 03:15:00,63090.0,63120.8,63045.0,63058.3,556.379
2026-08-03 03:30:00,63058.4,63069.4,63010.8,63042.4,751.797
2026-08-03 03:45:00,63042.4,63042.4,62745.0,62839.7,3115.744
2026-08-03 04:00:00,62839.8,62916.5,62786.3,62845.0,1537.28
2026-08-03 04:15:00,62844.9,62956.4,62844.9,62947.0,697.337
2026-08-03 04:30:00,62947.0,62976.8,62932.0,62954.9,653.187
2026-08-03 04:45:00,62954.8,62954.8,62745.3,62765.3,1275.419
2026-08-03 05:00:00,62765.2,62845.6,62716.0,62823.6,1084.058
2026-08-03 05:15:00,62823.6,62848.0,62766.2,62790.3,1113.108
2026-08-03 05:30:00,62790.3,62825.0,62742.8,62779.0,707.57
2026-08-03 05:45:00,62779.0,62840.0,62775.0,62799.9,690.782
2026-08-03 06:00:00,62800.0,62850.1,62792.4,62815.5,899.17
2026-08-03 06:15:00,62815.5,62824.6,62725.3,62765.0,771.497
2026-08-03 06:30:00,62764.9,62819.4,62605.4,62605.4,2211.179
2026-08-03 06:45:00,62605.4,62659.3,62576.2,62594.9,1665.229
2026-08-03 07:00:00,62594.8,62648.6,62562.1,62575.1,1438.639
2026-08-03 07:15:00,62575.1,62643.8,62520.0,62613.9,1213.851
2026-08-03 07:30:00,62613.9,62671.6,62566.1,62610.6,1177.636
2026-08-03 07:45:00,62610.5,62645.0,62541.2,62591.0,807.331
2026-08-03 08:00:00,62591.0,62624.0,62485.7,62543.9,1232.661
2026-08-03 08:15:00,62543.9,62543.9,62292.9,62307.0,3096.005
2026-08-03 08:30:00,62306.9,62416.7,62268.2,62410.6,2479.281
2026-08-03 08:45:00,62410.7,62517.7,62403.9,62512.4,1428.96
2026-08-03 09:00:00,62512.4,62581.2,62487.9,62542.8,1674.223
2026-08-03 09:15:00,62542.7,62643.0,62542.7,62620.0,1425.042
2026-08-03 09:30:00,62619.9,62684.2,62596.6,62662.1,1029.662
2026-08-03 09:45:00,62662.1,62846.3,62662.1,62806.0,1722.55
2026-08-03 10:00:00,62806.0,62838.5,62736.2,62761.2,1364.44
2026-08-03 10:15:00,62761.1,62808.3,62702.0,62714.3,751.007
2026-08-03 10:30:00,62714.2,62714.3,62634.4,62680.1,1026.656
2026-08-03 10:45:00,62680.1,62754.9,62584.8,62708.8,1270.958
2026-08-03 11:00:00,62708.9,62715.4,62555.5,62617.0,1094.724
2026-08-03 11:15:00,62616.9,62744.8,62606.7,62672.3,702.448
2026-08-03 11:30:00,62672.2,62746.4,62637.0,62668.1,730.67
2026-08-03 11:45:00,62668.1,62677.3,62506.8,62534.1,1947.596
2026-08-03 12:00:00,62534.1,62583.8,62400.0,62525.0,2727.028
2026-08-03 12:15:00,62525.1,62661.8,62514.0,62599.4,1263.335
2026-08-03 12:30:00,62599.3,62733.1,62582.2,62733.1,1155.107
2026-08-03 12:45:00,62733.1,62769.1,62657.0,62669.9,869.093
2026-08-03 13:00:00,62669.9,62758.3,62666.8,62746.7,1306.492
2026-08-03 13:15:00,62746.8,62979.5,62690.2,62737.2,3203.663
2026-08-03 13:30:00,62737.3,62915.9,62533.3,62901.5,4010.473
2026-08-03 13:45:00,62901.6,63368.1,62778.5,63317.6,7451.19
2026-08-03 14:00:00,63317.6,63422.9,63109.7,63299.0,4806.865
2026-08-03 14:15:00,63299.1,63770.9,63133.0,63737.4,8313.634
2026-08-03 14:30:00,63737.3,63884.6,63605.5,63756.3,7970.531
2026-08-03 14:45:00,63756.4,63956.4,63626.8,63927.9,5722.606
2026-08-03 15:00:00,63928.0,63960.0,63725.2,63789.4,4084.575
2026-08-03 15:15:00,63789.4,63828.0,63642.1,63678.5,2605.088
2026-08-03 15:30:00,63678.5,63876.5,63672.0,63750.3,2890.444
2026-08-03 15:45:00,63750.2,63814.1,63610.2,63659.5,1743.032
2026-08-03 16:00:00,63659.5,63862.8,63626.2,63770.6,2972.373
2026-08-03 16:15:00,63770.5,63907.4,63762.6,63868.4,1779.674
2026-08-03 16:30:00,63868.4,63868.4,63677.1,63739.7,866.455
2026-08-03 16:45:00,63739.7,63850.0,63708.0,63738.0,640.841
2026-08-03 17:00:00,63737.9,63829.9,63680.0,63820.6,892.468
2026-08-03 17:15:00,63820.7,64049.5,63780.5,63792.0,3627.281
2026-08-03 17:30:00,63792.1,63906.4,63757.4,63862.4,1408.388
2026-08-03 17:45:00,63862.4,63927.6,63835.1,63874.1,932.084
2026-08-03 18:00:00,63874.1,63973.1,63835.2,63935.1,1113.252
2026-08-03 18:15:00,63935.0,63955.0,63777.3,63817.8,1218.197
2026-08-03 18:30:00,63817.9,63896.6,63770.7,63821.4,827.878
2026-08-03 18:45:00,63821.5,63887.8,63735.0,63835.5,736.108
2026-08-03 19:00:00,63835.6,63900.0,63807.3,63892.2,692.795
2026-08-03 19:15:00,63892.2,63979.6,63888.7,63932.7,756.225
2026-08-03 19:30:00,63932.7,64058.8,63831.8,63919.4,1694.282
2026-08-03 19:45:00,63919.4,63940.8,63829.0,63836.9,657.134
2026-08-03 20:00:00,63836.9,63922.8,63781.2,63864.1,748.331
2026-08-03 20:15:00,63864.1,63992.9,63860.0,63917.4,856.23
2026-08-03 20:30:00,63917.4,63917.5,63875.3,63886.8,295.733
2026-08-03 20:45:00,63886.8,63888.0,63737.2,63755.9,1133.723
2026-08-03 21:00:00,63755.9,63759.5,63688.1,63693.2,849.078
2026-08-03 21:15:00,63693.3,63763.5,63655.0,63697.9,1409.649
2026-08-03 21:30:00,63697.9,63704.3,63638.1,63659.8,908.023
2026-08-03 21:45:00,63659.9,63659.9,63505.4,63561.1,1437.363
2026-08-03 22:00:00,63561.1,63588.6,63352.2,63471.9,2867.139
2026-08-03 22:15:00,63471.9,63648.7,63471.9,63501.7,1208.305
2026-08-03 22:30:00,63501.7,63536.2,63463.4,63479.3,615.387
2026-08-03 22:45:00,63479.3,63612.8,63479.3,63587.6,516.397
2026-08-03 23:00:00,63587.6,63587.6,63503.2,63513.5,537.874
2026-08-03 23:15:00,63513.6,63596.5,63508.0,63548.9,518.773
2026-08-03 23:30:00,63549.0,63549.0,63435.3,63478.0,771.91
2026-08-03 23:45:00,63478.0,63497.3,63454.5,63497.2,387.534
2026-08-04 00:00:00,63497.1,63558.8,63440.3,63440.3,974.863
2026-08-04 00:15:00,63440.4,63474.5,63356.4,63423.0,1167.516
2026-08-04 00:30:00,63423.0,63423.0,63310.0,63371.2,1484.148
2026-08-04 00:45:00,63371.2,63453.5,63290.2,63337.6,957.343
2026-08-04 01:00:00,63337.6,63467.2,63337.5,63447.3,806.496
2026-08-04 01:15:00,63447.3,63554.8,63393.7,63499.8,1206.123
2026-08-04 01:30:00,63499.8,63911.6,63499.7,63788.1,3458.621
2026-08-04 01:45:00,63788.2,63855.2,63709.8,63816.1,1432.22
2026-08-04 02:00:00,63816.1,63842.5,63724.9,63736.1,916.422
2026-08-04 02:15:00,63736.0,63779.1,63656.8,63665.1,971.266
2026-08-04 02:30:00,63665.1,63958.6,63651.8,63870.8,2282.719
2026-08-04 02:45:00,63870.8,63900.0,63781.1,63802.3,613.459
2026-08-04 03:00:00,63802.3,63815.2,63656.9,63656.9,572.141
2026-08-04 03:15:00,63656.9,63770.8,63624.1,63751.7,1038.195
2026-08-04 03:30:00,63751.7,63843.7,63751.7,63804.9,441.365
2026-08-04 03:45:00,63804.9,63809.9,63771.0,63771.0,282.724
2026-08-04 04:00:00,63771.0,63802.9,63732.0,63777.9,589.11
2026-08-04 04:15:00,63778.0,63850.7,63770.9,63806.3,498.295
2026-08-04 04:30:00,63806.2,64035.8,63806.2,64035.8,2112.964
2026-08-04 04:45:00,64035.8,64239.8,64004.4,64004.4,4752.119
2026-08-04 05:00:00,64004.5,64032.8,63812.0,63812.1,1326.05
2026-08-04 05:15:00,63812.0,63866.6,63777.8,63790.5,1036.149
2026-08-04 05:30:00,63790.6,63836.1,63773.6,63830.7,734.607
2026-08-04 05:45:00,63830.6,63830.7,63762.0,63783.7,541.912
2026-08-04 06:00:00,63783.6,63820.7,63744.2,63771.9,685.178
2026-08-04 06:15:00,63771.9,63830.0,63719.3,63734.8,673.06
2026-08-04 06:30:00,63734.8,63749.2,63659.7,63675.0,1236.698
2026-08-04 06:45:00,63675.0,63680.0,63630.0,63653.4,862.051
2026-08-04 07:00:00,63653.3,63653.4,63561.0,63569.8,1121.6
2026-08-04 07:15:00,63569.9,63620.0,63480.0,63617.9,1713.271
2026-08-04 07:30:00,63617.8,63736.6,63610.1,63641.7,1304.313
2026-08-04 07:45:00,63641.8,63736.9,63641.7,63666.5,765.645
2026-08-04 08:00:00,63666.5,63730.0,63603.4,63627.0,679.134
2026-08-04 08:15:00,63627.0,63645.6,63567.8,63602.9,719.074
2026-08-04 08:30:00,63603.0,63603.0,63539.0,63600.0,781.369
2026-08-04 08:45:00,63600.0,63602.6,63551.7,63559.7,430.172
2026-08-04 09:00:00,63559.7,63568.0,63513.7,63535.8,695.607
2026-08-04 09:15:00,63535.8,63577.0,63495.4,63553.1,577.905
2026-08-04 09:30:00,63553.1,63573.0,63504.0,63545.2,518.219
2026-08-04 09:45:00,63545.2,63589.2,63518.7,63576.4,394.253
2026-08-04 10:00:00,63576.4,63590.0,63480.0,63486.9,762.299
2026-08-04 10:15:00,63486.9,63551.2,63428.8,63445.1,1110.782
2026-08-04 10:30:00,63445.1,63653.0,63436.0,63645.0,835.268
2026-08-04 10:45:00,63645.0,63818.7,63628.9,63743.3,2571.413
2026-08-04 11:00:00,63743.4,63785.2,63690.6,63714.8,740.882
2026-08-04 11:15:00,63714.8,63845.5,63679.5,63756.2,897.916
2026-08-04 11:30:00,63756.2,63865.7,63692.0,63850.5,743.316
2026-08-04 11:45:00,63850.5,63926.0,63811.9,63900.2,1744.26
2026-08-04 12:00:00,63900.2,63900.2,63784.0,63784.0,1068.126
2026-08-04 12:15:00,63784.1,63816.4,63763.1,63813.3,610.895
2026-08-04 12:30:00,63813.4,64034.3,63789.8,63932.7,1929.135
2026-08-04 12:45:00,63932.8,63980.8,63875.1,63875.1,685.344
2026-08-04 13:00:00,63875.2,63989.0,63819.3,63915.9,1270.252
2026-08-04 13:15:00,63915.9,63991.0,63832.9,63860.4,1893.357
2026-08-04 13:30:00,63860.5,64080.0,63793.1,64000.0,3640.456
2026-08-04 13:45:00,64000.0,64000.0,63625.5,63663.7,3995.173
2026-08-04 14:00:00,63663.7,63898.5,63582.1,63779.8,2853.788
2026-08-04 14:15:00,63779.7,63881.2,63590.3,63864.9,2064.418
2026-08-04 14:30:00,63864.9,64168.7,63829.3,64098.6,4270.989
2026-08-04 14:45:00,64098.5,64177.0,64028.2,64100.0,1869.057
2026-08-04 15:00:00,64100.0,64197.7,63967.1,64039.5,2347.75
2026-08-04 15:15:00,64039.5,64039.5,63900.4,63923.6,1237.909
2026-08-04 15:30:00,63923.5,64104.8,63782.7,64099.8,2300.666
2026-08-04 15:45:00,64099.8,64200.0,64052.5,64088.4,3011.284
2026-08-04 16:00:00,64088.3,64104.0,63943.2,64006.7,1620.905
2026-08-04 16:15:00,64006.7,64088.6,63976.7,63997.2,698.444
2026-08-04 16:30:00,63997.2,64032.0,63866.5,63914.0,913.14
2026-08-04 16:45:00,63914.1,63987.6,63880.0,63928.9,682.989
2026-08-04 17:00:00,63928.8,64159.4,63928.8,64043.0,1259.926
2026-08-04 17:15:00,64043.0,64146.4,64000.0,64130.9,905.599
2026-08-04 17:30:00,64130.9,64147.0,64060.5,64060.6,788.195
2026-08-04 17:45:00,64060.5,64073.0,63856.4,63936.1,1947.689
2026-08-04 18:00:00,63936.2,64195.0,63932.0,64191.0,1309.424
2026-08-04 18:15:00,64191.0,64370.0,64167.2,64331.8,4379.894
2026-08-04 18:30:00,64331.7,64370.0,64174.3,64265.1,1504.62
2026-08-04 18:45:00,64265.2,64299.3,64240.1,64270.7,635.111
2026-08-04 19:00:00,64270.8,64348.9,64251.4,64316.5,834.832
2026-08-04 19:15:00,64316.4,64338.6,64229.1,64249.9,473.028
2026-08-04 19:30:00,64249.9,64388.0,64217.1,64351.1,1692.749
2026-08-04 19:45:00,64351.1,64360.0,64140.1,64197.3,1649.064
2026-08-04 20:00:00,64197.3,64211.4,64079.2,64144.1,2243.08
2026-08-04 20:15:00,64144.0,64144.0,63918.2,64089.0,2579.216
2026-08-04 20:30:00,64088.9,64397.6,64088.9,64358.6,3102.526
2026-08-04 20:45:00,64358.7,64358.7,64272.7,64316.3,1018.205
2026-08-04 21:00:00,64316.4,64316.4,64168.1,64197.1,967.706
2026-08-04 21:15:00,64197.0,64258.9,64155.6,64227.6,650.799
2026-08-04 21:30:00,64227.6,64249.0,64162.9,64220.3,432.163
2026-08-04 21:45:00,64220.3,64230.5,64145.9,64166.8,414.785
2026-08-04 22:00:00,64166.7,64202.1,64107.5,64202.1,695.738
2026-08-04 22:15:00,64202.0,64243.6,64143.3,64230.1,518.736
2026-08-04 22:30:00,64230.1,64267.2,64182.7,64185.7,232.224
2026-08-04 22:45:00,64185.7,64238.0,64144.0,64238.0,349.254
2026-08-04 23:00:00,64237.9,64454.5,64181.8,64396.1,2198.095
2026-08-04 23:15:00,64396.1,64512.9,64145.1,64145.1,3154.038
2026-08-04 23:30:00,64145.2,64233.0,64110.7,64181.8,1058.935
2026-08-04 23:45:00,64181.8,64195.7,64017.7,64075.5,1305.08
2026-08-05 00:00:00,64075.6,64075.6,63980.5,64000.1,1804.989
2026-08-05 00:15:00,64000.0,64040.4,63975.0,64040.4,1018.381
2026-08-05 00:30:00,64040.4,64163.8,63990.4,64040.4,990.671
2026-08-05 00:45:00,64040.3,64040.4,63951.1,63970.9,952.156
2026-08-05 01:00:00,63970.9,64006.3,63917.1,63984.4,988.965
2026-08-05 01:15:00,63984.5,64095.0,63925.5,64087.3,1072.592
2026-08-05 01:30:00,64087.3,64275.4,64087.2,64152.1,1250.632
2026-08-05 01:45:00,64152.0,64321.3,64151.0,64306.3,933.56
2026-08-05 02:00:00,64306.3,64480.0,64301.2,64437.5,2400.238
2026-08-05 02:15:00,64437.6,64461.2,64292.8,64384.3,4129.086
2026-08-05 02:30:00,64384.4,64459.0,64383.2,64409.7,1298.74
2026-08-05 02:45:00,64409.7,64430.4,64332.6,64340.3,2049.573
2026-08-05 03:00:00,64340.3,64416.9,64317.3,64325.3,774.026
2026-08-05 03:15:00,64325.4,64329.4,64029.3,64029.3,4744.917
2026-08-05 03:30:00,64029.4,64138.8,64010.1,64104.9,1436.75
2026-08-05 03:45:00,64105.0,64155.0,64104.9,64145.6,540.233
2026-08-05 04:00:00,64145.6,64165.4,64090.4,64090.4,638.472
2026-08-05 04:15:00,64090.3,64172.5,64052.4,64130.4,806.541
2026-08-05 04:30:00,64130.4,64193.0,64126.0,64147.9,486.341
2026-08-05 04:45:00,64147.9,64161.1,64080.0,64141.5,358.883
2026-08-05 05:00:00,64141.5,64298.2,64131.5,64286.0,902.389
2026-08-05 05:15:00,64286.0,64500.0,64266.6,64408.2,2455.529
2026-08-05 05:30:00,64408.2,64412.3,64309.6,64332.8,1028.292
2026-08-05 05:45:00,64332.8,64345.0,64281.4,64307.7,714.798
2026-08-05 06:00:00,64307.7,64336.8,64277.2,64292.5,498.956
2026-08-05 06:15:00,64292.5,64316.7,64251.9,64279.8,617.185
2026-08-05 06:30:00,64279.8,64345.8,64263.7,64263.7,378.92
2026-08-05 06:45:00,64263.7,64263.8,64204.8,64226.0,471.499
2026-08-05 07:00:00,64226.0,64247.8,64131.3,64154.3,1369.844
2026-08-05 07:15:00,64154.2,64154.3,64020.0,64050.1,2184.183
2026-08-05 07:30:00,64050.1,64063.0,63962.4,63976.6,1331.705
2026-08-05 07:45:00,63976.7,64156.9,63976.6,64141.0,2039.778
2026-08-05 08:00:00,64141.0,64230.5,64107.8,64172.9,1528.203
2026-08-05 08:15:00,64172.9,64250.4,64127.6,64248.2,675.718
2026-08-05 08:30:00,64248.2,64257.1,64100.0,64105.7,1394.426
2026-08-05 08:45:00,64105.6,64140.0,64066.1,64096.3,760.083
2026-08-05 09:00:00,64096.4,64136.6,64068.4,64096.1,447.11
2026-08-05 09:15:00,64096.0,64162.2,64087.0,64130.4,480.767
2026-08-05 09:30:00,64130.4,64181.6,64130.4,64141.0,308.265
2026-08-05 09:45:00,64141.0,64156.0,64120.0,64127.5,267.198
2026-08-05 10:00:00,64127.4,64162.6,64083.8,64118.2,415.09
2026-08-05 10:15:00,64118.1,64217.0,64037.1,64184.8,901.615
2026-08-05 10:30:00,64184.9,64209.2,64149.9,64159.9,381.069
2026-08-05 10:45:00,64160.0,64179.3,63982.2,64033.0,1879.793
2026-08-05 11:00:00,64033.0,64085.9,64028.0,64058.6,577.074
2026-08-05 11:15:00,64058.6,64062.1,64013.1,64044.0,468.148
2026-08-05 11:30:00,64044.0,64116.0,64025.1,64071.0,594.173
2026-08-05 11:45:00,64071.0,64076.3,64022.4,64044.6,418.01
2026-08-05 12:00:00,64044.7,64200.0,64003.0,64172.3,1070.957
2026-08-05 12:15:00,64172.2,64575.2,64154.0,64496.1,8735.5
2026-08-05 12:30:00,64496.1,64525.0,64385.6,64441.9,2725.614
2026-08-05 12:45:00,64441.9,64442.0,64295.3,64295.4,1527.362
2026-08-05 13:00:00,64295.3,64318.6,64070.0,64112.3,3545.658
2026-08-05 13:15:00,64112.3,64183.0,64085.0,64116.8,1849.27
2026-08-05 13:30:00,64116.8,64265.7,63847.0,64151.2,6059.038
2026-08-05 13:45:00,64151.2,64387.0,64007.0,64387.0,3639.102
2026-08-05 14:00:00,64386.9,64505.9,64277.8,64443.2,4110.089
2026-08-05 14:15:00,64443.2,64548.6,64289.8,64325.5,3262.748
2026-08-05 14:30:00,64325.5,64437.1,64265.4,64390.6,1884.367
2026-08-05 14:45:00,64390.6,64510.0,64290.0,64443.3,1893.726
2026-08-05 15:00:00,64443.4,64728.5,64418.3,64593.5,5398.551
2026-08-05 15:15:00,64593.6,64606.7,64421.3,64469.3,2267.065
2026-08-05 15:30:00,64469.2,64700.1,64469.2,64521.5,2107.567
2026-08-05 15:45:00,64521.5,64527.5,64348.7,64353.6,1774.95
2026-08-05 16:00:00,64353.6,64587.0,64352.5,64586.9,1690.403
2026-08-05 16:15:00,64587.0,64740.5,64538.6,64719.9,2653.692
2026-08-05 16:30:00,64719.9,64731.9,64620.9,64654.1,1434.607
2026-08-05 16:45:00,64654.0,64655.6,64584.0,64631.9,982.751
2026-08-05 17:00:00,64631.8,64667.2,64553.7,64553.8,650.557
2026-08-05 17:15:00,64553.8,64589.5,64506.3,64574.8,654.09
2026-08-05 17:30:00,64574.9,64720.7,64551.4,64664.5,1206.518
2026-08-05 17:45:00,64664.5,64780.0,64638.7,64733.6,1950.715
2026-08-05 18:00:00,64733.6,64774.8,64634.1,64767.8,1361.456
2026-08-05 18:15:00,64767.8,64785.5,64645.5,64692.8,1854.331
2026-08-05 18:30:00,64692.7,64770.0,64641.0,64769.9,720.99
2026-08-05 18:45:00,64770.0,64810.0,64724.0,64762.8,1448.851
2026-08-05 19:00:00,64762.7,64887.9,64745.2,64850.4,2138.612
2026-08-05 19:15:00,64850.5,64896.3,64830.3,64877.6,747.291
2026-08-05 19:30:00,64877.5,64889.2,64835.5,64863.1,727.998
2026-08-05 19:45:00,64863.2,64898.0,64796.5,64805.7,922.065
2026-08-05 20:00:00,64805.7,64885.0,64772.3,64885.0,1426.619
2026-08-05 20:15:00,64884.9,65022.0,64838.0,64957.1,5867.805
2026-08-05 20:30:00,64957.2,64968.5,64906.6,64952.2,1002.627
2026-08-05 20:45:00,64952.2,64967.9,64801.2,64804.2,935.219
2026-08-05 21:00:00,64804.2,64804.3,64683.0,64755.7,1365.955
2026-08-05 21:15:00,64755.8,64760.0,64635.6,64646.7,952.537
2026-08-05 21:30:00,64646.7,64727.7,64637.7,64694.1,873.942
2026-08-05 21:45:00,64694.1,64743.3,64648.0,64710.1,667.944
2026-08-05 22:00:00,64710.1,64747.5,64622.1,64658.4,773.952
2026-08-05 22:15:00,64658.5,64707.9,64652.9,64707.8,461.341
2026-08-05 22:30:00,64707.9,64766.2,64655.6,64666.3,469.942
2026-08-05 22:45:00,64666.3,64691.4,64601.0,64607.0,447.558
2026-08-05 23:00:00,64607.0,64665.3,64552.0,64654.2,706.874
2026-08-05 23:15:00,64654.2,64721.2,64598.4,64668.1,516.912
2026-08-05 23:30:00,64668.1,64684.1,64635.7,64638.4,352.049
2026-08-05 23:45:00,64638.4,64646.5,64535.6,64633.9,1136.914
2026-08-06 00:00:00,64634.0,64650.0,64570.0,64572.9,731.588
2026-08-06 00:15:00,64572.9,64689.2,64533.9,64654.9,746.764
2026-08-06 00:30:00,64655.0,64696.0,64619.5,64619.6,412.682
2026-08-06 00:45:00,64619.6,64669.3,64592.3,64614.8,409.569
2026-08-06 01:00:00,64614.8,64620.3,64552.9,64579.7,627.775
2026-08-06 01:15:00,64579.8,64586.4,64486.3,64488.9,699.546
2026-08-06 01:30:00,64488.9,64585.3,64461.0,64541.3,811.364
2026-08-06 01:45:00,64541.3,64634.9,64535.2,64560.0,451.239
2026-08-06 02:00:00,64560.1,64627.6,64505.5,64532.6,527.16
2026-08-06 02:15:00,64532.5,64556.4,64386.3,64495.7,3190.704
2026-08-06 02:30:00,64495.7,64550.0,64446.3,64550.0,705.606
2026-08-06 02:45:00,64550.0,64569.5,64508.4,64550.6,569.266
2026-08-06 03:00:00,64550.7,64550.7,64485.4,64537.3,513.867
2026-08-06 03:15:00,64537.3,64537.3,64477.1,64509.8,370.639
2026-08-06 03:30:00,64509.9,64551.3,64471.4,64471.4,500.161
2026-08-06 03:45:00,64471.4,64511.0,64463.2,64496.2,482.376
2026-08-06 04:00:00,64496.3,64562.3,64461.9,64550.1,527.869
2026-08-06 04:15:00,64550.0,64668.8,64550.0,64666.9,850.799
2026-08-06 04:30:00,64666.9,64702.9,64623.8,64632.0,1022.978
2026-08-06 04:45:00,64631.9,64700.0,64600.4,64695.9,461.966
2026-08-06 05:00:00,64695.9,64971.7,64695.6,64885.2,2997.94
2026-08-06 05:15:00,64885.2,64968.0,64850.8,64861.5,1431.136
2026-08-06 05:30:00,64861.5,64889.1,64820.6,64877.5,713.981
2026-08-06 05:45:00,64877.6,64880.0,64831.3,64879.5,484.737
2026-08-06 06:00:00,64879.6,64879.6,64745.2,64755.6,1016.651
2026-08-06 06:15:00,64755.6,64804.5,64712.6,64797.7,564.247
2026-08-06 06:30:00,64797.7,64829.0,64784.1,64811.2,397.98
2026-08-06 06:45:00,64811.2,64830.6,64780.0,64830.5,365.101
2026-08-06 07:00:00,64830.5,64918.3,64793.0,64911.8,801.251
2026-08-06 07:15:00,64911.8,64944.3,64859.9,64867.6,1026.423
2026-08-06 07:30:00,64867.7,64879.0,64750.0,64787.5,1079.027
2026-08-06 07:45:00,64787.6,64818.6,64761.1,64789.4,780.437
2026-08-06 08:00:00,64789.3,64830.1,64737.5,64745.4,907.655
2026-08-06 08:15:00,64745.4,64874.7,64730.9,64874.7,727.515
2026-08-06 08:30:00,64874.6,64896.9,64840.7,64853.7,414.622
2026-08-06 08:45:00,64853.7,64971.0,64853.6,64913.9,1158.028
2026-08-06 09:00:00,64913.9,64917.5,64721.6,64746.8,1040.735
2026-08-06 09:15:00,64746.7,64817.8,64693.2,64699.9,1360.199
2026-08-06 09:30:00,64699.9,64700.0,64597.2,64631.6,2341.506
2026-08-06 09:45:00,64631.5,64667.5,64600.0,64649.1,643.902
2026-08-06 10:00:00,64649.1,64655.9,64558.0,64565.2,857.039
2026-08-06 10:15:00,64565.1,64656.0,64552.6,64646.6,712.803
2026-08-06 10:30:00,64646.6,64650.0,64591.5,64591.6,325.847
2026-08-06 10:45:00,64591.5,64620.8,64571.9,64589.2,415.763
2026-08-06 11:00:00,64589.3,64597.4,64473.0,64543.3,1469.112
2026-08-06 11:15:00,64543.3,64616.2,64543.3,64555.1,517.745
2026-08-06 11:30:00,64555.1,64629.0,64552.1,64618.5,683.906
2026-08-06 11:45:00,64618.4,64621.5,64552.0,64590.1,492.229
2026-08-06 12:00:00,64590.1,64614.3,64437.8,64455.1,1490.407
2026-08-06 12:15:00,64455.1,64522.7,64420.5,64519.7,918.758
2026-08-06 12:30:00,64519.7,64568.5,64477.4,64500.1,570.71
2026-08-06 12:45:00,64500.1,64509.0,64360.2,64392.4,1298.149
2026-08-06 13:00:00,64392.4,64416.3,64172.0,64229.5,5093.656
2026-08-06 13:15:00,64229.5,64286.5,64111.0,64220.5,2660.931
2026-08-06 13:30:00,64220.5,64409.6,64143.0,64375.5,3613.933
2026-08-06 13:45:00,64375.6,64501.0,64351.8,64404.8,2530.518
2026-08-06 14:00:00,64404.8,64538.6,64354.2,64441.4,2387.329
2026-08-06 14:15:00,64441.3,64556.8,64391.6,64402.5,1414.613
2026-08-06 14:30:00,64402.4,64813.1,64333.0,64785.1,4303.554
2026-08-06 14:45:00,64785.1,64825.0,64651.4,64748.2,2232.549
2026-08-06 15:00:00,64748.2,64962.0,64739.0,64823.4,3957.461
2026-08-06 15:15:00,64823.4,64870.0,64670.5,64796.7,2122.722
2026-08-06 15:30:00,64796.8,64844.0,64674.4,64724.6,1181.545
2026-08-06 15:45:00,64724.6,64843.9,64588.5,64604.2,2091.073
2026-08-06 16:00:00,64604.2,64687.4,64565.2,64611.6,1492.928
2026-08-06 16:15:00,64611.6,64661.3,64556.7,64617.1,981.006
2026-08-06 16:30:00,64617.2,64729.9,64581.3,64680.7,838.533
2026-08-06 16:45:00,64680.7,64745.5,64630.0,64723.2,685.134
2026-08-06 17:00:00,64723.3,64807.4,64685.8,64685.8,939.759
2026-08-06 17:15:00,64685.8,64716.0,64640.2,64656.3,346.877
2026-08-06 17:30:00,64656.2,64687.5,64514.1,64569.9,982.262
2026-08-06 17:45:00,64569.8,64619.5,64547.3,64583.1,608.896
2026-08-06 18:00:00,64583.1,64589.6,64441.1,64511.6,1115.107
2026-08-06 18:15:00,64511.6,64568.1,64470.6,64484.5,778.999
2026-08-06 18:30:00,64484.5,64489.7,64374.3,64384.5,1003.992
2026-08-06 18:45:00,64384.5,64421.0,64343.7,64388.8,773.123
2026-08-06 19:00:00,64388.8,64432.4,64380.2,64402.9,520.366
2026-08-06 19:15:00,64403.0,64426.7,64354.6,64366.1,560.208
2026-08-06 19:30:00,64366.1,64422.1,64323.2,64395.4,679.121
2026-08-06 19:45:00,64395.4,64445.6,64368.0,64412.8,917.042
2026-08-06 20:00:00,64412.8,64510.7,64412.7,64490.3,808.648
2026-08-06 20:15:00,64490.3,64494.0,64408.5,64450.1,612.709
2026-08-06 20:30:00,64450.2,64460.0,64425.9,64429.4,283.144
2026-08-06 20:45:00,64429.3,64449.9,64403.7,64403.7,330.283
2026-08-06 21:00:00,64403.7,64468.8,64403.7,64455.4,615.518
2026-08-06 21:15:00,64455.3,64490.2,64417.6,64417.6,301.686
2026-08-06 21:30:00,64417.7,64457.6,64371.9,64418.4,542.732
2026-08-06 21:45:00,64418.4,64455.4,64402.8,64411.8,226.083
2026-08-06 22:00:00,64411.9,64419.3,64350.0,64403.2,349.582
2026-08-06 22:15:00,64403.3,64407.5,64294.3,64335.8,538.892
2026-08-06 22:30:00,64335.9,64360.0,64301.7,64310.5,311.926
2026-08-06 22:45:00,64310.5,64342.7,64310.5,64317.8,186.984
2026-08-06 23:00:00,64317.7,64333.1,64300.0,64307.4,286.39
2026-08-06 23:15:00,64307.3,64312.8,64192.2,64219.7,1176.253
2026-08-06 23:30:00,64219.6,64229.7,64174.2,64193.6,573.872
2026-08-06 23:45:00,64193.7,64306.3,64163.5,64300.0,727.386
2026-08-07 00:00:00,64299.9,64387.3,64254.4,64263.8,893.089
2026-08-07 00:15:00,64263.7,64287.9,64195.2,64244.5,776.136
2026-08-07 00:30:00,64244.5,64312.1,64203.2,64296.7,413.896
2026-08-07 00:45:00,64296.8,64312.8,64230.0,64291.9,426.702
2026-08-07 01:00:00,64291.9,64439.0,64291.9,64334.3,943.619
2026-08-07 01:15:00,64334.4,64406.4,64276.8,64397.5,462.425
2026-08-07 01:30:00,64397.5,64450.0,64263.0,64351.7,697.693
2026-08-07 01:45:00,64351.7,64421.7,64347.6,64394.8,362.759
2026-08-07 02:00:00,64394.7,64405.8,64220.0,64370.2,724.903
2026-08-07 02:15:00,64370.3,64524.8,64272.8,64291.9,2804.828
2026-08-07 02:30:00,64291.9,64393.9,64244.6,64382.5,814.035
2026-08-07 02:45:00,64382.5,64446.1,64362.4,64369.5,571.688
2026-08-07 03:00:00,64369.4,64380.5,64286.3,64307.5,692.327
2026-08-07 03:15:00,64307.5,64316.0,64227.8,64288.1,649.696
2026-08-07 03:30:00,64288.1,64347.0,64278.4,64311.3,331.233
2026-08-07 03:45:00,64311.4,64345.6,64244.0,64264.0,411.211
2026-08-07 04:00:00,64264.0,64300.0,64212.4,64281.1,460.901
2026-08-07 04:15:00,64281.1,64340.2,64256.3,64276.4,577.06
2026-08-07 04:30:00,64276.4,64328.1,64223.8,64226.0,551.426
2026-08-07 04:45:00,64226.1,64239.2,64128.3,64225.8,1475.39
2026-08-07 05:00:00,64225.8,64235.0,64161.2,64219.1,517.193
2026-08-07 05:15:00,64219.1,64233.0,64139.7,64154.3,556.904
2026-08-07 05:30:00,64154.3,64254.5,64154.3,64250.1,616.664
2026-08-07 05:45:00,64250.1,64370.1,64226.6,64310.6,942.12
2026-08-07 06:00:00,64310.7,64397.3,64288.3,64388.5,649.797
2026-08-07 06:15:00,64388.5,64441.0,64353.9,64393.3,835.822
2026-08-07 06:30:00,64393.3,64404.2,64312.6,64335.4,604.087
2026-08-07 06:45:00,64335.4,64348.0,64255.0,64280.1,643.867
2026-08-07 07:00:00,64280.2,64347.7,64229.9,64310.5,374.363
2026-08-07 07:15:00,64310.4,64405.0,64301.5,64377.0,1827.448
2026-08-07 07:30:00,64377.0,64393.3,64337.6,64342.9,415.322
2026-08-07 07:45:00,64342.8,64347.1,64274.0,64288.9,422.538
2026-08-07 08:00:00,64288.8,64352.0,64268.9,64341.1,621.476
2026-08-07 08:15:00,64341.1,64426.8,64340.9,64421.4,769.264
2026-08-07 08:30:00,64421.5,64646.6,64421.4,64606.2,2282.547
2026-08-07 08:45:00,64606.3,64606.3,64547.8,64576.4,910.38
2026-08-07 09:00:00,64576.3,64746.0,64576.3,64700.1,2208.694
2026-08-07 09:15:00,64700.1,64857.0,64700.0,64806.0,2686.91
2026-08-07 09:30:00,64806.0,64939.4,64776.6,64878.0,3182.948
2026-08-07 09:45:00,64877.9,64885.4,64783.7,64809.0,1234.002
2026-08-07 10:00:00,64809.1,64847.3,64768.5,64820.3,1335.008
2026-08-07 10:15:00,64820.4,64864.7,64769.9,64862.0,731.24
2026-08-07 10:30:00,64862.0,64888.7,64823.7,64835.0,841.525
2026-08-07 10:45:00,64834.9,64884.7,64834.9,64867.3,562.775
2026-08-07 11:00:00,64867.4,64948.5,64867.4,64934.2,1464.658
2026-08-07 11:15:00,64934.2,65187.9,64900.8,65054.9,5487.68
2026-08-07 11:30:00,65055.0,65075.0,64987.0,64999.9,1836.362
2026-08-07 11:45:00,64999.8,65020.0,64971.7,64996.1,771.674
2026-08-07 12:00:00,64996.2,65263.0,64996.1,65188.1,4076.967
2026-08-07 12:15:00,65188.1,65209.4,65031.0,65096.1,1540.191
2026-08-07 12:30:00,65096.1,65300.0,64954.0,65127.2,7314.65
2026-08-07 12:45:00,65127.1,65358.0,65127.1,65259.1,4702.72
2026-08-07 13:00:00,65259.0,65296.8,65155.3,65186.1,1546.284
2026-08-07 13:15:00,65186.1,65245.8,65073.2,65127.8,1509.731
2026-08-07 13:30:00,65127.8,65292.0,65071.2,65271.4,2957.945
2026-08-07 13:45:00,65271.3,65305.6,64946.8,64984.8,4170.34
2026-08-07 14:00:00,64984.9,65020.0,64756.8,64805.9,6393.673
2026-08-07 14:15:00,64805.9,65211.8,64764.3,65165.1,3688.662
2026-08-07 14:30:00,65165.1,65250.0,65056.7,65075.1,2493.04
2026-08-07 14:45:00,65075.1,65132.1,64914.7,64927.3,1713.019
2026-08-07 15:00:00,64927.3,65015.3,64859.5,64935.5,1368.924
2026-08-07 15:15:00,64935.5,65042.5,64900.6,64996.7,762.923
2026-08-07 15:30:00,64996.8,65117.7,64955.2,64990.0,1214.255
2026-08-07 15:45:00,64990.0,65002.1,64878.4,64885.4,704.968
2026-08-07 16:00:00,64885.5,65050.0,64883.5,65012.3,1076.003
2026-08-07 16:15:00,65012.3,65027.0,64861.8,64907.3,1105.238
2026-08-07 16:30:00,64907.4,64946.0,64835.1,64926.2,886.981
2026-08-07 16:45:00,64926.2,64928.2,64779.9,64779.9,1354.75
2026-08-07 17:00:00,64779.9,64805.1,64664.0,64670.0,3310.785
2026-08-07 17:15:00,64670.0,64710.0,64549.4,64570.5,3223.09
2026-08-07 17:30:00,64570.5,64664.8,64490.0,64655.9,2751.612
2026-08-07 17:45:00,64655.9,64740.3,64631.9,64740.3,1096.156
2026-08-07 18:00:00,64740.2,64857.9,64734.4,64825.3,1413.43
2026-08-07 18:15:00,64825.3,64843.8,64766.7,64783.8,765.701
2026-08-07 18:30:00,64783.8,64817.9,64700.0,64700.1,607.346
2026-08-07 18:45:00,64700.0,64728.0,64655.0,64712.1,494.587
2026-08-07 19:00:00,64712.1,64850.0,64712.0,64815.7,784.009
2026-08-07 19:15:00,64815.7,64961.9,64815.7,64916.7,1218.303
2026-08-07 19:30:00,64916.8,65000.0,64905.1,64944.3,1467.087
2026-08-07 19:45:00,64944.4,64980.3,64915.0,64932.9,504.59
2026-08-07 20:00:00,64932.9,65015.3,64922.7,64958.6,604.907
2026-08-07 20:15:00,64958.7,64974.2,64922.7,64947.1,328.928
2026-08-07 20:30:00,64947.1,64947.1,64916.6,64929.9,284.929
2026-08-07 20:45:00,64929.9,64952.1,64925.9,64942.1,403.279
2026-08-07 21:00:00,64942.2,64996.0,64942.1,64976.5,307.435
2026-08-07 21:15:00,64976.5,64991.6,64920.0,64966.9,481.023
2026-08-07 21:30:00,64967.0,65078.7,64966.9,64999.9,799.471
2026-08-07 21:45:00,64999.9,65014.5,64895.0,64895.3,439.349
2026-08-07 22:00:00,64895.3,64902.2,64863.3,64901.5,394.085
2026-08-07 22:15:00,64901.4,64919.6,64875.4,64895.6,263.979
2026-08-07 22:30:00,64895.7,64895.7,64815.3,64844.0,461.555
2026-08-07 22:45:00,64843.9,64892.0,64843.9,64857.3,360.573
2026-08-07 23:00:00,64857.3,64859.9,64854.0,64859.9,126.101
2026-08-07 23:15:00,64859.8,64859.9,64846.3,64852.0,199.267
2026-08-07 23:30:00,64852.1,64869.1,64852.0,64869.0,141.799
2026-08-07 23:45:00,64869.1,64885.8,64869.0,64885.4,199.455
2026-08-08 00:00:00,64885.5,64927.6,64868.2,64868.2,399.668
2026-08-08 00:15:00,64868.2,64868.3,64784.3,64850.4,477.83
2026-08-08 00:30:00,64850.4,64872.4,64836.0,64872.4,259.314
2026-08-08 00:45:00,64872.3,64890.4,64872.3,64890.3,136.327
2026-08-08 01:00:00,64890.3,64927.8,64871.6,64922.2,313.573
2026-08-08 01:15:00,64922.3,64922.3,64877.2,64877.2,196.907
2026-08-08 01:30:00,64877.2,64907.3,64875.5,64900.1,214.21
2026-08-08 01:45:00,64900.1,64900.2,64880.0,64880.6,135.674
2026-08-08 02:00:00,64880.6,64880.7,64863.5,64871.9,210.016
2026-08-08 02:15:00,64871.8,64900.0,64864.0,64900.0,206.349
2026-08-08 02:30:00,64900.0,64931.8,64884.0,64892.0,330.946
2026-08-08 02:45:00,64892.0,64894.2,64887.6,64889.5,184.804
2026-08-08 03:00:00,64889.5,64910.0,64884.0,64902.3,206.194
2026-08-08 03:15:00,64902.2,65009.6,64902.2,64992.2,536.233
2026-08-08 03:30:00,64992.2,65046.1,64970.2,64984.9,444.088
2026-08-08 03:45:00,64985.0,65009.0,64965.9,65000.0,323.661
2026-08-08 04:00:00,65000.0,65040.1,64934.9,64947.1,464.322
2026-08-08 04:15:00,64947.1,64973.5,64941.0,64973.0,150.38
2026-08-08 04:30:00,64973.0,65036.7,64968.6,65008.4,494.183
2026-08-08 04:45:00,65008.4,65012.1,64968.6,64976.5,197.388
2026-08-08 05:00:00,64976.5,64987.7,64965.1,64965.1,136.612
2026-08-08 05:15:00,64965.2,65000.0,64965.1,64992.5,177.464
2026-08-08 05:30:00,64992.5,64992.5,64981.0,64990.1,105.813
2026-08-08 05:45:00,64990.0,64990.1,64942.6,64967.0,296.937
2026-08-08 06:00:00,64967.1,64972.3,64947.3,64950.1,165.032
2026-08-08 06:15:00,64950.1,64959.0,64941.7,64944.5,238.74
2026-08-08 06:30:00,64944.5,64959.2,64931.8,64959.2,273.046
2026-08-08 06:45:00,64959.2,64991.0,64959.1,64978.2,209.336
2026-08-08 07:00:00,64978.3,64983.0,64967.8,64970.8,186.124
2026-08-08 07:15:00,64970.8,64974.3,64967.6,64974.2,110.775
2026-08-08 07:30:00,64974.2,64974.3,64919.5,64919.5,258.414
2026-08-08 07:45:00,64919.5,64937.5,64919.5,64936.3,149.773
2026-08-08 08:00:00,64936.3,64938.8,64920.0,64938.7,192.978
2026-08-08 08:15:00,64938.7,64956.1,64938.7,64956.0,124.03
2026-08-08 08:30:00,64956.0,64988.2,64956.0,64986.0,277.767
2026-08-08 08:45:00,64986.0,64986.0,64962.6,64963.2,153.598
2026-08-08 09:00:00,64963.1,64978.2,64963.1,64975.7,138.587
2026-08-08 09:15:00,64975.8,64992.0,64975.7,64990.6,189.556
2026-08-08 09:30:00,64990.5,65026.9,64976.6,64978.8,477.959
2026-08-08 09:45:00,64978.8,64984.1,64960.0,64960.1,196.708
2026-08-08 10:00:00,64960.0,64977.7,64960.0,64968.3,165.343
2026-08-08 10:15:00,64968.2,64996.3,64968.1,64996.3,167.463
2026-08-08 10:30:00,64996.2,64996.3,64974.8,64977.1,177.28
2026-08-08 10:45:00,64977.1,64985.9,64977.1,64980.6,75.371
2026-08-08 11:00:00,64980.6,64995.6,64974.4,64983.3,145.27
2026-08-08 11:15:00,64983.2,64983.3,64944.9,64945.0,167.412
2026-08-08 11:30:00,64945.0,64949.2,64944.9,64945.4,171.243
2026-08-08 11:45:00,64945.3,64945.9,64930.0,64938.5,190.223
2026-08-08 12:00:00,64938.4,64986.8,64890.8,64985.5,558.533
2026-08-08 12:15:00,64985.4,65024.7,64949.2,64949.2,357.468
2026-08-08 12:30:00,64949.2,64998.5,64949.2,64979.4,385.411
2026-08-08 12:45:00,64979.5,64996.3,64973.7,64973.8,142.393
2026-08-08 13:00:00,64973.8,64993.3,64967.2,64978.7,202.917
2026-08-08 13:15:00,64978.7,64994.6,64978.6,64990.8,161.281
2026-08-08 13:30:00,64990.8,64990.9,64973.7,64974.8,130.331
2026-08-08 13:45:00,64974.7,64985.4,64967.3,64985.4,129.204
2026-08-08 14:00:00,64985.4,65032.0,64985.3,65032.0,370.657
2026-08-08 14:15:00,65031.9,65119.8,65013.3,65102.4,1281.177
2026-08-08 14:30:00,65102.5,65163.0,65080.8,65080.8,1272.925
2026-08-08 14:45:00,65080.8,65151.1,65080.1,65100.0,635.889
2026-08-08 15:00:00,65100.1,65123.8,65066.8,65073.6,409.968
2026-08-08 15:15:00,65073.6,65079.4,65046.1,65059.8,282.632
2026-08-08 15:30:00,65059.8,65062.2,65031.5,65031.5,237.752
2026-08-08 15:45:00,65031.6,65069.8,65027.9,65049.3,268.783
2026-08-08 16:00:00,65049.4,65088.0,65049.3,65052.8,331.844
2026-08-08 16:15:00,65052.7,65059.6,65045.4,65045.5,161.496
2026-08-08 16:30:00,65045.5,65045.6,65000.1,65032.7,360.758
2026-08-08 16:45:00,65032.6,65056.1,65031.8,65056.1,151.084
2026-08-08 17:00:00,65056.1,65110.2,65045.6,65087.8,456.667
2026-08-08 17:15:00,65087.8,65095.5,65072.3,65081.1,126.722
2026-08-08 17:30:00,65081.1,65123.1,65080.3,65095.3,290.331
2026-08-08 17:45:00,65095.3,65100.0,65086.0,65086.2,212.262
2026-08-08 18:00:00,65086.2,65094.1,65069.1,65069.2,192.693
2026-08-08 18:15:00,65069.1,65069.2,65000.0,65012.1,480.669
2026-08-08 18:30:00,65012.2,65035.9,65010.7,65026.8,389.849
2026-08-08 18:45:00,65026.8,65026.8,65015.2,65015.3,109.037
2026-08-08 19:00:00,65015.3,65015.3,64991.0,64991.4,232.344
2026-08-08 19:15:00,64991.4,64998.8,64991.0,64993.0,168.307
2026-08-08 19:30:00,64992.9,65011.5,64986.2,65011.5,152.906
2026-08-08 19:45:00,65011.4,65089.2,65008.2,65045.5,537.439
2026-08-08 20:00:00,65045.5,65052.6,65035.1,65050.0,161.905
2026-08-08 20:15:00,65050.0,65054.8,65026.7,65035.9,173.49
2026-08-08 20:30:00,65035.8,65059.1,65034.1,65050.0,175.648
2026-08-08 20:45:00,65049.9,65057.2,65029.2,65046.9,363.161
2026-08-08 21:00:00,65046.9,65046.9,65014.0,65014.1,106.118
2026-08-08 21:15:00,65014.1,65022.9,65005.9,65007.0,122.295
2026-08-08 21:30:00,65006.9,65033.5,65001.0,65033.5,168.808
2026-08-08 21:45:00,65033.4,65033.5,64957.3,64989.8,437.773
2026-08-08 22:00:00,64989.8,65012.8,64970.4,64970.5,360.816
2026-08-08 22:15:00,64970.5,64975.0,64964.8,64965.6,192.04
2026-08-08 22:30:00,64965.6,64968.7,64943.8,64943.9,413.01
2026-08-08 22:45:00,64943.9,64945.3,64915.2,64915.2,277.641
2026-08-08 23:00:00,64915.2,64915.3,64907.9,64910.9,225.774
2026-08-08 23:15:00,64910.8,64945.1,64910.8,64911.1,407.809
2026-08-08 23:30:00,64911.1,64954.1,64911.1,64942.4,270.755
2026-08-08 23:45:00,64942.5,64943.7,64921.9,64928.5,198.609
2026-08-09 00:00:00,64928.6,64937.0,64928.4,64934.7,143.538
2026-08-09 00:15:00,64934.8,64945.1,64934.6,64934.7,129.884
2026-08-09 00:30:00,64934.7,64956.9,64934.7,64942.7,212.818
2026-08-09 00:45:00,64942.8,64957.7,64929.4,64952.9,295.464
2026-08-09 01:00:00,64952.9,64982.4,64945.1,64959.5,293.975
2026-08-09 01:15:00,64959.5,64959.5,64831.4,64836.1,768.859
2026-08-09 01:30:00,64836.2,64865.8,64826.9,64860.9,361.794
2026-08-09 01:45:00,64861.0,64866.0,64818.0,64838.4,418.127
2026-08-09 02:00:00,64838.4,64838.4,64781.5,64829.1,511.142
2026-08-09 02:15:00,64829.0,64829.1,64810.8,64820.1,207.857
2026-08-09 02:30:00,64820.1,64820.1,64752.0,64752.0,368.073
2026-08-09 02:45:00,64752.0,64804.1,64752.0,64798.0,594.891
2026-08-09 03:00:00,64798.0,64798.0,64711.0,64711.0,516.79
2026-08-09 03:15:00,64711.0,64767.2,64700.0,64754.5,574.594
2026-08-09 03:30:00,64754.5,64784.2,64749.3,64777.7,338.243
2026-08-09 03:45:00,64777.7,64777.7,64758.0,64759.0,207.404
2026-08-09 04:00:00,64758.9,64795.1,64758.9,64795.1,251.756
2026-08-09 04:15:00,64795.0,64806.3,64785.0,64806.3,289.67
2026-08-09 04:30:00,64806.3,64806.3,64781.1,64781.1,154.083
2026-08-09 04:45:00,64781.1,64781.2,64759.7,64759.8,144.964
2026-08-09 05:00:00,64759.7,64764.3,64754.0,64759.1,184.986
2026-08-09 05:15:00,64759.1,64764.7,64757.0,64757.1,159.193
2026-08-09 05:30:00,64757.0,64760.5,64757.0,64759.1,131.215
2026-08-09 05:45:00,64759.1,64777.9,64747.4,64777.9,275.128
2026-08-09 06:00:00,64777.8,64786.5,64776.9,64786.5,272.593
2026-08-09 06:15:00,64786.5,64821.5,64786.4,64815.6,443.185
2026-08-09 06:30:00,64815.5,64834.4,64815.5,64833.1,301.597
2026-08-09 06:45:00,64833.2,64835.0,64822.7,64822.9,250.468
2026-08-09 07:00:00,64822.9,64827.8,64820.5,64824.9,276.428
2026-08-09 07:15:00,64824.9,64826.6,64809.1,64810.0,263.638
2026-08-09 07:30:00,64810.0,64812.9,64806.3,64806.3,174.178
2026-08-09 07:45:00,64806.3,64806.4,64791.9,64793.6,218.295
2026-08-09 08:00:00,64793.7,64905.4,64793.7,64892.3,772.66
2026-08-09 08:15:00,64892.3,64911.1,64859.1,64859.8,442.246
2026-08-09 08:30:00,64859.7,64870.0,64759.2,64759.2,524.148
2026-08-09 08:45:00,64759.2,64793.1,64759.2,64792.5,591.088
2026-08-09 09:00:00,64792.5,64799.9,64792.5,64792.9,182.377
2026-08-09 09:15:00,64792.9,64799.1,64774.5,64779.8,223.046
2026-08-09 09:30:00,64779.8,64789.5,64775.0,64788.3,184.717
2026-08-09 09:45:00,64788.4,64850.9,64783.4,64850.9,318.899
2026-08-09 10:00:00,64850.9,64926.4,64850.8,64924.2,384.052
2026-08-09 10:15:00,64924.3,64948.7,64912.0,64935.7,556.647
2026-08-09 10:30:00,64935.7,64944.5,64910.5,64911.9,235.687
2026-08-09 10:45:00,64911.8,64948.4,64911.8,64927.4,339.975
2026-08-09 11:00:00,64927.5,64955.0,64927.4,64949.9,207.642
2026-08-09 11:15:00,64950.0,64950.0,64940.1,64948.9,160.633
2026-08-09 11:30:00,64949.0,64974.5,64948.9,64958.4,202.093
2026-08-09 11:45:00,64958.4,64978.0,64921.7,64921.8,382.494
2026-08-09 12:00:00,64921.7,64923.0,64884.3,64915.7,412.417
2026-08-09 12:15:00,64915.6,64922.2,64915.6,64915.6,102.709
2026-08-09 12:30:00,64915.6,64915.7,64908.9,64911.4,114.122
2026-08-09 12:45:00,64911.5,64928.5,64905.7,64928.5,199.047
2026-08-09 13:00:00,64928.4,65012.2,64928.4,64993.4,744.242
2026-08-09 13:15:00,64993.4,65068.9,64993.4,65061.8,643.867
2026-08-09 13:30:00,65061.8,65245.5,65061.8,65193.0,3520.929
2026-08-09 13:45:00,65193.1,65198.8,65164.9,65194.9,829.708
2026-08-09 14:00:00,65195.0,65212.6,65163.8,65212.0,797.842
2026-08-09 14:15:00,65212.0,65212.0,65130.8,65166.6,511.139
2026-08-09 14:30:00,65166.7,65200.0,65118.4,65144.0,531.313
2026-08-09 14:45:00,65143.9,65279.9,65143.9,65237.3,1328.83
2026-08-09 15:00:00,65237.3,65240.9,65177.0,65218.9,850.457
2026-08-09 15:15:00,65218.9,65219.0,65199.8,65199.9,394.786
2026-08-09 15:30:00,65199.9,65210.8,65196.8,65199.6,372.696
2026-08-09 15:45:00,65199.7,65212.5,65197.0,65207.7,290.013
2026-08-09 16:00:00,65207.8,65243.1,65190.6,65210.5,581.145
2026-08-09 16:15:00,65210.5,65218.2,65147.2,65171.1,571.61
2026-08-09 16:30:00,65171.0,65237.1,65171.0,65228.0,492.595
2026-08-09 16:45:00,65228.0,65233.3,65204.5,65204.6,208.71
2026-08-09 17:00:00,65204.6,65204.7,65191.0,65200.0,186.337
2026-08-09 17:15:00,65199.9,65212.8,65192.1,65211.9,224.473
2026-08-09 17:30:00,65211.9,65212.1,65197.5,65206.4,156.635
2026-08-09 17:45:00,65206.4,65206.5,65165.9,65170.0,254.516
2026-08-09 18:00:00,65169.9,65181.4,65169.9,65180.1,129.507
2026-08-09 18:15:00,65180.0,65194.0,65161.2,65194.0,324.076
2026-08-09 18:30:00,65193.9,65200.0,65193.9,65194.2,140.194
2026-08-09 18:45:00,65194.1,65194.2,65167.1,65167.1,207.464
2026-08-09 19:00:00,65167.1,65177.6,65158.5,65166.4,207.413
2026-08-09 19:15:00,65166.3,65188.6,65166.3,65186.1,133.766
2026-08-09 19:30:00,65186.1,65186.2,65171.7,65171.7,139.845
2026-08-09 19:45:00,65171.7,65171.8,65147.6,65153.2,324.478
2026-08-09 20:00:00,65153.2,65161.4,65043.5,65049.2,955.351
2026-08-09 20:15:00,65049.2,65125.0,65049.2,65102.4,596.838
2026-08-09 20:30:00,65102.3,65142.6,65102.3,65111.2,221.655
2026-08-09 20:45:00,65111.3,65117.9,65093.3,65114.1,172.937
2026-08-09 21:00:00,65114.0,65114.1,65095.9,65103.1,230.512
2026-08-09 21:15:00,65103.0,65114.1,65091.2,65111.0,159.811
2026-08-09 21:30:00,65110.9,65229.9,65110.9,65196.7,804.13
2026-08-09 21:45:00,65196.7,65203.3,65154.2,65165.0,181.645
2026-08-09 22:00:00,65165.1,65482.7,65165.1,65387.1,3479.684
2026-08-09 22:15:00,65387.2,65419.4,65182.3,65210.5,1648.171
2026-08-09 22:30:00,65210.6,65224.7,64942.7,65006.2,2445.671
2026-08-09 22:45:00,65006.1,65080.0,64936.2,65046.3,1015.461
2026-08-09 23:00:00,65046.2,65080.3,64956.1,64990.1,746.4
2026-08-09 23:15:00,64990.0,65027.4,64869.0,64892.2,1415.88
2026-08-09 23:30:00,64892.2,64911.0,64816.0,64866.5,1666.954
2026-08-09 23:45:00,64866.6,64903.2,64805.1,64867.8,737.247
2026-08-10 00:00:00,64867.8,65300.0,64811.8,65120.2,2776.425
2026-08-10 00:15:00,65120.2,65146.4,64950.3,64974.8,1191.91
2026-08-10 00:30:00,64974.9,65025.7,64794.4,64819.0,1834.249
2026-08-10 00:45:00,64819.0,65015.3,64816.0,64945.3,1174.591
2026-08-10 01:00:00,64945.3,65005.8,64868.1,64977.6,662.452
2026-08-10 01:15:00,64977.5,65049.4,64971.8,64976.6,440.368
2026-08-10 01:30:00,64976.6,64988.1,64864.0,64947.8,671.454
2026-08-10 01:45:00,64947.8,65373.6,64941.2,65172.9,3023.601
2026-08-10 02:00:00,65172.9,65185.0,65046.7,65074.5,885.966
2026-08-10 02:15:00,65074.5,65076.2,64871.0,64931.2,1870.789
2026-08-10 02:30:00,64931.2,65193.3,64931.2,65172.0,1189.998
2026-08-10 02:45:00,65172.1,65172.1,65055.8,65077.7,606.834
2026-08-10 03:00:00,65077.7,65085.1,64930.5,64931.3,744.19
2026-08-10 03:15:00,64931.2,65150.0,64875.0,64999.6,1412.532
2026-08-10 03:30:00,64999.7,65070.0,64968.9,65001.5,516.2
2026-08-10 03:45:00,65001.6,65032.0,64922.3,64946.4,650.761
2026-08-10 04:00:00,64946.4,65049.7,64926.5,65046.0,656.843
2026-08-10 04:15:00,65046.0,65076.4,65000.0,65000.1,337.089
2026-08-10 04:30:00,65000.0,65015.0,64892.1,64980.8,589.046
2026-08-10 04:45:00,64980.7,65026.2,64950.0,64980.6,293.575
2026-08-10 05:00:00,64980.4,65028.7,64952.3,64965.0,298.14
2026-08-10 05:15:00,64964.9,65040.0,64964.9,65019.6,230.784
2026-08-10 05:30:00,65019.6,65063.1,64995.4,65059.4,266.49
2026-08-10 05:45:00,65059.4,65142.1,65024.0,65117.1,898.855
2026-08-10 06:00:00,65117.2,65260.0,65104.1,65174.7,1461.09
2026-08-10 06:15:00,65174.8,65214.6,65120.1,65139.9,596.168
2026-08-10 06:30:00,65140.0,65212.2,65140.0,65212.2,353.166
2026-08-10 06:45:00,65212.1,65313.2,65201.4,65273.2,900.485
2026-08-10 07:00:00,65273.1,65283.7,65229.4,65240.1,824.032
2026-08-10 07:15:00,65240.1,65307.4,65203.7,65297.0,767.802
2026-08-10 07:30:00,65297.0,65348.4,65280.0,65303.0,1283.97
2026-08-10 07:45:00,65303.0,65313.0,65173.1,65183.0,720.292
2026-08-10 08:00:00,65183.0,65290.0,65182.9,65240.4,518.305
2026-08-10 08:15:00,65240.3,65306.9,65202.6,65269.8,609.259
2026-08-10 08:30:00,65269.8,65279.6,65160.2,65200.9,528.3
2026-08-10 08:45:00,65200.9,65240.0,65183.8,65220.6,331.199
2026-08-10 09:00:00,65220.6,65220.7,65159.2,65193.8,482.412
2026-08-10 09:15:00,65193.8,65196.2,65133.6,65139.0,318.563
2026-08-10 09:30:00,65139.0,65139.0,65012.6,65021.8,1658.024
2026-08-10 09:45:00,65021.9,65021.9,64928.0,64941.1,2179.213
2026-08-10 10:00:00,64941.0,65053.3,64939.5,65017.4,1097.133
2026-08-10 10:15:00,65017.3,65044.4,64981.1,64998.7,479.295
2026-08-10 10:30:00,64998.7,65023.8,64980.0,64982.4,397.086
2026-08-10 10:45:00,64982.4,65029.0,64980.0,64988.7,393.899
2026-08-10 11:00:00,64988.8,65009.0,64950.0,64991.1,672.6
2026-08-10 11:15:00,64991.1,65068.8,64991.0,65051.6,530.607
2026-08-10 11:30:00,65051.5,65077.8,65032.2,65032.2,299.017
2026-08-10 11:45:00,65032.2,65108.4,65032.2,65097.6,424.358
2026-08-10 12:00:00,65097.5,65221.2,65071.2,65100.4,1649.782
2026-08-10 12:15:00,65100.5,65104.3,65012.1,65027.8,751.003
2026-08-10 12:30:00,65027.8,65035.0,64882.7,64995.6,1730.817
2026-08-10 12:45:00,64995.6,64995.6,64812.6,64838.3,2145.271
2026-08-10 13:00:00,64838.3,64882.8,64814.5,64855.4,1546.25
2026-08-10 13:15:00,64855.3,64942.5,64847.7,64894.2,1328.167
2026-08-10 13:30:00,64894.3,64907.0,64575.8,64618.5,5601.432
2026-08-10 13:45:00,64618.5,64660.0,64482.1,64533.7,4092.438
2026-08-10 14:00:00,64533.6,64729.2,64510.0,64722.2,2743.656
2026-08-10 14:15:00,64722.2,64803.7,64682.0,64752.6,1691.264
2026-08-10 14:30:00,64752.7,64856.7,64734.1,64795.0,1324.014
2026-08-10 14:45:00,64795.1,64830.0,64573.1,64594.5,2387.736
2026-08-10 15:00:00,64594.6,64691.2,64500.3,64529.9,2373.291
2026-08-10 15:15:00,64529.9,64619.6,64280.0,64374.0,5642.824
2026-08-10 15:30:00,64373.9,64390.6,64213.0,64317.9,3957.542
2026-08-10 15:45:00,64317.9,64335.8,64171.8,64268.8,4230.638
2026-08-10 16:00:00,64268.7,64330.0,64155.1,64195.7,3456.7
2026-08-10 16:15:00,64195.7,64195.7,63944.0,64100.0,6374.047
2026-08-10 16:30:00,64100.0,64163.9,63923.8,63948.8,3029.986
2026-08-10 16:45:00,63948.8,63960.3,63808.9,63888.6,5060.889
2026-08-10 17:00:00,63888.6,63999.9,63810.0,63973.7,2804.146
2026-08-10 17:15:00,63973.7,63988.4,63901.4,63901.5,1144.891
2026-08-10 17:30:00,63901.5,64009.0,63880.0,63929.0,1255.157
2026-08-10 17:45:00,63928.9,63953.1,63844.8,63932.7,1335.901
2026-08-10 18:00:00,63932.6,64005.4,63875.0,63922.2,1430.041
2026-08-10 18:15:00,63922.3,63986.9,63873.4,63880.0,814.973
2026-08-10 18:30:00,63880.0,63913.3,63788.0,63863.0,4440.231
2026-08-10 18:45:00,63863.1,63906.5,63813.9,63866.4,807.05
2026-08-10 19:00:00,63866.3,63913.0,63859.9,63905.6,558.865
2026-08-10 19:15:00,63905.6,63997.1,63875.4,63997.1,912.876
2026-08-10 19:30:00,63997.1,64072.8,63901.5,64000.0,1818.889
2026-08-10 19:45:00,64000.1,64022.9,63954.7,64017.2,611.064
2026-08-10 20:00:00,64017.2,64060.2,63989.5,64023.0,957.501
2026-08-10 20:15:00,64022.9,64090.0,64014.2,64090.0,580.025
2026-08-10 20:30:00,64089.9,64189.3,64071.0,64143.0,1150.031
2026-08-10 20:45:00,64142.9,64153.5,64107.7,64129.6,612.535
2026-08-10 21:00:00,64129.7,64129.7,64049.5,64080.8,643.235
2026-08-10 21:15:00,64080.9,64089.6,64035.2,64089.1,398.67
2026-08-10 21:30:00,64089.2,64089.2,64000.0,64004.8,420.653
2026-08-10 21:45:00,64004.8,64016.8,63946.8,63949.0,623.648
2026-08-10 22:00:00,63949.0,64017.1,63919.1,64010.6,662.265
2026-08-10 22:15:00,64010.6,64027.4,63975.5,63980.9,396.585
2026-08-10 22:30:00,63980.9,63981.0,63908.0,63956.9,282.399
2026-08-10 22:45:00,63957.0,63987.5,63953.7,63987.5,160.893
2026-08-10 23:00:00,63987.5,63992.1,63943.5,63949.9,348.493
2026-08-10 23:15:00,63950.0,63969.0,63916.8,63959.2,436.52
2026-08-10 23:30:00,63959.2,63959.3,63881.6,63939.9,599.292
2026-08-10 23:45:00,63939.9,63958.9,63911.2,63939.3,451.735
2026-08-11 00:00:00,63939.3,63955.8,63863.9,63955.8,866.028
2026-08-11 00:15:00,63955.8,63974.5,63884.8,63960.9,696.185
2026-08-11 00:30:00,63961.0,63983.3,63918.6,63951.5,500.331
2026-08-11 00:45:00,63951.5,64032.6,63951.5,64006.1,1080.194
2026-08-11 01:00:00,64006.1,64048.2,63950.0,64027.7,764.101
2026-08-11 01:15:00,64027.8,64044.2,63950.0,64039.4,790.647
2026-08-11 01:30:00,64039.5,64039.5,63923.9,63957.0,583.031
2026-08-11 01:45:00,63957.0,64046.5,63955.0,64026.6,471.734
2026-08-11 02:00:00,64026.6,64054.0,64009.7,64009.7,523.458
2026-08-11 02:15:00,64009.8,64042.0,64009.7,64019.9,378.132
2026-08-11 02:30:00,64019.9,64026.0,63999.9,64013.9,324.259
2026-08-11 02:45:00,64013.9,64029.0,64002.4,64012.9,378.367
2026-08-11 03:00:00,64012.8,64075.0,64012.8,64070.2,402.442
2026-08-11 03:15:00,64070.2,64148.0,64070.2,64106.7,915.437
2026-08-11 03:30:00,64106.6,64134.3,64100.0,64103.9,306.807
2026-08-11 03:45:00,64103.8,64110.7,64087.0,64110.7,446.398
2026-08-11 04:00:00,64110.7,64124.2,64089.7,64089.7,361.161
2026-08-11 04:15:00,64089.7,64107.5,64073.1,64080.9,307.11
2026-08-11 04:30:00,64080.9,64082.0,64065.1,64068.4,240.772
2026-08-11 04:45:00,64068.5,64073.5,63997.0,63997.0,841.38
2026-08-11 05:00:00,63997.0,64023.4,63961.0,64014.6,613.744
2026-08-11 05:15:00,64014.6,64021.9,63929.2,63944.0,594.401
2026-08-11 05:30:00,63943.9,64012.9,63938.7,64006.3,426.547
2026-08-11 05:45:00,64006.3,64016.6,63965.0,63965.0,401.593
2026-08-11 06:00:00,63965.0,64021.8,63942.4,64001.1,373.332
2026-08-11 06:15:00,64001.2,64001.2,63900.0,63900.0,516.501
2026-08-11 06:30:00,63900.0,63939.0,63874.8,63903.2,978.838
2026-08-11 06:45:00,63903.3,63942.4,63820.0,63940.0,1052.623
2026-08-11 07:00:00,63940.0,63987.6,63935.9,63935.9,451.492
2026-08-11 07:15:00,63935.9,63944.6,63876.4,63879.9,584.597
2026-08-11 07:30:00,63879.9,64060.0,63879.9,64043.9,955.08
2026-08-11 07:45:00,64044.0,64077.0,64010.0,64031.7,838.149
2026-08-11 08:00:00,64031.7,64093.7,64016.7,64016.8,834.401
2026-08-11 08:15:00,64016.7,64064.0,64010.4,64026.2,381.394
2026-08-11 08:30:00,64026.2,64095.6,64026.2,64084.8,434.909
2026-08-11 08:45:00,64084.8,64124.8,64063.1,64109.8,535.575
2026-08-11 09:00:00,64109.7,64137.7,64106.0,64106.9,706.341
2026-08-11 09:15:00,64107.0,64176.4,64106.7,64160.2,753.49
2026-08-11 09:30:00,64160.2,64227.7,64158.0,64217.8,1342.558
2026-08-11 09:45:00,64217.8,64281.0,64217.3,64281.0,978.362
2026-08-11 10:00:00,64280.9,64290.1,64207.6,64218.8,1301.78
2026-08-11 10:15:00,64218.8,64282.1,64172.0,64277.0,749.644
2026-08-11 10:30:00,64276.9,64284.7,64221.1,64253.9,700.801
2026-08-11 10:45:00,64253.8,64253.9,64190.1,64205.3,969.459
2026-08-11 11:00:00,64205.3,64366.0,64205.3,64333.0,1806.324
2026-08-11 11:15:00,64333.0,64335.0,64308.9,64311.0,476.381
2026-08-11 11:30:00,64311.0,64321.8,64306.5,64313.4,515.214
2026-08-11 11:45:00,64313.3,64380.0,64313.3,64358.3,883.64
2026-08-11 12:00:00,64358.4,64470.0,64352.0,64445.0,2253.8
2026-08-11 12:15:00,64444.9,64445.0,64259.1,64290.1,1888.794
2026-08-11 12:30:00,64290.1,64360.1,64286.8,64302.1,1087.536
2026-08-11 12:45:00,64302.2,64318.8,64302.1,64303.2,941.65
2026-08-11 13:00:00,64303.1,64345.9,64252.7,64296.3,1406.078
2026-08-11 13:15:00,64296.4,64305.7,64144.0,64179.2,1534.388
2026-08-11 13:30:00,64179.3,64217.2,64023.7,64151.8,2963.395
2026-08-11 13:45:00,64151.8,64195.9,64020.2,64174.4,1745.404
2026-08-11 14:00:00,64174.4,64206.4,64088.0,64195.7,903.418
2026-08-11 14:15:00,64195.8,64240.0,63888.8,63999.8,2560.813
2026-08-11 14:30:00,63999.8,64041.2,63866.6,63938.1,1670.05
2026-08-11 14:45:00,63938.2,63984.6,63680.0,63747.0,5579.812
2026-08-11 15:00:00,63747.0,63841.5,63693.9,63752.5,2673.997
2026-08-11 15:15:00,63752.5,63845.7,63678.4,63836.3,1734.702
2026-08-11 15:30:00,63836.3,63836.3,63420.0,63536.2,6964.527
2026-08-11 15:45:00,63536.2,63608.8,63446.8,63585.3,2091.073
2026-08-11 16:00:00,63585.3,63637.5,63508.3,63582.3,2000.198
2026-08-11 16:15:00,63582.2,63629.4,63550.0,63570.6,1007.889
2026-08-11 16:30:00,63570.6,63596.0,63457.7,63470.3,1089.691
2026-08-11 16:45:00,63470.2,63524.9,63436.5,63488.5,936.191
2026-08-11 17:00:00,63488.5,63519.6,63432.3,63484.0,1010.812
2026-08-11 17:15:00,63484.1,63576.3,63466.2,63548.8,705.844
2026-08-11 17:30:00,63548.9,63572.0,63496.1,63531.7,678.967
2026-08-11 17:45:00,63531.7,63615.5,63512.4,63580.1,786.141
2026-08-11 18:00:00,63580.2,63609.1,63525.2,63571.8,911.232
2026-08-11 18:15:00,63571.8,63583.0,63453.0,63454.1,656.852
2026-08-11 18:30:00,63454.1,63487.9,63222.0,63281.8,7741.975
2026-08-11 18:45:00,63281.8,63363.6,63277.1,63352.5,1019.562
2026-08-11 19:00:00,63352.5,63357.6,63211.6,63224.6,1499.793
2026-08-11 19:15:00,63224.6,63372.9,63224.6,63334.7,918.292
2026-08-11 19:30:00,63334.7,63436.0,63334.6,63431.0,1205.463
2026-08-11 19:45:00,63431.0,63513.9,63357.2,63508.5,1328.593
2026-08-11 20:00:00,63508.5,63692.4,63508.5,63649.9,3690.756
2026-08-11 20:15:00,63649.9,63651.6,63576.0,63651.6,772.83
2026-08-11 20:30:00,63651.6,63732.7,63625.8,63652.4,909.781
2026-08-11 20:45:00,63652.4,63725.3,63652.3,63720.8,761.123
2026-08-11 21:00:00,63720.8,63731.4,63708.0,63712.0,522.278
2026-08-11 21:15:00,63712.1,63757.5,63628.9,63648.0,1292.129
2026-08-11 21:30:00,63648.1,63669.3,63590.7,63647.0,393.968
2026-08-11 21:45:00,63647.0,63667.0,63620.0,63641.5,350.27
2026-08-11 22:00:00,63641.6,63746.4,63641.6,63706.5,594.57
2026-08-11 22:15:00,63706.5,63740.3,63677.1,63696.1,383.534
2026-08-11 22:30:00,63696.0,63707.2,63627.8,63630.0,341.635
2026-08-11 22:45:00,63630.0,63655.1,63601.2,63641.6,320.627
2026-08-11 23:00:00,63641.7,63641.7,63536.1,63553.3,773.244
2026-08-11 23:15:00,63553.4,63593.3,63527.3,63572.7,316.728
2026-08-11 23:30:00,63572.8,63619.1,63560.0,63615.7,383.73
2026-08-11 23:45:00,63615.8,63629.0,63571.9,63572.0,384.367
2026-08-12 00:00:00,63571.9,63587.7,63505.3,63583.1,852.058
2026-08-12 00:15:00,63583.1,63684.0,63551.5,63644.1,579.829
2026-08-12 00:30:00,63644.0,63700.0,63644.0,63692.1,508.703
2026-08-12 00:45:00,63692.1,63722.4,63691.3,63717.2,431.115
2026-08-12 01:00:00,63717.2,63760.0,63687.4,63758.0,674.952
2026-08-12 01:15:00,63758.1,63758.1,63708.8,63722.8,432.516
2026-08-12 01:30:00,63722.9,63797.9,63665.2,63797.8,577.973
2026-08-12 01:45:00,63797.8,63828.7,63771.1,63796.0,1051.957
2026-08-12 02:00:00,63796.0,63859.1,63789.0,63820.2,860.711
2026-08-12 02:15:00,63820.1,63868.0,63751.8,63868.0,907.081
2026-08-12 02:30:00,63868.0,63886.0,63730.9,63745.7,772.176
2026-08-12 02:45:00,63745.8,63755.0,63701.2,63722.6,512.83
2026-08-12 03:00:00,63722.5,63772.6,63680.0,63692.6,542.976
2026-08-12 03:15:00,63692.7,63751.7,63678.4,63728.5,571.866
2026-08-12 03:30:00,63728.5,63819.2,63704.5,63785.6,479.609
2026-08-12 03:45:00,63785.6,63809.5,63745.6,63800.1,338.048
2026-08-12 04:00:00,63800.1,63812.1,63731.3,63757.9,514.921
2026-08-12 04:15:00,63757.9,63863.6,63742.9,63767.0,1129.07
2026-08-12 04:30:00,63767.1,63767.1,63706.4,63745.9,448.032
2026-08-12 04:45:00,63745.8,63805.0,63730.1,63747.2,520.28
2026-08-12 05:00:00,63747.2,63793.0,63698.2,63793.0,356.997
2026-08-12 05:15:00,63792.9,63812.7,63785.1,63812.6,260.344
2026-08-12 05:30:00,63812.5,63846.3,63794.9,63821.1,541.176
2026-08-12 05:45:00,63821.0,63834.1,63787.5,63811.4,569.811
2026-08-12 06:00:00,63811.3,63811.3,63675.4,63676.5,729.437
2026-08-12 06:15:00,63676.5,63729.9,63592.7,63618.0,1586.826
2026-08-12 06:30:00,63618.0,63657.7,63574.6,63630.1,1040.111
2026-08-12 06:45:00,63630.2,63688.0,63600.0,63688.0,865.16
2026-08-12 07:00:00,63687.9,63778.6,63684.4,63736.5,702.552
2026-08-12 07:15:00,63736.6,63736.6,63698.1,63705.0,317.428
2026-08-12 07:30:00,63705.1,63752.8,63656.0,63664.7,389.557
2026-08-12 07:45:00,63664.7,63812.5,63603.4,63804.8,988.845
2026-08-12 08:00:00,63804.8,63844.0,63757.2,63764.4,1220.115
2026-08-12 08:15:00,63764.4,63809.0,63764.3,63796.4,606.324
2026-08-12 08:30:00,63796.5,63796.5,63741.1,63751.3,371.275
2026-08-12 08:45:00,63751.4,63795.5,63751.3,63769.9,463.361
2026-08-12 09:00:00,63770.0,63835.2,63735.4,63827.2,424.668
2026-08-12 09:15:00,63827.3,63985.1,63827.2,63955.9,2324.491
2026-08-12 09:30:00,63955.9,64064.9,63955.9,64011.3,2949.825
2026-08-12 09:45:00,64011.4,64077.0,63994.7,64077.0,1121.262
2026-08-12 10:00:00,64076.9,64191.8,64069.4,64092.8,2326.227
2026-08-12 10:15:00,64092.8,64113.0,64026.5,64038.2,1306.265
2026-08-12 10:30:00,64038.1,64140.2,64038.1,64114.9,1103.594
2026-08-12 10:45:00,64114.9,64132.2,64051.1,64111.4,943.015
2026-08-12 11:00:00,64111.4,64186.7,64080.0,64112.4,952.038
2026-08-12 11:15:00,64112.3,64178.3,64099.0,64172.3,609.825
2026-08-12 11:30:00,64172.3,64193.4,64127.9,64159.4,632.461
2026-08-12 11:45:00,64159.4,64222.2,64159.4,64207.3,986.328
2026-08-12 12:00:00,64207.3,64275.9,64181.1,64230.4,1698.51
2026-08-12 12:15:00,64230.5,64400.0,64222.4,64385.8,3565.909
2026-08-12 12:30:00,64385.8,64450.0,63975.0,64069.5,9687.441
2026-08-12 12:45:00,64069.5,64154.0,63939.1,64090.0,3297.888
2026-08-12 13:00:00,64089.9,64131.4,63908.8,63955.0,1937.443
2026-08-12 13:15:00,63955.1,64012.7,63880.6,63930.6,1746.047
2026-08-12 13:30:00,63930.7,63987.1,63830.1,63956.6,3083.493
2026-08-12 13:45:00,63956.7,64050.3,63799.0,63805.9,2793.789
2026-08-12 14:00:00,63806.0,63911.9,63563.3,63765.3,6213.761
2026-08-12 14:15:00,63765.3,63802.5,63627.3,63627.3,1556.965
2026-08-12 14:30:00,63627.3,63672.4,63501.8,63579.6,3997.023
2026-08-12 14:45:00,63579.6,63621.5,63334.4,63344.4,3501.953
2026-08-12 15:00:00,63344.3,63508.8,63291.1,63475.5,4280.107
2026-08-12 15:15:00,63475.5,63528.1,63408.2,63478.7,1478.629
2026-08-12 15:30:00,63479.0,63551.9,63371.8,63501.0,1477.007
2026-08-12 15:45:00,63501.0,63529.1,63401.2,63421.4,1260.746
2026-08-12 16:00:00,63421.3,63481.6,63338.9,63454.9,1383.372
2026-08-12 16:15:00,63454.9,63550.0,63438.2,63541.1,1334.336
2026-08-12 16:30:00,63541.0,63557.5,63484.2,63496.4,794.817
2026-08-12 16:45:00,63496.3,63498.3,63444.0,63462.3,1127.46
2026-08-12 17:00:00,63462.3,63520.6,63447.3,63512.4,645.057
2026-08-12 17:15:00,63512.3,63528.2,63400.0,63425.6,661.35
2026-08-12 17:30:00,63425.5,63485.7,63388.8,63452.4,457.686
2026-08-12 17:45:00,63452.3,63520.8,63428.0,63450.1,409.261
2026-08-12 18:00:00,63450.0,63484.1,63397.1,63452.8,525.098
2026-08-12 18:15:00,63452.9,63452.9,63357.2,63411.4,686.902
2026-08-12 18:30:00,63411.4,63507.0,63395.2,63424.6,419.216
2026-08-12 18:45:00,63424.6,63424.6,63350.0,63360.0,618.648
2026-08-12 19:00:00,63360.0,63413.6,63355.7,63360.8,408.346
2026-08-12 19:15:00,63360.9,63441.0,63283.0,63361.5,2225.018
2026-08-12 19:30:00,63361.4,63382.4,63313.7,63313.9,554.569
2026-08-12 19:45:00,63313.9,63409.1,63299.0,63394.9,1067.087
2026-08-12 20:00:00,63394.8,63492.5,63392.5,63439.9,687.049
2026-08-12 20:15:00,63439.9,63492.5,63400.0,63482.2,517.545
2026-08-12 20:30:00,63482.1,63547.7,63482.1,63518.5,796.435
2026-08-12 20:45:00,63518.5,63573.5,63500.5,63573.5,577.38
2026-08-12 21:00:00,63573.5,63629.8,63528.9,63555.3,712.372
2026-08-12 21:15:00,63555.4,63570.2,63435.0,63454.9,678.766
2026-08-12 21:30:00,63455.0,63518.2,63389.9,63508.4,883.928
2026-08-12 21:45:00,63508.4,63551.2,63422.4,63441.4,607.293
2026-08-12 22:00:00,63441.4,63508.0,63391.9,63465.7,671.476
2026-08-12 22:15:00,63465.7,63503.6,63456.7,63457.2,329.762
2026-08-12 22:30:00,63457.1,63468.8,63337.5,63377.4,771.558
2026-08-12 22:45:00,63377.4,63409.0,63368.0,63405.9,420.973
2026-08-12 23:00:00,63405.8,63414.2,63350.0,63388.6,619.154
2026-08-12 23:15:00,63388.6,63420.0,63350.0,63400.0,464.19
2026-08-12 23:30:00,63399.9,63457.0,63375.2,63397.8,728.544
2026-08-12 23:45:00,63397.8,63466.0,63382.5,63454.7,675.433
2026-08-13 00:00:00,63454.6,63582.4,63437.0,63579.2,1187.554
2026-08-13 00:15:00,63579.2,63694.9,63555.5,63595.7,1580.803
2026-08-13 00:30:00,63595.7,63603.3,63467.2,63486.1,771.891
2026-08-13 00:45:00,63486.0,63580.5,63475.7,63530.1,400.517
2026-08-13 01:00:00,63530.0,63608.9,63494.7,63606.5,512.743
2026-08-13 01:15:00,63606.6,63611.4,63372.6,63390.1,1206.051
2026-08-13 01:30:00,63390.0,63514.2,63383.8,63390.0,602.271
2026-08-13 01:45:00,63390.0,63492.7,63355.1,63428.8,630.673
2026-08-13 02:00:00,63428.9,63458.2,63397.6,63434.4,506.076
2026-08-13 02:15:00,63434.3,63456.6,63398.0,63437.2,282.763
2026-08-13 02:30:00,63437.2,63466.8,63343.8,63466.8,799.464
2026-08-13 02:45:00,63466.8,63553.7,63443.7,63522.4,651.09
2026-08-13 03:00:00,63522.4,63553.8,63474.0,63545.7,542.45
2026-08-13 03:15:00,63545.6,63620.1,63539.5,63552.1,2187.827
2026-08-13 03:30:00,63552.1,63609.7,63541.9,63547.3,691.905
2026-08-13 03:45:00,63547.3,63670.1,63545.8,63623.5,1359.542
2026-08-13 04:00:00,63623.5,63660.5,63599.7,63647.4,426.672
2026-08-13 04:15:00,63647.5,63647.5,63564.9,63567.6,369.405
2026-08-13 04:30:00,63567.5,63689.0,63567.5,63674.1,610.372
2026-08-13 04:45:00,63674.1,63763.6,63670.4,63672.9,1195.675
2026-08-13 05:00:00,63672.9,63858.0,63647.6,63858.0,3171.314
2026-08-13 05:15:00,63857.9,63990.7,63857.9,63916.1,3162.681
2026-08-13 05:30:00,63916.1,63932.7,63870.0,63897.1,1025.108
2026-08-13 05:45:00,63897.1,63905.2,63844.4,63844.4,559.384
2026-08-13 06:00:00,63844.4,63857.8,63788.0,63813.3,1209.968
2026-08-13 06:15:00,63813.3,63826.0,63783.7,63797.2,577.34
2026-08-13 06:30:00,63797.2,63797.3,63730.1,63730.2,742.94
2026-08-13 06:45:00,63730.1,63914.6,63725.2,63914.5,1004.536
2026-08-13 07:00:00,63914.5,63916.6,63835.2,63842.7,679.159
2026-08-13 07:15:00,63842.8,63887.8,63827.4,63866.1,465.428
2026-08-13 07:30:00,63866.2,63870.9,63841.3,63841.4,295.04
2026-08-13 07:45:00,63841.4,63841.4,63824.2,63833.0,333.569
2026-08-13 08:00:00,63833.0,63881.3,63805.8,63805.8,625.792
2026-08-13 08:15:00,63805.9,63808.4,63757.6,63759.1,923.065
2026-08-13 08:30:00,63759.1,63768.8,63747.4,63768.8,410.157
2026-08-13 08:45:00,63768.8,63770.0,63710.6,63743.8,872.559
2026-08-13 09:00:00,63743.7,63743.8,63590.8,63590.8,1295.841
2026-08-13 09:15:00,63590.8,63693.3,63559.9,63632.1,1380.791
2026-08-13 09:30:00,63632.1,63682.4,63630.1,63679.9,307.749
2026-08-13 09:45:00,63679.9,63768.0,63679.8,63757.0,609.924
2026-08-13 10:00:00,63757.1,63800.0,63589.5,63591.7,3159.52
2026-08-13 10:15:00,63591.8,63654.8,63591.7,63597.5,620.774
2026-08-13 10:30:00,63597.5,63610.4,63536.0,63610.4,713.677
2026-08-13 10:45:00,63610.4,63630.2,63610.3,63628.9,345.417
2026-08-13 11:00:00,63628.8,63637.8,63583.3,63599.9,577.574
2026-08-13 11:15:00,63599.9,63605.3,63410.0,63410.0,2103.903
2026-08-13 11:30:00,63410.0,63449.4,63318.1,63437.3,2509.442
2026-08-13 11:45:00,63437.3,63477.2,63426.6,63458.5,866.44
2026-08-13 12:00:00,63458.6,63537.0,63414.4,63536.0,1351.596
2026-08-13 12:15:00,63536.0,63562.1,63520.3,63545.4,684.966
2026-08-13 12:30:00,63545.4,63664.8,63437.8,63560.0,2128.552
2026-08-13 12:45:00,63560.0,63697.7,63534.0,63669.2,1145.983
2026-08-13 13:00:00,63669.2,63784.7,63669.1,63710.0,1831.673
2026-08-13 13:15:00,63710.0,63710.1,63544.3,63575.9,1815.148
2026-08-13 13:30:00,63575.9,63828.0,63534.0,63779.9,2439.345
2026-08-13 13:45:00,63779.9,63820.0,63657.9,63699.9,1377.413
2026-08-13 14:00:00,63700.0,63823.6,63655.0,63782.4,1097.765
2026-08-13 14:15:00,63782.4,63860.0,63737.1,63784.0,1538.159
2026-08-13 14:30:00,63784.0,63980.6,63735.3,63933.1,2843.498
2026-08-13 14:45:00,63933.1,63942.6,63827.4,63835.6,1426.759
2026-08-13 15:00:00,63835.7,63920.0,63789.0,63801.1,1146.7
2026-08-13 15:15:00,63801.1,63868.0,63562.1,63606.1,1863.176
2026-08-13 15:30:00,63606.2,63728.8,63580.0,63694.5,1396.641
2026-08-13 15:45:00,63694.6,63696.7,63385.0,63385.0,3208.758
2026-08-13 16:00:00,63385.0,63484.1,63355.2,63441.0,2867.732
2026-08-13 16:15:00,63440.8,63544.0,63288.0,63336.9,3422.041
2026-08-13 16:30:00,63336.9,63412.3,62800.0,62961.8,12474.04
2026-08-13 16:45:00,62961.8,63210.1,62895.8,63139.0,5438.356
2026-08-13 17:00:00,63138.9,63145.0,63047.6,63107.0,1917.78
2026-08-13 17:15:00,63107.0,63239.9,63071.7,63164.8,1747.373
2026-08-13 17:30:00,63164.8,63242.0,63080.0,63222.0,1111.157
2026-08-13 17:45:00,63222.0,63276.4,63121.4,63121.4,1067.122
2026-08-13 18:00:00,63121.5,63266.6,63095.1,63188.2,906.75
2026-08-13 18:15:00,63188.3,63230.6,63094.1,63098.3,622.489
2026-08-13 18:30:00,63098.4,63181.3,63088.0,63181.3,479.317
2026-08-13 18:45:00,63181.3,63348.0,63162.7,63284.7,1305.794
2026-08-13 19:00:00,63284.7,63488.0,63284.7,63385.8,2326.619
2026-08-13 19:15:00,63385.9,63409.4,63359.0,63398.0,833.14
2026-08-13 19:30:00,63398.0,63424.0,63361.8,63393.3,688.91
2026-08-13 19:45:00,63393.3,63448.5,63367.5,63387.4,659.388
2026-08-13 20:00:00,63387.3,63440.9,63343.4,63392.9,803.774
2026-08-13 20:15:00,63393.0,63436.4,63392.9,63428.4,332.083
2026-08-13 20:30:00,63428.4,63447.0,63379.7,63391.9,320.48
2026-08-13 20:45:00,63391.8,63391.9,63349.9,63385.6,403.21
2026-08-13 21:00:00,63385.6,63446.1,63360.9,63405.0,360.743
2026-08-13 21:15:00,63405.1,63429.5,63385.7,63428.8,656.381
2026-08-13 21:30:00,63428.9,63477.4,63415.1,63419.8,645.129
2026-08-13 21:45:00,63419.9,63444.7,63409.9,63444.7,384.23
2026-08-13 22:00:00,63444.7,63607.6,63444.6,63581.4,1855.945
2026-08-13 22:15:00,63581.4,63613.6,63543.0,63595.5,1227.514
2026-08-13 22:30:00,63595.6,63605.0,63523.3,63529.8,562.72
2026-08-13 22:45:00,63529.7,63537.5,63497.5,63497.7,401.666
2026-08-13 23:00:00,63497.6,63512.8,63426.0,63449.9,748.275
2026-08-13 23:15:00,63450.0,63465.8,63421.2,63448.2,442.836
2026-08-13 23:30:00,63448.1,63473.7,63415.0,63427.4,605.463
2026-08-13 23:45:00,63427.5,63456.7,63366.6,63456.7,686.667
2026-08-14 00:00:00,63456.7,63488.0,63402.3,63475.8,677.925
2026-08-14 00:15:00,63475.8,63534.0,63389.9,63419.7,602.514
2026-08-14 00:30:00,63419.6,63529.4,63378.1,63497.8,509.783
2026-08-14 00:45:00,63497.8,63530.9,63452.3,63517.6,433.637
2026-08-14 01:00:00,63517.6,63567.8,63454.9,63480.6,898.373
2026-08-14 01:15:00,63480.7,63542.7,63428.9,63460.6,584.094
2026-08-14 01:30:00,63460.6,63540.0,63440.0,63539.2,322.275
2026-08-14 01:45:00,63539.2,63549.3,63493.2,63545.5,279.426
2026-08-14 02:00:00,63545.4,63595.1,63500.0,63538.9,595.462
2026-08-14 02:15:00,63538.8,63561.6,63446.8,63460.0,499.683
2026-08-14 02:30:00,63459.9,63535.9,63459.9,63495.8,367.273
2026-08-14 02:45:00,63495.8,63535.9,63437.1,63437.1,451.223
2026-08-14 03:00:00,63437.1,63472.1,63389.9,63472.1,658.963
2026-08-14 03:15:00,63472.0,63556.1,63437.9,63438.6,702.092
2026-08-14 03:30:00,63438.6,63438.7,63327.6,63356.4,935.658
2026-08-14 03:45:00,63356.3,63356.3,63277.1,63288.1,801.246
2026-08-14 04:00:00,63288.0,63389.0,63243.2,63383.6,783.329
2026-08-14 04:15:00,63383.5,63449.6,63340.3,63395.1,527.11
2026-08-14 04:30:00,63395.2,63405.0,63363.6,63370.9,272.07
2026-08-14 04:45:00,63370.9,63378.9,63341.6,63349.9,284.868
2026-08-14 05:00:00,63350.0,63375.6,63304.5,63308.3,605.449
2026-08-14 05:15:00,63308.3,63337.0,63256.7,63297.0,575.687
2026-08-14 05:30:00,63296.9,63351.6,63281.2,63325.1,312.052
2026-08-14 05:45:00,63325.1,63375.4,63320.4,63357.8,242.817
2026-08-14 06:00:00,63357.8,63357.8,63262.7,63265.9,378.535
2026-08-14 06:15:00,63265.9,63276.9,63147.6,63151.7,1446.888
2026-08-14 06:30:00,63151.6,63220.0,63145.5,63151.0,867.439
2026-08-14 06:45:00,63151.1,63181.2,62900.2,62944.6,4972.757
2026-08-14 07:00:00,62944.6,63060.0,62922.0,63043.3,2189.466
2026-08-14 07:15:00,63043.3,63079.1,63043.3,63067.2,824.681
2026-08-14 07:30:00,63067.2,63067.2,62926.9,62990.1,1373.541
2026-08-14 07:45:00,62990.1,62990.1,62888.0,62888.1,1584.569
2026-08-14 08:00:00,62888.0,62919.9,62859.7,62885.9,1968.689
2026-08-14 08:15:00,62885.9,62974.4,62704.0,62750.0,4618.594
2026-08-14 08:30:00,62750.1,62844.0,62658.8,62802.9,3612.646
2026-08-14 08:45:00,62802.9,62909.7,62785.0,62904.9,1290.48
2026-08-14 09:00:00,62904.9,62904.9,62821.6,62843.8,961.57
2026-08-14 09:15:00,62843.7,62885.4,62762.2,62763.7,777.636
2026-08-14 09:30:00,62763.7,62791.3,62709.3,62736.4,1105.736
2026-08-14 09:45:00,62736.4,62813.5,62736.3,62763.9,995.222
2026-08-14 10:00:00,62763.9,62833.4,62712.0,62830.1,1205.134
2026-08-14 10:15:00,62830.1,62888.0,62816.4,62856.3,867.288
2026-08-14 10:30:00,62856.2,62912.4,62823.8,62840.7,678.478
2026-08-14 10:45:00,62840.7,62860.1,62772.7,62787.7,484.622
2026-08-14 11:00:00,62787.7,62859.5,62779.3,62827.5,1007.646
2026-08-14 11:15:00,62827.5,62889.6,62807.8,62861.1,661.211
2026-08-14 11:30:00,62861.1,62906.2,62810.2,62864.1,560.219
2026-08-14 11:45:00,62864.0,62898.5,62822.9,62837.4,765.358
2026-08-14 12:00:00,62837.5,62872.6,62730.0,62795.8,1338.887
2026-08-14 12:15:00,62795.9,62864.4,62770.4,62863.7,650.75
2026-08-14 12:30:00,62863.7,62885.3,62733.7,62733.7,952.361
2026-08-14 12:45:00,62733.7,62783.1,62688.1,62706.0,1363.088
2026-08-14 13:00:00,62706.1,62724.4,62555.5,62653.5,4293.188
2026-08-14 13:15:00,62653.5,62765.5,62608.4,62750.1,1552.151
2026-08-14 13:30:00,62750.1,62794.8,62578.2,62688.5,3532.362
2026-08-14 13:45:00,62688.6,62732.0,62563.0,62639.6,2157.697
2026-08-14 14:00:00,62639.8,62710.2,62540.0,62580.1,2745.781
2026-08-14 14:15:00,62580.2,62678.4,62536.9,62648.6,1564.697
2026-08-14 14:30:00,62648.6,62774.9,62626.1,62717.1,1790.173
2026-08-14 14:45:00,62717.1,62751.0,62484.2,62581.0,3205.391
2026-08-14 15:00:00,62581.0,62688.6,62576.5,62673.9,1163.879
2026-08-14 15:15:00,62673.8,62821.4,62650.0,62820.9,1274.14
2026-08-14 15:30:00,62820.9,63000.0,62758.7,62972.0,4291.543
2026-08-14 15:45:00,62972.0,63061.7,62917.5,62956.0,2414.098
2026-08-14 16:00:00,62956.0,63072.0,62933.7,63010.0,1460.25
2026-08-14 16:15:00,63010.0,63132.0,63000.0,63089.2,1648.506
2026-08-14 16:30:00,63089.2,63194.4,63066.9,63177.6,1438.572
2026-08-14 16:45:00,63177.5,63177.6,63072.6,63105.8,1319.435
2026-08-14 17:00:00,63105.9,63149.9,63082.0,63149.8,686.474
2026-08-14 17:15:00,63149.9,63215.3,63130.5,63168.3,1010.774
2026-08-14 17:30:00,63168.3,63186.8,63038.1,63080.0,1157.316
2026-08-14 17:45:00,63080.0,63094.7,62965.0,62988.4,1702.642
2026-08-14 18:00:00,62988.4,63042.0,62926.2,62974.1,1143.797
2026-08-14 18:15:00,62974.1,63050.0,62974.1,63003.7,691.01
2026-08-14 18:30:00,63003.8,63010.3,62913.4,62943.1,720.417
2026-08-14 18:45:00,62943.1,62948.0,62857.9,62900.0,781.668
2026-08-14 19:00:00,62899.9,62901.4,62820.0,62827.2,919.328
2026-08-14 19:15:00,62827.2,62905.6,62781.4,62898.4,1069.616
2026-08-14 19:30:00,62898.4,62954.3,62855.0,62954.3,592.953
2026-08-14 19:45:00,62954.3,62968.0,62911.7,62936.3,420.782
2026-08-14 20:00:00,62936.4,62995.1,62933.2,62941.0,625.722
2026-08-14 20:15:00,62941.0,62959.1,62904.6,62919.9,644.633
2026-08-14 20:30:00,62920.0,62927.7,62880.9,62888.9,267.519
2026-08-14 20:45:00,62889.0,62907.4,62864.6,62878.5,191.065
2026-08-14 21:00:00,62878.5,62912.2,62868.2,62877.3,238.19
2026-08-14 21:15:00,62877.3,62898.8,62854.8,62867.0,191.014
2026-08-14 21:30:00,62867.0,62890.3,62846.7,62855.6,254.533
2026-08-14 21:45:00,62855.3,62904.3,62850.0,62897.6,247.242
2026-08-14 22:00:00,62897.7,62936.7,62804.5,62806.3,604.903
2026-08-14 22:15:00,62806.3,62815.6,62770.9,62794.2,476.071
2026-08-14 22:30:00,62794.1,62858.5,62794.1,62858.5,286.823
2026-08-14 22:45:00,62858.5,62872.3,62840.1,62856.8,229.804
2026-08-14 23:00:00,62856.9,62906.9,62855.3,62901.3,186.344
2026-08-14 23:15:00,62901.3,62925.0,62838.4,62921.5,343.355
2026-08-14 23:30:00,62921.5,63006.6,62876.2,62977.0,642.659
2026-08-14 23:45:00,62977.1,63040.3,62977.0,63015.0,742.74
2026-08-15 00:00:00,63014.9,63039.0,62976.4,62989.5,350.502
2026-08-15 00:15:00,62989.6,63007.0,62973.0,62987.7,325.355
2026-08-15 00:30:00,62987.7,63001.6,62973.1,62995.0,232.591
2026-08-15 00:45:00,62995.0,63009.3,62964.4,62991.7,189.087
2026-08-15 01:00:00,62991.7,63006.5,62966.7,62989.5,243.796
2026-08-15 01:15:00,62989.4,63015.0,62970.0,63014.2,303.144
2026-08-15 01:30:00,63014.2,63015.0,62990.0,63005.9,206.073
2026-08-15 01:45:00,63006.0,63010.8,62992.8,63010.7,126.939
2026-08-15 02:00:00,63010.8,63033.1,63007.5,63030.7,333.895
2026-08-15 02:15:00,63030.7,63094.8,63030.7,63073.3,555.876
2026-08-15 02:30:00,63073.3,63110.1,63073.3,63088.9,358.139
2026-08-15 02:45:00,63088.9,63114.0,63088.9,63113.6,272.437
2026-08-15 03:00:00,63113.6,63133.3,63103.1,63132.4,342.157
2026-08-15 03:15:00,63132.5,63170.0,63055.8,63065.5,759.145
2026-08-15 03:30:00,63065.5,63067.0,63014.0,63039.4,359.807
2026-08-15 03:45:00,63039.4,63050.0,63023.9,63030.3,205.339
2026-08-15 04:00:00,63030.3,63075.0,63030.3,63075.0,229.345
2026-08-15 04:15:00,63074.9,63106.2,63074.9,63102.7,252.999
2026-08-15 04:30:00,63102.6,63127.5,63097.4,63127.5,231.692
2026-08-15 04:45:00,63127.5,63127.5,63092.4,63092.5,171.57
2026-08-15 05:00:00,63092.5,63125.5,63092.4,63125.5,210.075
2026-08-15 05:15:00,63125.4,63127.5,63091.1,63091.1,178.903
2026-08-15 05:30:00,63091.2,63097.1,63028.0,63050.0,340.109
2026-08-15 05:45:00,63049.9,63055.5,63013.4,63055.4,430.342
2026-08-15 06:00:00,63055.5,63065.9,63010.1,63010.1,187.444
2026-08-15 06:15:00,63010.1,63042.8,63003.8,63010.2,275.79
2026-08-15 06:30:00,63010.2,63042.0,63010.2,63042.0,135.151
2026-08-15 06:45:00,63042.0,63108.3,63041.9,63087.3,380.276
2026-08-15 07:00:00,63087.2,63102.5,63042.0,63102.4,400.865
2026-08-15 07:15:00,63102.4,63104.3,63042.0,63050.0,245.056
2026-08-15 07:30:00,63050.0,63073.6,63041.9,63049.9,188.371
2026-08-15 07:45:00,63049.9,63058.9,63011.0,63049.8,703.181
2026-08-15 08:00:00,63049.9,63058.4,63030.0,63030.1,139.299
2026-08-15 08:15:00,63030.1,63041.2,63025.0,63026.3,160.895
2026-08-15 08:30:00,63026.3,63027.1,62991.8,62991.9,278.878
2026-08-15 08:45:00,62991.8,63034.1,62902.0,62908.5,1108.505
2026-08-15 09:00:00,62908.6,62937.2,62890.2,62933.6,835.656
2026-08-15 09:15:00,62933.6,62957.8,62930.0,62952.1,224.436
2026-08-15 09:30:00,62952.0,62999.8,62952.0,62991.9,311.413
2026-08-15 09:45:00,62991.8,63019.9,62991.8,62999.1,354.022
2026-08-15 10:00:00,62999.2,63004.1,62971.9,62993.5,174.178
2026-08-15 10:15:00,62993.6,62996.2,62992.1,62992.2,92.348
2026-08-15 10:30:00,62992.1,63018.2,62985.2,63006.3,183.824
2026-08-15 10:45:00,63006.4,63025.4,62995.6,63015.6,222.213
2026-08-15 11:00:00,63015.7,63015.7,62995.8,62995.9,184.218
2026-08-15 11:15:00,62995.8,63020.5,62995.8,63009.9,174.902
2026-08-15 11:30:00,63009.9,63021.7,63004.5,63021.7,119.184
2026-08-15 11:45:00,63021.7,63031.4,62967.9,62993.1,285.021
2026-08-15 12:00:00,62993.0,62993.1,62959.6,62959.6,218.962
2026-08-15 12:15:00,62959.6,62966.0,62950.0,62964.8,175.738
2026-08-15 12:30:00,62964.8,62964.9,62930.1,62933.9,452.385
2026-08-15 12:45:00,62933.9,63030.4,62920.9,63028.8,429.489
2026-08-15 13:00:00,63028.8,63058.2,62992.2,63044.2,533.904
2026-08-15 13:15:00,63044.2,63052.6,63004.1,63007.2,284.297
2026-08-15 13:30:00,63007.1,63022.0,63000.0,63001.2,181.047
2026-08-15 13:45:00,63001.1,63031.3,63001.1,63031.3,175.836
2026-08-15 14:00:00,63031.2,63031.3,63004.0,63018.5,265.835
2026-08-15 14:15:00,63018.6,63018.6,62961.9,63006.2,307.658
2026-08-15 14:30:00,63006.1,63015.5,63002.3,63011.7,98.082
2026-08-15 14:45:00,63011.6,63026.3,63011.6,63011.7,125.945
2026-08-15 15:00:00,63011.7,63015.6,63009.9,63010.0,116.716
2026-08-15 15:15:00,63010.0,63056.2,62997.9,63042.3,349.318
2026-08-15 15:30:00,63042.3,63096.7,63042.3,63082.0,449.975
2026-08-15 15:45:00,63082.0,63082.0,63068.0,63068.0,139.591
2026-08-15 16:00:00,63068.1,63073.5,63035.9,63049.9,297.889
2026-08-15 16:15:00,63049.9,63090.0,63032.7,63090.0,277.055
2026-08-15 16:30:00,63090.0,63097.3,63059.3,63062.1,283.293
2026-08-15 16:45:00,63062.1,63075.1,63062.0,63066.3,140.935
2026-08-15 17:00:00,63066.3,63070.0,63066.2,63070.0,75.066
2026-08-15 17:15:00,63070.0,63077.8,63032.3,63039.0,225.531
2026-08-15 17:30:00,63038.9,63043.6,63038.3,63039.9,86.549
2026-08-15 17:45:00,63039.8,63043.5,63032.1,63043.5,156.939
2026-08-15 18:00:00,63043.4,63083.0,63039.4,63066.0,183.546
2026-08-15 18:15:00,63066.0,63071.6,63015.2,63018.7,253.875
2026-08-15 18:30:00,63018.8,63022.5,63014.9,63014.9,227.521
2026-08-15 18:45:00,63015.0,63026.3,63011.6,63026.3,451.126
2026-08-15 19:00:00,63026.3,63057.2,63026.2,63055.0,323.13
2026-08-15 19:15:00,63055.0,63092.6,63055.0,63067.8,291.179
2026-08-15 19:30:00,63067.7,63092.0,63067.7,63079.2,158.652
2026-08-15 19:45:00,63079.3,63093.6,63079.2,63093.6,125.324
2026-08-15 20:00:00,63093.6,63093.6,63044.0,63050.8,244.534
2026-08-15 20:15:00,63050.7,63050.8,63040.1,63047.8,100.763
2026-08-15 20:30:00,63047.8,63056.1,63042.9,63056.1,65.42
2026-08-15 20:45:00,63056.0,63077.1,63056.0,63077.1,69.184
2026-08-15 21:00:00,63077.0,63077.8,63068.9,63077.7,72.889
2026-08-15 21:15:00,63077.8,63117.3,63077.7,63117.2,304.488
2026-08-15 21:30:00,63117.3,63138.7,63108.1,63138.7,259.138
2026-08-15 21:45:00,63138.6,63138.7,63117.6,63123.7,154.484
2026-08-15 22:00:00,63123.8,63135.0,63115.8,63117.0,169.746
2026-08-15 22:15:00,63117.1,63119.8,63096.6,63119.8,179.497
2026-08-15 22:30:00,63119.8,63122.4,63119.7,63122.0,89.046
2026-08-15 22:45:00,63122.0,63141.6,63100.6,63100.7,240.47
2026-08-15 23:00:00,63100.7,63110.3,63077.0,63102.7,250.684
2026-08-15 23:15:00,63102.7,63102.8,63080.0,63080.0,126.473
2026-08-15 23:30:00,63080.0,63080.1,63066.0,63076.7,113.113
2026-08-15 23:45:00,63076.6,63076.7,63049.9,63053.9,254.425
2026-08-16 00:00:00,63053.9,63054.0,63035.0,63040.9,333.009
2026-08-16 00:15:00,63040.9,63041.0,63040.9,63040.9,74.484
2026-08-16 00:30:00,63041.0,63043.5,63032.9,63041.4,175.132
2026-08-16 00:45:00,63041.3,63057.4,63036.0,63051.1,152.707
2026-08-16 01:00:00,63051.0,63051.1,63017.1,63020.7,179.565
2026-08-16 01:15:00,63020.7,63045.0,63018.0,63025.2,184.708
2026-08-16 01:30:00,63025.1,63041.3,62975.9,63041.2,380.233
2026-08-16 01:45:00,63041.2,63052.4,63019.8,63051.3,292.591
2026-08-16 02:00:00,63051.3,63051.4,62988.9,62995.6,217.08
2026-08-16 02:15:00,62995.5,63086.7,62995.5,63085.7,367.304
2026-08-16 02:30:00,63085.8,63132.2,63081.7,63130.0,415.244
2026-08-16 02:45:00,63130.0,63130.1,63085.6,63092.3,563.945
2026-08-16 03:00:00,63092.4,63103.1,63088.5,63088.5,129.329
2026-08-16 03:15:00,63088.5,63090.3,63080.0,63089.8,191.238
2026-08-16 03:30:00,63089.8,63091.0,63089.8,63090.9,109.166
2026-08-16 03:45:00,63090.9,63096.6,63090.8,63096.6,150.284
2026-08-16 04:00:00,63096.5,63100.0,63096.5,63100.0,54.574
2026-08-16 04:15:00,63100.0,63122.7,63099.9,63122.7,160.899
2026-08-16 04:30:00,63122.6,63122.7,63090.8,63090.9,113.338
2026-08-16 04:45:00,63090.8,63094.4,63056.6,63056.7,151.149
2026-08-16 05:00:00,63056.6,63068.4,63042.1,63066.5,188.262
2026-08-16 05:15:00,63066.5,63066.5,63036.0,63037.7,116.284
2026-08-16 05:30:00,63037.8,63050.8,63026.6,63028.7,123.837
2026-08-16 05:45:00,63028.7,63044.3,63007.1,63027.7,300.41
2026-08-16 06:00:00,63027.7,63042.2,63009.2,63016.1,263.558
2026-08-16 06:15:00,63016.2,63040.2,63016.1,63040.2,195.549
2026-08-16 06:30:00,63040.1,63040.1,63029.3,63033.4,96.887
2026-08-16 06:45:00,63033.4,63056.1,63033.3,63036.5,130.317
2026-08-16 07:00:00,63036.5,63036.6,63024.0,63025.1,100.917
2026-08-16 07:15:00,63025.1,63035.3,63025.0,63035.1,150.187
2026-08-16 07:30:00,63035.1,63035.1,63028.0,63028.1,140.814
2026-08-16 07:45:00,63028.1,63034.4,63028.0,63034.3,103.94
2026-08-16 08:00:00,63034.4,63042.7,63030.1,63030.2,235.768
2026-08-16 08:15:00,63030.2,63043.0,63030.1,63043.0,81.281
2026-08-16 08:30:00,63042.9,63045.1,63037.5,63039.5,178.938
2026-08-16 08:45:00,63039.6,63039.6,63039.5,63039.5,44.308
2026-08-16 09:00:00,63039.6,63039.6,63039.5,63039.6,47.838
2026-08-16 09:15:00,63039.6,63039.6,63039.5,63039.5,53.316
2026-08-16 09:30:00,63039.5,63039.6,62965.0,62965.0,515.629
2026-08-16 09:45:00,62965.0,62986.8,62936.0,62957.0,697.209
2026-08-16 10:00:00,62957.0,62965.8,62928.5,62955.6,586.504
2026-08-16 10:15:00,62955.5,62981.4,62955.5,62981.3,172.255
2026-08-16 10:30:00,62981.2,62982.1,62970.5,62979.2,183.478
2026-08-16 10:45:00,62979.3,62979.3,62979.2,62979.2,81.049
2026-08-16 11:00:00,62979.2,62979.3,62974.2,62974.3,120.65
2026-08-16 11:15:00,62974.2,62977.1,62945.9,62958.1,265.938
2026-08-16 11:30:00,62958.1,62969.1,62955.9,62963.7,162.191
2026-08-16 11:45:00,62963.8,62981.1,62949.0,62981.1,258.415
2026-08-16 12:00:00,62981.1,63000.0,62981.1,62990.6,273.26
2026-08-16 12:15:00,62990.5,62990.6,62990.5,62990.6,85.791
2026-08-16 12:30:00,62990.6,62990.6,62959.1,62962.4,253.474
2026-08-16 12:45:00,62962.4,62987.9,62962.3,62986.4,232.512
2026-08-16 13:00:00,62986.4,63035.0,62986.3,63034.9,363.426
2026-08-16 13:15:00,63035.0,63040.9,63034.9,63040.4,223.496
2026-08-16 13:30:00,63040.4,63040.4,63035.9,63040.0,196.297
2026-08-16 13:45:00,63040.0,63040.0,63036.0,63036.1,127.919
2026-08-16 14:00:00,63036.1,63036.1,63031.9,63032.0,181.961
2026-08-16 14:15:00,63032.0,63076.2,63031.9,63045.7,488.646
2026-08-16 14:30:00,63045.6,63072.9,63040.1,63072.0,294.002
2026-08-16 14:45:00,63072.0,63078.6,63071.0,63078.5,162.921
2026-08-16 15:00:00,63078.6,63091.4,63077.7,63081.7,380.158
2026-08-16 15:15:00,63081.7,63087.2,63081.6,63087.2,135.539
2026-08-16 15:30:00,63087.2,63112.1,63087.1,63089.5,376.291
2026-08-16 15:45:00,63089.4,63113.8,63088.7,63113.8,258.495
2026-08-16 16:00:00,63113.8,63189.5,63108.4,63181.9,1217.356
2026-08-16 16:15:00,63181.9,63327.5,63175.7,63294.8,3821.539
2026-08-16 16:30:00,63294.8,63370.0,63260.6,63260.6,1711.584
2026-08-16 16:45:00,63260.6,63261.7,63167.4,63232.7,1017.899
2026-08-16 17:00:00,63232.7,63247.2,63187.1,63192.0,464.147
2026-08-16 17:15:00,63191.9,63209.7,63154.9,63166.0,414.677
2026-08-16 17:30:00,63165.9,63166.6,63087.3,63096.6,685.634
2026-08-16 17:45:00,63096.6,63139.1,63094.1,63130.7,258.998
2026-08-16 18:00:00,63130.6,63142.1,63092.0,63113.0,659.553
2026-08-16 18:15:00,63113.1,63148.0,63112.8,63129.2,257.936
2026-08-16 18:30:00,63129.2,63129.2,63113.3,63113.4,200.076
2026-08-16 18:45:00,63113.4,63117.5,63109.0,63111.3,113.741
2026-08-16 19:00:00,63111.4,63162.0,63111.3,63149.5,326.533
2026-08-16 19:15:00,63149.5,63193.4,63149.4,63188.4,301.355
2026-08-16 19:30:00,63188.5,63201.7,63124.1,63132.4,377.46
2026-08-16 19:45:00,63132.4,63149.4,63063.6,63082.2,553.735
2026-08-16 20:00:00,63082.3,63117.1,63082.2,63105.1,235.293
2026-08-16 20:15:00,63105.2,63105.2,63064.3,63067.6,168.086
2026-08-16 20:30:00,63067.5,63087.4,63014.3,63042.9,550.463
2026-08-16 20:45:00,63042.9,63047.1,62988.3,63041.0,630.04
2026-08-16 21:00:00,63041.0,63043.8,63000.0,63035.1,386.196
2026-08-16 21:15:00,63035.1,63067.3,63000.0,63003.5,409.44
2026-08-16 21:30:00,63003.4,63015.0,62700.1,62906.9,3042.102
2026-08-16 21:45:00,62907.0,62955.0,62851.3,62900.0,672.844
2026-08-16 22:00:00,62900.1,62903.5,62757.0,62899.5,1232.837
2026-08-16 22:15:00,62899.5,62930.0,62804.8,62821.7,556.835
2026-08-16 22:30:00,62821.7,62821.7,62681.1,62767.6,1983.07
2026-08-16 22:45:00,62767.6,62885.0,62706.4,62885.0,1060.897
2026-08-16 23:00:00,62885.0,62967.0,62807.8,62815.0,1223.038
2026-08-16 23:15:00,62815.0,62894.6,62803.7,62825.4,606.696
2026-08-16 23:30:00,62825.4,62874.7,62806.9,62874.7,393.77
2026-08-16 23:45:00,62874.8,62906.8,62853.6,62876.0,368.349
2026-08-17 00:00:00,62876.0,62910.9,62833.7,62888.3,607.113
2026-08-17 00:15:00,62888.3,62888.3,62732.6,62845.0,965.909
2026-08-17 00:30:00,62845.0,62936.6,62723.9,62926.3,1045.779
2026-08-17 00:45:00,62926.3,62926.3,62815.5,62887.3,634.39
2026-08-17 01:00:00,62887.3,63180.0,62867.2,63025.9,2795.941
2026-08-17 01:15:00,63025.9,63139.8,63002.4,63099.3,859.062
2026-08-17 01:30:00,63099.3,63230.0,63099.3,63191.4,1540.707
2026-08-17 01:45:00,63191.4,63212.3,63084.0,63084.0,817.062
2026-08-17 02:00:00,63084.1,63104.0,63008.2,63053.4,651.977
2026-08-17 02:15:00,63053.3,63184.3,63018.2,63160.0,459.645
2026-08-17 02:30:00,63160.0,63344.6,63106.0,63235.7,3481.838
2026-08-17 02:45:00,63235.7,63482.0,63228.4,63382.7,3097.348
2026-08-17 03:00:00,63382.8,63426.9,63336.6,63390.0,1432.783
2026-08-17 03:15:00,63390.0,63395.0,63320.0,63328.4,647.54
2026-08-17 03:30:00,63328.5,63359.1,63314.7,63327.1,706.035
2026-08-17 03:45:00,63327.1,63498.0,63323.0,63409.8,1410.164
2026-08-17 04:00:00,63409.7,63500.0,63409.7,63461.1,1617.205
2026-08-17 04:15:00,63461.0,63500.0,63441.8,63480.7,706.266
2026-08-17 04:30:00,63480.7,63497.7,63441.2,63466.5,938.26
2026-08-17 04:45:00,63466.5,63564.3,63466.5,63512.3,1422.223
2026-08-17 05:00:00,63512.3,63517.5,63418.7,63504.8,1186.977
2026-08-17 05:15:00,63504.8,63572.6,63453.4,63459.9,732.101
2026-08-17 05:30:00,63460.0,63475.3,63414.4,63438.5,625.149
2026-08-17 05:45:00,63438.6,63500.0,63426.9,63488.0,659.967
2026-08-17 06:00:00,63488.1,63598.0,63447.8,63547.4,1514.071
2026-08-17 06:15:00,63547.4,63565.2,63531.3,63555.3,542.566
2026-08-17 06:30:00,63555.2,63576.5,63539.9,63575.0,642.052
2026-08-17 06:45:00,63575.0,63693.2,63574.8,63633.1,2246.85
2026-08-17 07:00:00,63633.2,63636.3,63538.0,63557.5,959.967
2026-08-17 07:15:00,63557.6,63557.6,63498.0,63555.7,694.206
2026-08-17 07:30:00,63555.6,63555.7,63511.9,63512.0,510.627
2026-08-17 07:45:00,63511.9,63531.5,63492.5,63493.5,681.254
2026-08-17 08:00:00,63493.5,63524.9,63384.6,63399.9,2023.276
2026-08-17 08:15:00,63399.8,63425.8,63376.0,63397.9,1436.494
2026-08-17 08:30:00,63397.8,63414.4,63345.1,63345.2,751.723
2026-08-17 08:45:00,63345.1,63381.2,63320.2,63350.1,758.133
2026-08-17 09:00:00,63350.1,63395.1,63350.0,63393.7,554.45
2026-08-17 09:15:00,63393.6,63405.7,63300.0,63346.0,706.743
2026-08-17 09:30:00,63346.0,63346.1,63276.4,63280.0,877.362
2026-08-17 09:45:00,63280.0,63292.5,63255.0,63290.1,706.806
2026-08-17 10:00:00,63290.1,63305.8,63265.3,63303.1,462.799
2026-08-17 10:15:00,63303.0,63425.8,63272.0,63424.0,829.432
2026-08-17 10:30:00,63423.9,63620.5,63418.1,63609.4,2770.28
2026-08-17 10:45:00,63609.3,63671.2,63565.4,63661.9,2276.912
2026-08-17 11:00:00,63661.8,63690.0,63615.5,63631.2,923.256
2026-08-17 11:15:00,63631.2,63668.9,63611.4,63637.6,768.425
2026-08-17 11:30:00,63637.6,63673.8,63637.6,63668.3,606.987
2026-08-17 11:45:00,63668.2,63753.0,63554.0,63600.0,2804.365
2026-08-17 12:00:00,63600.0,63655.7,63558.6,63638.8,2032.139
2026-08-17 12:15:00,63638.9,63639.0,63502.4,63552.3,2423.992
2026-08-17 12:30:00,63552.3,63619.9,63502.4,63540.0,1523.072
2026-08-17 12:45:00,63539.9,63607.7,63526.6,63526.6,1584.921
2026-08-17 13:00:00,63526.6,63555.4,63479.9,63535.6,1150.602
2026-08-17 13:15:00,63535.6,63535.6,63412.5,63470.7,1829.375
2026-08-17 13:30:00,63470.7,63776.0,63451.8,63626.8,3734.221
2026-08-17 13:45:00,63626.8,63705.0,63567.2,63647.0,1619.662
2026-08-17 14:00:00,63646.9,63706.6,63561.3,63669.6,1315.39
2026-08-17 14:15:00,63669.6,63716.2,63561.3,63593.8,983.673
2026-08-17 14:30:00,63593.8,63677.0,63561.3,63593.6,805.96
2026-08-17 14:45:00,63593.6,63880.0,63583.3,63871.7,3762.182
2026-08-17 15:00:00,63871.8,63966.0,63825.6,63842.7,4259.252
2026-08-17 15:15:00,63842.7,64076.7,63779.3,64023.0,4203.55
2026-08-17 15:30:00,64022.9,64097.0,63956.2,64053.0,2854.401
2026-08-17 15:45:00,64053.0,64199.9,64051.2,64169.9,3660.93
2026-08-17 16:00:00,64169.8,64185.6,64034.1,64044.4,2365.8
2026-08-17 16:15:00,64044.4,64116.1,64022.3,64062.0,1552.795
2026-08-17 16:30:00,64061.9,64147.9,64044.4,64051.7,1111.252
2026-08-17 16:45:00,64051.7,64110.9,64035.3,64082.1,869.351
2026-08-17 17:00:00,64082.2,64086.0,63949.4,63949.5,1110.231
2026-08-17 17:15:00,63949.6,64388.0,63944.3,64169.8,7161.217
2026-08-17 17:30:00,64169.8,64250.3,64029.5,64183.8,2258.147
2026-08-17 17:45:00,64183.8,64310.0,64183.8,64293.1,2320.594
2026-08-17 18:00:00,64293.2,64357.8,64243.7,64341.2,2029.253
2026-08-17 18:15:00,64341.3,64600.8,64337.7,64459.5,6868.886
2026-08-17 18:30:00,64459.4,64480.9,64364.2,64428.2,1287.225
2026-08-17 18:45:00,64428.1,64461.5,64380.0,64402.7,1212.757
2026-08-17 19:00:00,64402.8,64402.8,64289.1,64299.1,1202.512
2026-08-17 19:15:00,64299.1,64388.0,64298.2,64369.6,1090.293
2026-08-17 19:30:00,64369.5,64388.0,64308.9,64341.4,567.617
2026-08-17 19:45:00,64341.4,64341.4,64258.3,64280.4,687.223
2026-08-17 20:00:00,64280.4,64284.8,64231.3,64284.8,827.301
2026-08-17 20:15:00,64284.7,64414.3,64266.0,64386.3,832.66
2026-08-17 20:30:00,64386.3,64386.4,64323.1,64362.2,373.344
2026-08-17 20:45:00,64362.2,64380.0,64299.0,64360.7,357.555
2026-08-17 21:00:00,64360.7,64405.5,64335.8,64347.5,476.761
2026-08-17 21:15:00,64347.6,64381.4,64300.5,64303.0,254.505
2026-08-17 21:30:00,64303.0,64350.9,64269.8,64307.8,550.551
2026-08-17 21:45:00,64307.7,64365.5,64307.7,64350.3,383.559
2026-08-17 22:00:00,64350.2,64390.0,64280.0,64283.4,807.202
2026-08-17 22:15:00,64283.4,64322.3,64260.7,64264.4,817.133
2026-08-17 22:30:00,64264.4,64312.0,64247.8,64278.1,393.706
2026-08-17 22:45:00,64278.2,64289.0,64258.3,64267.7,334.798
2026-08-17 23:00:00,64267.6,64350.0,64261.1,64334.9,617.49
2026-08-17 23:15:00,64334.9,64460.0,64334.9,64460.0,738.949
2026-08-17 23:30:00,64460.0,64539.0,64428.5,64447.0,1585.126
2026-08-17 23:45:00,64446.9,64555.4,64442.9,64504.1,1369.739
2026-08-18 00:00:00,64504.1,64541.6,64386.6,64413.9,1215.188
2026-08-18 00:15:00,64414.0,64476.8,64413.9,64429.6,564.355
2026-08-18 00:30:00,64429.5,64430.4,64348.0,64368.4,723.066
2026-08-18 00:45:00,64368.3,64372.2,64330.0,64357.4,597.225
2026-08-18 01:00:00,64357.4,64361.0,64261.1,64317.1,1178.482
2026-08-18 01:15:00,64317.0,64331.2,64270.5,64297.0,616.35
2026-08-18 01:30:00,64297.0,64318.2,64211.0,64250.4,685.645
2026-08-18 01:45:00,64250.4,64250.5,64116.7,64174.9,1934.5
2026-08-18 02:00:00,64174.9,64246.0,64150.0,64150.0,1195.589
2026-08-18 02:15:00,64150.0,64177.8,64121.3,64124.3,747.238
2026-08-18 02:30:00,64124.3,64178.7,64089.1,64092.6,950.609
2026-08-18 02:45:00,64092.5,64110.0,64000.0,64074.0,2361.6
2026-08-18 03:00:00,64074.0,64105.6,64053.5,64057.6,566.574
2026-08-18 03:15:00,64057.6,64115.8,64057.5,64079.6,903.409
2026-08-18 03:30:00,64079.6,64152.2,64005.5,64152.0,1039.008
2026-08-18 03:45:00,64152.0,64156.7,64110.3,64147.4,876.562
2026-08-18 04:00:00,64147.5,64147.5,64055.0,64111.6,1130.781
2026-08-18 04:15:00,64111.6,64126.8,64088.9,64126.8,371.085
2026-08-18 04:30:00,64126.8,64215.6,64126.8,64187.1,1147.33
2026-08-18 04:45:00,64187.1,64197.6,64155.5,64184.5,323.043
2026-08-18 05:00:00,64184.5,64245.6,64150.0,64204.3,1075.427
2026-08-18 05:15:00,64204.2,64227.5,64180.0,64220.5,788.417
2026-08-18 05:30:00,64220.5,64225.3,64107.0,64221.3,792.578
2026-08-18 05:45:00,64221.2,64221.2,64169.6,64202.7,635.003
2026-08-18 06:00:00,64202.7,64246.0,64130.0,64204.0,570.691
2026-08-18 06:15:00,64204.1,64332.5,64204.0,64314.3,945.128
2026-08-18 06:30:00,64314.3,64425.0,64314.3,64408.9,1176.052
2026-08-18 06:45:00,64408.9,64412.5,64247.2,64297.9,845.124
2026-08-18 07:00:00,64297.9,64322.3,64255.7,64312.9,928.437
2026-08-18 07:15:00,64312.9,64329.8,64252.2,64252.2,445.396
2026-08-18 07:30:00,64252.2,64254.3,64210.0,64220.0,921.151
2026-08-18 07:45:00,64220.0,64220.0,64135.9,64170.9,703.722
2026-08-18 08:00:00,64170.8,64186.6,64056.4,64130.4,1498.99
2026-08-18 08:15:00,64130.4,64212.0,64130.4,64185.1,548.678
2026-08-18 08:30:00,64185.1,64310.0,64175.4,64261.5,810.202
2026-08-18 08:45:00,64261.4,64264.5,64212.7,64264.5,541.203
2026-08-18 09:00:00,64264.4,64264.4,64200.0,64213.6,331.813
2026-08-18 09:15:00,64213.7,64213.7,64122.5,64133.1,510.589
2026-08-18 09:30:00,64133.0,64162.0,64112.2,64131.1,316.624
2026-08-18 09:45:00,64131.1,64167.7,64106.6,64140.5,451.911
2026-08-18 10:00:00,64140.5,64181.6,64111.2,64128.6,601.089
2026-08-18 10:15:00,64128.7,64149.6,64100.1,64136.9,325.429
2026-08-18 10:30:00,64137.0,64194.6,64136.9,64160.6,254.03
2026-08-18 10:45:00,64160.6,64183.6,64159.0,64171.7,253.752
2026-08-18 11:00:00,64171.6,64306.0,64161.4,64300.0,1662.861
2026-08-18 11:15:00,64300.0,64355.6,64299.9,64346.3,755.163
2026-08-18 11:30:00,64346.2,64370.5,64312.4,64358.6,585.637
2026-08-18 11:45:00,64358.6,64380.0,64310.3,64326.0,564.55
2026-08-18 12:00:00,64326.1,64328.2,64256.0,64269.9,532.156
2026-08-18 12:15:00,64270.0,64310.0,64253.1,64275.1,406.394
2026-08-18 12:30:00,64275.2,64275.2,64222.0,64222.0,497.811
2026-08-18 12:45:00,64222.0,64226.8,64170.2,64194.5,658.193
2026-08-18 13:00:00,64194.6,64194.6,64130.0,64163.0,813.211
2026-08-18 13:15:00,64163.0,64163.0,64025.5,64042.4,1632.426
2026-08-18 13:30:00,64042.4,64222.5,63979.2,64160.0,3963.369
2026-08-18 13:45:00,64159.9,64262.5,64084.8,64187.5,1768.512
2026-08-18 14:00:00,64187.6,64350.0,64187.5,64230.6,1910.022
2026-08-18 14:15:00,64230.7,64999.9,64224.1,64962.0,13513.898
2026-08-18 14:30:00,64962.0,65057.9,64707.1,64754.1,6671.199
2026-08-18 14:45:00,64754.1,64818.0,64629.8,64683.6,2743.565
2026-08-18 15:00:00,64683.5,64780.0,64615.0,64707.1,2054.428
2026-08-18 15:15:00,64707.0,64807.2,64685.8,64770.1,1419.234
2026-08-18 15:30:00,64770.1,64849.4,64760.8,64783.1,1208.881
2026-08-18 15:45:00,64783.1,64861.0,64765.1,64823.9,1033.445
2026-08-18 16:00:00,64823.9,64861.7,64713.3,64720.8,1390.159
2026-08-18 16:15:00,64720.8,64725.0,64661.8,64674.3,871.238
2026-08-18 16:30:00,64674.2,64791.8,64642.5,64758.8,1089.975
2026-08-18 16:45:00,64758.8,64842.8,64750.4,64804.7,786.845
2026-08-18 17:00:00,64804.7,64804.8,64743.0,64771.6,447.219
2026-08-18 17:15:00,64771.5,64799.7,64728.1,64797.9,444.782
2026-08-18 17:30:00,64797.8,64803.8,64664.0,64692.2,1355.723
2026-08-18 17:45:00,64692.3,64701.5,64634.3,64634.3,637.259
2026-08-18 18:00:00,64634.4,64708.0,64621.9,64704.3,586.978
2026-08-18 18:15:00,64704.2,64780.5,64694.1,64762.5,576.368
2026-08-18 18:30:00,64762.4,64793.8,64727.2,64732.0,468.421
2026-08-18 18:45:00,64731.9,64776.6,64720.0,64744.7,332.587
2026-08-18 19:00:00,64744.7,64744.7,64673.6,64692.7,445.803
2026-08-18 19:15:00,64692.6,64773.5,64673.9,64750.0,329.131
2026-08-18 19:30:00,64750.0,64757.2,64643.0,64643.1,517.636
2026-08-18 19:45:00,64643.0,64659.0,64611.3,64619.7,663.567
2026-08-18 20:00:00,64619.8,64631.0,64556.5,64624.9,849.046
2026-08-18 20:15:00,64625.0,64625.0,64580.3,64582.5,308.093
2026-08-18 20:30:00,64582.5,64623.3,64571.9,64576.0,373.482
2026-08-18 20:45:00,64576.1,64589.4,64528.9,64547.5,583.41
2026-08-18 21:00:00,64547.4,64628.2,64547.4,64596.2,364.461
2026-08-18 21:15:00,64596.2,64600.0,64574.2,64594.0,166.639
2026-08-18 21:30:00,64594.0,64594.0,64532.7,64555.0,425.318
2026-08-18 21:45:00,64555.0,64580.6,64546.2,64576.0,384.587
2026-08-18 22:00:00,64576.0,64580.6,64537.6,64542.0,435.634
2026-08-18 22:15:00,64542.1,64579.5,64528.4,64564.9,302.294
2026-08-18 22:30:00,64565.0,64621.8,64564.9,64606.1,430.991
2026-08-18 22:45:00,64606.2,64607.0,64568.4,64607.0,305.805
2026-08-18 23:00:00,64607.0,64688.5,64598.7,64667.1,651.38
2026-08-18 23:15:00,64667.2,64710.0,64667.2,64690.8,387.799
2026-08-18 23:30:00,64690.8,64750.0,64690.8,64741.8,367.839
2026-08-18 23:45:00,64741.8,64755.5,64694.0,64694.0,439.389
2026-08-19 00:00:00,64694.1,64705.7,64550.0,64550.1,730.474
2026-08-19 00:15:00,64550.0,64640.2,64512.2,64572.2,861.87
2026-08-19 00:30:00,64572.3,64626.1,64512.2,64527.2,388.107
2026-08-19 00:45:00,64527.2,64553.4,64451.1,64459.4,1027.715
2026-08-19 01:00:00,64459.3,64523.2,64405.0,64496.0,1578.207
2026-08-19 01:15:00,64495.9,64505.0,64413.1,64455.3,682.855
2026-08-19 01:30:00,64455.3,64463.5,64354.1,64387.2,936.164
2026-08-19 01:45:00,64387.2,64417.9,64356.1,64371.6,515.974
2026-08-19 02:00:00,64371.6,64381.6,64325.7,64370.5,983.408
2026-08-19 02:15:00,64370.5,64389.1,64315.0,64363.0,673.853
2026-08-19 02:30:00,64363.0,64382.9,64344.5,64360.0,450.362
2026-08-19 02:45:00,64360.1,64388.4,64315.9,64322.1,520.977
2026-08-19 03:00:00,64322.1,64333.0,64252.0,64320.9,1335.764
2026-08-19 03:15:00,64321.0,64390.4,64320.9,64331.1,779.136
2026-08-19 03:30:00,64331.1,64336.9,64300.0,64312.1,445.495
2026-08-19 03:45:00,64312.1,64347.4,64296.3,64296.3,336.525
2026-08-19 04:00:00,64296.3,64299.9,64262.3,64281.9,590.945
2026-08-19 04:15:00,64281.9,64367.8,64281.8,64327.5,508.886
2026-08-19 04:30:00,64327.4,64342.2,64300.0,64315.1,624.093
2026-08-19 04:45:00,64315.2,64340.9,64271.7,64285.4,409.123
2026-08-19 05:00:00,64285.4,64382.2,64282.3,64370.9,729.125
2026-08-19 05:15:00,64370.8,64370.9,64280.0,64326.0,417.16
2026-08-19 05:30:00,64326.1,64326.1,64288.1,64288.3,270.662
2026-08-19 05:45:00,64288.3,64297.5,64204.6,64209.1,901.601
2026-08-19 06:00:00,64209.2,64222.6,64131.3,64150.0,1362.43
2026-08-19 06:15:00,64150.1,64278.8,64150.0,64243.2,1174.149
2026-08-19 06:30:00,64243.1,64271.4,64225.1,64241.1,611.263
2026-08-19 06:45:00,64241.1,64321.3,64233.5,64315.1,1387.57
2026-08-19 07:00:00,64315.1,64350.0,64244.0,64345.8,1261.683
2026-08-19 07:15:00,64345.8,64345.8,64279.5,64312.0,672.53
2026-08-19 07:30:00,64312.0,64377.5,64306.9,64330.0,789.772
2026-08-19 07:45:00,64330.0,64347.4,64266.0,64266.1,621.052
2026-08-19 08:00:00,64266.0,64299.8,64227.8,64227.8,909.87
2026-08-19 08:15:00,64227.8,64261.2,64219.6,64261.2,359.493
2026-08-19 08:30:00,64261.2,64482.5,64261.1,64422.8,1817.225
2026-08-19 08:45:00,64422.8,64450.0,64385.0,64385.0,800.28
2026-08-19 09:00:00,64385.1,64446.4,64360.7,64360.7,807.045
2026-08-19 09:15:00,64360.8,64392.6,64341.4,64357.9,360.946
2026-08-19 09:30:00,64358.0,64368.1,64323.2,64338.1,387.299
2026-08-19 09:45:00,64338.0,64395.4,64334.5,64395.3,309.932
2026-08-19 10:00:00,64395.4,64395.4,64341.0,64362.6,331.966
2026-08-19 10:15:00,64362.7,64369.7,64333.4,64369.7,282.785
2026-08-19 10:30:00,64369.7,64400.1,64344.8,64371.3,936.078
2026-08-19 10:45:00,64371.3,64431.0,64364.7,64423.9,847.006
2026-08-19 11:00:00,64423.9,64509.7,64417.3,64473.3,1033.563
2026-08-19 11:15:00,64473.2,64502.8,64448.2,64474.0,625.248
2026-08-19 11:30:00,64474.1,64498.3,64425.2,64437.7,585.755
2026-08-19 11:45:00,64437.6,64494.9,64437.6,64479.0,675.652
2026-08-19 12:00:00,64479.1,64488.0,64440.0,64477.7,404.323
2026-08-19 12:15:00,64477.8,64480.0,64454.1,64458.4,337.114
2026-08-19 12:30:00,64458.5,64927.7,64449.3,64914.1,8314.941
2026-08-19 12:45:00,64914.0,64961.9,64785.8,64857.3,5868.294
2026-08-19 13:00:00,64857.3,64976.9,64757.6,64890.8,3734.593
2026-08-19 13:15:00,64890.9,65022.0,64889.6,64976.9,2761.23
2026-08-19 13:30:00,64977.0,65190.0,64780.0,65017.8,11553.349
2026-08-19 13:45:00,65017.8,65157.3,64950.2,64984.1,4837.554
2026-08-19 14:00:00,64984.1,65413.0,64984.1,65376.1,10179.49
2026-08-19 14:15:00,65376.1,65450.0,65293.5,65378.5,4504.02
2026-08-19 14:30:00,65378.5,65499.9,65318.0,65430.5,4117.893
2026-08-19 14:45:00,65430.6,65950.0,65418.7,65895.6,14023.503
2026-08-19 15:00:00,65895.5,66785.6,65863.2,66621.1,21036.013
2026-08-19 15:15:00,66621.2,70450.0,66544.4,68298.9,49827.308
2026-08-19 15:30:00,68298.9,68863.6,67737.5,68649.6,23028.121
2026-08-19 15:45:00,68649.6,68660.7,68203.9,68523.7,9460.408
2026-08-19 16:00:00,68523.7,68998.0,68500.0,68535.1,10173.36
2026-08-19 16:15:00,68535.1,68904.0,68535.0,68872.8,4683.752
2026-08-19 16:30:00,68872.8,68872.8,68531.0,68563.0,4579.399
2026-08-19 16:45:00,68563.0,68675.6,68373.0,68430.7,2997.629
2026-08-19 17:00:00,68430.7,68512.3,68171.2,68216.7,5449.949
2026-08-19 17:15:00,68216.7,68291.2,67814.2,67984.2,5888.952
2026-08-19 17:30:00,67984.2,68046.4,67803.6,68030.0,3673.517
2026-08-19 17:45:00,68030.0,68250.0,68019.3,68170.6,3720.094
2026-08-19 18:00:00,68170.5,68230.0,68010.2,68164.9,2077.063
2026-08-19 18:15:00,68164.9,68298.5,68150.4,68249.3,1357.928
2026-08-19 18:30:00,68249.3,68414.8,68196.9,68405.8,1642.401
2026-08-19 18:45:00,68405.7,68430.1,68290.9,68360.7,1291.42
2026-08-19 19:00:00,68360.8,68426.0,68070.4,68093.9,1950.856
2026-08-19 19:15:00,68094.0,68369.9,68093.9,68152.8,2122.733
2026-08-19 19:30:00,68152.8,68379.8,68101.1,68370.0,1791.103
2026-08-19 19:45:00,68369.9,68460.4,68330.0,68404.1,1587.369
2026-08-19 20:00:00,68404.1,68682.0,68356.9,68650.0,2570.831
2026-08-19 20:15:00,68650.1,68784.1,68533.0,68673.4,2566.969
2026-08-19 20:30:00,68673.3,68772.4,68609.4,68641.2,1373.32
2026-08-19 20:45:00,68641.2,69591.0,68580.9,69016.1,11366.317
2026-08-19 21:00:00,69016.0,69900.0,68946.7,69406.7,12565.472
2026-08-19 21:15:00,69406.8,69752.5,69228.2,69607.7,4617.838
2026-08-19 21:30:00,69607.7,69800.0,69345.1,69647.6,4112.152
2026-08-19 21:45:00,69647.8,70048.2,69462.5,69685.1,6403.171
2026-08-19 22:00:00,69685.1,69813.3,69266.0,69266.0,3369.4
2026-08-19 22:15:00,69266.1,69379.4,69118.0,69118.1,2138.578
2026-08-19 22:30:00,69118.1,69449.7,68950.3,69317.8,3243.413
2026-08-19 22:45:00,69317.8,69319.7,69076.3,69227.1,1749.463
2026-08-19 23:00:00,69227.1,69384.5,69182.4,69320.3,1361.4
2026-08-19 23:15:00,69320.4,69439.6,69237.8,69350.5,1554.393
2026-08-19 23:30:00,69350.5,69369.0,69214.6,69293.6,1269.842
2026-08-19 23:45:00,69293.7,69320.3,69130.4,69310.0,1609.171
2026-08-20 00:00:00,69310.1,69646.1,69286.7,69544.4,2673.469
2026-08-20 00:15:00,69544.5,69765.5,69525.9,69597.9,1728.897
2026-08-20 00:30:00,69597.9,69672.9,69448.3,69541.9,2116.158
2026-08-20 00:45:00,69541.8,69692.8,69339.3,69389.1,1480.799
2026-08-20 01:00:00,69389.2,69488.9,69255.5,69344.1,1564.543
2026-08-20 01:15:00,69344.0,69418.9,69245.9,69304.2,1340.772
2026-08-20 01:30:00,69303.9,69616.0,69265.2,69611.4,1662.199
2026-08-20 01:45:00,69611.5,69867.9,69611.4,69691.4,2603.098
2026-08-20 02:00:00,69691.5,69800.0,69554.0,69660.8,1742.325
2026-08-20 02:15:00,69660.7,69688.0,69459.1,69486.3,1566.333
2026-08-20 02:30:00,69486.3,69527.7,69295.4,69299.0,1556.808
2026-08-20 02:45:00,69299.1,69378.9,69247.5,69284.6,2773.248
2026-08-20 03:00:00,69284.6,69294.0,68882.1,68977.7,3774.887
2026-08-20 03:15:00,68977.6,69193.6,68930.5,68963.3,1875.465
2026-08-20 03:30:00,68963.3,69199.1,68963.2,69182.5,1246.337
2026-08-20 03:45:00,69182.5,69342.5,69145.5,69183.5,1510.571
2026-08-20 04:00:00,69183.5,69376.2,69155.0,69362.7,1473.27
2026-08-20 04:15:00,69362.7,69415.8,69282.1,69353.4,965.631
2026-08-20 04:30:00,69353.4,69377.2,69218.5,69339.8,733.505
2026-08-20 04:45:00,69339.8,69622.0,69339.8,69480.1,1962.693
2026-08-20 05:00:00,69480.0,69550.0,69442.1,69455.7,1307.53
2026-08-20 05:15:00,69455.7,69657.7,69427.9,69570.9,1574.581
2026-08-20 05:30:00,69570.8,69622.0,69510.1,69545.9,882.078
2026-08-20 05:45:00,69545.9,69545.9,69350.0,69408.3,2275.141
2026-08-20 06:00:00,69408.4,69432.3,69350.0,69367.9,1100.786
2026-08-20 06:15:00,69367.8,69688.8,69330.3,69586.5,2382.805
2026-08-20 06:30:00,69586.6,69777.0,69582.5,69761.1,1879.062
2026-08-20 06:45:00,69761.2,69921.9,69756.0,69838.8,2408.211
2026-08-20 07:00:00,69838.8,69999.0,69727.6,69766.2,3048.299
2026-08-20 07:15:00,69766.2,69771.1,69585.6,69660.1,1496.429
2026-08-20 07:30:00,69660.1,69660.1,69482.0,69599.7,1986.47
2026-08-20 07:45:00,69599.7,69815.9,69550.7,69815.9,1808.314
2026-08-20 08:00:00,69815.9,71377.0,69771.8,71287.9,21433.372
2026-08-20 08:15:00,71287.8,71580.0,71000.4,71326.2,12385.448
2026-08-20 08:30:00,71326.2,71687.2,71149.0,71481.4,6956.1
2026-08-20 08:45:00,71481.5,71799.6,71414.8,71560.6,7851.859
2026-08-20 09:00:00,71560.5,71945.1,71449.3,71910.0,9037.158
2026-08-20 09:15:00,71910.0,72081.7,71723.8,71800.0,6682.511
2026-08-20 09:30:00,71800.0,72049.0,71709.1,71971.7,4122.395
2026-08-20 09:45:00,71971.7,72012.7,71666.9,71781.2,3383.355
2026-08-20 10:00:00,71781.2,72194.7,71690.0,72122.2,4922.086
2026-08-20 10:15:00,72122.2,72487.5,71931.5,72016.5,9216.25
2026-08-20 10:30:00,72016.5,72023.1,71735.8,71787.5,2740.686
2026-08-20 10:45:00,71787.5,71978.2,71787.5,71978.2,1672.793
2026-08-20 11:00:00,71978.1,72128.1,71807.0,71963.9,2465.272
2026-08-20 11:15:00,71963.8,72025.0,71842.8,71866.5,1383.794
2026-08-20 11:30:00,71866.5,72300.1,71833.0,72117.3,3801.861
2026-08-20 11:45:00,72117.3,72250.0,71783.5,71896.2,2797.543
2026-08-20 12:00:00,71896.2,71955.0,71466.0,71770.0,6137.374
2026-08-20 12:15:00,71770.0,71872.5,71660.5,71813.6,2432.055
2026-08-20 12:30:00,71813.6,71990.8,71626.2,71652.5,3118.526
2026-08-20 12:45:00,71652.6,71935.1,71435.6,71930.1,3917.486
2026-08-20 13:00:00,71930.1,72099.0,71862.4,72035.9,3481.373
2026-08-20 13:15:00,72035.9,72035.9,71794.7,71930.1,2527.298
2026-08-20 13:30:00,71930.2,71934.3,71100.0,71643.4,9372.824
2026-08-20 13:45:00,71643.3,71831.1,71405.7,71663.7,3625.06
2026-08-20 14:00:00,71663.7,71967.7,71571.4,71790.0,2770.808
2026-08-20 14:15:00,71790.1,71798.1,71309.4,71417.5,3373.556
2026-08-20 14:30:00,71417.4,71688.0,71376.6,71516.9,2220.85
2026-08-20 14:45:00,71516.8,71796.0,71377.9,71792.9,2198.232
2026-08-20 15:00:00,71793.0,72598.0,71760.1,72211.3,10980.098
2026-08-20 15:15:00,72211.3,72394.1,71937.7,72383.1,4780.111
2026-08-20 15:30:00,72383.1,72849.9,72129.9,72206.3,7204.407
2026-08-20 15:45:00,72206.2,72535.6,72128.7,72429.0,3767.217
2026-08-20 16:00:00,72429.1,72482.2,72225.0,72279.2,2141.275
2026-08-20 16:15:00,72279.1,72388.7,72159.8,72377.4,1418.497
2026-08-20 16:30:00,72377.4,72669.6,72250.0,72590.9,2839.057
2026-08-20 16:45:00,72590.9,72887.9,72485.2,72805.9,3120.809
2026-08-20 17:00:00,72806.0,72843.0,72482.9,72658.6,2519.525
2026-08-20 17:15:00,72658.5,72819.8,72525.0,72766.1,1437.1
2026-08-20 17:30:00,72766.1,72832.3,72628.6,72720.0,1537.304
2026-08-20 17:45:00,72719.9,72945.3,72672.6,72694.6,3146.915
2026-08-20 18:00:00,72694.5,72780.0,72422.4,72580.0,4071.591
2026-08-20 18:15:00,72580.0,72708.7,72454.9,72648.2,1345.073
2026-08-20 18:30:00,72648.2,72664.5,72352.3,72469.7,1871.695
2026-08-20 18:45:00,72469.7,72591.8,72380.0,72398.4,1343.091
2026-08-20 19:00:00,72398.4,72480.5,72280.1,72450.0,1415.0
2026-08-20 19:15:00,72450.0,72600.0,72437.4,72565.4,1021.761
2026-08-20 19:30:00,72565.4,72748.1,72505.9,72680.3,1188.784
2026-08-20 19:45:00,72680.3,72725.2,72547.7,72649.7,1154.234
2026-08-20 20:00:00,72649.8,72753.2,72592.0,72664.5,700.516
2026-08-20 20:15:00,72664.5,72887.4,72591.3,72794.9,1252.352
2026-08-20 20:30:00,72795.0,73106.9,72667.2,72731.1,3674.124
2026-08-20 20:45:00,72731.5,72748.1,72554.0,72638.5,997.969
2026-08-20 21:00:00,72638.5,72665.8,72514.8,72662.5,1000.882
2026-08-20 21:15:00,72662.6,72819.2,72601.0,72623.8,1021.765
2026-08-20 21:30:00,72623.8,72798.9,72623.7,72708.7,604.45
2026-08-20 21:45:00,72708.8,72744.2,72671.0,72706.9,431.075
2026-08-20 22:00:00,72706.9,72721.9,72458.7,72571.5,2077.637
2026-08-20 22:15:00,72571.4,72800.0,72520.0,72759.0,835.927
2026-08-20 22:30:00,72758.9,72773.6,72642.0,72657.1,592.986
2026-08-20 22:45:00,72657.1,72854.3,72639.1,72648.5,908.599
2026-08-20 23:00:00,72648.4,72908.9,72625.0,72902.2,688.854
2026-08-20 23:15:00,72902.1,73399.7,72863.9,73185.3,7963.329
2026-08-20 23:30:00,73185.3,73369.1,73043.0,73079.1,2127.058
2026-08-20 23:45:00,73079.0,73126.4,72945.2,72998.7,1752.117
2026-08-21 00:00:00,72998.8,73479.0,72992.4,73460.2,3744.455
2026-08-21 00:15:00,73460.3,73874.0,73311.6,73694.5,7197.157
2026-08-21 00:30:00,73694.6,73985.8,73494.8,73665.1,4787.121
2026-08-21 00:45:00,73665.2,73828.6,73550.1,73682.1,1823.48
2026-08-21 01:00:00,73682.1,73973.8,73635.1,73958.9,2279.099
2026-08-21 01:15:00,73959.0,74880.0,73921.0,74700.1,16468.006
2026-08-21 01:30:00,74700.0,75025.8,74513.9,74710.9,7044.248
2026-08-21 01:45:00,74710.9,75767.5,74675.3,75103.3,13991.235
2026-08-21 02:00:00,75103.3,75175.0,74647.7,74850.0,5994.063
2026-08-21 02:15:00,74850.1,74969.3,74625.9,74946.1,2676.546
2026-08-21 02:30:00,74946.1,75076.0,74539.8,74692.5,2770.793
2026-08-21 02:45:00,74692.8,74700.0,74347.0,74410.6,4388.047
2026-08-21 03:00:00,74410.7,74471.8,74214.4,74419.9,2307.116
2026-08-21 03:15:00,74419.9,74610.6,74280.0,74570.6,2437.956
2026-08-21 03:30:00,74570.6,74700.0,74401.3,74636.0,2681.29
2026-08-21 03:45:00,74635.9,74847.3,74459.1,74482.9,2828.489
2026-08-21 04:00:00,74482.9,74875.0,74482.8,74835.0,2061.481
2026-08-21 04:15:00,74834.9,74924.4,74744.4,74779.9,1225.846
2026-08-21 04:30:00,74779.8,74961.6,74744.4,74918.8,1571.665
2026-08-21 04:45:00,74918.9,75000.0,74883.1,74990.3,2327.859
2026-08-21 05:00:00,74990.4,75334.8,74871.6,75280.4,4250.456
2026-08-21 05:15:00,75280.4,75472.0,75021.5,75166.4,4503.489
2026-08-21 05:30:00,75166.3,75358.2,75059.2,75250.2,1934.542
2026-08-21 05:45:00,75250.2,75433.8,75179.2,75433.0,2111.171
2026-08-21 06:00:00,75433.1,75498.3,75233.9,75255.8,2319.059
2026-08-21 06:15:00,75255.8,75487.6,75066.0,75304.5,2509.381
2026-08-21 06:30:00,75304.4,75720.8,75280.0,75353.3,4592.937
2026-08-21 06:45:00,75353.4,75618.3,75252.8,75613.3,2304.97
2026-08-21 07:00:00,75613.3,75998.8,75577.0,75935.2,6110.489
2026-08-21 07:15:00,75935.2,76900.0,75900.8,76375.2,20270.349
2026-08-21 07:30:00,76375.2,76779.7,76257.0,76570.2,7186.944
2026-08-21 07:45:00,76570.3,76619.6,76205.3,76310.4,5761.769
2026-08-21 08:00:00,76310.3,77200.0,76253.2,76883.7,8846.656
2026-08-21 08:15:00,76883.6,77450.0,76835.7,77217.6,9631.688
2026-08-21 08:30:00,77217.5,77799.9,77150.0,77637.3,10771.178
2026-08-21 08:45:00,77637.4,79555.5,77559.1,79269.0,32168.335
2026-08-21 09:00:00,79268.9,79372.8,77255.0,77876.0,33808.387
2026-08-21 09:15:00,77875.9,77954.9,77451.2,77709.6,6891.988
2026-08-21 09:30:00,77709.6,78366.0,77610.1,78180.6,5577.199
2026-08-21 09:45:00,78180.5,78366.1,77550.0,77900.6,6870.289
2026-08-21 10:00:00,77900.5,78115.5,77600.9,78031.2,4186.373
2026-08-21 10:15:00,78031.1,78243.5,77650.0,77913.4,3936.701
2026-08-21 10:30:00,77913.5,77958.0,77608.2,77829.7,2619.704
2026-08-21 10:45:00,77829.7,77995.5,77724.1,77803.3,1123.897
2026-08-21 11:00:00,77803.2,77858.0,77317.9,77546.1,3958.057
2026-08-21 11:15:00,77546.2,77677.0,77213.8,77419.6,4891.684
2026-08-21 11:30:00,77419.6,77445.8,76393.1,76837.6,13982.209
2026-08-21 11:45:00,76837.6,77043.9,76593.2,76749.0,5031.645
2026-08-21 12:00:00,76748.9,77021.3,76537.8,76938.9,5134.885
2026-08-21 12:15:00,76938.9,76938.9,76658.1,76697.9,2138.654
2026-08-21 12:30:00,76697.9,77443.6,76637.0,77423.9,5912.844
2026-08-21 12:45:00,77423.8,77487.2,77100.0,77228.1,3047.278
2026-08-21 13:00:00,77228.1,77399.6,77031.2,77195.5,2548.763
2026-08-21 13:15:00,77195.4,77221.7,76836.1,77096.5,3170.224
2026-08-21 13:30:00,77096.6,77333.0,76237.0,77299.9,11040.82
2026-08-21 13:45:00,77299.9,77721.9,77116.6,77244.3,7708.626
2026-08-21 14:00:00,77244.4,77251.2,76679.9,76759.7,5426.761
2026-08-21 14:15:00,76759.7,77203.6,76538.9,77060.1,5940.477
2026-08-21 14:30:00,77060.0,77239.0,76850.1,77148.7,2753.02
2026-08-21 14:45:00,77148.6,77450.0,77124.5,77387.7,3078.628
2026-08-21 15:00:00,77387.7,77798.8,77320.9,77700.5,4491.338
2026-08-21 15:15:00,77700.5,77871.6,77508.2,77603.9,2829.665
2026-08-21 15:30:00,77603.8,77744.4,77464.6,77498.2,1598.151
2026-08-21 15:45:00,77498.1,77543.8,77157.3,77219.8,2532.629
2026-08-21 16:00:00,77219.8,77315.9,76841.9,76846.3,3572.261
2026-08-21 16:15:00,76846.2,77379.5,76757.0,77379.5,2921.046
2026-08-21 16:30:00,77379.5,77412.6,77220.8,77346.6,1401.661
2026-08-21 16:45:00,77346.5,77549.0,77300.2,77462.3,1846.869
2026-08-21 17:00:00,77462.3,77711.1,77441.6,77546.9,2989.252
2026-08-21 17:15:00,77547.0,77550.0,77162.8,77550.0,2447.631
2026-08-21 17:30:00,77550.0,77641.4,77304.8,77370.7,2437.788
2026-08-21 17:45:00,77370.8,77505.8,77293.9,77381.8,1107.919
2026-08-21 18:00:00,77381.7,77543.8,77256.0,77304.2,2278.797
2026-08-21 18:15:00,77304.2,77489.0,77238.2,77372.8,1375.661
2026-08-21 18:30:00,77372.9,77435.0,76825.9,76920.6,2695.739
2026-08-21 18:45:00,76920.6,77115.5,76576.4,77115.4,4674.532
2026-08-21 19:00:00,77115.4,77157.2,76817.6,77109.2,1555.757
2026-08-21 19:15:00,77109.2,77308.3,76934.2,77288.5,1388.637
2026-08-21 19:30:00,77288.5,77328.6,77058.5,77143.2,1092.279
2026-08-21 19:45:00,77143.1,77215.0,76974.9,76995.4,1272.361
2026-08-21 20:00:00,76995.4,77273.3,76815.6,77243.1,1911.262
2026-08-21 20:15:00,77243.0,77500.0,77243.0,77456.8,1858.44
2026-08-21 20:30:00,77456.8,77500.0,77310.3,77439.0,1000.544
2026-08-21 20:45:00,77439.0,77517.4,77275.6,77480.0,853.872
2026-08-21 21:00:00,77480.0,77786.8,77345.9,77650.3,1872.441
2026-08-21 21:15:00,77650.2,78185.5,77549.4,78074.2,4540.193
2026-08-21 21:30:00,78074.1,78487.6,77945.2,78220.3,4480.392
2026-08-21 21:45:00,78220.2,78666.0,78192.4,78491.5,3309.222
2026-08-21 22:00:00,78491.4,78748.8,78150.0,78740.0,3947.655
2026-08-21 22:15:00,78739.9,78740.0,78315.3,78485.7,2863.918
2026-08-21 22:30:00,78485.8,78561.7,78061.6,78491.7,2428.184
2026-08-21 22:45:00,78491.5,78612.6,78215.3,78436.8,1603.186
2026-08-21 23:00:00,78436.8,78600.0,78308.9,78520.1,1672.913
2026-08-21 23:15:00,78520.0,78705.8,78330.6,78383.8,2038.103
2026-08-21 23:30:00,78383.8,78489.6,78100.0,78353.4,1714.073
2026-08-21 23:45:00,78353.4,78383.7,78093.3,78309.1,999.223
2026-08-22 00:00:00,78309.1,78486.6,77707.3,77888.6,3882.011
2026-08-22 00:15:00,77888.6,78083.5,77833.1,77898.7,1562.954
2026-08-22 00:30:00,77898.7,78032.1,77728.1,77812.0,1160.129
2026-08-22 00:45:00,77812.0,77963.6,77649.7,77921.6,1426.698
2026-08-22 01:00:00,77921.6,78188.0,77879.6,78076.8,1470.475
2026-08-22 01:15:00,78076.9,78149.8,77862.6,77991.5,814.563
2026-08-22 01:30:00,77991.5,78223.1,77855.3,77891.8,1263.97
2026-08-22 01:45:00,77891.8,77988.3,77780.9,77807.7,1047.183
2026-08-22 02:00:00,77807.6,78094.7,77763.0,78029.5,1044.242
2026-08-22 02:15:00,78029.5,78472.5,78012.5,78358.1,1948.947
2026-08-22 02:30:00,78358.2,78494.9,78134.1,78489.9,1468.171
2026-08-22 02:45:00,78490.0,78549.9,78288.5,78467.9,1402.579
2026-08-22 03:00:00,78467.9,78690.4,78350.0,78378.1,1558.913
2026-08-22 03:15:00,78378.0,78783.6,78344.3,78746.7,1819.306
2026-08-22 03:30:00,78746.6,78831.8,78531.0,78630.5,1396.649
2026-08-22 03:45:00,78630.5,78676.9,78365.2,78395.0,1313.743
2026-08-22 04:00:00,78395.0,78456.5,78222.1,78384.3,1327.592
2026-08-22 04:15:00,78384.3,78580.0,78183.1,78576.4,1250.587
2026-08-22 04:30:00,78576.5,78815.2,78502.6,78645.1,1840.418
2026-08-22 04:45:00,78645.0,78681.6,78444.4,78453.3,1561.357
2026-08-22 05:00:00,78453.2,78589.9,76510.0,77310.9,13358.575
2026-08-22 05:15:00,77310.9,77528.4,76728.1,77297.1,7437.112
2026-08-22 05:30:00,77297.1,77571.0,76900.4,77176.1,4031.337
2026-08-22 05:45:00,77176.0,77497.8,77053.8,77371.6,2595.074
2026-08-22 06:00:00,77371.5,77438.0,77139.0,77162.4,1709.004
2026-08-22 06:15:00,77162.4,77388.0,77162.4,77234.3,1066.211
2026-08-22 06:30:00,77234.3,77564.1,76963.5,77384.4,3001.112
2026-08-22 06:45:00,77384.3,77539.3,77369.1,77476.6,1092.506
2026-08-22 07:00:00,77476.6,77675.0,77253.5,77365.3,2175.367
2026-08-22 07:15:00,77365.3,77482.3,77201.4,77471.1,1078.2
2026-08-22 07:30:00,77471.1,77497.0,77285.6,77402.3,1047.723
2026-08-22 07:45:00,77402.4,77430.3,77258.6,77286.7,815.819
2026-08-22 08:00:00,77286.7,77420.4,77177.0,77414.1,1293.9
2026-08-22 08:15:00,77414.0,77430.0,77086.1,77204.8,1129.08
2026-08-22 08:30:00,77204.9,77317.5,77012.9,77275.6,2316.986
2026-08-22 08:45:00,77275.7,77275.7,77088.2,77193.5,937.931
2026-08-22 09:00:00,77193.5,77355.5,77031.0,77355.4,1485.222
2026-08-22 09:15:00,77355.5,77385.0,77145.0,77189.4,1057.784
2026-08-22 09:30:00,77189.4,77239.5,77133.0,77185.7,556.218
2026-08-22 09:45:00,77185.6,77185.6,76816.4,77047.5,2641.448
2026-08-22 10:00:00,77047.6,77059.5,76663.8,76703.0,2648.951
2026-08-22 10:15:00,76702.9,76957.2,76512.9,76939.0,4078.958
2026-08-22 10:30:00,76939.0,77176.6,76861.8,77169.5,1779.753
2026-08-22 10:45:00,77169.5,77194.8,76900.0,76975.7,1226.24
2026-08-22 11:00:00,76975.7,77079.0,76821.8,76861.8,1033.622
2026-08-22 11:15:00,76861.8,77009.7,76815.6,76991.8,1322.711
2026-08-22 11:30:00,76991.8,77198.9,76950.2,77182.7,1430.388
2026-08-22 11:45:00,77182.8,77224.9,77070.0,77137.9,1200.55
2026-08-22 12:00:00,77137.9,77297.8,77081.7,77243.6,1205.877
2026-08-22 12:15:00,77243.6,77347.9,77201.0,77329.9,1151.975
2026-08-22 12:30:00,77329.8,77350.0,77205.0,77343.9,596.317
2026-08-22 12:45:00,77343.8,77390.0,77244.6,77295.6,811.341
2026-08-22 13:00:00,77295.6,77318.2,77183.0,77222.6,624.607
2026-08-22 13:15:00,77222.6,77258.6,77117.1,77175.4,621.526
2026-08-22 13:30:00,77175.4,77206.7,77104.7,77165.9,359.174
2026-08-22 13:45:00,77165.9,77381.1,77149.4,77290.6,880.01
2026-08-22 14:00:00,77290.6,77322.0,76959.4,77040.8,1449.4
2026-08-22 14:15:00,77040.8,77107.8,76970.0,77107.7,610.262
2026-08-22 14:30:00,77107.8,77175.0,76961.5,76970.1,914.277
2026-08-22 14:45:00,76970.2,77093.9,76936.1,77018.6,684.386
2026-08-22 15:00:00,77018.6,77100.0,76951.0,76951.0,634.337
2026-08-22 15:15:00,76951.1,77044.1,76888.0,76993.9,785.178
2026-08-22 15:30:00,76993.9,77118.3,76993.9,77067.1,469.875
2026-08-22 15:45:00,77067.1,77112.8,76923.0,76995.6,611.697
2026-08-22 16:00:00,76995.6,77087.8,76969.4,77069.0,547.367
2026-08-22 16:15:00,77069.1,77266.9,77057.1,77209.0,1030.957
2026-08-22 16:30:00,77209.0,77499.5,77193.5,77405.6,1649.879
2026-08-22 16:45:00,77405.6,77590.6,77293.4,77299.0,1641.499
2026-08-22 17:00:00,77299.0,77350.0,77256.1,77293.6,623.557
2026-08-22 17:15:00,77293.6,77368.4,77081.1,77103.8,973.337
2026-08-22 17:30:00,77103.8,77241.2,77103.8,77235.1,461.903
2026-08-22 17:45:00,77235.1,77394.9,77235.0,77289.2,505.467
2026-08-22 18:00:00,77289.1,77370.9,77225.0,77253.7,344.939
2026-08-22 18:15:00,77253.7,77363.8,77253.6,77308.6,271.075
2026-08-22 18:30:00,77308.7,77340.0,77234.5,77234.6,325.579
2026-08-22 18:45:00,77234.6,77276.5,77139.8,77276.5,431.671
2026-08-22 19:00:00,77276.5,77350.0,77209.4,77334.7,293.909
2026-08-22 19:15:00,77334.7,77350.0,77256.4,77295.1,263.842
2026-08-22 19:30:00,77295.2,77440.0,77293.3,77440.0,391.15
2026-08-22 19:45:00,77439.9,77484.3,77415.4,77422.4,600.009
2026-08-22 20:00:00,77422.3,77498.0,77367.7,77419.4,386.564
2026-08-22 20:15:00,77419.4,77438.3,77296.4,77304.8,433.973
2026-08-22 20:30:00,77304.8,77427.6,77267.6,77374.1,588.145
2026-08-22 20:45:00,77374.1,77393.4,77275.1,77330.3,200.86
2026-08-22 21:00:00,77330.3,77330.3,77028.6,77054.2,1118.269
2026-08-22 21:15:00,77054.2,77219.4,77054.2,77187.1,447.591
2026-08-22 21:30:00,77187.2,77215.0,76922.1,77040.5,950.406
2026-08-22 21:45:00,77040.5,77040.5,76818.1,76862.8,943.64
2026-08-22 22:00:00,76862.8,77173.0,76772.0,77108.9,1738.712
2026-08-22 22:15:00,77109.0,77166.6,77043.7,77056.8,440.907
2026-08-22 22:30:00,77056.9,77078.4,76833.9,77054.5,941.29
2026-08-22 22:45:00,77054.6,77157.8,76961.4,77000.8,555.075
2026-08-22 23:00:00,77000.9,77094.4,76940.9,76989.9,392.697
2026-08-22 23:15:00,76989.9,77034.6,76951.0,76956.4,265.555
2026-08-22 23:30:00,76956.4,77048.2,76905.3,77024.6,313.013
2026-08-22 23:45:00,77024.3,77146.1,77015.2,77084.5,346.099
2026-08-23 00:00:00,77084.5,77157.9,77058.9,77091.3,373.887
2026-08-23 00:15:00,77091.2,77268.1,77059.9,77237.9,548.848
2026-08-23 00:30:00,77237.9,77377.4,77230.3,77288.9,733.332
2026-08-23 00:45:00,77288.9,77363.0,77261.4,77308.0,582.114
2026-08-23 01:00:00,77308.1,77423.8,77175.6,77423.8,1038.023
2026-08-23 01:15:00,77423.7,77423.8,77268.0,77282.3,633.979
2026-08-23 01:30:00,77282.3,77333.0,77173.9,77262.8,582.108
2026-08-23 01:45:00,77262.7,77344.0,77169.5,77202.1,452.222
2026-08-23 02:00:00,77202.1,77227.6,77060.0,77063.8,749.435
2026-08-23 02:15:00,77063.8,77148.4,77015.8,77126.7,577.021
2026-08-23 02:30:00,77126.7,77220.0,77123.3,77189.1,429.137
2026-08-23 02:45:00,77189.1,77224.2,77072.1,77080.6,471.335
2026-08-23 03:00:00,77080.6,77128.6,77017.0,77094.5,633.586
2026-08-23 03:15:00,77094.5,77158.3,76982.3,76992.9,482.894
2026-08-23 03:30:00,76992.8,77004.8,76842.1,76863.2,1282.21
2026-08-23 03:45:00,76863.2,76997.9,76863.1,76941.1,976.435
2026-08-23 04:00:00,76941.2,77038.5,76663.9,77006.7,2551.813
2026-08-23 04:15:00,77006.7,77046.8,76802.3,76968.0,820.865
2026-08-23 04:30:00,76968.0,76980.0,76816.1,76827.1,629.012
2026-08-23 04:45:00,76827.1,76829.8,76425.4,76610.7,4497.265
2026-08-23 05:00:00,76610.7,76747.7,75808.0,75896.0,8530.993
2026-08-23 05:15:00,75895.7,76354.8,75588.0,76243.9,10858.651
2026-08-23 05:30:00,76243.8,76350.0,76108.0,76175.9,2418.309
2026-08-23 05:45:00,76176.0,76263.0,76033.0,76064.9,1131.343
2026-08-23 06:00:00,76065.0,76178.8,75870.0,76091.1,2548.066
2026-08-23 06:15:00,76091.0,76319.5,76082.2,76240.0,1737.912
2026-08-23 06:30:00,76239.9,76380.2,76182.9,76272.8,1307.808
2026-08-23 06:45:00,76272.8,76297.0,76015.2,76110.3,976.122
2026-08-23 07:00:00,76110.3,76339.4,76038.0,76309.9,988.103
2026-08-23 07:15:00,76309.9,76368.8,76231.5,76232.4,715.596
2026-08-23 07:30:00,76232.3,76241.7,76056.4,76068.8,818.689
2026-08-23 07:45:00,76068.9,76168.0,75900.0,76020.3,1671.879
2026-08-23 08:00:00,76020.2,76310.0,75966.7,76214.0,2037.112
2026-08-23 08:15:00,76214.1,76316.0,76201.7,76251.1,1144.591
2026-08-23 08:30:00,76251.1,76694.3,76251.0,76529.3,2913.08
2026-08-23 08:45:00,76529.3,76626.6,76450.4,76486.5,1274.088
2026-08-23 09:00:00,76486.5,76656.6,76471.2,76586.4,999.235
2026-08-23 09:15:00,76586.4,76619.4,76476.1,76555.1,609.861
2026-08-23 09:30:00,76555.2,76584.1,76470.0,76570.0,517.567
2026-08-23 09:45:00,76569.9,76653.3,76510.0,76540.2,595.492
2026-08-23 10:00:00,76540.3,76741.3,76535.5,76650.8,1415.903
2026-08-23 10:15:00,76650.8,76940.1,76640.4,76758.8,2962.106
2026-08-23 10:30:00,76758.7,76935.0,76738.3,76853.1,1039.268
2026-08-23 10:45:00,76853.1,76880.0,76776.0,76784.4,502.982
2026-08-23 11:00:00,76784.4,76890.9,76738.0,76881.0,708.391
2026-08-23 11:15:00,76880.9,77323.0,76818.1,77161.2,4237.08
2026-08-23 11:30:00,77161.2,77400.0,77127.4,77272.6,2105.515
2026-08-23 11:45:00,77272.6,77400.0,77165.3,77296.0,1646.888
2026-08-23 12:00:00,77296.1,77300.0,77003.8,77075.8,1747.179
2026-08-23 12:15:00,77075.7,77130.0,77008.5,77035.2,657.511
2026-08-23 12:30:00,77035.1,77249.2,77035.1,77234.6,624.829
2026-08-23 12:45:00,77234.6,77262.5,77152.3,77202.9,418.968
2026-08-23 13:00:00,77203.0,77338.0,77189.8,77323.3,562.205
2026-08-23 13:15:00,77323.3,77771.6,77323.3,77426.7,5566.539
2026-08-23 13:30:00,77426.7,77612.9,77333.0,77508.0,1491.152
2026-08-23 13:45:00,77507.9,77555.0,77360.0,77471.8,773.846
2026-08-23 14:00:00,77471.7,77606.2,77309.0,77538.1,1540.295
2026-08-23 14:15:00,77538.2,77636.3,77400.0,77431.1,1134.084
2026-08-23 14:30:00,77431.1,77479.9,76762.1,77005.4,5343.664
2026-08-23 14:45:00,77005.5,77298.0,77000.0,77174.1,2782.57
2026-08-23 15:00:00,77174.2,77317.0,77039.0,77139.5,1385.29
2026-08-23 15:15:00,77139.5,77225.0,76900.0,77175.3,1505.336
2026-08-23 15:30:00,77175.4,77300.0,77102.8,77248.2,785.734
2026-08-23 15:45:00,77248.1,77248.1,77108.0,77124.0,529.295
2026-08-23 16:00:00,77124.0,77277.3,77124.0,77250.2,391.194
2026-08-23 16:15:00,77250.1,77304.5,77180.3,77296.7,511.975
2026-08-23 16:30:00,77296.6,77421.5,77284.9,77352.4,976.426
2026-08-23 16:45:00,77352.4,77450.0,77326.3,77389.0,575.824
2026-08-23 17:00:00,77389.0,77420.0,77115.8,77260.1,994.813
2026-08-23 17:15:00,77260.1,77358.0,77158.5,77232.0,548.999
2026-08-23 17:30:00,77231.9,77295.8,77124.6,77212.0,446.311
2026-08-23 17:45:00,77211.9,77300.6,77158.2,77158.3,377.498
2026-08-23 18:00:00,77158.2,77381.5,77075.1,77311.4,1356.474
2026-08-23 18:15:00,77311.5,77379.1,77235.9,77321.3,516.192
2026-08-23 18:30:00,77321.3,77341.5,77270.4,77309.4,322.092
2026-08-23 18:45:00,77309.3,77317.7,77218.2,77317.6,478.68
2026-08-23 19:00:00,77317.7,77388.0,77217.2,77289.2,525.223
2026-08-23 19:15:00,77289.1,77369.1,77257.3,77329.0,256.931
2026-08-23 19:30:00,77329.0,77419.5,77220.1,77407.1,369.323
2026-08-23 19:45:00,77407.0,77467.8,77292.9,77305.1,422.713
2026-08-23 20:00:00,77305.0,77306.4,77167.3,77249.4,482.365
2026-08-23 20:15:00,77249.4,77390.3,77239.4,77353.0,318.398
2026-08-23 20:30:00,77353.0,77438.5,77350.0,77395.1,242.858
2026-08-23 20:45:00,77395.0,77413.0,77360.1,77376.7,202.676
2026-08-23 21:00:00,77376.7,77685.0,77376.7,77670.0,1811.163
2026-08-23 21:15:00,77670.0,78057.6,77668.0,78000.8,3552.392
2026-08-23 21:30:00,78000.7,78023.9,77517.9,77614.1,2010.97
2026-08-23 21:45:00,77614.0,77849.9,77614.0,77808.8,954.291
2026-08-23 22:00:00,77808.7,77960.6,77553.0,77667.1,1820.79
2026-08-23 22:15:00,77667.2,77796.0,77607.4,77635.0,705.75
2026-08-23 22:30:00,77635.1,77705.9,77568.8,77621.8,621.915
2026-08-23 22:45:00,77621.9,77690.7,77535.3,77578.4,509.482
2026-08-23 23:00:00,77578.4,77597.2,77252.5,77449.9,1313.11
2026-08-23 23:15:00,77449.9,77648.7,77412.1,77641.9,952.134
2026-08-23 23:30:00,77641.9,77803.0,77370.1,77457.2,1117.655
2026-08-23 23:45:00,77457.2,77794.2,77454.0,77719.1,1088.069
2026-08-24 00:00:00,77719.0,77728.4,77483.8,77606.3,842.741
2026-08-24 00:15:00,77606.3,77628.0,77243.3,77415.4,1353.458
2026-08-24 00:30:00,77415.5,77576.0,77187.7,77214.0,1332.2
2026-08-24 00:45:00,77214.0,77674.1,77104.8,77674.1,2133.534
2026-08-24 01:00:00,77674.1,77715.9,77413.7,77417.6,1287.889
2026-08-24 01:15:00,77417.5,77454.6,77207.0,77225.1,1303.868
2026-08-24 01:30:00,77225.1,77359.9,77150.0,77201.8,1250.018
2026-08-24 01:45:00,77201.8,77250.0,76888.0,76892.9,2859.599
2026-08-24 02:00:00,76892.9,77415.1,76857.1,77351.5,2568.077
2026-08-24 02:15:00,77351.6,77496.1,77351.5,77437.0,1298.108
2026-08-24 02:30:00,77437.1,77542.2,77380.2,77426.3,944.486
2026-08-24 02:45:00,77426.3,77515.8,77214.3,77461.7,1769.77
2026-08-24 03:00:00,77461.6,77516.7,77201.8,77201.8,1151.574
2026-08-24 03:15:00,77201.9,77277.3,77105.0,77105.0,1068.34
2026-08-24 03:30:00,77105.1,77149.2,76949.1,76974.0,1375.683
2026-08-24 03:45:00,76973.9,77150.0,76916.1,76925.2,1092.79
2026-08-24 04:00:00,76925.2,77094.0,76925.2,77017.9,689.008
2026-08-24 04:15:00,77018.0,77249.0,77017.9,77219.8,587.538
2026-08-24 04:30:00,77219.8,77230.7,77044.0,77106.4,700.178
2026-08-24 04:45:00,77106.3,77130.0,76649.0,76889.9,4093.876
2026-08-24 05:00:00,76889.9,77213.6,76829.3,77209.6,1820.595
2026-08-24 05:15:00,77209.5,77230.2,76937.1,77047.2,1631.464
2026-08-24 05:30:00,77047.2,77174.7,76832.0,77075.0,966.317
2026-08-24 05:45:00,77074.9,77166.4,76983.1,77139.3,568.369
2026-08-24 06:00:00,77139.3,77425.0,77053.5,77380.3,2069.78
2026-08-24 06:15:00,77380.4,77477.1,77285.9,77344.3,1209.056
2026-08-24 06:30:00,77344.3,77374.9,77209.9,77336.9,575.67
2026-08-24 06:45:00,77337.0,77520.0,77320.3,77455.5,1398.882
2026-08-24 07:00:00,77455.5,77789.7,77442.3,77738.8,2721.133
2026-08-24 07:15:00,77738.8,77738.9,77531.3,77583.5,887.5
2026-08-24 07:30:00,77583.5,77587.8,77334.7,77334.8,916.81
2026-08-24 07:45:00,77334.7,77420.0,77272.7,77301.8,990.829
2026-08-24 08:00:00,77301.8,77402.0,77178.0,77241.1,1166.69
2026-08-24 08:15:00,77241.0,77241.1,76802.9,76903.5,4324.552
2026-08-24 08:30:00,76903.5,77117.7,76890.0,77117.6,1082.492
2026-08-24 08:45:00,77117.6,77136.1,77000.0,77032.9,812.533
2026-08-24 09:00:00,77032.9,77309.3,77012.7,77271.6,1378.32
2026-08-24 09:15:00,77271.6,77413.0,77200.5,77412.9,1840.62
2026-08-24 09:30:00,77413.0,77500.0,77386.4,77460.0,1299.895
2026-08-24 09:45:00,77459.9,77598.1,77426.2,77546.2,1149.378
2026-08-24 10:00:00,77546.3,77876.1,77525.5,77830.4,3570.564
2026-08-24 10:15:00,77830.3,77937.9,77752.9,77845.6,2849.228
2026-08-24 10:30:00,77845.6,78016.6,77638.5,77719.9,2737.939
2026-08-24 10:45:00,77719.9,77825.0,77539.5,77614.3,1617.367
2026-08-24 11:00:00,77614.3,77848.0,77434.8,77810.0,1630.405
2026-08-24 11:15:00,77810.1,77888.1,77713.7,77819.5,1393.609
2026-08-24 11:30:00,77819.5,78564.4,77801.0,78559.5,9468.64
2026-08-24 11:45:00,78559.5,78594.2,78081.5,78429.4,4927.27
2026-08-24 12:00:00,78429.4,78430.9,78086.0,78127.0,2030.744
2026-08-24 12:15:00,78127.0,78489.0,77950.0,78434.5,2435.385
2026-08-24 12:30:00,78434.6,78875.0,78350.0,78711.4,5183.324
2026-08-24 12:45:00,78711.3,79324.2,78693.8,79146.4,7941.678
2026-08-24 13:00:00,79146.3,79440.8,78938.9,79199.9,5115.716
2026-08-24 13:15:00,79200.0,79216.5,78855.0,78988.8,3600.225
2026-08-24 13:30:00,78988.7,79011.5,78135.7,78256.2,9540.378
2026-08-24 13:45:00,78256.0,78590.1,77800.0,78565.2,7649.391
2026-08-24 14:00:00,78565.3,79227.1,78556.8,79173.5,6229.103
2026-08-24 14:15:00,79173.6,79670.0,78842.6,79364.4,9832.291
2026-08-24 14:30:00,79364.3,79810.8,79300.1,79630.1,8022.389
2026-08-24 14:45:00,79630.1,79750.0,79231.9,79481.1,5057.858
2026-08-24 15:00:00,79481.1,79690.8,79329.6,79512.2,2343.488
2026-08-24 15:15:00,79512.1,79974.1,79490.1,79853.2,5956.888
2026-08-24 15:30:00,79853.1,79974.8,78969.2,79262.8,7299.967
2026-08-24 15:45:00,79262.7,79519.2,78777.8,79069.3,6939.271
2026-08-24 16:00:00,79069.3,79500.0,79059.2,79458.9,3735.003
2026-08-24 16:15:00,79458.9,79839.8,79444.5,79625.1,3502.505
2026-08-24 16:30:00,79625.0,79739.3,79333.1,79339.3,2729.668
2026-08-24 16:45:00,79339.2,79369.6,78839.0,79021.9,3832.819
2026-08-24 17:00:00,79022.0,79161.0,78541.4,79063.9,5525.947
2026-08-24 17:15:00,79064.0,79142.8,78410.0,78505.0,5292.937
2026-08-24 17:30:00,78504.9,78822.6,78433.2,78595.0,2728.279
2026-08-24 17:45:00,78595.0,78795.6,78505.8,78726.3,1280.502
2026-08-24 18:00:00,78726.3,78996.4,78702.9,78973.1,2006.506
2026-08-24 18:15:00,78973.1,79039.4,78891.0,78977.5,1211.966
2026-08-24 18:30:00,78977.6,79049.4,78680.0,78938.5,1151.591
2026-08-24 18:45:00,78938.5,79053.0,78820.0,78902.1,1026.743
2026-08-24 19:00:00,78902.0,79089.1,78730.6,78990.2,1909.379
2026-08-24 19:15:00,78990.3,79005.0,78520.6,78835.0,2129.021
2026-08-24 19:30:00,78835.1,78928.9,78714.2,78838.2,933.447
2026-08-24 19:45:00,78838.2,78858.5,78546.1,78715.1,1538.857
2026-08-24 20:00:00,78715.1,78784.6,78520.3,78648.0,1614.443
2026-08-24 20:15:00,78648.1,78758.4,78571.7,78660.1,527.616
2026-08-24 20:30:00,78660.1,78961.4,78603.4,78873.6,1021.022
2026-08-24 20:45:00,78873.5,78906.6,78784.5,78905.7,342.717
2026-08-24 21:00:00,78906.2,79012.6,78906.1,78995.4,482.41
2026-08-24 21:15:00,78995.4,79006.9,78810.7,78890.8,716.781
2026-08-24 21:30:00,78890.8,78992.1,78873.3,78950.0,535.48
2026-08-24 21:45:00,78950.0,79012.6,78881.3,78944.3,462.246
2026-08-24 22:00:00,78944.2,78958.4,78790.0,78838.4,484.865
2026-08-24 22:15:00,78838.4,78900.0,78713.1,78743.7,503.719
2026-08-24 22:30:00,78743.7,78883.8,78690.1,78720.7,480.545
2026-08-24 22:45:00,78720.6,78805.0,78619.2,78703.8,573.293
2026-08-24 23:00:00,78703.9,78784.0,78579.7,78709.2,635.612
2026-08-24 23:15:00,78709.2,78947.7,78700.8,78859.9,612.72
2026-08-24 23:30:00,78860.0,78957.2,78825.0,78915.4,510.56
2026-08-24 23:45:00,78915.4,78971.0,78791.6,78953.0,576.413
2026-08-25 00:00:00,78952.9,79035.7,78861.1,78922.3,1100.914
2026-08-25 00:15:00,78922.2,78922.2,78675.7,78762.7,926.019
2026-08-25 00:30:00,78762.6,79330.6,78705.6,79330.6,2465.948
2026-08-25 00:45:00,79330.5,79859.3,79293.6,79703.1,5854.871
2026-08-25 01:00:00,79703.1,79958.0,79576.7,79621.0,3755.049
2026-08-25 01:15:00,79620.9,79945.4,79439.3,79800.0,2455.393
2026-08-25 01:30:00,79800.0,79894.3,79634.4,79670.5,1597.679
2026-08-25 01:45:00,79670.5,79822.3,79460.1,79806.1,1516.874
2026-08-25 02:00:00,79806.1,79909.8,79710.0,79833.2,1659.629
2026-08-25 02:15:00,79833.2,81270.5,79790.4,80981.6,19397.918
2026-08-25 02:30:00,80981.6,81260.0,80743.1,80797.8,5979.556
2026-08-25 02:45:00,80797.7,80839.6,80401.8,80630.4,4269.365
2026-08-25 03:00:00,80630.4,80932.0,80566.2,80772.8,2375.248
2026-08-25 03:15:00,80772.8,80803.4,80480.0,80617.2,2033.224
2026-08-25 03:30:00,80617.1,80857.5,80510.7,80568.1,2247.407
2026-08-25 03:45:00,80568.1,80653.3,80286.0,80457.6,3138.651
2026-08-25 04:00:00,80457.6,80588.6,80233.3,80471.7,2162.227
2026-08-25 04:15:00,80471.7,80475.8,80213.2,80236.1,1866.135
2026-08-25 04:30:00,80236.1,80376.4,80128.0,80216.9,1823.952
2026-08-25 04:45:00,80217.0,80350.0,80200.0,80348.9,993.87
2026-08-25 05:00:00,80348.8,80571.4,80301.9,80518.7,1914.357
2026-08-25 05:15:00,80518.7,80750.0,80454.8,80621.9,2279.193
2026-08-25 05:30:00,80621.8,80800.0,80568.8,80682.6,2275.623
2026-08-25 05:45:00,80682.6,80783.8,80611.1,80709.7,1470.484
2026-08-25 06:00:00,80709.7,80839.5,80658.8,80812.8,1852.592
2026-08-25 06:15:00,80812.8,80912.0,80720.2,80722.9,1559.402
2026-08-25 06:30:00,80722.9,80723.4,80475.0,80509.3,1680.847
2026-08-25 06:45:00,80509.3,80549.0,80383.4,80549.0,1489.884
2026-08-25 07:00:00,80548.9,80789.0,80521.0,80699.8,1391.637
2026-08-25 07:15:00,80699.8,80724.6,80587.9,80640.4,952.13
2026-08-25 07:30:00,80640.4,80676.7,80459.1,80489.9,1522.946
2026-08-25 07:45:00,80489.9,80507.8,79288.5,79661.5,12882.938
2026-08-25 08:00:00,79661.6,79943.3,79580.0,79889.3,3110.033
2026-08-25 08:15:00,79889.3,80235.4,79889.2,80156.3,2914.286
2026-08-25 08:30:00,80156.2,80194.0,79872.8,80081.8,1835.508
2026-08-25 08:45:00,80081.8,80090.2,79800.0,79899.0,1502.596
2026-08-25 09:00:00,79899.0,79930.0,79676.9,79811.0,2122.372
2026-08-25 09:15:00,79810.9,79930.0,79738.8,79790.1,1117.761
2026-08-25 09:30:00,79790.1,79918.4,79718.0,79718.0,1257.643
2026-08-25 09:45:00,79718.0,79753.2,78827.3,79160.9,8518.251
2026-08-25 10:00:00,79161.0,79312.5,78958.0,79285.1,2683.342
2026-08-25 10:15:00,79285.1,79386.0,79189.6,79243.4,1348.043
2026-08-25 10:30:00,79243.5,79298.0,79190.7,79289.7,853.378
2026-08-25 10:45:00,79289.7,79452.7,79270.0,79275.8,1106.341
2026-08-25 11:00:00,79275.8,79365.3,79054.7,79069.6,1441.967
2026-08-25 11:15:00,79069.6,79285.7,79028.3,79228.0,1171.934
2026-08-25 11:30:00,79227.9,79460.8,79123.1,79127.0,1554.077
2026-08-25 11:45:00,79126.9,79159.4,79003.5,79097.0,1396.3
2026-08-25 12:00:00,79097.0,79153.4,78633.5,79055.3,5174.547
2026-08-25 12:15:00,79055.3,79059.5,78600.0,78861.7,3164.515
2026-08-25 12:30:00,78861.7,78982.9,78737.8,78908.4,1380.556
2026-08-25 12:45:00,78908.4,79064.0,78864.3,78949.9,1635.396
2026-08-25 13:00:00,78950.0,79054.7,78690.0,78783.4,2381.83
2026-08-25 13:15:00,78783.5,78797.2,78540.1,78615.2,3510.741
2026-08-25 13:30:00,78615.3,79194.9,78570.3,78614.8,5626.943
2026-08-25 13:45:00,78614.9,78648.1,78100.1,78627.3,9491.965
2026-08-25 14:00:00,78627.7,79030.6,78505.7,78974.3,4611.292
2026-08-25 14:15:00,78974.2,79291.3,78871.2,79175.8,5104.002
2026-08-25 14:30:00,79175.9,79359.2,79001.5,79141.6,3485.73
2026-08-25 14:45:00,79141.7,79345.1,79128.1,79211.4,1980.192
2026-08-25 15:00:00,79211.4,79325.6,79028.0,79079.8,1767.241
2026-08-25 15:15:00,79079.9,79253.6,78978.1,79199.6,1452.137
2026-08-25 15:30:00,79199.5,79452.5,79138.8,79365.9,2234.851
2026-08-25 15:45:00,79366.0,79499.9,79225.6,79463.1,1547.471
2026-08-25 16:00:00,79463.1,79539.9,79117.1,79130.6,2637.492
2026-08-25 16:15:00,79130.7,79241.1,79035.4,79109.2,1309.509
2026-08-25 16:30:00,79109.2,79328.0,79103.4,79188.0,1049.5
2026-08-25 16:45:00,79188.1,79327.0,79060.0,79121.5,862.033
2026-08-25 17:00:00,79121.5,79121.5,78825.2,78946.5,2627.837
2026-08-25 17:15:00,78946.4,79000.0,78709.7,78777.4,1805.67
2026-08-25 17:30:00,78777.4,79157.2,78777.3,79109.6,1135.731
2026-08-25 17:45:00,79109.6,79230.2,79109.6,79203.3,951.079
2026-08-25 18:00:00,79203.3,79368.4,79175.4,79289.1,1646.401
2026-08-25 18:15:00,79289.2,79307.7,79202.1,79236.0,646.132
2026-08-25 18:30:00,79235.9,79235.9,79066.6,79135.5,555.754
2026-08-25 18:45:00,79135.5,79210.8,79009.7,79090.8,1063.033
2026-08-25 19:00:00,79090.8,79158.6,78976.3,79126.3,722.816
2026-08-25 19:15:00,79126.3,79200.0,78870.2,78895.4,1397.896
2026-08-25 19:30:00,78895.3,78912.7,78677.2,78710.0,1681.68
2026-08-25 19:45:00,78709.9,78914.2,78704.0,78890.7,1007.966
2026-08-25 20:00:00,78890.6,78945.5,78631.0,78844.9,1486.272
2026-08-25 20:15:00,78845.0,78929.5,78728.3,78733.5,487.428
2026-08-25 20:30:00,78733.5,78755.3,78318.0,78436.0,2552.213
2026-08-25 20:45:00,78436.0,78511.4,78130.1,78168.8,5455.086
2026-08-25 21:00:00,78168.8,78276.0,77808.1,78252.9,5807.362
2026-08-25 21:15:00,78252.9,78450.0,78167.0,78428.0,2058.071
2026-08-25 21:30:00,78427.9,78620.0,78338.6,78551.9,1623.566
2026-08-25 21:45:00,78551.9,78635.2,78502.0,78535.8,1288.825
2026-08-25 22:00:00,78535.9,78912.8,78535.9,78893.6,2094.897
2026-08-25 22:15:00,78893.6,78980.0,78567.1,78617.0,1889.454
2026-08-25 22:30:00,78617.1,78838.0,78559.7,78745.2,896.232
2026-08-25 22:45:00,78745.2,78920.0,78740.8,78850.1,680.785
2026-08-25 23:00:00,78850.0,78948.8,78769.1,78918.2,954.665
2026-08-25 23:15:00,78918.2,78938.7,78586.0,78699.2,1373.167
2026-08-25 23:30:00,78699.2,78766.0,78463.3,78560.0,1188.393
2026-08-25 23:45:00,78560.0,78580.8,78351.0,78505.4,1389.412
2026-08-26 00:00:00,78505.5,78600.0,78252.8,78324.1,2198.28
2026-08-26 00:15:00,78324.0,78575.0,78300.0,78557.8,745.174
2026-08-26 00:30:00,78557.9,78642.8,78330.6,78362.1,1040.993
2026-08-26 00:45:00,78362.1,78683.1,78333.0,78592.8,1085.621
2026-08-26 01:00:00,78592.7,78870.0,78562.0,78709.5,1518.637
2026-08-26 01:15:00,78709.5,78838.0,78644.3,78677.0,940.681
2026-08-26 01:30:00,78677.0,78927.0,78677.0,78833.4,799.392
2026-08-26 01:45:00,78833.5,78836.5,78722.1,78780.9,560.831
2026-08-26 02:00:00,78780.9,78846.1,78708.3,78743.6,440.292
2026-08-26 02:15:00,78743.7,79200.0,78698.6,79185.1,2684.272
2026-08-26 02:30:00,79185.0,79200.0,79081.3,79106.7,1307.754
2026-08-26 02:45:00,79106.8,79139.6,78985.2,79070.1,872.905
2026-08-26 03:00:00,79070.1,79150.3,78999.9,79003.1,794.33
2026-08-26 03:15:00,79003.2,79079.0,78950.0,79007.5,721.994
2026-08-26 03:30:00,79007.4,79088.0,78852.1,79023.7,669.779
2026-08-26 03:45:00,79023.7,79078.0,78911.0,79049.0,507.663
2026-08-26 04:00:00,79049.0,79149.2,78921.1,79008.6,1268.562
2026-08-26 04:15:00,79008.5,79100.0,78938.4,78976.6,831.502
2026-08-26 04:30:00,78976.7,79019.0,78850.0,78929.0,778.922
2026-08-26 04:45:00,78929.0,78929.0,78750.0,78792.1,1081.421
2026-08-26 05:00:00,78792.1,78926.4,78600.0,78865.1,1669.927
2026-08-26 05:15:00,78865.0,79040.4,78712.2,78990.5,1350.815
2026-08-26 05:30:00,78990.5,79105.0,78946.6,79079.9,799.098
2026-08-26 05:45:00,79080.0,79080.0,78895.3,79052.5,738.537
2026-08-26 06:00:00,79052.6,79180.2,78932.2,78968.2,1547.426
2026-08-26 06:15:00,78967.4,79019.8,78791.2,78868.9,1023.475
2026-08-26 06:30:00,78869.0,78930.4,78774.4,78904.7,762.304
2026-08-26 06:45:00,78904.8,78936.0,78827.5,78908.9,508.269
2026-08-26 07:00:00,78908.9,79065.1,78824.4,78955.2,872.339
2026-08-26 07:15:00,78955.1,78999.0,78860.1,78904.5,438.379
2026-08-26 07:30:00,78904.5,79017.9,78848.8,78960.1,768.977
2026-08-26 07:45:00,78960.0,79025.9,78881.5,78887.0,513.159
2026-08-26 08:00:00,78887.1,79087.9,78792.8,79002.0,1366.988
2026-08-26 08:15:00,79002.0,79083.8,78871.8,78950.5,444.689
2026-08-26 08:30:00,78950.4,78995.1,78863.6,78969.0,730.991
2026-08-26 08:45:00,78969.1,78984.8,78570.3,78677.0,1961.663
2026-08-26 09:00:00,78677.0,78850.0,78635.0,78744.8,1051.464
2026-08-26 09:15:00,78744.8,78744.9,78363.0,78501.3,3746.844
2026-08-26 09:30:00,78501.2,78563.7,78280.2,78290.2,1190.536
2026-08-26 09:45:00,78290.2,78465.0,78208.0,78415.5,1401.042
2026-08-26 10:00:00,78415.2,78449.1,78260.6,78396.8,931.827
2026-08-26 10:15:00,78396.8,78612.9,78389.3,78593.0,1174.466
2026-08-26 10:30:00,78593.0,78780.3,78530.8,78689.6,1423.561
2026-08-26 10:45:00,78689.6,78858.1,78661.3,78688.5,1508.976
2026-08-26 11:00:00,78688.5,78750.0,78615.0,78670.2,602.03
2026-08-26 11:15:00,78670.2,78705.7,78578.0,78590.3,769.593
2026-08-26 11:30:00,78590.2,78596.2,78274.1,78439.0,1882.158
2026-08-26 11:45:00,78438.9,78543.1,78340.1,78442.6,857.307
2026-08-26 12:00:00,78442.6,78529.6,78318.4,78360.4,848.124
2026-08-26 12:15:00,78360.4,78679.2,78249.0,78670.7,1677.286
2026-08-26 12:30:00,78670.6,78670.7,77906.4,78224.5,5821.157
2026-08-26 12:45:00,78224.4,78415.3,78161.0,78280.5,1366.853
2026-08-26 13:00:00,78280.4,78416.0,77921.1,78088.7,3850.334
2026-08-26 13:15:00,78088.7,78142.8,77850.0,78011.4,2711.359
2026-08-26 13:30:00,78011.5,78463.8,78011.5,78450.3,4103.618
2026-08-26 13:45:00,78450.3,78518.7,78056.3,78407.0,2769.732
2026-08-26 14:00:00,78406.9,78560.0,78255.5,78418.0,2743.216
2026-08-26 14:15:00,78418.0,78530.9,78160.4,78202.4,1411.774
2026-08-26 14:30:00,78202.2,78243.5,77900.0,77941.5,2863.659
2026-08-26 14:45:00,77941.4,78011.0,77722.5,77764.4,4133.151
2026-08-26 15:00:00,77764.5,77927.1,77600.0,77813.1,4442.811
2026-08-26 15:15:00,77813.1,78137.3,77692.1,78129.1,2465.526
2026-08-26 15:30:00,78129.0,78142.0,77891.6,78007.6,1681.11
2026-08-26 15:45:00,78007.6,78115.9,77936.3,77980.7,990.92
2026-08-26 16:00:00,77980.7,78131.5,77938.6,78043.7,942.947
2026-08-26 16:15:00,78043.8,78114.1,77942.8,78027.2,856.356
2026-08-26 16:30:00,78027.2,78120.0,77812.6,77837.8,1588.356
2026-08-26 16:45:00,77837.8,78138.0,77837.8,77961.2,1156.096
2026-08-26 17:00:00,77961.2,78109.6,77961.2,78101.3,525.772
2026-08-26 17:15:00,78101.4,78486.2,78101.3,78486.1,3948.905
2026-08-26 17:30:00,78486.2,78583.7,78455.5,78480.7,3098.549
2026-08-26 17:45:00,78480.7,78484.7,78328.7,78404.0,1074.511
2026-08-26 18:00:00,78404.0,78641.3,78360.4,78535.9,1872.313
2026-08-26 18:15:00,78535.8,78570.8,78397.8,78432.1,845.897
2026-08-26 18:30:00,78432.2,78456.3,78244.2,78271.6,815.1
2026-08-26 18:45:00,78271.6,78474.1,78256.8,78440.1,628.137
2026-08-26 19:00:00,78440.1,78486.8,78340.6,78347.9,497.613
2026-08-26 19:15:00,78348.0,78551.4,78252.1,78491.9,961.617
2026-08-26 19:30:00,78491.9,78515.4,78340.0,78399.0,512.919
2026-08-26 19:45:00,78399.1,78516.4,78399.0,78434.9,661.059
2026-08-26 20:00:00,78434.9,78492.3,78354.3,78377.5,459.025
2026-08-26 20:15:00,78377.6,78422.7,78156.5,78364.8,1005.056
2026-08-26 20:30:00,78364.8,78395.4,78242.1,78358.5,454.617
2026-08-26 20:45:00,78358.6,78421.9,78341.4,78418.2,208.383
2026-08-26 21:00:00,78418.2,78770.0,78347.8,78753.2,1522.476
2026-08-26 21:15:00,78753.3,78800.0,78666.9,78706.7,2010.529
2026-08-26 21:30:00,78706.8,78800.0,78612.1,78681.0,805.507
2026-08-26 21:45:00,78681.0,78770.0,78630.3,78682.9,428.512
2026-08-26 22:00:00,78682.9,78839.1,78640.0,78746.5,1092.839
2026-08-26 22:15:00,78746.6,78945.0,78724.9,78784.3,1864.163
2026-08-26 22:30:00,78784.3,78784.3,78552.0,78658.1,1081.566
2026-08-26 22:45:00,78658.1,78702.6,78513.7,78656.6,730.508
2026-08-26 23:00:00,78656.6,78717.8,78607.3,78672.1,518.532
2026-08-26 23:15:00,78672.1,78876.5,78636.0,78821.9,921.813
2026-08-26 23:30:00,78821.9,79028.4,78821.8,79010.4,2942.257
2026-08-26 23:45:00,79010.4,79138.7,78962.0,78989.4,1565.955
2026-08-27 00:00:00,78989.4,78999.4,78774.3,78803.6,1083.815
2026-08-27 00:15:00,78803.6,78909.8,78775.6,78871.3,508.978
2026-08-27 00:30:00,78871.3,78871.3,78750.1,78842.5,758.632
2026-08-27 00:45:00,78842.5,78853.2,78649.9,78650.1,959.006
2026-08-27 01:00:00,78650.0,78747.1,78593.2,78628.1,804.058
2026-08-27 01:15:00,78628.1,78936.1,78522.1,78902.9,921.143
2026-08-27 01:30:00,78902.9,78947.8,78676.9,78677.0,758.046
2026-08-27 01:45:00,78676.9,78989.0,78662.9,78864.6,986.018
2026-08-27 02:00:00,78864.6,78951.0,78818.8,78843.2,555.255
2026-08-27 02:15:00,78842.7,78842.8,78686.9,78726.5,431.271
2026-08-27 02:30:00,78726.5,78767.4,78666.1,78700.0,397.928
2026-08-27 02:45:00,78699.9,78756.0,78680.0,78697.2,665.953
2026-08-27 03:00:00,78697.2,78754.2,78635.0,78641.4,490.297
2026-08-27 03:15:00,78641.4,78967.0,78605.5,78862.1,1556.102
2026-08-27 03:30:00,78862.1,78920.6,78799.4,78846.0,864.913
2026-08-27 03:45:00,78846.0,78916.9,78738.3,78801.8,646.143
2026-08-27 04:00:00,78801.8,78863.9,78765.7,78827.9,313.524
2026-08-27 04:15:00,78827.8,78874.0,78745.6,78745.6,324.387
2026-08-27 04:30:00,78745.5,78787.5,78651.0,78784.0,721.438
2026-08-27 04:45:00,78784.0,78791.3,78672.7,78746.1,287.096
2026-08-27 05:00:00,78746.0,78750.0,78612.2,78616.7,550.083
2026-08-27 05:15:00,78616.7,78772.0,78606.0,78638.3,465.394
2026-08-27 05:30:00,78638.4,78776.9,78566.5,78681.8,913.088
2026-08-27 05:45:00,78681.9,78904.7,78676.5,78888.1,1225.172
2026-08-27 06:00:00,78888.1,78888.1,78622.0,78652.1,730.142
2026-08-27 06:15:00,78652.2,78771.0,78575.6,78633.9,1943.433
2026-08-27 06:30:00,78633.9,78772.1,78633.8,78728.0,973.668
2026-08-27 06:45:00,78727.9,78818.5,78725.0,78795.6,486.951
2026-08-27 07:00:00,78795.6,78838.0,78732.6,78803.5,384.248
2026-08-27 07:15:00,78803.4,78817.7,78720.0,78767.3,308.558
2026-08-27 07:30:00,78767.2,78850.0,78759.9,78812.0,515.234
2026-08-27 07:45:00,78812.0,79074.0,78812.0,79054.4,1675.194
2026-08-27 08:00:00,79054.3,79838.9,79015.0,79600.0,10740.063
2026-08-27 08:15:00,79599.9,79715.7,79410.7,79713.0,3188.945
2026-08-27 08:30:00,79712.9,79968.0,79676.5,79879.9,3468.315
2026-08-27 08:45:00,79879.9,79992.5,79642.1,79722.8,2383.231
2026-08-27 09:00:00,79722.7,79848.8,79640.7,79847.6,1857.275
2026-08-27 09:15:00,79847.6,80478.0,79756.6,80463.3,6461.682
2026-08-27 09:30:00,80463.2,80499.9,80165.0,80219.2,3123.234
2026-08-27 09:45:00,80219.3,80248.0,79882.8,79957.8,2434.349
2026-08-27 10:00:00,79957.8,80128.8,79766.5,79899.9,2490.094
2026-08-27 10:15:00,79899.9,79989.9,79300.0,79631.3,4028.703
2026-08-27 10:30:00,79631.3,79643.6,79325.0,79572.0,2459.198
2026-08-27 10:45:00,79572.0,79600.0,79461.0,79599.0,1105.213
2026-08-27 11:00:00,79599.5,79726.2,79521.3,79720.5,1257.481
2026-08-27 11:15:00,79720.5,79739.1,79450.0,79490.1,1499.461
2026-08-27 11:30:00,79490.0,79533.2,79337.0,79396.4,1581.833
2026-08-27 11:45:00,79396.4,79472.4,79131.8,79440.1,2085.133
2026-08-27 12:00:00,79440.1,79532.9,79341.0,79461.7,983.151
2026-08-27 12:15:00,79461.7,79558.9,79353.1,79512.4,759.329
2026-08-27 12:30:00,79512.5,79520.0,79226.0,79239.0,1423.022
2026-08-27 12:45:00,79239.0,79323.0,79234.7,79247.3,772.442
2026-08-27 13:00:00,79247.4,79351.6,79236.0,79332.6,982.73
2026-08-27 13:15:00,79332.6,79462.6,79272.3,79317.8,1608.907
2026-08-27 13:30:00,79317.8,79330.1,79070.8,79205.4,3863.995
2026-08-27 13:45:00,79205.5,79539.8,78864.0,79492.9,5619.779
2026-08-27 14:00:00,79492.9,79761.3,79308.0,79418.4,4443.187
2026-08-27 14:15:00,79418.3,79880.0,79353.9,79871.8,3385.659
2026-08-27 14:30:00,79871.8,80350.0,79753.0,80323.3,4989.842
2026-08-27 14:45:00,80323.2,80323.3,79961.0,80161.2,4055.203
2026-08-27 15:00:00,80161.3,80766.8,80048.0,80638.1,6094.582
2026-08-27 15:15:00,80638.1,80709.8,80380.0,80564.0,5045.607
2026-08-27 15:30:00,80563.9,80577.8,80311.9,80459.5,2764.276
2026-08-27 15:45:00,80459.4,80479.6,80258.1,80273.6,2019.611
2026-08-27 16:00:00,80273.7,80512.1,80163.0,80377.7,2735.912
2026-08-27 16:15:00,80377.6,80504.0,80357.3,80375.7,1353.073
2026-08-27 16:30:00,80375.7,80607.3,80235.6,80532.4,1841.801
2026-08-27 16:45:00,80532.4,80580.3,80316.2,80335.9,1473.783
2026-08-27 17:00:00,80335.9,80647.2,80200.0,80600.1,2008.07
2026-08-27 17:15:00,80600.1,80845.1,80562.0,80687.8,3227.561
2026-08-27 17:30:00,80687.8,80783.8,80424.7,80459.8,2971.385
2026-08-27 17:45:00,80459.9,80550.8,80400.0,80415.1,1116.803
2026-08-27 18:00:00,80415.1,80415.1,79920.0,80049.9,3792.014
2026-08-27 18:15:00,80050.0,80174.0,79707.0,79888.0,3999.776
2026-08-27 18:30:00,79887.9,79984.0,79793.8,79932.2,1199.821
2026-08-27 18:45:00,79932.2,80120.1,79867.0,80120.0,980.054
2026-08-27 19:00:00,80120.0,80252.0,80078.0,80122.5,1855.813
2026-08-27 19:15:00,80122.4,80199.7,80000.0,80143.0,845.063
2026-08-27 19:30:00,80143.0,80195.3,79939.7,79969.9,1178.386
2026-08-27 19:45:00,79970.0,80019.3,79800.0,79877.9,1711.827
2026-08-27 20:00:00,79877.9,80017.4,79843.3,79922.2,977.063
2026-08-27 20:15:00,79922.2,80090.9,79912.9,79952.9,644.355
2026-08-27 20:30:00,79952.9,80016.9,79937.2,79980.1,425.912
2026-08-27 20:45:00,79980.1,80066.3,79925.6,80066.3,598.863
2026-08-27 21:00:00,80066.3,80129.5,79984.7,80059.7,650.112
2026-08-27 21:15:00,80059.8,80095.9,79947.3,79999.7,696.256
2026-08-27 21:30:00,79999.7,80092.5,79936.4,79997.6,569.333
2026-08-27 21:45:00,79997.5,80150.0,79955.7,80149.9,421.261
2026-08-27 22:00:00,80149.9,80285.7,80149.9,80207.2,1026.282
2026-08-27 22:15:00,80207.2,80399.5,80160.8,80200.4,1432.96
2026-08-27 22:30:00,80200.3,80260.1,80110.1,80247.7,587.226
2026-08-27 22:45:00,80247.7,80266.5,80176.4,80264.9,278.446
2026-08-27 23:00:00,80264.9,80266.6,80103.9,80130.6,402.748
2026-08-27 23:15:00,80130.6,80359.0,80091.1,80281.5,609.639
2026-08-27 23:30:00,80281.4,80285.8,80206.1,80223.1,322.41
2026-08-27 23:45:00,80223.1,80282.3,80150.0,80208.9,347.755
2026-08-28 00:00:00,80208.9,80239.0,80110.6,80175.9,663.982
2026-08-28 00:15:00,80175.9,80430.6,80175.9,80380.0,1404.439
2026-08-28 00:30:00,80380.1,80469.9,80312.8,80383.9,879.914
2026-08-28 00:45:00,80383.9,80680.0,80306.3,80537.5,1780.161
2026-08-28 01:00:00,80537.5,80845.0,80537.4,80710.7,2452.527
2026-08-28 01:15:00,80710.7,81150.0,80643.8,81095.9,4254.813
2026-08-28 01:30:00,81095.9,81500.0,80768.7,80809.7,6961.493
2026-08-28 01:45:00,80809.6,80861.6,80386.6,80467.1,3240.379
2026-08-28 02:00:00,80467.1,80467.1,80190.0,80200.1,3736.243
2026-08-28 02:15:00,80200.0,80268.0,79878.0,79883.0,3976.261
2026-08-28 02:30:00,79883.0,80128.6,79785.5,80004.9,2663.183
2026-08-28 02:45:00,80004.9,80005.0,79659.2,79888.1,2814.966
2026-08-28 03:00:00,79888.0,79947.3,79731.9,79836.7,1471.052
2026-08-28 03:15:00,79836.7,80017.4,79836.7,79871.5,1166.353
2026-08-28 03:30:00,79871.4,79960.0,79777.0,79788.8,1297.392
2026-08-28 03:45:00,79788.7,79836.0,79753.8,79783.3,668.222
2026-08-28 04:00:00,79783.3,79828.9,79560.2,79822.4,2991.887
2026-08-28 04:15:00,79822.3,79942.3,79784.8,79785.0,899.51
2026-08-28 04:30:00,79785.0,79819.2,79607.2,79684.8,847.541
2026-08-28 04:45:00,79684.7,79720.0,79600.0,79616.3,655.597
2026-08-28 05:00:00,79616.3,79699.0,79522.3,79612.9,1266.033
2026-08-28 05:15:00,79613.0,79708.6,79540.0,79699.9,998.417
2026-08-28 05:30:00,79699.8,79843.5,79675.3,79786.3,1033.643
2026-08-28 05:45:00,79786.3,79847.3,79614.3,79657.7,942.818
2026-08-28 06:00:00,79657.7,79887.9,79657.7,79877.1,813.681
2026-08-28 06:15:00,79877.1,79877.2,79769.9,79800.0,465.443
2026-08-28 06:30:00,79799.9,79849.0,79763.8,79834.7,602.801
2026-08-28 06:45:00,79834.7,79971.0,79834.6,79863.9,838.287
2026-08-28 07:00:00,79863.9,79864.0,79630.8,79662.2,920.817
2026-08-28 07:15:00,79662.2,79791.7,79643.5,79775.6,726.227
2026-08-28 07:30:00,79775.7,79783.2,79538.9,79560.8,2047.701
2026-08-28 07:45:00,79560.7,79645.9,79560.7,79645.6,1689.796
2026-08-28 08:00:00,79645.7,79815.0,79645.6,79709.6,1063.11
2026-08-28 08:15:00,79709.6,79810.0,79709.6,79747.3,695.832
2026-08-28 08:30:00,79747.2,79783.5,79682.4,79682.5,919.48
2026-08-28 08:45:00,79682.6,79700.0,79440.0,79484.0,1989.519
2026-08-28 09:00:00,79483.9,79487.5,79179.7,79352.3,4281.771
2026-08-28 09:15:00,79352.3,79439.2,79336.1,79352.8,589.444
2026-08-28 09:30:00,79352.9,79427.0,79232.2,79238.6,893.826
2026-08-28 09:45:00,79238.6,79327.0,79238.6,79254.5,676.83
2026-08-28 10:00:00,79254.5,79285.5,78961.5,79180.9,3417.377
2026-08-28 10:15:00,79180.8,79276.7,79110.0,79265.1,1005.024
2026-08-28 10:30:00,79265.1,79350.5,79255.8,79290.1,1181.91
2026-08-28 10:45:00,79290.1,79545.6,79275.0,79528.4,2892.604
2026-08-28 11:00:00,79528.4,79691.8,79510.3,79658.9,1745.036
2026-08-28 11:15:00,79659.0,79733.7,79604.0,79627.8,1474.837
2026-08-28 11:30:00,79627.7,79708.7,79545.0,79584.8,1075.18
2026-08-28 11:45:00,79584.7,79610.1,79504.7,79563.2,446.79
2026-08-28 12:00:00,79563.2,79638.3,79467.8,79497.0,736.515
2026-08-28 12:15:00,79497.0,79685.0,79471.8,79481.4,885.778
2026-08-28 12:30:00,79481.3,79495.1,79264.2,79377.1,1690.273
2026-08-28 12:45:00,79377.1,79413.4,79314.0,79383.7,641.21
2026-08-28 13:00:00,79383.7,79447.7,79236.0,79343.0,1320.911
2026-08-28 13:15:00,79343.1,79343.1,78972.8,79160.1,2226.159
2026-08-28 13:30:00,79160.1,79332.0,78980.5,79052.2,3152.366
2026-08-28 13:45:00,79052.1,79511.2,79031.3,79279.9,3437.286
2026-08-28 14:00:00,79281.7,79683.2,78400.0,78601.7,15853.741
2026-08-28 14:15:00,78601.8,78993.7,78475.0,78909.8,6235.529
2026-08-28 14:30:00,78909.8,79665.8,78805.9,79382.7,9200.248
2026-08-28 14:45:00,79382.7,79568.2,79048.9,79512.3,4512.468
2026-08-28 15:00:00,79512.3,79840.0,79250.0,79269.9,4616.179
2026-08-28 15:15:00,79269.9,79492.8,79186.9,79310.0,2246.731
2026-08-28 15:30:00,79310.0,79320.0,78744.1,78769.1,4060.506
2026-08-28 15:45:00,78769.2,78888.0,78271.0,78309.0,6945.243
2026-08-28 16:00:00,78309.0,78381.6,77800.0,77801.6,10626.946
2026-08-28 16:15:00,77801.7,77839.0,76853.1,77507.3,17441.142
2026-08-28 16:30:00,77507.2,77942.6,77480.7,77768.3,6582.747
2026-08-28 16:45:00,77768.3,77968.6,77736.8,77755.9,3021.099
2026-08-28 17:00:00,77755.8,78026.0,77626.9,77973.5,3212.913
2026-08-28 17:15:00,77973.5,78099.0,77773.2,77916.0,2655.622
2026-08-28 17:30:00,77915.9,77974.9,77668.4,77757.6,1506.946
2026-08-28 17:45:00,77757.7,77992.5,77757.6,77877.1,1868.079
2026-08-28 18:00:00,77877.1,77913.0,77702.9,77711.6,1290.771
2026-08-28 18:15:00,77711.5,77769.4,77479.2,77559.3,2066.146
2026-08-28 18:30:00,77559.3,77600.0,77302.4,77390.6,2189.162
2026-08-28 18:45:00,77390.5,77533.4,77242.8,77533.4,2174.622
2026-08-28 19:00:00,77533.4,77714.1,77489.4,77640.9,1695.872
2026-08-28 19:15:00,77640.9,77807.7,77597.1,77670.6,1128.727
2026-08-28 19:30:00,77670.6,77681.9,77510.1,77510.1,690.612
2026-08-28 19:45:00,77510.1,77579.3,77286.7,77546.4,1922.151
2026-08-28 20:00:00,77546.3,77591.0,77442.2,77541.7,1541.246
2026-08-28 20:15:00,77541.7,77541.8,77381.5,77486.0,686.97
2026-08-28 20:30:00,77486.0,77486.0,77280.0,77374.1,818.853
2026-08-28 20:45:00,77374.0,77435.0,77308.9,77377.0,600.598
2026-08-28 21:00:00,77377.0,77409.8,77298.3,77374.1,482.988
2026-08-28 21:15:00,77374.0,77398.0,77288.2,77381.9,432.852
2026-08-28 21:30:00,77381.9,77507.7,77381.8,77449.3,1096.143
2026-08-28 21:45:00,77449.3,77449.3,77210.8,77341.9,827.271
2026-08-28 22:00:00,77342.0,77428.8,77310.8,77421.8,679.748
2026-08-28 22:15:00,77421.8,77565.7,77365.6,77539.9,1146.945
2026-08-28 22:30:00,77540.0,77720.0,77528.1,77709.1,1756.697
2026-08-28 22:45:00,77709.1,77742.0,77645.0,77723.8,882.826
2026-08-28 23:00:00,77723.9,77748.0,77646.7,77733.0,663.471
2026-08-28 23:15:00,77733.0,77733.0,77628.4,77649.9,444.905
2026-08-28 23:30:00,77649.9,77684.4,77641.0,77662.0,232.76
2026-08-28 23:45:00,77662.0,77824.1,77606.9,77805.9,772.984
2026-08-29 00:00:00,77805.9,77875.9,77750.0,77780.1,726.305
2026-08-29 00:15:00,77780.0,77920.0,77780.0,77868.2,1342.857
2026-08-29 00:30:00,77868.1,77868.2,77733.1,77757.1,414.53
2026-08-29 00:45:00,77757.0,77786.9,77686.1,77703.7,541.737
2026-08-29 01:00:00,77703.7,77703.7,77596.0,77610.4,653.158
2026-08-29 01:15:00,77610.4,77761.3,77610.4,77761.2,335.047
2026-08-29 01:30:00,77761.3,77799.9,77727.3,77798.4,382.652
2026-08-29 01:45:00,77798.4,77816.0,77721.4,77762.2,424.789
2026-08-29 02:00:00,77762.2,77797.4,77708.8,77708.9,375.941
2026-08-29 02:15:00,77708.8,77719.0,77544.1,77604.4,722.441
2026-08-29 02:30:00,77604.4,77653.9,77561.1,77591.4,349.908
2026-08-29 02:45:00,77591.4,77684.8,77591.4,77643.2,258.438
2026-08-29 03:00:00,77643.2,77700.0,77643.1,77653.1,186.463
2026-08-29 03:15:00,77653.2,77688.0,77600.0,77657.2,289.311
2026-08-29 03:30:00,77657.3,77679.0,77550.0,77591.7,425.142
2026-08-29 03:45:00,77591.7,77591.8,77470.6,77482.2,656.52
2026-08-29 04:00:00,77482.3,77572.3,77482.2,77561.4,345.754
2026-08-29 04:15:00,77561.3,77588.1,77553.6,77581.8,196.584
2026-08-29 04:30:00,77581.8,77616.5,77555.0,77588.2,207.233
2026-08-29 04:45:00,77588.2,77651.4,77581.2,77619.7,384.132
2026-08-29 05:00:00,77619.6,77690.0,77600.0,77671.3,456.993
2026-08-29 05:15:00,77671.2,77675.0,77605.3,77629.5,275.592
2026-08-29 05:30:00,77629.5,77691.8,77606.4,77658.1,358.541
2026-08-29 05:45:00,77658.1,77667.3,77574.9,77607.0,233.288
2026-08-29 06:00:00,77606.9,77608.0,77441.8,77453.1,596.889
2026-08-29 06:15:00,77453.1,77494.5,77353.0,77387.4,1096.327
2026-08-29 06:30:00,77387.4,77463.9,77387.3,77417.5,461.999
2026-08-29 06:45:00,77417.5,77449.4,77404.2,77437.4,315.178
2026-08-29 07:00:00,77437.5,77507.0,77412.7,77436.6,542.601
2026-08-29 07:15:00,77436.6,77499.5,77421.0,77491.2,270.837
2026-08-29 07:30:00,77491.3,77630.0,77477.9,77623.9,656.296
2026-08-29 07:45:00,77623.9,77641.2,77586.6,77587.0,489.024
2026-08-29 08:00:00,77586.9,77587.0,77442.1,77489.4,695.274
2026-08-29 08:15:00,77489.5,77560.7,77472.4,77559.6,229.73
2026-08-29 08:30:00,77559.6,77559.7,77478.4,77550.3,270.333
2026-08-29 08:45:00,77550.3,77608.3,77500.0,77608.3,344.373
2026-08-29 09:00:00,77608.2,77652.8,77536.1,77613.9,543.903
2026-08-29 09:15:00,77613.9,77643.1,77579.0,77600.0,257.363
2026-08-29 09:30:00,77600.0,77728.9,77600.0,77627.3,758.603
2026-08-29 09:45:00,77627.3,77643.0,77618.9,77618.9,227.882
2026-08-29 10:00:00,77619.0,77619.0,77481.9,77549.0,535.892
2026-08-29 10:15:00,77549.0,77690.0,77548.9,77639.1,530.38
2026-08-29 10:30:00,77639.0,77695.4,77633.5,77653.1,241.206
2026-08-29 10:45:00,77653.1,77697.7,77602.4,77602.4,378.697
2026-08-29 11:00:00,77602.5,77688.0,77589.1,77688.0,256.311
2026-08-29 11:15:00,77688.0,77700.0,77642.1,77662.0,230.903
2026-08-29 11:30:00,77662.0,77676.8,77609.3,77612.1,294.187
2026-08-29 11:45:00,77612.1,77641.3,77540.0,77563.4,385.638
2026-08-29 12:00:00,77563.4,77590.7,77540.5,77569.9,246.064
2026-08-29 12:15:00,77569.9,77632.1,77506.6,77563.0,286.034
2026-08-29 12:30:00,77563.0,77571.4,77472.4,77550.0,256.348
2026-08-29 12:45:00,77549.9,77569.9,77518.5,77559.1,245.543
2026-08-29 13:00:00,77559.2,77648.8,77534.0,77629.6,676.751
2026-08-29 13:15:00,77629.7,77700.0,77615.4,77622.6,753.376
2026-08-29 13:30:00,77622.6,77686.9,77609.1,77633.9,336.983
2026-08-29 13:45:00,77633.9,77699.9,77623.1,77670.0,238.308
2026-08-29 14:00:00,77670.1,77696.0,77626.9,77656.7,416.31
2026-08-29 14:15:00,77656.8,77723.9,77642.1,77667.9,764.283
2026-08-29 14:30:00,77668.0,77995.0,77655.0,77894.2,2524.74
2026-08-29 14:45:00,77894.3,78135.0,77894.2,77979.2,3149.38
2026-08-29 15:00:00,77979.2,77989.7,77835.2,77910.0,1245.318
2026-08-29 15:15:00,77910.0,77960.0,77833.0,77864.4,679.006
2026-08-29 15:30:00,77864.4,77864.4,77777.7,77803.8,656.268
2026-08-29 15:45:00,77803.8,77907.7,77768.0,77824.1,462.419
2026-08-29 16:00:00,77824.1,77959.1,77822.8,77959.1,493.608
2026-08-29 16:15:00,77959.0,78132.4,77873.9,77923.3,1459.444
2026-08-29 16:30:00,77923.3,78000.0,77855.8,77983.5,647.908
2026-08-29 16:45:00,77983.5,78066.9,77961.3,77989.1,687.463
2026-08-29 17:00:00,77989.1,78053.6,77980.2,78015.3,346.034
2026-08-29 17:15:00,78015.4,78070.0,77950.0,77950.1,323.856
2026-08-29 17:30:00,77950.1,78000.0,77863.2,77984.2,691.767
2026-08-29 17:45:00,77984.2,78073.0,77954.8,78073.0,338.968
2026-08-29 18:00:00,78073.0,78128.8,78030.9,78036.5,451.008
2026-08-29 18:15:00,78036.4,78070.6,77988.8,78016.5,259.145
2026-08-29 18:30:00,78016.5,78191.0,77982.5,78111.7,985.313
2026-08-29 18:45:00,78111.7,78226.5,78107.7,78121.9,680.22
2026-08-29 19:00:00,78122.0,78282.8,78121.9,78274.9,669.056
2026-08-29 19:15:00,78275.0,78314.9,78204.9,78212.0,642.02
2026-08-29 19:30:00,78212.0,78234.1,78154.5,78228.4,600.143
2026-08-29 19:45:00,78228.4,78237.1,78104.5,78154.9,401.286
2026-08-29 20:00:00,78154.9,78275.3,78135.7,78198.7,425.026
2026-08-29 20:15:00,78198.7,78233.4,78144.0,78144.0,267.667
2026-08-29 20:30:00,78144.1,78144.1,78080.0,78102.3,409.234
2026-08-29 20:45:00,78102.2,78122.0,78077.7,78094.6,184.781
2026-08-29 21:00:00,78094.6,78156.3,78016.0,78116.7,518.267
2026-08-29 21:15:00,78116.7,78142.8,78063.5,78068.2,149.736
2026-08-29 21:30:00,78068.3,78093.4,78031.0,78066.2,221.709
2026-08-29 21:45:00,78066.3,78171.0,78060.6,78131.7,182.132
2026-08-29 22:00:00,78131.8,78190.0,78082.8,78106.6,321.057
2026-08-29 22:15:00,78106.6,78130.0,78050.7,78117.6,312.593
2026-08-29 22:30:00,78117.6,78149.9,78107.6,78141.0,185.431
2026-08-29 22:45:00,78140.9,78207.0,78140.9,78194.0,171.922
2026-08-29 23:00:00,78193.9,78224.6,78162.8,78206.5,276.604
2026-08-29 23:15:00,78206.5,78239.9,78153.1,78224.3,273.94
2026-08-29 23:30:00,78224.3,78238.8,78191.1,78191.1,239.463
2026-08-29 23:45:00,78191.2,78253.5,78191.1,78200.7,284.997
2026-08-30 00:00:00,78200.6,78206.8,78113.2,78143.1,387.485
2026-08-30 00:15:00,78143.0,78297.3,78143.0,78186.5,542.178
2026-08-30 00:30:00,78186.4,78273.9,78159.9,78176.1,339.703
2026-08-30 00:45:00,78176.1,78224.7,78141.9,78144.7,230.641
2026-08-30 01:00:00,78144.8,78159.7,78025.0,78047.6,551.341
2026-08-30 01:15:00,78047.6,78047.6,77953.8,77983.2,1152.788
2026-08-30 01:30:00,77983.1,78044.8,77960.0,78025.7,516.953
2026-08-30 01:45:00,78025.8,78109.2,78011.3,78050.8,461.912
2026-08-30 02:00:00,78050.8,78101.2,78031.0,78056.0,282.976
2026-08-30 02:15:00,78056.0,78058.6,77983.2,78007.1,319.365
2026-08-30 02:30:00,78007.1,78095.2,77982.1,78071.0,268.191
2026-08-30 02:45:00,78071.0,78154.4,78049.9,78072.0,375.533
2026-08-30 03:00:00,78072.0,78096.3,78033.0,78052.5,204.96
2026-08-30 03:15:00,78052.5,78136.0,78027.0,78136.0,200.103
2026-08-30 03:30:00,78136.0,78211.2,78107.4,78154.7,459.517
2026-08-30 03:45:00,78154.7,78154.8,78101.4,78101.4,199.912
2026-08-30 04:00:00,78101.5,78188.8,78101.4,78125.7,370.812
2026-08-30 04:15:00,78125.7,78147.3,78052.7,78085.2,233.632
2026-08-30 04:30:00,78085.1,78085.2,77980.0,77980.0,437.041
2026-08-30 04:45:00,77980.0,78083.1,77944.9,78083.0,462.757
2026-08-30 05:00:00,78083.1,78194.4,78083.0,78122.5,478.971
2026-08-30 05:15:00,78122.4,78122.5,78108.1,78114.9,77.486
2026-08-30 05:30:00,78115.0,78115.0,78087.7,78100.0,173.626
2026-08-30 05:45:00,78100.0,78111.3,78092.1,78108.8,82.957
2026-08-30 06:00:00,78108.8,78121.0,78088.3,78099.8,129.334
2026-08-30 06:15:00,78099.7,78171.7,78099.7,78156.1,150.276
2026-08-30 06:30:00,78156.1,78276.9,78153.5,78215.4,755.495
2026-08-30 06:45:00,78215.3,78289.2,78200.0,78253.9,454.216
2026-08-30 07:00:00,78253.9,78266.0,78219.4,78233.0,186.537
2026-08-30 07:15:00,78233.0,78233.0,78191.9,78192.0,218.545
2026-08-30 07:30:00,78192.0,78192.0,78106.8,78108.1,516.227
2026-08-30 07:45:00,78108.1,78129.9,78073.9,78082.6,394.126
2026-08-30 08:00:00,78082.7,78175.2,78082.7,78122.3,320.192
2026-08-30 08:15:00,78122.2,78178.8,78122.2,78129.7,251.727
2026-08-30 08:30:00,78129.8,78129.8,78000.0,78038.4,593.411
2026-08-30 08:45:00,78038.5,78061.5,78000.0,78049.0,217.776
2026-08-30 09:00:00,78049.1,78072.8,78036.8,78072.8,156.238
2026-08-30 09:15:00,78072.8,78091.8,77952.8,77960.3,421.507
2026-08-30 09:30:00,77960.4,78026.8,77956.6,78007.5,370.514
2026-08-30 09:45:00,78007.6,78033.9,77962.0,77967.7,275.98
2026-08-30 10:00:00,77967.7,78046.2,77933.4,77983.2,438.363
2026-08-30 10:15:00,77983.2,78099.9,77963.2,78013.5,436.161
2026-08-30 10:30:00,78013.5,78089.4,78013.5,78081.0,265.236
2026-08-30 10:45:00,78081.0,78122.1,78081.0,78119.2,220.643
2026-08-30 11:00:00,78119.1,78173.7,78118.8,78139.6,279.196
2026-08-30 11:15:00,78139.6,78198.7,78120.7,78198.7,253.372
2026-08-30 11:30:00,78198.7,78212.8,78116.7,78155.3,428.537
2026-08-30 11:45:00,78155.3,78159.1,78088.1,78141.5,211.585
2026-08-30 12:00:00,78141.5,78688.0,78141.4,78624.1,6522.507
2026-08-30 12:15:00,78624.2,78624.2,78451.0,78593.5,1988.09
2026-08-30 12:30:00,78593.5,78824.0,78508.7,78614.8,3178.145
2026-08-30 12:45:00,78614.7,78750.1,78547.5,78750.1,1361.876
2026-08-30 13:00:00,78750.1,78798.3,78586.1,78595.3,1248.292
2026-08-30 13:15:00,78595.2,78694.6,78550.0,78686.7,550.839
2026-08-30 13:30:00,78686.6,78788.0,78638.6,78754.2,658.238
2026-08-30 13:45:00,78754.1,78939.9,78754.1,78817.7,2788.102
2026-08-30 14:00:00,78817.7,78906.2,78736.0,78882.0,1403.617
2026-08-30 14:15:00,78882.0,78899.4,78752.8,78822.5,600.691
2026-08-30 14:30:00,78822.5,78898.7,78685.3,78728.0,792.325
2026-08-30 14:45:00,78727.9,78790.0,78687.9,78745.8,509.853
2026-08-30 15:00:00,78745.8,78848.0,78613.8,78635.9,1096.017
2026-08-30 15:15:00,78635.9,78808.7,78591.3,78750.4,934.846
2026-08-30 15:30:00,78750.4,78825.2,78748.7,78823.0,356.384
2026-08-30 15:45:00,78823.1,78877.6,78748.8,78791.1,417.09
2026-08-30 16:00:00,78791.2,79176.9,78707.4,79084.9,3235.351
2026-08-30 16:15:00,79085.0,79222.0,78976.3,79004.4,2240.141
2026-08-30 16:30:00,79004.4,79231.2,78980.8,79163.1,1703.828
2026-08-30 16:45:00,79163.0,79384.4,79100.3,79304.9,1750.23
2026-08-30 17:00:00,79304.9,79304.9,79100.0,79142.1,1015.826
2026-08-30 17:15:00,79142.2,79142.2,78737.0,78902.5,2890.473
2026-08-30 17:30:00,78902.5,79027.0,78838.9,79007.8,790.039
2026-08-30 17:45:00,79007.7,79049.9,78922.4,78985.6,508.668
2026-08-30 18:00:00,78985.7,79040.0,78728.7,78812.5,923.214
2026-08-30 18:15:00,78812.5,78974.7,78812.4,78974.7,365.903
2026-08-30 18:30:00,78974.7,79147.1,78974.7,79058.0,1036.37
2026-08-30 18:45:00,79057.9,79058.3,78981.1,79005.0,287.756
2026-08-30 19:00:00,79005.1,79014.0,78901.9,79000.4,319.958
2026-08-30 19:15:00,79000.4,79008.8,78880.0,78882.3,274.387
2026-08-30 19:30:00,78882.4,78916.7,78737.6,78754.5,580.214
2026-08-30 19:45:00,78754.6,78837.9,78678.0,78828.2,525.898
2026-08-30 20:00:00,78828.3,78892.0,78796.2,78826.5,307.097
2026-08-30 20:15:00,78826.5,78899.8,78804.1,78804.1,208.096
2026-08-30 20:30:00,78804.1,78859.3,78362.0,78450.9,2278.605
2026-08-30 20:45:00,78451.0,78713.8,78443.0,78561.5,1294.066
2026-08-30 21:00:00,78561.5,78561.5,78174.8,78475.4,3926.193
2026-08-30 21:15:00,78475.4,78636.4,78436.3,78607.5,855.016
2026-08-30 21:30:00,78607.4,78709.4,78563.9,78609.5,777.613
2026-08-30 21:45:00,78609.5,78667.0,78511.6,78623.7,556.325
2026-08-30 22:00:00,78623.6,78776.4,78488.0,78534.2,980.692
2026-08-30 22:15:00,78534.2,78534.2,78251.9,78351.1,1295.72
2026-08-30 22:30:00,78351.1,78512.0,78238.0,78419.9,935.784
2026-08-30 22:45:00,78420.0,78479.2,78340.5,78390.0,676.909
2026-08-30 23:00:00,78390.0,78429.1,78271.3,78334.3,1100.828
2026-08-30 23:15:00,78334.3,78375.0,77614.8,77647.9,5447.723
2026-08-30 23:30:00,77647.9,77857.3,77308.0,77440.1,4580.482
2026-08-30 23:45:00,77440.0,77683.3,76947.2,77634.6,5059.365
2026-08-31 00:00:00,77634.6,77786.3,77393.5,77726.3,3682.739
2026-08-31 00:15:00,77726.3,77946.0,77680.0,77872.0,1910.204
2026-08-31 00:30:00,77871.9,78166.7,77850.0,78001.5,2203.501
2026-08-31 00:45:00,78001.5,78007.3,77882.9,77903.8,847.601
2026-08-31 01:00:00,77903.8,77966.1,77524.6,77622.3,1796.703
2026-08-31 01:15:00,77622.3,77823.2,77540.5,77744.0,1008.646
2026-08-31 01:30:00,77743.9,77922.0,77609.3,77713.2,773.985
2026-08-31 01:45:00,77713.1,77821.2,77585.7,77609.9,672.523
2026-08-31 02:00:00,77609.9,77972.7,77488.0,77912.8,1456.957
2026-08-31 02:15:00,77912.8,77922.2,77780.9,77840.5,909.776
2026-08-31 02:30:00,77840.5,77895.6,77674.6,77674.6,586.551
2026-08-31 02:45:00,77674.7,77735.0,77350.7,77440.0,2142.37
2026-08-31 03:00:00,77440.0,77654.6,77358.3,77617.5,950.354
2026-08-31 03:15:00,77617.5,77735.0,77543.2,77689.0,762.51
2026-08-31 03:30:00,77689.1,77813.0,77632.1,77800.0,1109.381
2026-08-31 03:45:00,77800.0,77853.5,77715.9,77727.2,1218.947
2026-08-31 04:00:00,77727.2,77743.6,77540.8,77563.1,1044.433
2026-08-31 04:15:00,77563.1,77574.6,77448.2,77480.1,806.73
2026-08-31 04:30:00,77480.0,77564.4,77427.2,77541.8,815.04
2026-08-31 04:45:00,77541.8,77628.9,77437.3,77586.4,661.695
2026-08-31 05:00:00,77586.4,77784.1,77480.0,77728.7,841.715
2026-08-31 05:15:00,77728.6,78133.2,77727.3,77977.7,3273.017
2026-08-31 05:30:00,77977.7,78036.7,77842.6,77941.8,1131.136
2026-08-31 05:45:00,77941.8,78036.6,77922.0,77984.9,525.224
2026-08-31 06:00:00,77984.8,78050.0,77761.4,77995.7,1491.184
2026-08-31 06:15:00,77995.6,78094.7,77928.7,77986.9,955.36
2026-08-31 06:30:00,77986.9,78135.2,77887.0,78053.1,1410.017
2026-08-31 06:45:00,78053.1,78097.4,77980.1,78049.3,814.029
2026-08-31 07:00:00,78049.3,78142.6,78000.0,78097.2,725.121
2026-08-31 07:15:00,78097.2,78294.0,78097.1,78182.4,1272.101
2026-08-31 07:30:00,78182.4,78262.0,78095.2,78243.6,712.547
2026-08-31 07:45:00,78243.5,78261.7,78160.6,78168.2,466.625
2026-08-31 08:00:00,78168.2,78325.0,78017.0,78132.7,1234.374
2026-08-31 08:15:00,78132.7,78132.7,77950.0,78064.6,1418.434
2026-08-31 08:30:00,78064.7,78450.0,78045.0,78299.9,1673.68
2026-08-31 08:45:00,78299.9,78487.7,78281.5,78439.1,1720.987
2026-08-31 09:00:00,78439.1,78774.0,78359.4,78616.7,3266.483
2026-08-31 09:15:00,78616.7,78764.5,78560.1,78616.3,1585.989
2026-08-31 09:30:00,78616.4,78680.0,78557.5,78669.3,884.192
2026-08-31 09:45:00,78669.4,78769.5,78479.7,78486.6,1257.211
2026-08-31 10:00:00,78486.6,78496.8,78287.6,78491.3,1586.123
2026-08-31 10:15:00,78491.4,78491.4,78368.3,78409.4,550.032
2026-08-31 10:30:00,78409.3,78512.8,78341.4,78497.3,728.002
2026-08-31 10:45:00,78497.4,78744.9,78468.0,78680.7,1429.301
2026-08-31 11:00:00,78680.7,78680.7,78535.4,78596.8,727.351
2026-08-31 11:15:00,78596.8,78611.3,78434.8,78453.8,603.71
2026-08-31 11:30:00,78453.8,78454.5,78326.9,78359.9,822.319
2026-08-31 11:45:00,78359.9,78389.7,78262.0,78284.7,907.492
2026-08-31 12:00:00,78284.6,78516.4,78232.3,78380.4,1693.203
2026-08-31 12:15:00,78380.4,78450.0,78020.0,78059.6,2663.022
2026-08-31 12:30:00,78059.5,78130.0,77663.1,77853.1,4345.83
2026-08-31 12:45:00,77853.1,77900.0,77742.9,77900.0,1845.784
2026-08-31 13:00:00,77900.0,78173.4,77900.0,78051.5,2433.598
2026-08-31 13:15:00,78051.6,78060.8,77850.0,78024.9,1358.377
2026-08-31 13:30:00,78025.0,78256.2,77802.7,77968.7,3367.833
2026-08-31 13:45:00,77968.7,78036.0,77676.8,77834.7,2896.863
2026-08-31 14:00:00,77834.7,78046.8,77769.2,77864.2,1398.666
2026-08-31 14:15:00,77864.2,78044.0,77711.7,77998.9,1631.87
2026-08-31 14:30:00,77998.9,78650.0,77938.8,78482.3,4588.156
2026-08-31 14:45:00,78482.2,78628.1,78334.1,78628.1,2835.979
2026-08-31 15:00:00,78573.9,78660.0,78280.0,78285.4,2182.122
2026-08-31 15:15:00,78285.4,78509.2,78175.5,78425.6,1399.365
2026-08-31 15:30:00,78425.5,78747.4,78364.1,78676.4,1757.29
2026-08-31 15:45:00,78676.4,78735.3,78486.1,78543.0,1565.397
2026-08-31 16:00:00,78543.1,78765.4,78490.9,78640.3,1337.547
2026-08-31 16:15:00,78640.3,78720.0,78466.2,78619.8,1487.545
2026-08-31 16:30:00,78619.9,78736.6,78542.6,78686.4,781.511
2026-08-31 16:45:00,78686.5,78875.0,78598.1,78600.7,1753.695
2026-08-31 17:00:00,78600.7,78777.0,78570.4,78702.8,1072.134
2026-08-31 17:15:00,78702.8,78710.0,78450.2,78506.6,1933.552
2026-08-31 17:30:00,78506.6,79030.0,78502.4,78879.1,2419.258
2026-08-31 17:45:00,78879.1,78936.0,78804.3,78865.0,820.98
2026-08-31 18:00:00,78865.0,78939.0,78735.4,78937.0,954.46
2026-08-31 18:15:00,78937.0,79056.0,78803.7,78867.4,1724.308
2026-08-31 18:30:00,78867.3,79194.5,78846.1,79150.1,1369.805
2026-08-31 18:45:00,79150.0,79150.1,78953.4,78980.4,1114.071
2026-08-31 19:00:00,78980.5,79228.5,78980.4,79145.9,906.635
2026-08-31 19:15:00,79145.8,79145.8,78987.6,79056.7,819.669
2026-08-31 19:30:00,79056.7,79112.8,78890.0,78947.1,948.359
2026-08-31 19:45:00,78947.0,79072.9,78822.2,78869.2,1625.263
2026-08-31 20:00:00,78869.2,78940.5,78828.7,78936.6,693.976
2026-08-31 20:15:00,78936.6,79162.6,78889.2,78889.3,1062.833
2026-08-31 20:30:00,78889.2,78923.8,78763.2,78850.0,700.774
2026-08-31 20:45:00,78850.0,78892.5,78796.6,78834.6,484.452
2026-08-31 21:00:00,78834.6,78864.3,78685.9,78804.6,821.504
2026-08-31 21:15:00,78804.7,78934.7,78777.9,78927.2,467.934
2026-08-31 21:30:00,78927.3,79040.0,78927.3,79025.8,632.115
2026-08-31 21:45:00,79025.9,79039.8,78916.5,78929.1,372.627
2026-08-31 22:00:00,78929.1,78984.7,78852.1,78855.2,536.917
2026-08-31 22:15:00,78855.2,78855.2,78710.1,78730.0,635.765
2026-08-31 22:30:00,78729.9,78736.4,78616.3,78626.1,981.004
2026-08-31 22:45:00,78626.1,78626.2,78541.3,78561.7,758.141
2026-08-31 23:00:00,78561.6,78561.7,78362.4,78424.1,1349.647
2026-08-31 23:15:00,78424.0,78559.8,78424.0,78546.7,708.225
2026-08-31 23:30:00,78546.7,78557.5,78463.9,78527.3,596.283
2026-08-31 23:45:00,78527.2,78553.3,78506.7,78549.6,307.945
2026-09-01 00:00:00,78549.6,78747.4,78519.7,78713.2,1135.475
2026-09-01 00:15:00,78713.2,78868.7,78702.1,78826.9,833.331
2026-09-01 00:30:00,78826.9,78849.7,78635.5,78670.4,1051.272
2026-09-01 00:45:00,78670.4,78774.0,78547.4,78618.0,734.737
2026-09-01 01:00:00,78617.9,78766.7,78480.9,78516.0,946.157
2026-09-01 01:15:00,78516.0,78610.0,78369.0,78381.7,1203.283
2026-09-01 01:30:00,78381.7,78553.8,78331.3,78543.2,978.384
2026-09-01 01:45:00,78543.2,78543.8,78349.1,78375.7,497.557
2026-09-01 02:00:00,78375.6,78375.7,78152.5,78267.6,1495.935
2026-09-01 02:15:00,78267.5,78298.4,78150.0,78188.1,1469.635
2026-09-01 02:30:00,78188.1,78378.0,78188.0,78332.3,731.95
2026-09-01 02:45:00,78332.2,78427.8,78306.1,78420.7,365.337
2026-09-01 03:00:00,78420.8,78472.9,78353.1,78406.0,756.603
2026-09-01 03:15:00,78406.1,78474.7,78368.4,78449.3,324.185
2026-09-01 03:30:00,78449.3,78847.0,78443.2,78769.8,1859.547
2026-09-01 03:45:00,78769.8,78769.9,78634.8,78653.9,785.218
2026-09-01 04:00:00,78654.0,78780.0,78624.3,78649.9,688.214
2026-09-01 04:15:00,78650.0,78911.2,78645.6,78795.3,868.488
2026-09-01 04:30:00,78795.4,78827.0,78680.4,78682.8,602.141
2026-09-01 04:45:00,78682.8,78760.5,78652.2,78695.9,788.898
2026-09-01 05:00:00,78696.0,78947.7,78696.0,78825.9,1330.924
2026-09-01 05:15:00,78826.0,78982.2,78750.6,78955.7,944.497
2026-09-01 05:30:00,78955.6,79149.0,78933.3,79135.5,1710.468
2026-09-01 05:45:00,79135.5,79196.0,79050.0,79149.8,1465.63
2026-09-01 06:00:00,79149.8,79149.8,78922.6,79000.0,1164.973
2026-09-01 06:15:00,78999.9,79000.0,78784.3,78860.4,1258.656
2026-09-01 06:30:00,78860.5,78912.4,78826.5,78844.0,538.414
2026-09-01 06:45:00,78843.9,78850.0,78705.8,78705.8,630.618
2026-09-01 07:00:00,78705.8,78774.5,78673.5,78688.9,779.928
2026-09-01 07:15:00,78689.0,78758.4,78666.8,78747.4,1012.449
2026-09-01 07:30:00,78747.4,78758.4,78467.6,78589.9,1570.199
2026-09-01 07:45:00,78590.0,78656.4,78554.4,78600.2,978.704
2026-09-01 08:00:00,78600.3,78627.4,78232.0,78278.2,2885.143
2026-09-01 08:15:00,78278.2,78300.0,77836.4,77859.8,4824.269
2026-09-01 08:30:00,77859.8,78021.7,77800.0,77936.1,2890.983
2026-09-01 08:45:00,77936.0,78003.4,77777.0,77850.0,1869.458
2026-09-01 09:00:00,77850.1,77898.6,77747.0,77789.1,1610.279
2026-09-01 09:15:00,77789.1,77938.0,77771.9,77888.4,1634.872
2026-09-01 09:30:00,77888.4,78011.6,77810.0,78011.6,1131.542
2026-09-01 09:45:00,78011.6,78012.1,77866.8,77875.5,958.854
2026-09-01 10:00:00,77875.4,77958.0,77772.2,77845.6,1303.607
2026-09-01 10:15:00,77845.7,78009.8,77710.4,77972.5,1599.463
2026-09-01 10:30:00,77972.5,78157.1,77972.5,78092.8,2042.0
2026-09-01 10:45:00,78092.9,78135.4,77940.0,77988.0,925.629
2026-09-01 11:00:00,77988.1,78016.0,77880.6,77949.8,662.113
2026-09-01 11:15:00,77949.9,77988.0,77844.0,77966.0,591.186
2026-09-01 11:30:00,77966.1,78166.7,77912.1,78071.2,981.879
2026-09-01 11:45:00,78071.2,78162.0,78015.6,78056.4,616.263
2026-09-01 12:00:00,78056.4,78123.9,77911.2,77999.9,965.228
2026-09-01 12:15:00,78000.0,78071.0,77878.0,77955.4,727.143
2026-09-01 12:30:00,77955.4,77955.4,77682.4,77937.0,2415.919
2026-09-01 12:45:00,77937.0,78044.1,77885.7,77960.9,876.757
2026-09-01 13:00:00,77961.0,77979.9,77366.0,77782.4,4410.929
2026-09-01 13:15:00,77782.3,77870.0,77692.9,77852.1,1268.648
2026-09-01 13:30:00,77852.2,77995.6,77452.0,77883.9,4334.713
2026-09-01 13:45:00,77883.8,78177.8,77816.0,78039.0,3191.416
2026-09-01 14:00:00,78039.0,78396.9,78011.8,78233.3,3916.491
2026-09-01 14:15:00,78233.3,78376.0,78100.1,78214.1,1751.378
2026-09-01 14:30:00,78214.1,78383.0,78187.9,78365.1,1238.955
2026-09-01 14:45:00,78365.1,78393.9,78100.1,78136.5,1664.27
2026-09-01 15:00:00,78136.4,78136.4,77688.0,77783.8,4055.188
2026-09-01 15:15:00,77783.7,77857.6,77722.4,77832.1,1367.261
2026-09-01 15:30:00,77832.2,78003.4,77766.6,77991.2,1292.938
2026-09-01 15:45:00,77991.4,78070.3,77874.8,77877.3,1155.568
2026-09-01 16:00:00,77877.4,77942.8,77604.6,77630.6,1596.23
2026-09-01 16:15:00,77630.7,77708.2,77428.0,77587.5,3397.531
2026-09-01 16:30:00,77587.5,77587.6,77244.3,77407.4,3986.493
2026-09-01 16:45:00,77407.4,77623.0,77393.3,77559.4,1204.018
2026-09-01 17:00:00,77559.3,77619.3,77470.0,77487.9,692.165
2026-09-01 17:15:00,77487.9,77593.8,77376.4,77482.5,1160.391
2026-09-01 17:30:00,77482.5,77695.3,77470.7,77484.3,1264.88
2026-09-01 17:45:00,77484.3,77484.4,77210.0,77239.9,2800.125
2026-09-01 18:00:00,77239.9,77295.5,77100.1,77192.1,3388.53
2026-09-01 18:15:00,77192.1,77222.2,76688.0,77017.9,7686.724
2026-09-01 18:30:00,77018.0,77092.4,76545.5,76545.5,4767.035
2026-09-01 18:45:00,76545.6,77128.8,76368.0,77119.9,6120.447
2026-09-01 19:00:00,77119.9,77279.9,77072.2,77174.9,2279.802
2026-09-01 19:15:00,77174.8,77450.0,77099.7,77323.1,1767.921
2026-09-01 19:30:00,77323.1,77355.9,77256.0,77277.9,995.151
2026-09-01 19:45:00,77278.0,77303.4,77169.9,77286.3,901.171
2026-09-01 20:00:00,77286.3,77397.9,77200.0,77397.9,938.618
2026-09-01 20:15:00,77397.9,77435.7,77286.0,77368.4,714.852
2026-09-01 20:30:00,77368.4,77443.9,77305.0,77356.0,529.396
2026-09-01 20:45:00,77355.9,77441.2,77311.3,77415.0,416.215
2026-09-01 21:00:00,77415.1,77497.2,77034.4,77080.1,1849.491
2026-09-01 21:15:00,77080.0,77240.0,76883.6,77162.4,1943.034
2026-09-01 21:30:00,77162.5,77199.9,77000.0,77115.0,675.902
2026-09-01 21:45:00,77115.0,77244.0,77099.8,77180.4,433.285
2026-09-01 22:00:00,77180.5,77286.0,77151.7,77266.0,491.041
2026-09-01 22:15:00,77266.0,77266.0,77028.5,77036.8,891.976
2026-09-01 22:30:00,77036.8,77158.8,76989.9,77121.1,727.057
2026-09-01 22:45:00,77121.1,77333.0,77121.1,77240.1,996.941
2026-09-01 23:00:00,77240.1,77292.7,77176.0,77225.0,551.693
2026-09-01 23:15:00,77225.0,77360.0,77222.8,77360.0,546.765
2026-09-01 23:30:00,77360.0,77560.2,77340.3,77504.6,1307.132
2026-09-01 23:45:00,77504.5,77604.3,77368.0,77400.1,1673.671
2026-09-02 00:00:00,77400.2,77485.0,77316.5,77362.9,879.095
2026-09-02 00:15:00,77362.8,77434.3,77225.1,77227.6,704.246
2026-09-02 00:30:00,77227.6,77306.5,77093.4,77199.3,1087.102
2026-09-02 00:45:00,77200.0,77242.6,77150.0,77179.5,660.319
2026-09-02 01:00:00,77179.5,77343.4,77113.5,77312.5,901.123
2026-09-02 01:15:00,77312.4,77320.0,77113.5,77120.0,815.964
2026-09-02 01:30:00,77120.0,77158.3,76810.0,76855.7,2203.891
2026-09-02 01:45:00,76855.9,77016.7,76682.3,76983.0,2512.341
2026-09-02 02:00:00,76983.0,77181.7,76913.4,77051.1,1835.774
2026-09-02 02:15:00,77051.1,77320.3,77044.2,77293.3,1522.625
2026-09-02 02:30:00,77293.2,77293.3,77138.6,77195.0,963.243
2026-09-02 02:45:00,77195.1,77300.0,77172.0,77299.9,479.672
2026-09-02 03:00:00,77299.9,77573.4,77280.6,77476.9,1704.817
2026-09-02 03:15:00,77476.9,77767.8,77452.8,77620.1,2623.254
2026-09-02 03:30:00,77620.0,77627.9,77476.2,77513.0,1283.084
2026-09-02 03:45:00,77512.9,77615.0,77469.8,77534.3,1015.187
2026-09-02 04:00:00,77534.3,77534.4,77327.9,77341.0,1018.395
2026-09-02 04:15:00,77341.0,77419.1,77265.6,77400.0,700.605
2026-09-02 04:30:00,77400.1,77560.0,77396.7,77560.0,634.557
2026-09-02 04:45:00,77560.0,77578.5,77502.0,77526.0,414.121
2026-09-02 05:00:00,77526.0,77572.9,77394.6,77572.8,597.108
2026-09-02 05:15:00,77572.8,77735.0,77572.6,77706.9,1347.757
2026-09-02 05:30:00,77706.9,77718.0,77632.7,77669.6,810.39
2026-09-02 05:45:00,77669.6,77725.0,77500.0,77618.5,1337.454
2026-09-02 06:00:00,77618.6,77689.1,77534.6,77545.1,1022.129
2026-09-02 06:15:00,77545.1,77624.8,77509.3,77510.0,857.913
2026-09-02 06:30:00,77510.0,77650.0,77416.0,77582.2,1077.701
2026-09-02 06:45:00,77582.2,77588.2,77460.0,77578.2,467.163
2026-09-02 07:00:00,77578.2,77731.7,77559.3,77639.9,629.508
2026-09-02 07:15:00,77640.0,77670.0,77555.3,77560.0,692.603
2026-09-02 07:30:00,77560.0,77597.7,77520.4,77520.4,474.648
2026-09-02 07:45:00,77520.4,77562.4,77435.4,77444.9,581.703
2026-09-02 08:00:00,77444.8,77518.2,77350.0,77386.8,920.001
2026-09-02 08:15:00,77386.9,77447.9,77217.0,77217.1,924.529
2026-09-02 08:30:00,77217.1,77224.5,76905.2,76934.1,3001.814
2026-09-02 08:45:00,76934.1,77010.9,76706.0,76819.7,3995.539
2026-09-02 09:00:00,76819.6,77031.0,76819.6,76918.6,1563.947
2026-09-02 09:15:00,76918.5,76940.7,76555.5,76863.9,2592.018
2026-09-02 09:30:00,76863.9,76871.2,76476.1,76530.1,3353.91
2026-09-02 09:45:00,76530.0,76725.0,76435.5,76716.6,2455.325
2026-09-02 10:00:00,76716.7,76723.8,76530.2,76609.2,1536.744
2026-09-02 10:15:00,76609.3,76669.9,76537.1,76541.0,998.644
2026-09-02 10:30:00,76541.0,76585.2,76439.0,76576.7,1556.994
2026-09-02 10:45:00,76576.7,76653.9,76151.9,76639.2,5153.69
2026-09-02 11:00:00,76639.1,76692.8,76483.2,76692.8,1965.754
2026-09-02 11:15:00,76692.7,76720.1,76325.0,76467.8,2269.273
2026-09-02 11:30:00,76467.9,76712.2,76444.4,76613.9,1782.621
2026-09-02 11:45:00,76613.8,76810.2,76563.4,76788.6,1349.718
2026-09-02 12:00:00,76788.6,76814.0,76645.2,76798.0,1724.633
2026-09-02 12:15:00,76798.1,77029.2,76730.1,76950.1,2656.271
2026-09-02 12:30:00,76950.1,76957.4,76751.4,76786.0,1469.341
2026-09-02 12:45:00,76785.9,76791.9,76573.2,76573.2,1612.259
2026-09-02 13:00:00,76573.3,76850.0,76573.2,76700.1,1512.14
2026-09-02 13:15:00,76700.1,76921.1,76667.6,76840.1,1077.8
2026-09-02 13:30:00,76840.1,77376.9,76581.2,77351.6,4827.158
2026-09-02 13:45:00,77351.6,77420.7,76955.0,77115.0,5362.118
2026-09-02 14:00:00,77115.0,77318.7,76971.5,77302.2,2684.081
2026-09-02 14:15:00,77302.1,77478.8,77187.7,77299.9,2411.638
2026-09-02 14:30:00,77299.9,77368.8,77065.1,77296.0,1858.082
2026-09-02 14:45:00,77296.0,77306.2,77016.9,77023.7,1583.066
2026-09-02 15:00:00,77023.7,77148.4,76702.6,76782.6,3768.674
2026-09-02 15:15:00,76782.5,77117.4,76772.9,77006.4,1739.229
2026-09-02 15:30:00,77006.3,77357.1,76948.0,77331.0,3075.101
2026-09-02 15:45:00,77331.1,77333.0,77100.0,77249.9,1781.065
2026-09-02 16:00:00,77250.0,77364.5,77166.6,77317.8,2001.136
2026-09-02 16:15:00,77317.8,77546.7,77290.3,77427.2,2883.412
2026-09-02 16:30:00,77427.2,77528.2,77222.2,77222.2,2173.464
2026-09-02 16:45:00,77222.3,77294.9,77131.5,77131.6,1068.723
2026-09-02 17:00:00,77131.6,77211.4,77022.4,77087.7,1387.456
2026-09-02 17:15:00,77087.8,77125.2,76914.3,77067.5,1527.514
2026-09-02 17:30:00,77067.6,77274.9,77041.0,77274.9,1646.616
2026-09-02 17:45:00,77274.9,77370.0,77274.8,77350.0,1029.231
2026-09-02 18:00:00,77350.0,77414.3,77281.3,77379.4,1460.485
2026-09-02 18:15:00,77379.4,77493.8,77326.8,77409.5,1233.566
2026-09-02 18:30:00,77409.6,77419.8,77256.6,77275.0,547.146
2026-09-02 18:45:00,77275.1,77381.3,77251.5,77341.0,469.341
2026-09-02 19:00:00,77341.0,77382.4,77283.8,77350.0,1942.822
2026-09-02 19:15:00,77350.0,77385.0,77124.0,77124.0,884.812
2026-09-02 19:30:00,77124.1,77216.3,77077.7,77195.8,897.804
2026-09-02 19:45:00,77195.8,77317.3,77110.0,77301.3,1282.484
2026-09-02 20:00:00,77301.3,77489.9,77242.0,77327.7,1375.693
2026-09-02 20:15:00,77327.7,77433.5,77171.0,77340.1,776.365
2026-09-02 20:30:00,77340.0,77447.0,77270.4,77325.1,991.633
2026-09-02 20:45:00,77325.1,77440.1,77255.7,77364.4,570.611
2026-09-02 21:00:00,77364.3,77364.4,77266.9,77284.6,596.781
2026-09-02 21:15:00,77284.7,77295.9,77202.7,77241.2,334.834
2026-09-02 21:30:00,77241.2,77400.2,77200.0,77400.1,818.983
2026-09-02 21:45:00,77400.2,77400.2,77240.0,77252.1,467.372
2026-09-02 22:00:00,77252.1,77252.1,77037.0,77118.6,1211.854
2026-09-02 22:15:00,77118.7,77146.1,76983.0,76985.0,895.215
2026-09-02 22:30:00,76984.9,77129.5,76984.9,77094.7,518.719
2026-09-02 22:45:00,77094.8,77094.8,76995.1,76996.5,446.29
2026-09-02 23:00:00,76996.4,77190.1,76973.4,77190.0,651.269
2026-09-02 23:15:00,77190.0,77190.1,77100.0,77161.4,419.605
2026-09-02 23:30:00,77160.9,77229.4,77079.7,77114.6,413.778
2026-09-02 23:45:00,77114.6,77340.0,77114.6,77300.0,765.776
2026-09-03 00:00:00,77300.0,77365.7,77132.8,77132.9,977.85
2026-09-03 00:15:00,77132.8,77134.0,76995.3,76999.5,879.451
2026-09-03 00:30:00,76999.5,77102.1,76939.5,77080.1,1155.384
2026-09-03 00:45:00,77080.2,77107.9,76990.0,77025.1,1321.488
2026-09-03 01:00:00,77025.1,77393.2,76927.3,77380.0,2692.728
2026-09-03 01:15:00,77380.0,77404.7,77248.3,77400.0,989.654
2026-09-03 01:30:00,77400.0,77516.0,77282.3,77309.9,1780.501
2026-09-03 01:45:00,77310.0,77442.9,77255.1,77321.0,794.174
2026-09-03 02:00:00,77321.0,77464.8,77200.1,77458.8,849.972
2026-09-03 02:15:00,77458.8,77594.9,77392.1,77568.1,1294.006
2026-09-03 02:30:00,77568.2,77887.9,77521.4,77743.6,4197.51
2026-09-03 02:45:00,77743.5,77850.0,77697.3,77783.4,1237.082
2026-09-03 03:00:00,77783.3,77848.9,77665.0,77795.5,1483.467
2026-09-03 03:15:00,77795.5,77850.0,77676.6,77706.1,1334.634
2026-09-03 03:30:00,77706.1,77740.6,77610.0,77630.3,713.686
2026-09-03 03:45:00,77630.2,77711.1,77596.3,77665.3,638.182
2026-09-03 04:00:00,77665.3,77795.0,77570.0,77603.3,1123.767
2026-09-03 04:15:00,77603.3,77625.4,77510.0,77539.8,744.719
2026-09-03 04:30:00,77539.8,77590.0,77508.9,77522.3,844.04
2026-09-03 04:45:00,77522.2,77761.6,77522.2,77748.0,906.228
2026-09-03 05:00:00,77747.9,77794.8,77565.1,77594.1,854.338
2026-09-03 05:15:00,77594.2,77618.7,77053.8,77161.8,3553.73
2026-09-03 05:30:00,77161.9,77489.0,77133.6,77457.1,1742.845
2026-09-03 05:45:00,77457.2,77799.3,77373.1,77777.3,2181.864
2026-09-03 06:00:00,77777.4,77819.9,77654.5,77674.9,1167.815
2026-09-03 06:15:00,77674.9,77749.4,77666.4,77712.0,706.155
2026-09-03 06:30:00,77712.0,77795.1,77685.5,77795.1,577.919
2026-09-03 06:45:00,77795.1,77817.5,77728.1,77795.4,503.362
2026-09-03 07:00:00,77795.5,78144.7,77770.0,78023.4,4047.197
2026-09-03 07:15:00,78023.4,78024.7,77844.3,77910.9,1162.919
2026-09-03 07:30:00,77911.0,78035.8,77822.8,77859.5,1012.708
2026-09-03 07:45:00,77859.4,77900.0,77559.4,77627.3,1883.238
2026-09-03 08:00:00,77627.4,78032.0,77627.4,77898.0,2308.452
2026-09-03 08:15:00,77898.1,77953.2,77786.0,77947.9,946.347
2026-09-03 08:30:00,77947.8,77963.8,77833.7,77849.3,747.215
2026-09-03 08:45:00,77849.4,77879.4,77730.0,77807.6,1005.191
2026-09-03 09:00:00,77807.6,77942.8,77775.2,77836.3,931.345
2026-09-03 09:15:00,77836.2,77887.5,77710.0,77710.1,634.633
2026-09-03 09:30:00,77710.0,77746.7,77620.9,77691.5,991.48
2026-09-03 09:45:00,77691.4,77755.1,77577.0,77578.0,806.166
2026-09-03 10:00:00,77578.0,77653.5,77503.1,77534.4,1092.295
2026-09-03 10:15:00,77534.5,77677.9,77490.7,77594.3,815.434
2026-09-03 10:30:00,77594.2,77618.8,77422.8,77476.5,1364.572
2026-09-03 10:45:00,77476.5,77743.2,77466.9,77707.1,1350.538
2026-09-03 11:00:00,77707.1,77795.7,77676.7,77790.1,1014.091
2026-09-03 11:15:00,77790.2,77927.8,77790.1,77894.7,1021.066
2026-09-03 11:30:00,77894.8,77949.4,77803.3,77900.3,999.486
2026-09-03 11:45:00,77900.4,77976.0,77846.6,77909.7,979.936
2026-09-03 12:00:00,77909.7,78068.7,77854.0,78048.1,1384.996
2026-09-03 12:15:00,78048.1,78113.7,77902.5,77934.4,1210.389
2026-09-03 12:30:00,77934.5,78433.9,77934.4,78278.5,6180.361
2026-09-03 12:45:00,78278.4,78750.4,78205.5,78616.5,6272.659
2026-09-03 13:00:00,78616.5,78680.0,78479.5,78516.8,2635.687
2026-09-03 13:15:00,78516.7,78574.0,78418.3,78458.7,1989.321
2026-09-03 13:30:00,78458.8,78899.0,78419.1,78875.4,5334.719
2026-09-03 13:45:00,78875.4,78964.0,78705.4,78802.2,3330.896
2026-09-03 14:00:00,78802.2,78971.3,78665.8,78955.0,2408.14
2026-09-03 14:15:00,78955.0,79650.0,78950.0,79624.6,9856.878
2026-09-03 14:30:00,79624.5,79848.8,79561.0,79732.4,8817.079
2026-09-03 14:45:00,79732.4,80555.0,79727.3,80508.4,12571.034
2026-09-03 15:00:00,80508.4,80941.0,80320.9,80529.1,12488.555
2026-09-03 15:15:00,80529.2,80755.2,80440.0,80712.6,4973.156
2026-09-03 15:30:00,80712.7,80987.9,80653.5,80831.5,4941.136
2026-09-03 15:45:00,80831.5,81333.4,80688.0,81316.7,7858.296
2026-09-03 16:00:00,81316.7,81333.1,80740.8,80909.8,6609.021
2026-09-03 16:15:00,80909.8,80925.7,80588.0,80741.0,3760.496
2026-09-03 16:30:00,80741.0,80922.3,80729.7,80769.1,2412.913
2026-09-03 16:45:00,80769.2,81008.6,80745.8,80937.3,1667.091
2026-09-03 17:00:00,80937.3,81071.4,80851.7,81064.3,1665.645
2026-09-03 17:15:00,81064.4,81100.0,80888.0,80961.6,1798.452
2026-09-03 17:30:00,80961.7,81136.0,80961.2,81035.4,1628.245
2026-09-03 17:45:00,81035.4,81159.8,80966.0,81006.9,1231.354
2026-09-03 18:00:00,81006.8,81333.0,80977.2,81217.0,3722.733
2026-09-03 18:15:00,81217.1,81251.4,80909.0,80915.6,1821.494
2026-09-03 18:30:00,80915.6,81016.9,80843.8,80948.8,1611.048
2026-09-03 18:45:00,80948.8,81240.8,80923.2,81226.6,1079.502
2026-09-03 19:00:00,81226.7,81611.5,81132.5,81168.0,5291.321
2026-09-03 19:15:00,81168.0,81579.2,81133.0,81503.9,2351.167
2026-09-03 19:30:00,81503.9,81578.1,81339.7,81495.7,1987.625
2026-09-03 19:45:00,81495.7,81771.7,81413.3,81722.9,4402.345
2026-09-03 20:00:00,81722.8,81750.0,81357.7,81378.2,3860.456
2026-09-03 20:15:00,81378.2,81562.2,81350.0,81496.8,1220.459
2026-09-03 20:30:00,81496.8,81607.9,81367.3,81431.5,994.909
2026-09-03 20:45:00,81431.6,81547.5,81375.7,81420.2,997.448
2026-09-03 21:00:00,81420.2,81596.1,81245.5,81560.6,2716.143
2026-09-03 21:15:00,81560.7,81754.1,81465.7,81729.4,2580.938
2026-09-03 21:30:00,81729.4,82282.8,81472.4,81477.1,9862.963
2026-09-03 21:45:00,81477.1,81721.5,81371.3,81547.0,2104.342
2026-09-03 22:00:00,81547.0,81570.0,81233.0,81346.0,2297.508
2026-09-03 22:15:00,81346.1,81372.3,81080.8,81091.8,2768.647
2026-09-03 22:30:00,81091.8,81208.7,80861.1,81158.3,4539.357
2026-09-03 22:45:00,81158.3,81242.5,81020.0,81109.1,1926.109
2026-09-03 23:00:00,81109.2,81187.6,81033.7,81138.8,1923.256
2026-09-03 23:15:00,81138.7,81264.3,81122.8,81258.5,1180.617
2026-09-03 23:30:00,81258.5,81310.4,81078.4,81198.7,2086.129
2026-09-03 23:45:00,81198.6,81309.7,81142.5,81230.7,1021.735
2026-09-04 00:00:00,81230.7,81237.5,81049.0,81222.1,1801.911
2026-09-04 00:15:00,81222.1,81328.7,81109.2,81115.0,1709.473
2026-09-04 00:30:00,81115.0,81393.8,81063.7,81197.6,3189.021
2026-09-04 00:45:00,81197.6,81213.7,80921.1,80936.9,3693.454
2026-09-04 01:00:00,80936.9,81064.0,80863.5,80899.4,1844.69
2026-09-04 01:15:00,80899.5,80996.3,80726.5,80796.6,1864.766
2026-09-04 01:30:00,80796.6,80899.8,80719.9,80751.6,1375.631
2026-09-04 01:45:00,80751.5,80997.6,80741.6,80935.3,1179.333
2026-09-04 02:00:00,80935.3,80935.4,80739.7,80764.1,958.085
2026-09-04 02:15:00,80764.2,80849.7,80652.0,80689.4,1327.43
2026-09-04 02:30:00,80689.3,80814.7,80640.1,80701.0,1260.74
2026-09-04 02:45:00,80701.0,80804.5,80614.0,80800.0,1613.003
2026-09-04 03:00:00,80800.0,81016.2,80799.9,80902.1,2651.603
2026-09-04 03:15:00,80902.1,80919.9,80802.2,80802.2,765.664
2026-09-04 03:30:00,80802.3,80850.1,80761.3,80850.0,863.253
2026-09-04 03:45:00,80850.1,80940.0,80808.0,80808.0,796.225
2026-09-04 04:00:00,80808.1,80940.8,80776.1,80932.7,553.444
2026-09-04 04:15:00,80932.6,81267.6,80920.0,81227.1,2541.569
2026-09-04 04:30:00,81227.1,81246.0,80988.1,81005.0,2076.502
2026-09-04 04:45:00,81005.0,81111.0,80988.0,81040.4,696.665
2026-09-04 05:00:00,81040.4,81041.0,80934.6,80938.0,1148.374
2026-09-04 05:15:00,80938.0,81121.5,80899.0,80979.9,1443.369
2026-09-04 05:30:00,80979.9,80982.0,80862.2,80949.9,963.613
2026-09-04 05:45:00,80950.0,81030.1,80818.0,80952.8,1185.729
2026-09-04 06:00:00,80952.7,81060.9,80865.8,80980.1,984.511
2026-09-04 06:15:00,80980.0,81000.0,80659.8,80689.0,1347.717
2026-09-04 06:30:00,80689.0,80819.4,80538.6,80809.2,1951.009
2026-09-04 06:45:00,80809.2,80827.4,80665.2,80763.9,688.708
2026-09-04 07:00:00,80763.9,80935.2,80749.5,80899.8,938.576
2026-09-04 07:15:00,80899.8,80940.1,80810.6,80823.8,653.607
2026-09-04 07:30:00,80823.8,80879.2,80712.6,80741.7,1262.529
2026-09-04 07:45:00,80741.6,80757.6,80611.8,80628.0,1614.603
2026-09-04 08:00:00,80628.0,80753.5,80458.0,80749.8,2401.2
2026-09-04 08:15:00,80749.7,80969.8,80742.6,80947.1,1587.262
2026-09-04 08:30:00,80947.1,81130.5,80930.0,81011.9,4646.112
2026-09-04 08:45:00,81011.8,81211.1,80961.2,81113.6,2240.731
2026-09-04 09:00:00,81113.6,81206.1,81041.7,81049.9,1454.355
2026-09-04 09:15:00,81049.9,81288.7,80890.3,81000.0,2349.681
2026-09-04 09:30:00,81000.1,81188.0,80950.9,81131.5,1176.436
2026-09-04 09:45:00,81131.6,81182.1,80985.4,81018.0,1173.19
2026-09-04 10:00:00,81018.0,81091.9,80843.4,80929.7,1361.696
2026-09-04 10:15:00,80929.7,80940.3,80790.9,80925.1,1318.273
2026-09-04 10:30:00,80925.1,81083.4,80866.7,81039.5,963.288
2026-09-04 10:45:00,81039.6,81168.0,80978.8,81150.0,977.292
2026-09-04 11:00:00,81150.0,81190.9,81041.2,81156.7,1170.264
2026-09-04 11:15:00,81157.4,81377.7,81087.5,81298.1,1749.312
2026-09-04 11:30:00,81298.1,81298.2,81160.0,81214.7,925.051
2026-09-04 11:45:00,81214.6,81320.0,81163.5,81188.0,1195.267
2026-09-04 12:00:00,81188.0,81246.6,81089.0,81215.0,1569.952
2026-09-04 12:15:00,81214.9,81324.2,81088.8,81300.0,1475.398
2026-09-04 12:30:00,81299.9,81299.9,79361.1,79653.0,33485.773
2026-09-04 12:45:00,79652.8,79664.6,79126.0,79423.8,11492.275
2026-09-04 13:00:00,79423.9,79546.3,79139.6,79199.9,4738.907
2026-09-04 13:15:00,79199.9,79457.3,79170.0,79278.4,2838.382
2026-09-04 13:30:00,79278.5,79513.2,78913.4,79371.7,6920.847
2026-09-04 13:45:00,79371.6,79670.0,79193.1,79342.9,6078.792
2026-09-04 14:00:00,79342.8,79545.7,79202.1,79384.5,2910.211
2026-09-04 14:15:00,79384.5,79476.1,79055.0,79337.4,2913.133
2026-09-04 14:30:00,79337.4,79443.0,78817.4,78999.3,3623.931
2026-09-04 14:45:00,78999.3,79112.9,78618.1,78874.0,7364.57
2026-09-04 15:00:00,78874.1,79172.8,78755.1,79165.0,2979.363
2026-09-04 15:15:00,79165.0,79388.0,79126.8,79374.3,2883.679
2026-09-04 15:30:00,79374.2,79499.3,79315.8,79485.8,2001.124
2026-09-04 15:45:00,79485.8,79518.5,79342.0,79384.8,1351.675
2026-09-04 16:00:00,79384.9,79483.8,79334.1,79407.3,990.746
2026-09-04 16:15:00,79407.3,79540.0,79395.3,79508.0,1042.74
2026-09-04 16:30:00,79508.0,79834.4,79500.0,79806.7,3670.348
2026-09-04 16:45:00,79806.8,79838.1,79681.6,79709.2,1321.041
2026-09-04 17:00:00,79709.2,79718.2,79580.0,79580.3,1797.375
2026-09-04 17:15:00,79580.3,79618.8,79467.9,79473.1,1282.179
2026-09-04 17:30:00,79473.2,79550.0,79390.0,79444.2,985.315
2026-09-04 17:45:00,79444.1,79486.8,79347.9,79430.1,969.084
2026-09-04 18:00:00,79430.0,79563.6,79430.0,79483.4,741.466
2026-09-04 18:15:00,79483.5,79587.0,79483.4,79502.4,441.982
2026-09-04 18:30:00,79502.5,79622.3,79497.0,79600.1,607.051
2026-09-04 18:45:00,79600.0,79632.0,79554.0,79576.1,632.905
2026-09-04 19:00:00,79576.1,79699.9,79576.1,79666.7,809.413
2026-09-04 19:15:00,79666.7,79776.1,79654.0,79764.0,773.617
2026-09-04 19:30:00,79764.0,79764.0,79592.3,79647.8,686.141
2026-09-04 19:45:00,79647.8,79776.0,79595.3,79754.7,1139.269
2026-09-04 20:00:00,79754.8,79825.5,79722.5,79772.3,778.089
2026-09-04 20:15:00,79772.4,79800.0,79704.2,79721.1,408.834
2026-09-04 20:30:00,79721.2,79736.3,79657.1,79677.4,590.46
2026-09-04 20:45:00,79677.4,79728.4,79623.9,79656.2,749.567
2026-09-04 21:00:00,79656.3,79754.0,79653.0,79727.7,506.252
2026-09-04 21:15:00,79727.7,79765.0,79692.4,79730.7,440.395
2026-09-04 21:30:00,79730.6,79770.8,79702.2,79740.0,601.931
2026-09-04 21:45:00,79740.7,79768.7,79460.9,79584.7,1487.726
2026-09-04 22:00:00,79584.8,79647.9,79577.7,79647.9,465.042
2026-09-04 22:15:00,79647.8,79666.0,79585.4,79664.5,560.629
2026-09-04 22:30:00,79664.5,79679.9,79613.3,79613.3,470.635
2026-09-04 22:45:00,79613.3,79645.1,79577.5,79600.3,363.086
2026-09-04 23:00:00,79600.3,79608.4,79544.0,79567.8,314.538
2026-09-04 23:15:00,79567.8,79723.5,79567.8,79690.1,519.06
2026-09-04 23:30:00,79690.0,79690.1,79622.9,79623.0,115.339
2026-09-04 23:45:00,79623.0,79623.8,79574.1,79616.1,338.921
2026-09-05 00:00:00,79616.2,79682.9,79570.3,79629.2,477.269
2026-09-05 00:15:00,79629.3,79629.3,79555.1,79610.0,255.122
2026-09-05 00:30:00,79610.0,79658.2,79583.9,79591.7,354.533
2026-09-05 00:45:00,79591.7,79612.0,79518.3,79542.7,517.635
2026-09-05 01:00:00,79542.7,79647.0,79516.2,79587.0,425.469
2026-09-05 01:15:00,79587.0,79661.3,79564.4,79649.4,456.962
2026-09-05 01:30:00,79649.5,79675.1,79564.2,79600.7,434.197
2026-09-05 01:45:00,79600.6,79629.8,79492.0,79492.1,955.295
2026-09-05 02:00:00,79492.1,79544.6,79435.4,79524.9,858.475
2026-09-05 02:15:00,79524.8,79560.0,79471.8,79485.2,305.407
2026-09-05 02:30:00,79485.2,79584.1,79485.2,79574.6,231.327
2026-09-05 02:45:00,79574.6,79574.7,79491.9,79530.0,168.64
2026-09-05 03:00:00,79530.1,79530.1,79474.3,79514.6,180.04
2026-09-05 03:15:00,79514.6,79578.3,79514.6,79542.1,211.14
2026-09-05 03:30:00,79542.2,79589.5,79542.1,79583.0,192.887
2026-09-05 03:45:00,79583.1,79589.5,79538.6,79543.9,193.125
2026-09-05 04:00:00,79543.9,79553.6,79458.8,79498.1,512.037
2026-09-05 04:15:00,79498.2,79535.2,79498.1,79514.3,95.786
2026-09-05 04:30:00,79514.3,79514.4,79485.0,79497.2,148.364
2026-09-05 04:45:00,79497.2,79520.0,79460.0,79460.0,415.737
2026-09-05 05:00:00,79460.0,79524.8,79405.2,79519.9,542.836
2026-09-05 05:15:00,79519.9,79550.0,79480.0,79550.0,474.914
2026-09-05 05:30:00,79550.0,79564.1,79468.1,79480.6,267.781
2026-09-05 05:45:00,79480.6,79560.0,79447.9,79540.0,339.878
2026-09-05 06:00:00,79540.1,79599.8,79534.1,79585.2,352.16
2026-09-05 06:15:00,79585.3,79606.0,79569.2,79602.5,381.91
2026-09-05 06:30:00,79602.5,79676.9,79585.9,79622.6,703.778
2026-09-05 06:45:00,79622.7,79646.5,79603.0,79603.0,384.253
2026-09-05 07:00:00,79603.0,79656.6,79600.0,79647.9,256.106
2026-09-05 07:15:00,79647.9,79680.0,79631.1,79679.7,269.458
2026-09-05 07:30:00,79679.7,79708.3,79660.6,79685.6,498.17
2026-09-05 07:45:00,79685.6,79722.1,79652.6,79673.0,432.685
2026-09-05 08:00:00,79673.0,79673.1,79591.5,79616.6,422.005
2026-09-05 08:15:00,79616.6,79684.7,79567.9,79603.5,409.49
2026-09-05 08:30:00,79603.5,79603.5,79520.0,79581.7,326.833
2026-09-05 08:45:00,79581.7,79632.6,79561.6,79617.5,270.867
2026-09-05 09:00:00,79617.5,79714.5,79613.6,79688.6,523.287
2026-09-05 09:15:00,79688.6,79688.6,79660.0,79662.3,266.215
2026-09-05 09:30:00,79662.3,79678.7,79622.3,79655.6,250.015
2026-09-05 09:45:00,79655.5,79655.5,79570.8,79594.6,348.544
2026-09-05 10:00:00,79594.7,79607.2,79581.6,79585.3,189.525
2026-09-05 10:15:00,79585.2,79630.2,79562.8,79581.8,572.443
2026-09-05 10:30:00,79581.8,79640.0,79551.9,79569.2,510.788
2026-09-05 10:45:00,79569.1,79626.2,79553.3,79581.2,392.568
2026-09-05 11:00:00,79581.3,79639.2,79581.2,79617.7,381.518
2026-09-05 11:15:00,79617.6,79617.7,79581.0,79588.3,129.181
2026-09-05 11:30:00,79588.3,79603.7,79562.7,79567.6,396.136
2026-09-05 11:45:00,79567.6,79652.9,79562.9,79577.4,535.203
2026-09-05 12:00:00,79577.5,79639.3,79575.6,79622.2,313.908
2026-09-05 12:15:00,79622.1,79644.8,79616.3,79618.4,259.885
2026-09-05 12:30:00,79618.4,79734.3,79572.8,79682.8,799.972
2026-09-05 12:45:00,79682.7,79723.8,79664.9,79666.0,616.496
2026-09-05 13:00:00,79666.0,79681.6,79622.8,79681.6,466.905
2026-09-05 13:15:00,79681.6,79722.7,79630.0,79712.1,411.229
2026-09-05 13:30:00,79712.1,79718.8,79601.6,79616.2,467.229
2026-09-05 13:45:00,79616.1,79650.3,79500.0,79573.9,549.809
2026-09-05 14:00:00,79573.8,79655.9,79573.8,79630.7,238.835
2026-09-05 14:15:00,79630.8,79696.7,79630.0,79685.9,239.745
2026-09-05 14:30:00,79685.9,79708.2,79651.2,79673.6,436.371
2026-09-05 14:45:00,79673.6,79719.9,79672.2,79672.3,364.302
2026-09-05 15:00:00,79672.2,79730.0,79672.1,79685.4,339.992
2026-09-05 15:15:00,79685.4,79734.7,79637.6,79653.0,543.962
2026-09-05 15:30:00,79652.9,79731.3,79652.9,79712.2,294.125
2026-09-05 15:45:00,79712.2,79783.6,79694.8,79760.2,510.15
2026-09-05 16:00:00,79760.2,79805.0,79712.0,79737.2,736.609
2026-09-05 16:15:00,79737.2,79871.8,79737.2,79854.2,855.593
2026-09-05 16:30:00,79854.2,79966.0,79854.1,79894.5,1603.748
2026-09-05 16:45:00,79894.5,80167.0,79888.0,80001.5,2755.539
2026-09-05 17:00:00,80001.5,80121.0,79971.4,80094.2,1328.157
2026-09-05 17:15:00,80094.2,80119.8,79925.1,79993.7,1062.229
2026-09-05 17:30:00,79993.7,80110.6,79950.0,80012.9,796.621
2026-09-05 17:45:00,80013.0,80065.9,79991.7,80030.0,872.15
2026-09-05 18:00:00,80030.1,80052.9,79936.2,79969.6,609.185
2026-09-05 18:15:00,79969.6,79993.6,79912.3,79915.9,452.651
2026-09-05 18:30:00,79916.0,80018.0,79896.1,79940.1,575.234
2026-09-05 18:45:00,79940.0,79968.9,79892.6,79959.2,377.005
2026-09-05 19:00:00,79959.2,79959.2,79891.0,79901.5,282.599
2026-09-05 19:15:00,79901.6,79950.0,79859.5,79925.2,241.239
2026-09-05 19:30:00,79925.1,79935.0,79717.8,79819.2,1180.486
2026-09-05 19:45:00,79819.3,79820.1,79674.4,79719.9,786.507
2026-09-05 20:00:00,79719.9,79812.0,79682.7,79705.9,594.87
2026-09-05 20:15:00,79706.0,79797.1,79653.0,79687.5,803.369
2026-09-05 20:30:00,79687.5,79753.0,79653.4,79753.0,623.724
2026-09-05 20:45:00,79752.9,79766.5,79691.5,79702.2,509.995
2026-09-05 21:00:00,79702.2,79760.9,79683.0,79749.9,272.812
2026-09-05 21:15:00,79749.8,79841.7,79735.0,79818.9,329.18
2026-09-05 21:30:00,79818.9,79895.1,79803.9,79876.8,508.871
2026-09-05 21:45:00,79876.5,79910.6,79820.8,79872.4,338.847
2026-09-05 22:00:00,79872.4,79900.0,79814.0,79881.4,351.536
2026-09-05 22:15:00,79881.4,79908.4,79726.5,79770.0,389.289
2026-09-05 22:30:00,79770.0,79818.8,79715.6,79734.7,496.928
2026-09-05 22:45:00,79734.7,79796.7,79708.9,79757.7,733.845
2026-09-05 23:00:00,79757.7,79757.7,79677.5,79719.9,576.684
2026-09-05 23:15:00,79719.9,79796.0,79710.3,79764.2,268.493
2026-09-05 23:30:00,79764.3,79804.1,79666.9,79770.7,553.022
2026-09-05 23:45:00,79770.8,79878.8,79735.4,79797.7,771.493
2026-09-06 00:00:00,79797.8,79882.6,79788.2,79872.0,346.322
2026-09-06 00:15:00,79871.9,79902.1,79833.3,79891.8,312.441
2026-09-06 00:30:00,79891.8,79909.0,79836.0,79838.7,379.07
2026-09-06 00:45:00,79838.7,79897.4,79823.8,79832.8,389.735
2026-09-06 01:00:00,79832.7,79977.5,79832.7,79921.5,685.146
2026-09-06 01:15:00,79921.5,79959.9,79860.7,79885.1,511.257
2026-09-06 01:30:00,79885.0,80028.8,79885.0,79940.0,825.712
2026-09-06 01:45:00,79940.0,79985.5,79892.6,79915.0,517.637
2026-09-06 02:00:00,79915.0,79988.6,79857.1,79956.9,727.98
2026-09-06 02:15:00,79956.8,79962.5,79862.2,79872.1,293.981
2026-09-06 02:30:00,79872.1,79913.6,79839.5,79847.3,304.197
2026-09-06 02:45:00,79847.2,79892.0,79829.8,79872.1,274.079
2026-09-06 03:00:00,79872.0,79897.0,79852.3,79897.0,245.372
2026-09-06 03:15:00,79896.9,79929.5,79850.5,79863.9,234.307
2026-09-06 03:30:00,79863.9,80080.4,79863.9,80080.3,713.258
2026-09-06 03:45:00,80080.3,80080.4,79970.0,79991.0,567.711
2026-09-06 04:00:00,79991.0,79991.1,79919.8,79934.3,242.058
2026-09-06 04:15:00,79934.3,79950.0,79839.3,79894.9,357.992
2026-09-06 04:30:00,79894.9,79899.8,79860.4,79884.5,372.137
2026-09-06 04:45:00,79884.4,79914.2,79790.1,79824.0,708.046
2026-09-06 05:00:00,79824.0,79869.9,79756.5,79776.9,478.589
2026-09-06 05:15:00,79777.0,79850.0,79748.9,79817.7,652.66
2026-09-06 05:30:00,79817.8,80085.2,79817.7,79993.0,1107.961
2026-09-06 05:45:00,79993.1,80003.3,79911.4,79959.9,336.817
2026-09-06 06:00:00,79960.0,79960.0,79884.1,79888.2,376.693
2026-09-06 06:15:00,79888.3,79893.9,79792.0,79795.1,882.355
2026-09-06 06:30:00,79795.2,79814.3,79699.6,79781.5,923.237
2026-09-06 06:45:00,79781.5,79781.5,79628.4,79737.9,1036.779
2026-09-06 07:00:00,79737.8,79765.8,79523.6,79634.9,1508.78
2026-09-06 07:15:00,79634.9,79819.4,79634.8,79783.8,945.954
2026-09-06 07:30:00,79783.9,79832.6,79742.3,79805.5,775.269
2026-09-06 07:45:00,79805.5,79816.2,79766.2,79766.2,469.691
2026-09-06 08:00:00,79766.2,79856.0,79762.0,79832.5,699.386
2026-09-06 08:15:00,79832.5,79832.5,79755.0,79763.4,233.095
2026-09-06 08:30:00,79763.4,79782.2,79714.5,79751.1,539.014
2026-09-06 08:45:00,79751.1,79848.0,79722.7,79809.7,394.705
2026-09-06 09:00:00,79809.6,79894.2,79765.5,79894.2,379.967
2026-09-06 09:15:00,79894.1,79956.7,79880.7,79932.9,664.874
2026-09-06 09:30:00,79933.0,79961.9,79813.6,79831.2,628.865
2026-09-06 09:45:00,79831.3,79875.4,79813.2,79851.9,576.418
2026-09-06 10:00:00,79852.0,79915.0,79851.9,79888.8,212.725
2026-09-06 10:15:00,79888.9,79947.0,79888.8,79941.8,223.922
2026-09-06 10:30:00,79941.7,79985.0,79932.3,79985.0,285.122
2026-09-06 10:45:00,79984.9,79997.9,79942.8,79964.3,384.601
2026-09-06 11:00:00,79964.2,79967.2,79888.0,79946.2,330.16
2026-09-06 11:15:00,79946.1,79968.6,79851.0,79865.9,641.422
2026-09-06 11:30:00,79866.0,79940.1,79844.3,79922.0,332.41
2026-09-06 11:45:00,79922.1,79926.1,79871.6,79878.4,130.992
2026-09-06 12:00:00,79878.3,79909.5,79814.9,79892.0,534.586
2026-09-06 12:15:00,79891.9,79972.8,79891.9,79931.9,408.377
2026-09-06 12:30:00,79931.9,79973.6,79895.8,79895.8,349.629
2026-09-06 12:45:00,79895.8,79961.4,79879.0,79882.0,358.021
2026-09-06 13:00:00,79881.9,79936.9,79833.0,79848.7,336.354
2026-09-06 13:15:00,79848.7,79848.8,79745.0,79758.0,735.44
2026-09-06 13:30:00,79758.0,79823.8,79719.9,79764.3,686.069
2026-09-06 13:45:00,79764.4,79815.9,79726.1,79794.4,748.371
2026-09-06 14:00:00,79794.4,79815.8,79704.0,79718.4,575.144
2026-09-06 14:15:00,79718.4,79769.3,79550.0,79629.6,1432.107
2026-09-06 14:30:00,79629.6,79717.4,79125.3,79675.3,4444.755
2026-09-06 14:45:00,79675.2,79675.3,79481.2,79507.3,1099.443
2026-09-06 15:00:00,79507.4,79548.9,79337.0,79508.4,1440.947
2026-09-06 15:15:00,79508.3,79627.1,79501.5,79601.4,601.413
2026-09-06 15:30:00,79601.4,79677.0,79555.4,79653.3,400.559
2026-09-06 15:45:00,79653.3,79695.0,79623.1,79677.8,389.269
2026-09-06 16:00:00,79677.8,79708.1,79566.6,79658.3,832.578
2026-09-06 16:15:00,79658.2,79700.0,79596.0,79684.3,518.612
2026-09-06 16:30:00,79684.3,79764.3,79650.5,79690.4,471.671
2026-09-06 16:45:00,79690.3,79693.1,79608.0,79649.9,231.493
2026-09-06 17:00:00,79649.9,79650.0,79542.6,79599.9,357.316
2026-09-06 17:15:00,79599.9,79743.1,79599.9,79659.4,484.633
2026-09-06 17:30:00,79659.4,79735.0,79636.7,79706.0,330.789
2026-09-06 17:45:00,79706.0,79735.0,79683.0,79708.0,372.028
2026-09-06 18:00:00,79708.0,79841.3,79708.0,79804.1,484.56
2026-09-06 18:15:00,79804.0,79891.3,79792.0,79884.1,411.507
2026-09-06 18:30:00,79884.0,79940.0,79884.0,79916.0,494.773
2026-09-06 18:45:00,79916.0,79927.9,79859.6,79912.1,453.013
2026-09-06 19:00:00,79912.0,79912.1,79822.3,79833.5,367.577
2026-09-06 19:15:00,79833.5,79840.0,79786.5,79815.2,215.651
2026-09-06 19:30:00,79815.1,79817.8,79770.0,79773.2,196.314
2026-09-06 19:45:00,79773.1,79804.8,79763.0,79804.7,441.646
2026-09-06 20:00:00,79804.8,79804.8,79740.7,79786.0,304.27
2026-09-06 20:15:00,79786.0,79919.6,79770.7,79893.4,323.598
2026-09-06 20:30:00,79893.4,79936.1,79867.1,79913.1,339.549
2026-09-06 20:45:00,79913.2,79936.0,79850.0,79873.1,266.992
2026-09-06 21:00:00,79873.2,79985.0,79873.1,79970.0,526.267
2026-09-06 21:15:00,79970.0,79997.0,79854.9,79862.9,393.199
2026-09-06 21:30:00,79862.9,79942.4,79831.4,79869.5,442.523
2026-09-06 21:45:00,79869.5,79970.0,79855.6,79902.7,467.163
2026-09-06 22:00:00,79902.7,79902.8,79639.1,79711.9,1017.815
2026-09-06 22:15:00,79712.0,79795.4,79600.0,79781.1,879.756
2026-09-06 22:30:00,79781.2,79977.3,79769.6,79923.8,1179.401
2026-09-06 22:45:00,79923.8,80058.0,79903.1,80005.4,963.294
2026-09-06 23:00:00,80005.4,80332.9,79964.3,80143.8,2501.587
2026-09-06 23:15:00,80143.8,80239.8,80056.0,80083.8,969.638
2026-09-06 23:30:00,80083.7,80454.5,80082.6,80342.9,2219.25
2026-09-06 23:45:00,80342.9,80536.1,80256.4,80301.1,2154.431
2026-09-07 00:00:00,80301.0,80404.9,80184.8,80289.3,1334.658
2026-09-07 00:15:00,80289.4,80300.0,80020.9,80163.6,1215.672
2026-09-07 00:30:00,80163.6,80241.7,80068.4,80105.6,792.837
2026-09-07 00:45:00,80105.6,80163.5,80017.1,80122.0,1188.185
2026-09-07 01:00:00,80122.0,80205.8,79904.9,79923.3,1593.252
2026-09-07 01:15:00,79923.3,79981.2,79811.8,79883.8,1250.669
2026-09-07 01:30:00,79883.8,79954.1,79791.4,79815.9,769.091
2026-09-07 01:45:00,79815.9,79951.8,79773.9,79886.9,696.819
2026-09-07 02:00:00,79887.0,79902.7,79755.1,79800.1,617.784
2026-09-07 02:15:00,79800.1,80017.0,79800.0,79998.4,787.406
2026-09-07 02:30:00,79998.3,80410.8,79967.3,80226.6,2356.528
2026-09-07 02:45:00,80226.6,80256.3,79794.3,79842.9,1883.076
2026-09-07 03:00:00,79842.8,79953.4,79734.1,79763.7,1651.72
2026-09-07 03:15:00,79763.6,79806.0,79680.4,79692.1,946.325
2026-09-07 03:30:00,79692.1,79737.5,79550.0,79604.6,1558.259
2026-09-07 03:45:00,79604.7,79665.8,79533.4,79560.0,1148.999
2026-09-07 04:00:00,79560.0,79658.7,79511.4,79658.5,1256.541
2026-09-07 04:15:00,79658.5,79666.0,79571.1,79571.1,1041.539
2026-09-07 04:30:00,79571.2,79650.0,79500.8,79646.8,844.257
2026-09-07 04:45:00,79646.7,79695.2,79606.6,79686.0,698.359
2026-09-07 05:00:00,79686.0,79744.6,79620.5,79732.5,1214.619
2026-09-07 05:15:00,79732.4,79892.9,79722.9,79819.0,1294.83
2026-09-07 05:30:00,79818.9,79831.0,79775.8,79828.0,425.335
2026-09-07 05:45:00,79828.0,79830.7,79717.7,79717.7,885.487
2026-09-07 06:00:00,79717.5,79786.8,79706.1,79772.4,482.351
2026-09-07 06:15:00,79772.3,79772.4,79653.2,79671.9,387.247
2026-09-07 06:30:00,79671.9,79700.7,79611.4,79634.3,531.486
2026-09-07 06:45:00,79634.3,79644.7,79609.1,79617.1,517.683
2026-09-07 07:00:00,79617.1,79655.1,79545.1,79579.1,611.659
2026-09-07 07:15:00,79579.1,79593.6,79362.5,79390.8,1440.045
2026-09-07 07:30:00,79390.9,79485.3,78938.7,79238.9,5406.995
2026-09-07 07:45:00,79238.9,79369.9,79238.9,79357.7,1481.002
2026-09-07 08:00:00,79357.7,79460.5,79348.7,79421.6,1255.557
2026-09-07 08:15:00,79421.7,79484.5,79408.2,79429.9,762.312
2026-09-07 08:30:00,79430.0,79498.3,79393.8,79447.3,844.9
2026-09-07 08:45:00,79447.3,79468.2,79379.9,79395.0,661.305
2026-09-07 09:00:00,79395.1,79517.5,79372.0,79488.9,682.867
2026-09-07 09:15:00,79488.8,79505.3,79379.9,79446.6,840.419
2026-09-07 09:30:00,79446.5,79446.6,79272.5,79352.7,628.541
2026-09-07 09:45:00,79352.6,79419.3,79260.0,79278.5,733.876
2026-09-07 10:00:00,79278.5,79369.7,79278.5,79340.2,633.906
2026-09-07 10:15:00,79340.3,79390.4,79333.7,79382.7,428.043
2026-09-07 10:30:00,79382.7,79413.1,79348.0,79413.0,371.337
2026-09-07 10:45:00,79413.0,79423.7,79305.4,79325.7,407.625
2026-09-07 11:00:00,79325.7,79374.4,79230.0,79374.4,836.688
2026-09-07 11:15:00,79374.4,79437.0,79361.8,79406.1,288.098
2026-09-07 11:30:00,79406.1,79450.0,79370.2,79376.9,328.674
2026-09-07 11:45:00,79376.9,79399.5,79336.0,79376.8,508.838
2026-09-07 12:00:00,79376.8,79469.6,79364.8,79384.5,442.812
2026-09-07 12:15:00,79384.5,79495.3,79373.2,79487.9,432.375
2026-09-07 12:30:00,79487.8,79491.9,79419.7,79439.5,327.566
2026-09-07 12:45:00,79439.5,79604.0,79436.2,79567.4,1032.146
2026-09-07 13:00:00,79567.5,79613.8,79486.7,79590.2,876.066
2026-09-07 13:15:00,79590.2,79605.3,79535.2,79605.1,500.507
2026-09-07 13:30:00,79605.1,79605.2,79268.2,79338.1,1765.978
2026-09-07 13:45:00,79338.0,79384.8,79279.8,79314.4,997.857
2026-09-07 14:00:00,79314.5,79359.5,79072.1,79145.4,2309.486
2026-09-07 14:15:00,79145.4,79192.4,79011.3,79016.1,2098.742
2026-09-07 14:30:00,79016.0,79070.0,78913.2,78992.3,2416.45
2026-09-07 14:45:00,78992.4,79239.3,78990.0,79152.2,2109.933
2026-09-07 15:00:00,79152.3,79152.3,78990.7,79003.0,1168.891
2026-09-07 15:15:00,79003.0,79107.8,78788.8,78992.7,2528.109
2026-09-07 15:30:00,78992.6,78998.2,78636.0,78741.3,4022.498
2026-09-07 15:45:00,78741.4,78824.5,78660.0,78786.1,2131.414
2026-09-07 16:00:00,78786.2,78890.9,78780.1,78871.6,1445.168
2026-09-07 16:15:00,78871.6,78871.6,78766.0,78798.1,658.691
2026-09-07 16:30:00,78798.1,78996.8,78797.8,78964.2,1377.03
2026-09-07 16:45:00,78964.2,78993.0,78931.2,78989.3,560.73
2026-09-07 17:00:00,78989.4,79123.3,78974.6,79120.1,897.706
2026-09-07 17:15:00,79120.0,79123.3,79057.4,79090.0,1042.006
2026-09-07 17:30:00,79089.9,79145.0,79037.8,79122.7,600.311
2026-09-07 17:45:00,79122.7,79185.0,79107.1,79153.5,553.433
2026-09-07 18:00:00,79153.5,79181.6,79109.9,79139.2,813.705
2026-09-07 18:15:00,79139.2,79159.7,79087.6,79109.2,450.993
2026-09-07 18:30:00,79109.2,79132.3,79051.2,79120.3,424.04
2026-09-07 18:45:00,79120.3,79209.7,79102.3,79158.6,469.149
2026-09-07 19:00:00,79158.5,79158.6,79110.0,79131.4,233.77
2026-09-07 19:15:00,79131.3,79206.5,79131.3,79201.6,215.474
2026-09-07 19:30:00,79201.6,79391.4,79201.6,79304.1,1311.071
2026-09-07 19:45:00,79304.0,79350.4,79304.0,79325.3,675.507
2026-09-07 20:00:00,79325.3,79365.0,79168.9,79205.1,565.906
2026-09-07 20:15:00,79205.1,79229.7,79150.2,79179.7,270.739
2026-09-07 20:30:00,79179.6,79212.0,79151.6,79155.9,285.015
2026-09-07 20:45:00,79155.8,79232.1,79131.0,79207.0,485.694
2026-09-07 21:00:00,79206.9,79239.2,79178.5,79239.2,419.829
2026-09-07 21:15:00,79239.2,79246.4,79179.8,79194.7,246.124
2026-09-07 21:30:00,79194.6,79199.8,79134.1,79154.9,407.155
2026-09-07 21:45:00,79154.8,79187.9,79129.2,79129.2,239.181
2026-09-07 22:00:00,79129.3,79189.5,79026.3,79118.4,682.633
2026-09-07 22:15:00,79118.4,79167.5,78990.2,79065.5,921.817
2026-09-07 22:30:00,79065.4,79065.5,78737.9,78788.8,1449.159
2026-09-07 22:45:00,78788.8,78934.3,78788.8,78916.3,785.841
2026-09-07 23:00:00,78916.4,79138.9,78895.3,79093.7,1045.326
2026-09-07 23:15:00,79093.8,79106.3,78926.8,78974.5,551.13
2026-09-07 23:30:00,78974.5,79093.5,78947.6,79093.4,357.375
2026-09-07 23:45:00,79093.4,79184.0,79070.4,79075.9,559.678
2026-09-08 00:00:00,79075.9,79085.4,78951.1,79023.2,833.406
2026-09-08 00:15:00,79023.1,79121.2,78938.0,78970.8,829.35
2026-09-08 00:30:00,78970.9,79255.8,78951.1,79188.9,952.821
2026-09-08 00:45:00,79188.8,79287.0,79170.8,79286.9,536.499
2026-09-08 01:00:00,79287.0,79340.5,79230.0,79260.9,696.111
2026-09-08 01:15:00,79261.0,79439.6,79236.0,79363.8,1012.944
2026-09-08 01:30:00,79363.9,79363.9,79276.7,79292.1,527.508
2026-09-08 01:45:00,79292.1,79425.0,79274.4,79409.0,390.044
2026-09-08 02:00:00,79409.0,79409.1,79224.4,79301.0,500.668
2026-09-08 02:15:00,79301.1,79476.0,79211.8,79233.2,1053.494
2026-09-08 02:30:00,79233.2,79244.5,79061.5,79098.5,885.913
2026-09-08 02:45:00,79098.6,79121.4,78890.1,78898.8,1440.537
2026-09-08 03:00:00,78898.8,78976.6,78845.0,78877.0,1528.813
2026-09-08 03:15:00,78877.0,78917.5,78690.3,78746.9,1609.754
2026-09-08 03:30:00,78746.8,78967.8,78736.6,78918.8,1622.097
2026-09-08 03:45:00,78918.8,78925.0,78837.7,78880.0,738.997
2026-09-08 04:00:00,78880.0,78904.7,78759.8,78789.6,791.573
2026-09-08 04:15:00,78789.5,78830.0,78720.8,78788.6,885.718
2026-09-08 04:30:00,78788.6,78846.3,78693.5,78755.5,730.321
2026-09-08 04:45:00,78755.6,78790.7,78650.0,78650.0,1090.644
2026-09-08 05:00:00,78650.0,78782.8,78507.0,78675.3,3169.973
2026-09-08 05:15:00,78675.2,78850.0,78622.6,78793.4,1344.75
2026-09-08 05:30:00,78793.4,78799.1,78596.1,78596.1,1181.556
2026-09-08 05:45:00,78596.2,78691.2,78538.1,78553.0,808.449
2026-09-08 06:00:00,78553.0,78596.7,78388.0,78556.9,3674.636
2026-09-08 06:15:00,78556.9,78599.9,78320.6,78349.1,2194.093
2026-09-08 06:30:00,78349.1,78418.4,78325.8,78388.2,1124.033
2026-09-08 06:45:00,78388.3,78460.3,78225.8,78292.8,2405.599
2026-09-08 07:00:00,78292.8,78411.3,78263.6,78372.1,1188.739
2026-09-08 07:15:00,78372.2,78489.6,78340.1,78435.7,1153.715
2026-09-08 07:30:00,78435.7,78577.3,78400.4,78404.0,1590.627
2026-09-08 07:45:00,78404.1,78445.1,78133.0,78445.0,2532.252
2026-09-08 08:00:00,78445.1,78445.1,78253.2,78359.2,1146.266
2026-09-08 08:15:00,78359.2,78480.8,78277.7,78445.1,1319.698
2026-09-08 08:30:00,78445.1,78540.8,78418.8,78509.9,1242.742
2026-09-08 08:45:00,78509.9,78557.4,78351.3,78395.8,995.56
2026-09-08 09:00:00,78395.8,78470.0,78310.6,78457.0,1163.572
2026-09-08 09:15:00,78457.1,78480.2,78320.0,78445.0,1070.533
2026-09-08 09:30:00,78445.0,78757.0,78417.4,78738.0,1954.207
2026-09-08 09:45:00,78738.0,78772.4,78700.0,78728.4,1532.961
2026-09-08 10:00:00,78728.3,78728.4,78636.2,78709.9,937.361
2026-09-08 10:15:00,78709.8,78969.6,78700.0,78814.8,2363.118
2026-09-08 10:30:00,78814.9,78838.0,78619.4,78636.8,1432.599
2026-09-08 10:45:00,78636.8,78662.7,78529.4,78529.4,732.74
2026-09-08 11:00:00,78529.5,78544.5,78255.6,78280.1,2011.715
2026-09-08 11:15:00,78280.1,78462.2,78271.5,78413.1,1667.1
2026-09-08 11:30:00,78413.1,78471.7,78370.6,78407.5,1010.731
2026-09-08 11:45:00,78407.4,78435.7,78337.1,78400.0,881.198
2026-09-08 12:00:00,78400.0,78400.1,78187.3,78190.5,1609.215
2026-09-08 12:15:00,78190.4,78367.7,78190.4,78345.1,1161.736
2026-09-08 12:30:00,78345.2,78424.6,78271.1,78303.8,798.335
2026-09-08 12:45:00,78303.8,78453.3,78270.0,78419.7,1102.906
2026-09-08 13:00:00,78420.0,78512.0,78375.1,78441.9,855.929
2026-09-08 13:15:00,78442.0,78457.3,78276.6,78307.5,814.597
2026-09-08 13:30:00,78307.4,78344.7,77660.0,77816.5,10185.508
2026-09-08 13:45:00,77816.4,78069.9,77600.1,77936.5,5615.815
2026-09-08 14:00:00,77936.6,78166.5,77817.3,78123.4,3253.283
2026-09-08 14:15:00,78123.5,78354.2,78123.4,78307.1,2861.187
2026-09-08 14:30:00,78307.0,78400.0,78206.2,78379.8,1675.49
2026-09-08 14:45:00,78379.7,78591.9,78350.0,78524.8,2935.418
2026-09-08 15:00:00,78524.9,78630.6,78438.0,78608.1,1763.184
2026-09-08 15:15:00,78608.1,78680.0,78415.0,78425.5,2153.284
2026-09-08 15:30:00,78425.5,78744.9,78416.0,78680.6,2058.068
2026-09-08 15:45:00,78680.7,78871.2,78636.4,78870.0,2597.335
2026-09-08 16:00:00,78870.1,78871.0,78593.5,78616.9,1494.035
2026-09-08 16:15:00,78616.9,78646.3,78540.0,78599.8,1072.306
2026-09-08 16:30:00,78599.7,78966.0,78583.3,78759.1,1790.892
2026-09-08 16:45:00,78759.1,78846.2,78616.9,78700.0,992.951
2026-09-08 17:00:00,78699.9,78857.0,78626.6,78674.1,873.371
2026-09-08 17:15:00,78674.0,78684.1,78506.9,78559.9,855.544
2026-09-08 17:30:00,78559.9,78630.8,78492.2,78492.2,707.741
2026-09-08 17:45:00,78492.2,78610.1,78458.9,78467.9,716.606
2026-09-08 18:00:00,78467.9,78690.0,78458.4,78639.9,624.744
2026-09-08 18:15:00,78639.9,78783.0,78633.0,78697.6,470.941
2026-09-08 18:30:00,78697.7,78739.9,78541.6,78568.2,560.279
2026-09-08 18:45:00,78568.2,78619.3,78230.5,78399.1,2433.507
2026-09-08 19:00:00,78399.2,78485.0,78357.0,78433.2,954.582
2026-09-08 19:15:00,78433.1,78495.6,78308.2,78441.2,1294.232
2026-09-08 19:30:00,78441.2,78483.4,78300.0,78375.4,1102.102
2026-09-08 19:45:00,78375.4,78417.1,78285.0,78407.3,1102.112
2026-09-08 20:00:00,78407.4,78595.7,78366.2,78575.9,1077.092
2026-09-08 20:15:00,78575.8,78580.0,78412.4,78550.6,901.438
2026-09-08 20:30:00,78550.6,78550.6,78376.0,78494.3,504.255
2026-09-08 20:45:00,78494.4,78525.0,78431.1,78447.9,469.866
2026-09-08 21:00:00,78447.9,78540.2,78422.4,78519.3,400.512
2026-09-08 21:15:00,78519.3,78586.6,78468.0,78495.5,642.985
2026-09-08 21:30:00,78495.6,78532.6,78403.5,78488.2,562.629
2026-09-08 21:45:00,78488.1,78501.3,78360.2,78458.7,255.572
2026-09-08 22:00:00,78458.7,78658.6,78420.7,78475.1,905.843
2026-09-08 22:15:00,78475.2,78549.6,78437.0,78464.3,470.765
2026-09-08 22:30:00,78464.4,78503.7,78430.6,78456.8,406.883
2026-09-08 22:45:00,78456.8,78552.8,78456.7,78526.1,692.226
2026-09-08 23:00:00,78526.2,78543.5,78431.7,78465.7,515.042
2026-09-08 23:15:00,78465.6,78475.4,78388.4,78432.6,405.656
2026-09-08 23:30:00,78432.5,78440.0,78406.8,78414.8,276.583
2026-09-08 23:45:00,78414.8,78444.3,78375.8,78425.6,400.836
2026-09-09 00:00:00,78425.6,78705.8,78425.6,78685.6,758.372
2026-09-09 00:15:00,78685.5,78714.2,78565.5,78595.7,519.512
2026-09-09 00:30:00,78595.7,78666.6,78535.2,78666.6,287.421
2026-09-09 00:45:00,78666.5,78759.1,78666.5,78746.0,532.788
2026-09-09 01:00:00,78746.0,78831.8,78661.2,78707.5,1108.908
2026-09-09 01:15:00,78707.6,78740.0,78592.7,78694.9,1110.033
2026-09-09 01:30:00,78694.9,78840.1,78659.8,78801.7,467.212
2026-09-09 01:45:00,78801.7,78860.0,78768.7,78848.9,1160.298
2026-09-09 02:00:00,78848.8,78899.0,78761.5,78761.9,1042.344
2026-09-09 02:15:00,78761.9,78798.9,78645.0,78791.5,905.792
2026-09-09 02:30:00,78791.5,78805.0,78718.1,78760.9,181.083
2026-09-09 02:45:00,78760.9,78770.0,78689.4,78689.5,199.601
2026-09-09 03:00:00,78689.4,78689.5,78550.4,78555.0,1408.874
2026-09-09 03:15:00,78555.0,78587.9,78502.0,78543.0,598.895
2026-09-09 03:30:00,78542.9,78633.0,78536.2,78611.9,420.668
2026-09-09 03:45:00,78611.9,78647.7,78564.6,78593.7,365.893
2026-09-09 04:00:00,78593.7,78913.0,78593.7,78806.3,1793.157
2026-09-09 04:15:00,78806.2,78916.8,78741.6,78853.3,589.405
2026-09-09 04:30:00,78853.2,79180.0,78838.5,79159.5,2070.663
2026-09-09 04:45:00,79159.5,79186.0,79037.7,79136.0,1845.924
2026-09-09 05:00:00,79135.9,79323.0,79020.7,79245.8,3394.11
2026-09-09 05:15:00,79245.8,79343.7,79093.4,79093.5,2824.061
2026-09-09 05:30:00,79093.5,79106.6,78857.9,78887.8,1939.27
2026-09-09 05:45:00,78887.8,78930.9,78802.0,78906.5,1014.571
2026-09-09 06:00:00,78906.5,79108.5,78823.2,79085.4,1342.437
2026-09-09 06:15:00,79085.4,79259.9,79063.2,79122.0,945.72
2026-09-09 06:30:00,79122.1,79200.0,79102.9,79156.2,745.26
2026-09-09 06:45:00,79156.2,79172.0,79080.6,79125.5,541.081
2026-09-09 07:00:00,79125.5,79376.4,79119.3,79219.4,1640.964
2026-09-09 07:15:00,79219.5,79268.3,79193.5,79246.8,647.401
2026-09-09 07:30:00,79247.0,79261.6,79135.4,79165.5,559.429
2026-09-09 07:45:00,79165.6,79255.0,79161.4,79246.0,479.762
2026-09-09 08:00:00,79246.0,79543.3,79231.5,79377.9,2721.139
2026-09-09 08:15:00,79377.9,79680.6,79358.3,79650.7,2245.356
2026-09-09 08:30:00,79650.7,79737.3,79494.8,79609.6,2306.573
2026-09-09 08:45:00,79609.7,79673.2,79555.0,79660.5,889.134
2026-09-09 09:00:00,79660.5,79680.3,79432.8,79499.0,1449.918
2026-09-09 09:15:00,79499.1,79518.6,79376.7,79388.0,582.022
2026-09-09 09:30:00,79387.9,79407.0,79025.3,79040.1,2684.562
2026-09-09 09:45:00,79040.1,79100.1,78856.3,78913.1,3063.45
2026-09-09 10:00:00,78913.1,79013.5,78900.0,78960.5,1640.279
2026-09-09 10:15:00,78960.6,79090.9,78886.3,79044.8,1137.946
2026-09-09 10:30:00,79044.8,79149.7,79022.5,79038.3,1118.787
2026-09-09 10:45:00,79038.2,79038.3,78837.1,78882.4,1394.801
2026-09-09 11:00:00,78882.5,78925.0,78690.3,78842.9,2026.808
2026-09-09 11:15:00,78843.0,78968.5,78773.6,78963.5,983.026
2026-09-09 11:30:00,78963.5,79078.0,78925.0,78989.1,1285.929
2026-09-09 11:45:00,78989.0,79346.8,78989.0,79281.7,2542.439
2026-09-09 12:00:00,79281.6,79407.5,79233.8,79346.0,1927.177
2026-09-09 12:15:00,79345.9,79414.8,79272.5,79369.3,1071.265
2026-09-09 12:30:00,79369.3,79576.4,79365.0,79480.4,1596.373
2026-09-09 12:45:00,79480.4,79635.9,79480.4,79566.3,2108.714
2026-09-09 13:00:00,79566.4,79589.3,79437.8,79478.1,2498.757
2026-09-09 13:15:00,79478.0,79616.6,79418.4,79586.0,1496.235
2026-09-09 13:30:00,79586.0,79648.1,79070.1,79211.2,3753.64
2026-09-09 13:45:00,79211.1,79361.1,79070.0,79104.5,1767.198
2026-09-09 14:00:00,79104.5,79174.7,78855.9,79049.7,5794.813
2026-09-09 14:15:00,79049.7,79240.0,78845.0,79240.0,2869.518
2026-09-09 14:30:00,79239.9,79380.0,78924.9,78968.3,2273.245
2026-09-09 14:45:00,78968.2,79104.0,78864.7,78932.2,2038.758
2026-09-09 15:00:00,78932.1,79363.8,78213.1,78441.0,12254.6
2026-09-09 15:15:00,78441.1,78596.7,78020.0,78344.1,6780.972
2026-09-09 15:30:00,78344.0,78719.4,78303.1,78615.0,3830.501
2026-09-09 15:45:00,78615.0,78661.8,78522.2,78570.0,1359.111
2026-09-09 16:00:00,78569.9,78759.5,78462.6,78635.2,1899.372
2026-09-09 16:15:00,78635.3,78638.5,78411.3,78608.8,1265.819
2026-09-09 16:30:00,78608.8,78942.1,78608.8,78773.8,2803.38
2026-09-09 16:45:00,78773.8,78786.0,78702.0,78769.6,688.448
2026-09-09 17:00:00,78769.6,78888.0,78688.1,78837.7,1047.066
2026-09-09 17:15:00,78837.7,78902.3,78756.2,78821.9,847.99
2026-09-09 17:30:00,78821.9,78835.8,78650.2,78667.3,1418.523
2026-09-09 17:45:00,78667.3,78787.2,78616.0,78737.9,1309.7
2026-09-09 18:00:00,78737.9,78760.2,78562.6,78574.8,638.929
2026-09-09 18:15:00,78574.9,78614.4,78532.9,78594.6,621.763
2026-09-09 18:30:00,78594.5,78615.5,78456.9,78504.4,988.87
2026-09-09 18:45:00,78504.4,78534.0,78357.8,78383.9,1317.932
2026-09-09 19:00:00,78383.9,78456.9,78304.6,78450.1,1533.889
2026-09-09 19:15:00,78450.2,78549.5,78435.0,78494.4,639.188
2026-09-09 19:30:00,78494.4,78516.4,78254.0,78264.9,1108.666
2026-09-09 19:45:00,78265.0,78300.9,78112.0,78194.4,1444.675
2026-09-09 20:00:00,78194.4,78265.2,78147.8,78216.5,809.81
2026-09-09 20:15:00,78216.4,78302.8,77884.7,78069.3,2393.639
2026-09-09 20:30:00,78069.2,78279.1,78061.1,78241.4,1061.93
2026-09-09 20:45:00,78241.4,78295.0,78059.3,78282.0,988.018
2026-09-09 21:00:00,78281.9,78307.7,78131.8,78210.6,638.508
2026-09-09 21:15:00,78210.7,78262.0,78093.5,78247.0,577.038
2026-09-09 21:30:00,78247.0,78247.0,78104.0,78210.1,502.276
2026-09-09 21:45:00,78210.0,78210.1,77946.9,78109.8,909.17
2026-09-09 22:00:00,78109.8,78160.0,77720.9,77824.7,3169.616
2026-09-09 22:15:00,77824.8,78024.8,77706.1,77994.6,1585.998
2026-09-09 22:30:00,77994.6,78023.4,77894.4,77999.6,816.948
2026-09-09 22:45:00,77999.6,78015.2,77874.6,77885.1,1345.77
2026-09-09 23:00:00,77885.2,78170.2,77880.0,78116.8,1302.466
2026-09-09 23:15:00,78116.8,78155.4,78058.2,78154.5,527.213
2026-09-09 23:30:00,78154.5,78230.1,78136.2,78187.6,772.72
2026-09-09 23:45:00,78187.5,78287.1,78183.2,78264.1,719.728
2026-09-10 00:00:00,78264.0,78371.9,78227.1,78236.0,1726.323
2026-09-10 00:15:00,78236.1,78304.7,78179.6,78291.6,1027.992
2026-09-10 00:30:00,78291.6,78291.7,78130.0,78130.0,660.72
2026-09-10 00:45:00,78130.1,78222.3,78062.3,78137.6,1317.698
2026-09-10 01:00:00,78137.5,78482.6,78129.0,78304.9,1696.482
2026-09-10 01:15:00,78304.8,78311.4,78129.0,78131.4,728.873
2026-09-10 01:30:00,78131.3,78217.1,77912.2,78141.4,2281.717
2026-09-10 01:45:00,78141.4,78141.4,77958.4,78061.0,1561.035
2026-09-10 02:00:00,78061.1,78071.3,77972.6,78016.0,818.875
2026-09-10 02:15:00,78016.0,78039.4,77951.5,77991.0,818.182
2026-09-10 02:30:00,77991.0,78238.7,77973.6,78230.5,1076.426
2026-09-10 02:45:00,78230.4,78340.0,78222.4,78323.7,917.867
2026-09-10 03:00:00,78323.7,78543.9,78303.7,78350.0,2629.41
2026-09-10 03:15:00,78350.0,78374.1,78274.6,78364.1,1074.703
2026-09-10 03:30:00,78364.2,78429.0,78299.0,78342.0,718.242
2026-09-10 03:45:00,78341.9,78419.6,78242.6,78297.4,578.54
2026-09-10 04:00:00,78297.4,78372.9,78272.1,78311.8,521.78
2026-09-10 04:15:00,78311.7,78400.0,78311.7,78351.1,459.284
2026-09-10 04:30:00,78351.1,78380.4,78304.1,78304.1,403.868
2026-09-10 04:45:00,78304.1,78410.8,78270.0,78376.2,546.213
2026-09-10 05:00:00,78376.2,78468.1,78245.8,78443.4,950.078
2026-09-10 05:15:00,78443.4,78487.9,78329.8,78444.1,739.711
2026-09-10 05:30:00,78444.1,78492.0,78372.9,78390.0,843.902
2026-09-10 05:45:00,78390.0,78542.0,78376.9,78503.4,1514.021
2026-09-10 06:00:00,78503.5,78510.0,78270.0,78279.0,738.529
2026-09-10 06:15:00,78278.9,78279.0,78127.7,78181.5,1405.86
2026-09-10 06:30:00,78181.4,78233.6,78122.2,78165.9,1054.036
2026-09-10 06:45:00,78166.0,78496.1,78165.9,78388.7,1507.282
2026-09-10 07:00:00,78388.8,78393.9,78120.8,78180.1,1947.693
2026-09-10 07:15:00,78180.1,78186.8,77983.3,77986.5,1495.944
2026-09-10 07:30:00,77986.4,78011.5,77867.5,77980.9,2366.471
2026-09-10 07:45:00,77980.9,78119.9,77973.3,78071.1,1252.26
2026-09-10 08:00:00,78071.0,78122.3,78020.3,78039.9,921.735
2026-09-10 08:15:00,78040.0,78133.8,78000.7,78130.5,683.78
2026-09-10 08:30:00,78130.5,78132.8,77991.3,78073.0,568.747
2026-09-10 08:45:00,78073.0,78136.2,78050.0,78072.8,616.72
2026-09-10 09:00:00,78072.9,78186.5,78072.8,78121.1,530.138
2026-09-10 09:15:00,78121.2,78195.7,78108.7,78174.6,541.542
2026-09-10 09:30:00,78174.6,78174.6,77893.6,77932.0,1534.812
2026-09-10 09:45:00,77932.0,77997.5,77920.0,77964.1,687.487
2026-09-10 10:00:00,77964.1,78010.7,77924.2,77959.8,690.117
2026-09-10 10:15:00,77959.9,77995.2,77900.0,77954.9,421.944
2026-09-10 10:30:00,77954.9,78017.8,77790.1,77962.3,1380.207
2026-09-10 10:45:00,77962.2,78013.1,77837.0,77837.0,734.806
2026-09-10 11:00:00,77837.0,77895.6,77651.4,77895.5,2561.974
2026-09-10 11:15:00,77895.6,78028.8,77894.7,77979.9,990.183
2026-09-10 11:30:00,77980.0,78025.5,77952.5,77977.3,717.379
2026-09-10 11:45:00,77977.2,77999.5,77800.4,77816.4,947.873
2026-09-10 12:00:00,77816.2,77861.8,77689.5,77801.3,1901.027
2026-09-10 12:15:00,77801.2,77815.3,77634.9,77779.7,1807.717
2026-09-10 12:30:00,77782.2,77935.8,77008.0,77104.2,15930.443
2026-09-10 12:45:00,77104.2,77144.0,76634.3,76859.9,11338.612
2026-09-10 13:00:00,76859.9,77062.7,76736.0,76800.0,4071.052
2026-09-10 13:15:00,76800.0,76940.3,76692.3,76893.1,3801.871
2026-09-10 13:30:00,76893.0,77070.7,76730.0,76903.5,4439.6
2026-09-10 13:45:00,76903.4,77207.4,76880.9,77137.6,2980.172
2026-09-10 14:00:00,77137.7,77312.0,76926.1,77055.5,3042.297
2026-09-10 14:15:00,77055.5,77349.0,76922.7,77245.6,2627.967
2026-09-10 14:30:00,77245.7,77330.0,77204.4,77252.4,1482.995
2026-09-10 14:45:00,77252.4,77393.9,77231.8,77376.4,1296.462
2026-09-10 15:00:00,77376.3,77381.1,77205.4,77305.7,1150.246
2026-09-10 15:15:00,77305.7,77319.0,77066.2,77075.7,1289.35
2026-09-10 15:30:00,77075.7,77313.4,77059.1,77186.3,1018.42
2026-09-10 15:45:00,77186.3,77222.4,77078.7,77218.5,978.049
2026-09-10 16:00:00,77218.6,77280.0,76876.2,76953.0,1857.314
2026-09-10 16:15:00,76953.0,77049.6,76841.7,76895.1,1469.543
2026-09-10 16:30:00,76895.1,77030.2,76760.0,77007.3,1454.455
2026-09-10 16:45:00,77007.4,77203.8,77007.4,77172.0,1181.212
2026-09-10 17:00:00,77172.1,77223.7,77092.8,77150.1,865.852
2026-09-10 17:15:00,77150.2,77311.7,77104.9,77296.2,1538.76
2026-09-10 17:30:00,77296.1,77518.6,77282.6,77334.5,2407.09
2026-09-10 17:45:00,77334.4,77407.1,77291.1,77296.6,578.449
2026-09-10 18:00:00,77296.6,77312.2,76942.6,76980.1,1524.461
2026-09-10 18:15:00,76980.1,77127.8,76970.8,77043.8,904.05
2026-09-10 18:30:00,77043.7,77135.1,77019.1,77129.7,451.813
2026-09-10 18:45:00,77129.7,77269.6,77061.3,77222.7,722.867
2026-09-10 19:00:00,77222.7,77222.7,77089.3,77142.6,428.371
2026-09-10 19:15:00,77142.6,77226.1,77073.3,77165.1,502.824
2026-09-10 19:30:00,77165.2,77270.1,77072.7,77226.7,641.874
2026-09-10 19:45:00,77226.8,77232.7,77044.0,77129.1,639.281
2026-09-10 20:00:00,77129.2,77293.9,77070.5,77293.8,501.646
2026-09-10 20:15:00,77293.9,77316.0,77216.5,77248.3,457.209
2026-09-10 20:30:00,77248.3,77263.9,77193.5,77260.7,364.405
2026-09-10 20:45:00,77260.7,77267.1,77181.5,77233.2,324.817
2026-09-10 21:00:00,77233.3,77269.7,77186.6,77218.0,489.008
2026-09-10 21:15:00,77218.1,77218.1,77156.6,77195.1,281.499
2026-09-10 21:30:00,77195.1,77200.0,77057.7,77119.6,460.441
2026-09-10 21:45:00,77119.5,77167.8,77089.6,77113.5,527.271
2026-09-10 22:00:00,77113.6,77158.4,77035.6,77107.6,542.282
2026-09-10 22:15:00,77107.5,77182.5,77028.7,77028.7,354.451
2026-09-10 22:30:00,77028.8,77044.6,76789.0,76819.0,1429.788
2026-09-10 22:45:00,76819.1,76934.5,76772.7,76794.1,1029.543
2026-09-10 23:00:00,76794.0,76840.8,76402.9,76473.6,3898.585
2026-09-10 23:15:00,76473.6,76751.6,76406.1,76693.8,1673.864
2026-09-10 23:30:00,76693.9,76781.7,76670.0,76734.1,796.292
2026-09-10 23:45:00,76734.1,76744.8,76500.2,76535.7,1329.83
2026-09-11 00:00:00,76535.6,76822.7,76525.0,76785.9,1738.761
2026-09-11 00:15:00,76785.8,76845.6,76735.8,76818.0,1408.083
2026-09-11 00:30:00,76818.0,76818.1,76653.8,76732.1,839.512
2026-09-11 00:45:00,76732.1,76905.3,76710.0,76881.0,696.369
2026-09-11 01:00:00,76881.0,76979.0,76860.0,76870.5,659.929
2026-09-11 01:15:00,76870.5,76925.0,76758.1,76777.9,760.989
2026-09-11 01:30:00,76777.9,76890.9,76637.5,76864.9,1611.744
2026-09-11 01:45:00,76864.9,76946.9,76765.5,76946.8,605.633
2026-09-11 02:00:00,76946.8,76988.0,76866.0,76955.3,813.667
2026-09-11 02:15:00,76955.3,76955.3,76738.0,76775.9,529.286
2026-09-11 02:30:00,76775.9,76900.0,76744.5,76836.3,404.597
2026-09-11 02:45:00,76836.2,76900.0,76773.3,76813.3,302.296
2026-09-11 03:00:00,76813.3,76862.7,76667.0,76854.0,1196.193
2026-09-11 03:15:00,76854.1,76864.0,76725.9,76786.6,521.018
2026-09-11 03:30:00,76786.6,76862.7,76671.3,76845.5,1501.27
2026-09-11 03:45:00,76845.6,76860.8,76738.2,76860.8,948.276
2026-09-11 04:00:00,76860.9,76967.4,76850.0,76943.4,837.537
2026-09-11 04:15:00,76943.4,77165.9,76904.0,77144.7,1595.023
2026-09-11 04:30:00,77144.7,77166.6,77055.9,77065.0,564.052
2026-09-11 04:45:00,77064.9,77122.6,77058.8,77076.5,287.202
2026-09-11 05:00:00,77076.5,77130.0,77029.5,77107.7,537.419
2026-09-11 05:15:00,77107.7,77119.5,77051.3,77061.6,346.626
2026-09-11 05:30:00,77061.6,77164.5,77044.9,77162.7,608.694
2026-09-11 05:45:00,77162.8,77227.4,77125.8,77220.2,571.054
2026-09-11 06:00:00,77220.2,77400.0,77193.3,77367.5,1195.959
2026-09-11 06:15:00,77367.5,77367.5,77214.2,77238.6,856.072
2026-09-11 06:30:00,77238.6,77238.6,77140.2,77207.0,507.956
2026-09-11 06:45:00,77207.0,77265.2,77207.0,77263.9,330.764
2026-09-11 07:00:00,77264.0,77357.0,77250.6,77274.8,502.543
2026-09-11 07:15:00,77274.9,77373.6,77248.7,77297.4,821.101
2026-09-11 07:30:00,77297.3,77306.0,77215.9,77225.9,771.177
2026-09-11 07:45:00,77225.9,77231.1,77160.0,77188.1,639.432
2026-09-11 08:00:00,77188.2,77230.0,77100.5,77149.0,817.863
2026-09-11 08:15:00,77149.0,77430.0,77149.0,77356.0,1332.806
2026-09-11 08:30:00,77355.9,77469.3,77320.0,77381.3,1060.849
2026-09-11 08:45:00,77381.2,77382.3,77283.6,77324.1,381.8
2026-09-11 09:00:00,77324.1,77332.7,77222.8,77241.0,415.144
2026-09-11 09:15:00,77241.1,77257.4,77104.6,77104.6,500.168
2026-09-11 09:30:00,77104.7,77130.7,76818.1,76931.4,2467.218
2026-09-11 09:45:00,76931.4,77030.8,76925.4,77001.2,818.47
2026-09-11 10:00:00,77001.1,77129.7,76931.7,77046.8,1131.697
2026-09-11 10:15:00,77046.8,77101.5,76999.8,76999.8,538.342
2026-09-11 10:30:00,76999.8,77021.4,76923.9,76982.3,717.895
2026-09-11 10:45:00,76982.3,77011.8,76960.1,76960.1,367.284
2026-09-11 11:00:00,76960.2,76963.6,76721.9,76756.3,2060.936
2026-09-11 11:15:00,76756.3,76880.0,76699.1,76815.0,1036.526
2026-09-11 11:30:00,76815.1,76880.0,76755.0,76880.0,647.82
2026-09-11 11:45:00,76879.9,77013.9,76862.6,77000.1,939.533
2026-09-11 12:00:00,77000.1,77093.5,76868.6,76884.3,1044.376
2026-09-11 12:15:00,76884.3,77379.7,76862.2,77058.0,5381.421
2026-09-11 12:30:00,77058.0,77671.4,76000.3,77558.1,28314.806
2026-09-11 12:45:00,77558.1,78115.4,77527.8,77992.7,10874.863
2026-09-11 13:00:00,77992.7,77997.1,77526.4,77700.0,4509.238
2026-09-11 13:15:00,77700.0,77805.5,77464.6,77486.7,2227.213
2026-09-11 13:30:00,77486.6,77900.0,77211.4,77836.1,7231.415
2026-09-11 13:45:00,77836.1,79300.7,77720.0,79208.0,16077.09
2026-09-11 14:00:00,79208.0,79859.8,78765.1,79027.8,15673.522
2026-09-11 14:15:00,79027.9,79150.7,78899.3,78998.6,4109.379
2026-09-11 14:30:00,78998.6,79005.6,78520.0,78623.4,4817.008
2026-09-11 14:45:00,78623.5,78839.2,78470.6,78757.7,3336.234
2026-09-11 15:00:00,78757.8,78810.6,78458.2,78467.7,2011.086
2026-09-11 15:15:00,78467.6,78744.2,78432.1,78674.6,1745.015
2026-09-11 15:30:00,78674.5,78793.8,78600.0,78613.3,1210.744
2026-09-11 15:45:00,78613.4,78623.0,77263.3,77682.9,12128.39
2026-09-11 16:00:00,77682.9,78031.2,77599.9,77755.0,5832.201
2026-09-11 16:15:00,77755.0,77797.5,77300.0,77635.2,4492.005
2026-09-11 16:30:00,77635.3,77765.2,77495.2,77765.2,1213.64
2026-09-11 16:45:00,77765.2,77957.7,77758.3,77873.0,2076.974
2026-09-11 17:00:00,77873.0,77924.1,77707.6,77714.5,1232.055
2026-09-11 17:15:00,77714.5,77874.1,77652.3,77800.1,584.317
2026-09-11 17:30:00,77800.0,77834.6,77537.4,77571.3,1020.717
2026-09-11 17:45:00,77571.2,77598.0,77450.0,77493.9,784.314
2026-09-11 18:00:00,77494.0,77509.1,76837.8,77049.7,5655.737
2026-09-11 18:15:00,77049.7,77214.9,77013.3,77173.6,1496.083
2026-09-11 18:30:00,77173.6,77257.3,77064.3,77078.6,960.208
2026-09-11 18:45:00,77078.7,77180.4,76913.5,77020.7,1176.561
2026-09-11 19:00:00,77020.7,77207.8,76967.0,77174.9,959.141
2026-09-11 19:15:00,77174.8,77255.2,77050.0,77192.9,678.59
2026-09-11 19:30:00,77192.9,77301.1,77153.4,77271.1,818.735
2026-09-11 19:45:00,77271.1,77339.1,77207.0,77250.7,957.498
2026-09-11 20:00:00,77250.6,77495.3,77242.0,77421.5,1786.592
2026-09-11 20:15:00,77421.6,77421.6,77331.7,77354.7,457.833
2026-09-11 20:30:00,77354.8,77429.6,77240.5,77378.4,770.969
2026-09-11 20:45:00,77378.4,77386.8,77162.7,77295.6,787.816
2026-09-11 21:00:00,77295.7,77396.9,77280.0,77336.3,503.589
2026-09-11 21:15:00,77336.5,77397.0,77312.2,77331.4,289.904
2026-09-11 21:30:00,77331.4,77366.8,77294.3,77309.9,313.175
2026-09-11 21:45:00,77310.0,77321.8,77038.7,77080.3,738.058
2026-09-11 22:00:00,77080.3,77149.0,76942.7,77149.0,1305.665
2026-09-11 22:15:00,77148.9,77208.2,77070.0,77089.3,1154.647
2026-09-11 22:30:00,77089.2,77175.4,76953.4,77088.2,1494.27
2026-09-11 22:45:00,77088.3,77130.4,76960.7,77110.1,1735.81
2026-09-11 23:00:00,77110.0,77189.8,77085.3,77097.5,2190.103
2026-09-11 23:15:00,77097.5,77163.2,77097.5,77160.0,529.85
2026-09-11 23:30:00,77160.0,77190.2,77107.3,77146.0,1507.487
2026-09-11 23:45:00,77146.0,77195.3,77133.2,77191.1,364.329
2026-09-12 00:00:00,77191.1,77275.0,77170.3,77258.2,1287.159
2026-09-12 00:15:00,77258.2,77277.4,77240.6,77240.6,440.842
2026-09-12 00:30:00,77240.6,77259.1,77205.4,77248.6,439.619
2026-09-12 00:45:00,77248.6,77287.9,77235.4,77251.8,492.898
2026-09-12 01:00:00,77251.7,77336.7,77220.0,77336.7,496.51
2026-09-12 01:15:00,77336.6,77346.8,77260.0,77287.3,373.247
2026-09-12 01:30:00,77287.4,77288.1,77224.0,77241.9,242.532
2026-09-12 01:45:00,77242.0,77300.0,77224.2,77236.4,515.944
2026-09-12 02:00:00,77236.3,77290.8,77231.9,77265.7,198.899
2026-09-12 02:15:00,77265.7,77293.5,77239.8,77250.4,277.025
2026-09-12 02:30:00,77250.4,77257.7,77176.5,77194.4,415.405
2026-09-12 02:45:00,77194.5,77284.8,77180.0,77248.4,571.802
2026-09-12 03:00:00,77248.4,77315.0,77216.5,77244.0,321.943
2026-09-12 03:15:00,77244.0,77280.0,77195.5,77249.5,379.205
2026-09-12 03:30:00,77249.4,77249.5,77201.6,77214.8,151.264
2026-09-12 03:45:00,77214.8,77242.4,77203.7,77236.8,119.187
2026-09-12 04:00:00,77236.8,77288.8,77236.8,77257.3,240.891
2026-09-12 04:15:00,77257.3,77261.1,77185.6,77220.9,281.33
2026-09-12 04:30:00,77220.9,77261.7,77206.6,77213.2,568.241
2026-09-12 04:45:00,77213.1,77233.1,77186.2,77186.4,247.403
2026-09-12 05:00:00,77186.4,77206.9,77129.0,77190.8,992.505
2026-09-12 05:15:00,77190.9,77206.7,77154.5,77157.4,476.338
2026-09-12 05:30:00,77157.5,77226.2,77152.2,77199.9,357.878
2026-09-12 05:45:00,77199.9,77222.8,77176.9,77177.7,696.211
2026-09-12 06:00:00,77177.7,77199.5,77174.6,77178.4,219.533
2026-09-12 06:15:00,77178.4,77205.9,77178.4,77205.7,94.294
2026-09-12 06:30:00,77205.8,77297.9,77205.8,77286.8,367.238
2026-09-12 06:45:00,77286.8,77327.1,77258.0,77260.1,399.641
2026-09-12 07:00:00,77260.1,77310.0,77260.0,77304.4,212.267
2026-09-12 07:15:00,77304.4,77304.4,77268.6,77271.5,300.544
2026-09-12 07:30:00,77271.5,77271.6,77242.6,77243.9,276.612
2026-09-12 07:45:00,77243.9,77272.9,77223.9,77236.9,658.147
2026-09-12 08:00:00,77236.8,77311.0,77220.8,77264.9,854.589
2026-09-12 08:15:00,77264.9,77308.5,77255.2,77267.3,287.144
2026-09-12 08:30:00,77267.4,77311.4,77267.3,77310.7,213.609
2026-09-12 08:45:00,77310.6,77339.9,77290.5,77325.1,636.275
2026-09-12 09:00:00,77325.1,77350.0,77302.3,77336.9,516.889
2026-09-12 09:15:00,77336.9,77350.0,77310.6,77337.0,400.096
2026-09-12 09:30:00,77337.1,77347.9,77291.1,77306.2,346.17
2026-09-12 09:45:00,77306.3,77335.4,77295.9,77320.0,219.506
2026-09-12 10:00:00,77319.9,77369.3,77319.9,77365.6,219.123
2026-09-12 10:15:00,77365.6,77365.6,77338.3,77342.1,236.088
2026-09-12 10:30:00,77342.1,77342.1,77314.2,77332.0,236.034
2026-09-12 10:45:00,77332.0,77349.8,77271.3,77298.6,347.566
2026-09-12 11:00:00,77298.7,77317.0,77277.1,77297.3,264.703
2026-09-12 11:15:00,77297.3,77297.3,77260.0,77264.4,219.157
2026-09-12 11:30:00,77264.5,77321.7,77261.1,77313.5,211.399
2026-09-12 11:45:00,77313.5,77331.8,77313.4,77325.8,123.878
2026-09-12 12:00:00,77325.8,77333.5,77279.0,77293.4,269.322
2026-09-12 12:15:00,77293.4,77315.3,77272.9,77294.4,446.163
2026-09-12 12:30:00,77294.4,77313.6,77292.3,77292.4,216.302
2026-09-12 12:45:00,77292.3,77310.3,77250.3,77294.9,560.641
2026-09-12 13:00:00,77294.9,77364.5,77266.6,77284.0,982.618
2026-09-12 13:15:00,77284.1,77286.4,77208.0,77268.8,1188.21
2026-09-12 13:30:00,77268.8,77296.1,77228.3,77265.5,559.731
2026-09-12 13:45:00,77265.5,77329.4,77234.8,77329.2,312.413
2026-09-12 14:00:00,77329.1,77355.4,77329.1,77333.9,245.336
2026-09-12 14:15:00,77334.0,77395.5,77333.9,77394.1,413.986
2026-09-12 14:30:00,77394.0,77449.8,77394.0,77413.0,631.99
2026-09-12 14:45:00,77413.0,77477.4,77413.0,77430.5,683.125
2026-09-12 15:00:00,77430.4,77433.8,77377.8,77396.8,417.198
2026-09-12 15:15:00,77396.7,77449.2,77391.2,77419.0,420.435
2026-09-12 15:30:00,77419.1,77420.2,77336.7,77366.7,393.49
2026-09-12 15:45:00,77366.8,77409.3,77339.7,77343.7,573.314
2026-09-12 16:00:00,77343.7,77384.9,77294.2,77334.0,366.869
2026-09-12 16:15:00,77334.0,77349.6,77334.0,77349.6,127.056
2026-09-12 16:30:00,77349.5,77353.8,77321.8,77327.5,197.574
2026-09-12 16:45:00,77327.6,77349.6,77301.8,77326.1,576.055
2026-09-12 17:00:00,77326.2,77365.6,77306.3,77324.3,245.058
2026-09-12 17:15:00,77324.3,77329.9,77220.6,77262.9,456.329
2026-09-12 17:30:00,77262.9,77262.9,77172.5,77202.1,719.745
2026-09-12 17:45:00,77202.1,77202.1,77140.4,77173.5,780.995
2026-09-12 18:00:00,77173.6,77190.1,77132.9,77133.0,539.837
2026-09-12 18:15:00,77133.0,77174.5,77076.4,77168.7,652.971
2026-09-12 18:30:00,77168.7,77168.7,77085.3,77153.0,405.347
2026-09-12 18:45:00,77153.1,77153.1,77095.6,77105.7,251.1
2026-09-12 19:00:00,77105.7,77152.9,77091.3,77141.6,520.996
2026-09-12 19:15:00,77141.7,77157.6,77090.0,77093.2,1078.334
2026-09-12 19:30:00,77093.3,77114.7,77025.1,77040.6,753.987
2026-09-12 19:45:00,77040.7,77127.6,77040.6,77084.1,362.115
2026-09-12 20:00:00,77084.1,77146.3,77084.1,77143.9,272.434
2026-09-12 20:15:00,77143.9,77175.1,77125.3,77158.0,483.671
2026-09-12 20:30:00,77157.9,77183.2,77120.0,77142.2,776.36
2026-09-12 20:45:00,77142.2,77187.9,77119.5,77129.2,395.572
2026-09-12 21:00:00,77129.3,77203.8,77100.3,77128.4,697.977
2026-09-12 21:15:00,77128.4,77172.8,77128.3,77172.7,168.549
2026-09-12 21:30:00,77172.7,77229.0,77172.7,77200.7,422.328
2026-09-12 21:45:00,77200.7,77238.4,77167.2,77218.4,402.388
2026-09-12 22:00:00,77218.3,77275.7,77169.6,77226.7,480.829
2026-09-12 22:15:00,77226.6,77273.3,77144.5,77165.3,399.744
2026-09-12 22:30:00,77165.4,77202.2,77147.1,77156.7,216.394
2026-09-12 22:45:00,77156.8,77208.7,77156.7,77195.3,136.203
2026-09-12 23:00:00,77195.3,77250.3,77195.2,77242.0,347.834
2026-09-12 23:15:00,77241.9,77252.0,77202.6,77220.5,250.895
2026-09-12 23:30:00,77220.5,77230.5,77192.6,77220.0,256.035
2026-09-12 23:45:00,77219.9,77259.1,77219.9,77242.8,226.045
2026-09-13 00:00:00,77242.8,77275.4,77224.9,77238.7,250.383
2026-09-13 00:15:00,77238.7,77251.9,77227.6,77232.2,146.255
2026-09-13 00:30:00,77232.1,77232.2,77110.7,77182.2,402.55
2026-09-13 00:45:00,77182.3,77255.2,77182.2,77239.5,217.881
2026-09-13 01:00:00,77239.5,77269.9,77218.5,77248.9,495.108
2026-09-13 01:15:00,77248.8,77321.0,77221.7,77222.0,789.539
2026-09-13 01:30:00,77222.0,77272.7,77207.2,77261.2,240.925
2026-09-13 01:45:00,77261.2,77290.0,77239.0,77285.5,330.29
2026-09-13 02:00:00,77285.6,77285.6,77235.5,77255.8,294.054
2026-09-13 02:15:00,77255.8,77270.1,77218.0,77233.5,142.15
2026-09-13 02:30:00,77233.4,77283.8,77208.4,77268.4,472.2
2026-09-13 02:45:00,77268.4,77287.0,77251.1,77263.9,284.346
2026-09-13 03:00:00,77263.9,77287.9,77235.5,77252.0,391.93
2026-09-13 03:15:00,77252.0,77252.7,77209.0,77227.3,344.337
2026-09-13 03:30:00,77227.3,77227.4,77166.0,77188.3,373.955
2026-09-13 03:45:00,77188.3,77193.9,77150.9,77162.2,462.609
2026-09-13 04:00:00,77162.3,77227.7,77155.5,77176.3,389.621
2026-09-13 04:15:00,77176.2,77226.6,77176.2,77193.4,217.585
2026-09-13 04:30:00,77193.4,77204.4,77177.5,77182.4,84.596
2026-09-13 04:45:00,77182.5,77194.4,77165.3,77179.0,197.262
2026-09-13 05:00:00,77179.0,77212.0,77179.0,77211.0,216.361
2026-09-13 05:15:00,77211.0,77250.0,77211.0,77250.0,225.943
2026-09-13 05:30:00,77250.0,77272.3,77249.9,77272.2,174.689
2026-09-13 05:45:00,77272.3,77290.0,77272.2,77280.7,227.039
2026-09-13 06:00:00,77280.7,77291.2,77264.3,77265.5,465.912
2026-09-13 06:15:00,77265.5,77273.7,77250.0,77262.4,252.077
2026-09-13 06:30:00,77262.4,77268.2,77229.7,77259.5,529.908
2026-09-13 06:45:00,77259.5,77259.5,77003.4,77082.0,1110.434
2026-09-13 07:00:00,77082.1,77130.8,77056.0,77129.9,563.852
2026-09-13 07:15:00,77129.8,77136.4,77083.5,77106.1,335.344
2026-09-13 07:30:00,77106.1,77133.7,77052.1,77126.6,574.861
2026-09-13 07:45:00,77126.5,77132.5,77054.2,77087.7,395.527
2026-09-13 08:00:00,77087.6,77146.4,76999.7,77029.6,1305.456
2026-09-13 08:15:00,77029.6,77029.6,76966.3,76988.3,507.581
2026-09-13 08:30:00,76988.3,76988.3,76713.3,76793.0,2714.627
2026-09-13 08:45:00,76792.9,76841.0,76703.5,76767.8,1654.417
2026-09-13 09:00:00,76767.8,76872.4,76740.0,76780.1,1359.284
2026-09-13 09:15:00,76780.1,76791.9,76559.0,76604.9,1788.279
2026-09-13 09:30:00,76604.9,76743.0,76522.7,76685.9,1628.201
2026-09-13 09:45:00,76685.8,76816.8,76685.8,76766.3,1073.38
2026-09-13 10:00:00,76766.4,76782.0,76709.9,76765.2,777.768
2026-09-13 10:15:00,76765.2,76781.6,76713.2,76730.0,258.48
2026-09-13 10:30:00,76729.9,76785.4,76664.8,76664.8,314.591
2026-09-13 10:45:00,76664.8,76720.7,76594.8,76643.6,722.995
2026-09-13 11:00:00,76643.6,76682.1,76458.9,76492.6,1668.702
2026-09-13 11:15:00,76492.6,76638.9,76492.6,76634.5,650.81
2026-09-13 11:30:00,76634.6,76769.0,76618.6,76746.0,560.333
2026-09-13 11:45:00,76746.0,76770.0,76716.3,76752.9,407.928
2026-09-13 12:00:00,76752.9,76774.0,76721.4,76766.5,449.221
2026-09-13 12:15:00,76766.6,76834.4,76766.5,76800.2,580.234
2026-09-13 12:30:00,76800.2,76831.0,76672.6,76697.5,713.084
2026-09-13 12:45:00,76697.4,76756.2,76640.5,76725.7,958.5
2026-09-13 13:00:00,76725.8,76736.9,76640.6,76729.8,333.001
2026-09-13 13:15:00,76729.9,76750.0,76514.6,76545.6,992.936
2026-09-13 13:30:00,76545.6,76739.9,76545.0,76736.2,611.44
2026-09-13 13:45:00,76736.1,76892.1,76736.1,76813.8,1197.343
2026-09-13 14:00:00,76813.7,76980.0,76810.6,76974.0,1224.299
2026-09-13 14:15:00,76974.0,77092.8,76973.9,77067.8,1701.3
2026-09-13 14:30:00,77067.7,77232.0,77050.0,77150.9,1729.321
2026-09-13 14:45:00,77150.8,77222.0,77126.0,77175.1,1113.714
2026-09-13 15:00:00,77175.1,77178.8,77072.7,77088.1,783.369
2026-09-13 15:15:00,77088.1,77175.0,76981.0,77007.0,1692.882
2026-09-13 15:30:00,77007.0,77148.8,77006.9,77130.8,353.758
2026-09-13 15:45:00,77130.7,77130.8,77081.9,77098.0,265.728
2026-09-13 16:00:00,77098.0,77226.8,77083.2,77165.7,846.157
2026-09-13 16:15:00,77165.6,77274.9,77151.7,77209.3,640.421
2026-09-13 16:30:00,77209.4,77355.2,77192.9,77282.8,1281.387
2026-09-13 16:45:00,77282.8,77302.4,77201.5,77252.6,841.401
2026-09-13 17:00:00,77252.6,77387.0,77252.5,77341.3,856.143
2026-09-13 17:15:00,77341.3,77369.9,77265.0,77265.0,485.871
2026-09-13 17:30:00,77265.0,77265.1,77212.8,77239.2,357.412
2026-09-13 17:45:00,77239.2,77334.4,77239.2,77295.8,225.021
2026-09-13 18:00:00,77295.8,77335.0,77273.2,77334.2,436.421
2026-09-13 18:15:00,77334.3,77355.0,77293.9,77295.9,357.563
2026-09-13 18:30:00,77296.0,77345.4,77278.7,77339.2,279.112
2026-09-13 18:45:00,77339.2,77350.0,77302.1,77314.2,185.254
2026-09-13 19:00:00,77314.3,77381.5,77244.7,77244.7,604.389
2026-09-13 19:15:00,77244.8,77251.2,77186.3,77242.8,473.078
2026-09-13 19:30:00,77242.8,77247.0,77187.0,77214.5,272.177
2026-09-13 19:45:00,77214.5,77254.2,77203.3,77254.1,161.596
2026-09-13 20:00:00,77254.2,77274.3,77220.1,77272.7,270.901
2026-09-13 20:15:00,77272.7,77300.0,77262.4,77286.7,267.872
2026-09-13 20:30:00,77286.8,77329.2,77257.9,77296.2,403.548
2026-09-13 20:45:00,77296.3,77337.4,77296.2,77312.1,177.768
2026-09-13 21:00:00,77312.3,77341.6,77276.6,77327.0,320.942
2026-09-13 21:15:00,77327.0,77427.4,77326.9,77378.7,501.266
2026-09-13 21:30:00,77378.8,77378.8,77314.1,77349.8,302.87
2026-09-13 21:45:00,77349.8,77349.8,77276.1,77277.3,288.153
2026-09-13 22:00:00,77277.3,77277.4,76810.0,76893.9,3806.434
2026-09-13 22:15:00,76893.9,76899.5,76672.7,76807.4,2387.233
2026-09-13 22:30:00,76807.4,76857.5,76691.1,76709.9,1277.423
2026-09-13 22:45:00,76709.9,76786.4,76619.2,76689.3,1629.387
2026-09-13 23:00:00,76689.3,76744.5,76640.3,76694.0,1068.504
2026-09-13 23:15:00,76694.0,76728.1,76596.1,76706.7,1062.726
2026-09-13 23:30:00,76706.7,76845.5,76699.8,76800.1,1445.561
2026-09-13 23:45:00,76800.0,76850.0,76760.0,76805.0,736.981
2026-09-14 00:00:00,76805.0,77059.4,76793.4,76873.6,1632.03
2026-09-14 00:15:00,76873.5,76910.0,76350.1,76442.3,3238.72
2026-09-14 00:30:00,76442.4,76787.4,76420.9,76776.5,1860.751
2026-09-14 00:45:00,76776.4,76858.7,76724.9,76771.5,598.936
2026-09-14 01:00:00,76771.5,76854.0,76662.0,76721.1,1213.546
2026-09-14 01:15:00,76721.1,76880.0,76627.9,76827.1,565.417
2026-09-14 01:30:00,76827.1,76934.2,76609.7,76794.5,1859.167
2026-09-14 01:45:00,76794.4,77146.7,76744.7,77089.5,1359.398
2026-09-14 02:00:00,77089.5,77375.0,76982.1,77357.4,2829.007
2026-09-14 02:15:00,77357.5,77650.0,77251.0,77507.9,3594.667
2026-09-14 02:30:00,77507.9,77647.0,77405.4,77454.3,2519.81
2026-09-14 02:45:00,77454.3,77708.5,77451.5,77583.6,2602.77
2026-09-14 03:00:00,77583.6,77816.7,77559.3,77763.8,3058.679
2026-09-14 03:15:00,77763.8,77840.7,77705.8,77784.1,2192.408
2026-09-14 03:30:00,77784.0,77784.1,77490.6,77511.3,1997.08
2026-09-14 03:45:00,77511.4,77562.9,77465.2,77558.7,1084.75
2026-09-14 04:00:00,77558.7,77606.5,77498.0,77543.6,614.086
2026-09-14 04:15:00,77543.5,77667.5,77500.9,77604.2,1367.657
2026-09-14 04:30:00,77604.1,77657.0,77502.5,77601.1,1432.611
2026-09-14 04:45:00,77601.1,77672.2,77533.6,77644.0,1522.029
2026-09-14 05:00:00,77644.0,77656.8,77525.3,77605.0,1596.577
2026-09-14 05:15:00,77605.0,77609.1,77479.5,77487.6,554.149
2026-09-14 05:30:00,77487.6,77587.4,77480.0,77526.7,487.442
2026-09-14 05:45:00,77526.7,77579.0,77457.8,77579.0,619.692
2026-09-14 06:00:00,77579.0,77864.7,77563.6,77746.1,1658.009
2026-09-14 06:15:00,77746.0,77746.1,77522.9,77522.9,605.994
2026-09-14 06:30:00,77522.9,77730.5,77334.5,77698.9,2086.233
2026-09-14 06:45:00,77698.9,77720.0,77554.2,77554.2,535.891
2026-09-14 07:00:00,77554.3,77700.0,77480.4,77624.9,638.591
2026-09-14 07:15:00,77624.9,77707.8,77602.8,77672.6,410.322
2026-09-14 07:30:00,77672.7,77844.0,77645.2,77818.9,834.667
2026-09-14 07:45:00,77818.9,77858.6,77740.8,77854.0,921.9
2026-09-14 08:00:00,77854.0,77855.4,77666.4,77736.1,1091.804
2026-09-14 08:15:00,77736.1,77963.0,77661.0,77714.4,1494.822
2026-09-14 08:30:00,77714.2,77767.4,77661.7,77715.7,697.96
2026-09-14 08:45:00,77715.7,77732.1,77612.4,77700.0,505.207
2026-09-14 09:00:00,77700.0,77797.5,77665.0,77673.2,595.584
2026-09-14 09:15:00,77673.3,77750.0,77561.2,77746.6,1010.899
2026-09-14 09:30:00,77746.5,77892.6,77746.5,77848.9,939.092
2026-09-14 09:45:00,77848.9,78343.8,77848.9,78109.3,6315.975
2026-09-14 10:00:00,78109.3,78139.4,77974.9,78000.0,1629.031
2026-09-14 10:15:00,78000.0,78035.7,77890.7,77934.4,801.472
2026-09-14 10:30:00,77934.4,77968.8,77886.5,77915.1,555.106
2026-09-14 10:45:00,77915.1,77985.6,77856.8,77864.8,654.49
2026-09-14 11:00:00,77864.8,77890.6,77674.1,77723.7,1378.274
2026-09-14 11:15:00,77723.7,77886.8,77708.5,77873.0,599.683
2026-09-14 11:30:00,77873.1,77892.6,77664.3,77793.0,1111.151
2026-09-14 11:45:00,77793.0,77805.9,77653.2,77745.8,590.64
2026-09-14 12:00:00,77745.9,77820.0,77672.8,77800.0,829.454
2026-09-14 12:15:00,77800.0,77965.0,77799.9,77965.0,1333.113
2026-09-14 12:30:00,77965.0,78048.3,77721.6,77877.1,1844.172
2026-09-14 12:45:00,77877.1,77898.2,77562.8,77663.8,1385.167
2026-09-14 13:00:00,77663.7,77712.8,77441.6,77688.4,2823.421
2026-09-14 13:15:00,77688.4,77833.5,77674.3,77833.4,1299.422
2026-09-14 13:30:00,77833.5,78239.0,77805.2,78116.3,4937.89
2026-09-14 13:45:00,78116.4,78479.0,78006.8,78139.2,5950.799
2026-09-14 14:00:00,78139.2,78500.0,78125.6,78470.4,3335.214
2026-09-14 14:15:00,78470.4,78623.2,78163.7,78361.4,4256.592
2026-09-14 14:30:00,78361.4,78666.1,78295.5,78390.6,3892.452
2026-09-14 14:45:00,78390.6,78594.9,78340.6,78479.3,2812.265
2026-09-14 15:00:00,78479.3,78550.0,78259.4,78458.6,2682.686
2026-09-14 15:15:00,78458.5,78575.0,78359.5,78369.5,1082.623
2026-09-14 15:30:00,78369.6,78576.5,78300.0,78519.8,2126.014
2026-09-14 15:45:00,78519.8,78646.1,78314.6,78543.1,2319.495
2026-09-14 16:00:00,78543.0,78568.0,78379.6,78401.4,949.174
2026-09-14 16:15:00,78401.5,78849.9,78401.5,78623.5,3933.89
2026-09-14 16:30:00,78623.5,78718.9,78578.5,78603.6,909.471
2026-09-14 16:45:00,78603.6,78874.1,78602.3,78726.1,1415.431
2026-09-14 17:00:00,78726.1,78868.9,78688.9,78786.7,1823.278
2026-09-14 17:15:00,78786.7,78963.0,78746.9,78851.6,2306.943
2026-09-14 17:30:00,78851.7,78867.9,78668.7,78810.0,1177.885
2026-09-14 17:45:00,78810.1,79040.3,78790.2,78911.0,1746.237
2026-09-14 18:00:00,78911.0,78963.5,78800.5,78807.3,961.636
2026-09-14 18:15:00,78807.3,79218.6,78796.5,79102.3,3863.558
2026-09-14 18:30:00,79102.2,79207.4,78947.1,79138.1,1874.198
2026-09-14 18:45:00,79138.1,79298.3,79134.1,79184.8,2319.915
2026-09-14 19:00:00,79184.8,79184.8,78970.5,79040.1,1402.379
2026-09-14 19:15:00,79040.1,79208.1,79040.0,79101.0,1086.249
2026-09-14 19:30:00,79101.0,79156.7,78914.8,79099.0,1699.169
2026-09-14 19:45:00,79099.0,79120.7,78935.4,78952.1,986.888
2026-09-14 20:00:00,78952.0,79198.9,78936.7,79142.9,882.496
2026-09-14 20:15:00,79142.9,79570.9,79142.8,79405.6,4376.542
2026-09-14 20:30:00,79405.6,79463.2,79300.0,79300.0,1444.963
2026-09-14 20:45:00,79300.1,79352.5,79049.9,79065.5,1114.011
2026-09-14 21:00:00,79065.5,79085.0,78723.4,78852.5,3013.084
2026-09-14 21:15:00,78852.5,78954.4,78773.1,78874.3,1548.375
2026-09-14 21:30:00,78874.2,78930.1,78743.7,78777.0,1063.089
2026-09-14 21:45:00,78777.0,78800.6,78703.2,78728.2,528.987
2026-09-14 22:00:00,78728.2,78823.4,78677.1,78791.6,1256.277
2026-09-14 22:15:00,78791.6,78803.5,78455.6,78555.7,2207.302
2026-09-14 22:30:00,78555.7,78677.1,78476.1,78623.9,1621.067
2026-09-14 22:45:00,78623.8,78625.9,78517.8,78517.8,584.603
2026-09-14 23:00:00,78517.9,78535.4,78290.2,78384.9,2194.902
2026-09-14 23:15:00,78384.9,78437.0,78320.0,78356.5,1761.793
2026-09-14 23:30:00,78356.6,78356.6,78225.0,78288.1,1210.117
2026-09-14 23:45:00,78288.0,78288.1,78084.6,78153.3,1319.156
2026-09-15 00:00:00,78153.0,78223.3,78086.0,78088.4,1204.076
2026-09-15 00:15:00,78088.4,78100.0,77947.7,77986.2,1554.856
2026-09-15 00:30:00,77986.2,78068.7,77905.5,77937.5,1142.851
2026-09-15 00:45:00,77937.5,77992.2,77912.8,77928.5,1223.063
2026-09-15 01:00:00,77928.5,77928.5,77709.7,77797.1,2277.465
2026-09-15 01:15:00,77797.0,77997.8,77762.7,77829.1,2423.87
2026-09-15 01:30:00,77829.2,77977.0,77809.9,77976.4,1395.059
2026-09-15 01:45:00,77976.4,78061.6,77883.4,77888.2,1858.828
2026-09-15 02:00:00,77888.2,77986.8,77840.5,77957.1,978.457
2026-09-15 02:15:00,77957.1,77991.1,77874.4,77919.2,942.676
2026-09-15 02:30:00,77919.3,77926.8,77815.0,77844.3,830.465
2026-09-15 02:45:00,77844.2,77901.7,77757.2,77878.3,1205.527
2026-09-15 03:00:00,77878.3,77878.3,77670.2,77692.5,2183.242
2026-09-15 03:15:00,77692.6,77821.6,77684.0,77815.2,970.327
2026-09-15 03:30:00,77815.1,77831.8,77745.7,77773.4,742.811
2026-09-15 03:45:00,77773.4,77783.1,77622.0,77658.6,1070.323
2026-09-15 04:00:00,77658.6,77712.9,77599.9,77616.4,2055.153
2026-09-15 04:15:00,77616.4,77661.6,77528.5,77592.8,1445.202
2026-09-15 04:30:00,77592.9,77636.5,77511.0,77614.1,1674.112
2026-09-15 04:45:00,77614.0,77614.1,77537.0,77537.0,522.516
2026-09-15 05:00:00,77537.1,77621.8,77265.8,77380.0,2569.671
2026-09-15 05:15:00,77380.0,77441.4,77277.6,77430.0,1478.395
2026-09-15 05:30:00,77430.0,77468.9,77344.1,77428.4,1240.87
2026-09-15 05:45:00,77428.5,77642.5,77423.3,77590.5,2124.025
2026-09-15 06:00:00,77590.6,77691.5,77538.3,77538.3,1392.775
2026-09-15 06:15:00,77538.4,77567.2,77359.9,77371.6,1060.612
2026-09-15 06:30:00,77371.6,77424.8,77364.5,77415.1,1161.838
2026-09-15 06:45:00,77415.1,77418.1,77145.0,77251.5,2583.415
2026-09-15 07:00:00,77251.5,77282.9,77130.0,77181.4,1871.409
2026-09-15 07:15:00,77181.4,77276.8,77155.8,77247.7,1226.249
2026-09-15 07:30:00,77247.7,77249.0,76927.0,76990.7,3454.049
2026-09-15 07:45:00,76990.7,77061.8,76848.3,76895.3,3032.878
2026-09-15 08:00:00,76895.2,76912.6,76667.3,76778.5,3351.416
2026-09-15 08:15:00,76778.5,76855.4,76674.3,76828.2,2724.183
2026-09-15 08:30:00,76828.3,76864.4,76796.8,76807.8,970.645
2026-09-15 08:45:00,76807.7,76973.1,76807.7,76964.9,2239.234
2026-09-15 09:00:00,76964.9,76964.9,76864.2,76901.8,1468.622
2026-09-15 09:15:00,76901.8,76964.1,76836.1,76882.8,1390.406
2026-09-15 09:30:00,76882.8,76959.1,76870.0,76957.0,781.181
2026-09-15 09:45:00,76956.9,77029.6,76915.0,76946.8,1658.986
2026-09-15 10:00:00,76946.9,77024.3,76870.1,76968.9,1170.385
2026-09-15 10:15:00,76968.9,77019.8,76858.1,76858.1,1036.393
2026-09-15 10:30:00,76858.1,77030.2,76839.5,77030.1,1027.984
2026-09-15 10:45:00,77030.1,77135.3,76972.5,77023.7,1945.088
2026-09-15 11:00:00,77023.7,77188.0,76978.6,77012.4,1508.567
2026-09-15 11:15:00,77012.5,77086.8,76934.9,76963.7,815.757
2026-09-15 11:30:00,76963.7,76969.6,76807.2,76898.7,1403.844
2026-09-15 11:45:00,76898.8,76923.8,76809.4,76899.8,914.132
2026-09-15 12:00:00,76899.9,76950.1,76826.3,76892.4,865.665
2026-09-15 12:15:00,76892.4,76958.0,76865.8,76911.6,796.579
2026-09-15 12:30:00,76911.7,76940.6,76818.0,76909.6,885.99
2026-09-15 12:45:00,76909.6,77099.9,76840.0,76916.1,1974.549
2026-09-15 13:00:00,76916.0,77111.9,76916.0,76957.9,1210.078
2026-09-15 13:15:00,76958.0,76977.4,76873.5,76913.3,829.157
2026-09-15 13:30:00,76913.3,76913.3,76065.0,76398.2,12501.906
2026-09-15 13:45:00,76398.1,76590.2,76122.1,76588.4,5632.841
2026-09-15 14:00:00,76588.5,76670.8,76294.7,76379.9,3751.877
2026-09-15 14:15:00,76379.9,76480.8,76269.8,76312.8,1953.072
2026-09-15 14:30:00,76312.7,76312.8,75670.0,75880.3,11428.738
2026-09-15 14:45:00,75880.2,75962.5,75560.0,75907.0,7509.507
2026-09-15 15:00:00,75906.9,76076.2,75800.0,75989.8,3840.896
2026-09-15 15:15:00,75989.8,76488.0,75881.0,76312.0,4664.75
2026-09-15 15:30:00,76312.0,76430.1,76240.6,76400.8,2358.923
2026-09-15 15:45:00,76400.7,76570.0,76381.4,76473.6,2837.473
2026-09-15 16:00:00,76473.7,76550.6,76227.8,76249.7,2027.859
2026-09-15 16:15:00,76249.8,76468.3,76249.7,76443.2,1062.389
2026-09-15 16:30:00,76443.3,76455.9,76257.3,76341.2,701.42
2026-09-15 16:45:00,76341.3,76471.4,76327.7,76352.3,643.85
2026-09-15 17:00:00,76352.3,76383.6,76151.3,76234.2,2222.525
2026-09-15 17:15:00,76234.2,76513.5,76205.7,76484.4,1036.941
2026-09-15 17:30:00,76484.3,77323.6,76483.4,76735.2,8497.109
2026-09-15 17:45:00,76735.2,77050.0,76735.2,76931.0,2448.657
2026-09-15 18:00:00,76931.0,76936.3,76785.6,76834.3,1617.614
2026-09-15 18:15:00,76834.4,77174.7,76464.3,76880.5,6326.913
2026-09-15 18:30:00,76880.4,76920.1,75661.6,75745.0,15628.225
2026-09-15 18:45:00,75745.1,76163.5,74909.4,75955.6,23938.413
2026-09-15 19:00:00,75955.5,76233.0,75770.5,75944.5,5296.542
2026-09-15 19:15:00,75944.5,76275.7,75831.2,75876.1,2990.9
2026-09-15 19:30:00,75876.2,76042.6,75834.8,75857.1,2093.869
2026-09-15 19:45:00,75857.1,76150.0,75824.6,76149.1,1502.682
2026-09-15 20:00:00,76149.2,76209.8,75887.0,76005.0,1205.321
2026-09-15 20:15:00,76005.1,76005.1,75672.3,75701.4,1083.06
2026-09-15 20:30:00,75701.4,75831.8,75557.2,75831.8,1949.86
2026-09-15 20:45:00,75831.8,75981.0,75831.8,75900.0,813.83
2026-09-15 21:00:00,75900.0,75939.2,75689.6,75835.0,999.101
2026-09-15 21:15:00,75835.0,75871.9,75621.0,75648.9,820.708
2026-09-15 21:30:00,75649.0,75734.4,75511.5,75710.9,1342.66
2026-09-15 21:45:00,75710.9,75728.4,75350.1,75413.7,1567.694
2026-09-15 22:00:00,75413.8,75565.8,75281.8,75344.6,1814.843
2026-09-15 22:15:00,75344.6,75520.0,75089.1,75457.5,3600.227
2026-09-15 22:30:00,75457.6,75632.2,75443.2,75578.4,1677.503
2026-09-15 22:45:00,75578.4,75710.1,75560.0,75632.1,871.479
2026-09-15 23:00:00,75632.0,75870.9,75618.0,75859.9,1140.971
2026-09-15 23:15:00,75860.0,75915.6,75692.1,75697.1,1096.717
2026-09-15 23:30:00,75697.1,75709.4,75530.0,75643.9,1199.917
2026-09-15 23:45:00,75644.0,75690.0,75579.9,75599.9,671.598
2026-09-16 00:00:00,75599.9,75762.1,75538.9,75660.8,848.897
2026-09-16 00:15:00,75660.8,75824.7,75641.4,75821.6,717.113
2026-09-16 00:30:00,75821.7,75878.1,75740.0,75764.0,682.559
2026-09-16 00:45:00,75763.9,75852.9,75694.3,75734.0,876.93
2026-09-16 01:00:00,75734.0,75832.1,75650.0,75746.4,988.617
2026-09-16 01:15:00,75746.4,75940.0,75689.2,75828.1,906.858
2026-09-16 01:30:00,75828.0,75828.1,75505.0,75626.5,1245.798
2026-09-16 01:45:00,75626.4,75686.6,75405.5,75465.0,1164.539
2026-09-16 02:00:00,75465.1,75651.6,75450.0,75625.7,917.121
2026-09-16 02:15:00,75625.7,75918.0,75617.0,75916.6,1157.986
2026-09-16 02:30:00,75916.6,76096.4,75899.2,75930.0,1686.204
2026-09-16 02:45:00,75930.0,75974.2,75776.6,75853.1,801.426
2026-09-16 03:00:00,75853.2,75964.8,75786.0,75921.8,1115.909
2026-09-16 03:15:00,75921.9,76053.8,75820.0,75822.2,917.788
2026-09-16 03:30:00,75822.3,75878.2,75747.8,75759.5,624.403
2026-09-16 03:45:00,75759.6,75808.0,75731.6,75787.4,546.874
2026-09-16 04:00:00,75787.5,75888.0,75785.0,75856.3,499.926
2026-09-16 04:15:00,75856.4,75959.9,75801.0,75834.9,699.964
2026-09-16 04:30:00,75834.9,75989.9,75815.1,75894.0,526.639
2026-09-16 04:45:00,75894.0,75942.6,75766.3,75825.6,807.107
2026-09-16 05:00:00,75825.7,75841.6,75633.7,75761.8,946.43
2026-09-16 05:15:00,75761.8,75883.9,75761.8,75849.0,502.592
2026-09-16 05:30:00,75848.9,75956.0,75796.4,75925.1,752.141
2026-09-16 05:45:00,75925.0,75934.2,75853.4,75925.3,486.748
2026-09-16 06:00:00,75925.3,76000.0,75925.2,75955.7,645.092
2026-09-16 06:15:00,75955.6,75986.0,75861.5,75885.5,462.384
2026-09-16 06:30:00,75885.5,75912.3,75780.9,75893.1,614.564
2026-09-16 06:45:00,75893.1,76001.0,75888.6,76001.0,638.625
2026-09-16 07:00:00,76001.0,76067.1,75773.3,75843.0,1622.798
2026-09-16 07:15:00,75843.0,75892.8,75766.4,75781.7,816.683
2026-09-16 07:30:00,75781.8,75869.4,75726.9,75782.3,845.326
2026-09-16 07:45:00,75782.4,75852.9,75691.1,75726.0,714.597
2026-09-16 08:00:00,75726.1,75726.1,75417.6,75480.6,2803.355
2026-09-16 08:15:00,75480.5,75592.4,75308.4,75393.5,2664.813
2026-09-16 08:30:00,75393.4,75540.0,75384.7,75517.3,646.866
2026-09-16 08:45:00,75517.3,75698.0,75504.3,75697.8,653.597
2026-09-16 09:00:00,75697.7,75919.5,75688.4,75755.1,2246.608
2026-09-16 09:15:00,75755.1,75842.7,75721.5,75798.0,591.349
2026-09-16 09:30:00,75798.0,75920.9,75797.9,75888.5,556.183
2026-09-16 09:45:00,75888.5,75964.1,75856.2,75959.6,801.487
2026-09-16 10:00:00,75959.6,76016.1,75900.2,75911.6,1254.66
2026-09-16 10:15:00,75911.6,75985.9,75885.0,75946.6,607.924
2026-09-16 10:30:00,75946.6,75975.2,75910.0,75957.2,358.05
2026-09-16 10:45:00,75957.1,75960.5,75866.0,75960.5,561.217
2026-09-16 11:00:00,75960.4,76027.0,75867.3,75877.8,759.804
2026-09-16 11:15:00,75877.8,75967.0,75828.8,75944.5,670.648
2026-09-16 11:30:00,75944.4,76255.3,75924.0,76205.1,2476.299
2026-09-16 11:45:00,76205.1,76274.0,76114.0,76210.2,1467.287
2026-09-16 12:00:00,76210.1,76275.4,76077.8,76086.0,1468.521
2026-09-16 12:15:00,76085.9,76127.7,75867.0,75909.9,1422.409
2026-09-16 12:30:00,75910.0,75988.0,75751.1,75920.4,1277.671
2026-09-16 12:45:00,75920.4,76037.6,75870.1,75933.5,908.787
2026-09-16 13:00:00,75933.5,75933.6,75630.8,75764.4,2122.252
2026-09-16 13:15:00,75764.3,75848.0,75673.4,75729.1,1238.158
2026-09-16 13:30:00,75729.0,75770.0,75537.5,75738.0,2498.31
2026-09-16 13:45:00,75738.0,75910.0,75572.8,75615.4,1775.317
2026-09-16 14:00:00,75615.5,75636.2,75386.0,75537.0,2609.312
2026-09-16 14:15:00,75537.1,75801.4,75508.8,75801.1,1575.095
2026-09-16 14:30:00,75801.2,75802.2,75583.7,75727.3,1139.006
2026-09-16 14:45:00,75727.2,75731.8,75436.0,75660.9,1191.852
2026-09-16 15:00:00,75660.9,75770.0,75512.2,75725.1,1328.632
2026-09-16 15:15:00,75725.1,75772.5,75600.0,75607.0,1074.023
2026-09-16 15:30:00,75606.9,75760.0,75526.4,75692.5,774.489
2026-09-16 15:45:00,75692.5,75929.4,75682.3,75753.7,1732.936
2026-09-16 16:00:00,75753.7,75843.3,75618.4,75810.4,1023.787
2026-09-16 16:15:00,75810.5,75859.0,75708.8,75761.3,809.549
2026-09-16 16:30:00,75761.2,75808.9,75647.2,75654.3,620.345
2026-09-16 16:45:00,75654.2,75804.4,75650.6,75734.0,487.799
2026-09-16 17:00:00,75734.1,75768.6,75620.0,75692.0,848.693
2026-09-16 17:15:00,75692.1,75800.0,75600.7,75685.9,851.542
2026-09-16 17:30:00,75686.0,75713.6,75351.0,75431.7,2389.487
2026-09-16 17:45:00,75431.7,75899.7,75312.1,75747.6,3986.468
2026-09-16 18:00:00,75747.7,76540.0,75258.6,75778.3,21382.899
2026-09-16 18:15:00,75778.2,76078.4,75613.5,75983.7,4991.853
2026-09-16 18:30:00,75983.7,76305.4,75025.0,75947.5,13747.095
2026-09-16 18:45:00,75947.5,76062.7,75441.0,75600.5,4682.25
2026-09-16 19:00:00,75600.6,76153.7,75600.6,75920.1,4884.882
2026-09-16 19:15:00,75920.0,75986.0,75216.9,75510.5,4444.292
2026-09-16 19:30:00,75510.6,75966.8,75388.5,75940.0,3491.796
2026-09-16 19:45:00,75940.0,76118.7,75930.9,76043.5,2867.716
2026-09-16 20:00:00,76043.5,76391.6,75983.8,76179.5,2365.517
2026-09-16 20:15:00,76179.5,76340.3,76082.6,76179.9,1492.148
2026-09-16 20:30:00,76179.9,76239.7,75995.6,76090.7,861.31
2026-09-16 20:45:00,76090.7,76170.0,76028.2,76144.1,602.564
2026-09-16 21:00:00,76144.1,76186.0,76052.0,76087.2,301.786
2026-09-16 21:15:00,76087.3,76119.5,76007.6,76038.7,561.633
2026-09-16 21:30:00,76038.8,76067.7,75902.6,75933.0,607.762
2026-09-16 21:45:00,75933.1,75995.9,75902.3,75938.2,498.293
2026-09-16 22:00:00,75938.2,75956.8,75625.7,75852.5,1996.452
2026-09-16 22:15:00,75852.5,75900.6,75646.7,75720.6,620.862
2026-09-16 22:30:00,75720.6,75782.7,75622.7,75782.7,416.199
2026-09-16 22:45:00,75782.7,75793.1,75610.0,75647.1,374.536
2026-09-16 23:00:00,75647.1,75818.8,75608.8,75817.7,461.194
2026-09-16 23:15:00,75817.7,76117.5,75811.0,76044.0,1529.646
2026-09-16 23:30:00,76044.0,76193.5,76032.8,76181.3,1044.461
2026-09-16 23:45:00,76181.4,76245.3,76122.2,76174.6,1003.844
2026-09-17 00:00:00,76174.6,76421.0,76147.2,76294.9,1403.618
2026-09-17 00:15:00,76294.9,76473.0,76282.8,76376.0,1502.439
2026-09-17 00:30:00,76376.0,76473.0,76341.0,76391.3,1124.993
2026-09-17 00:45:00,76391.3,76424.2,76301.5,76301.9,657.775
2026-09-17 01:00:00,76301.9,76331.1,76182.0,76275.8,743.526
2026-09-17 01:15:00,76275.7,76630.3,76189.7,76593.9,3111.42
2026-09-17 01:30:00,76593.9,76749.1,76470.4,76565.0,2505.745
2026-09-17 01:45:00,76564.9,76565.0,76298.4,76334.8,1414.932
2026-09-17 02:00:00,76334.8,76357.1,76072.7,76180.9,2090.714
2026-09-17 02:15:00,76181.0,76181.0,76015.0,76148.0,1405.079
2026-09-17 02:30:00,76148.0,76417.0,76118.0,76387.9,1413.673
2026-09-17 02:45:00,76388.0,76456.4,76296.8,76343.2,946.754
2026-09-17 03:00:00,76343.2,76471.7,76338.2,76405.2,517.759
2026-09-17 03:15:00,76405.2,76498.5,76380.0,76464.9,545.081
2026-09-17 03:30:00,76464.8,76505.4,76406.3,76447.3,515.172
2026-09-17 03:45:00,76447.4,76475.0,76370.6,76401.8,475.161
2026-09-17 04:00:00,76401.8,76401.9,76263.4,76283.6,481.073
2026-09-17 04:15:00,76283.6,76294.4,76153.1,76176.3,889.55
2026-09-17 04:30:00,76176.2,76354.4,76146.8,76333.1,761.599
2026-09-17 04:45:00,76333.0,76555.0,76300.0,76504.4,810.359
2026-09-17 05:00:00,76504.4,76600.0,76413.9,76437.0,1121.479
2026-09-17 05:15:00,76437.0,76520.0,76383.6,76458.0,590.308
2026-09-17 05:30:00,76458.0,76458.0,76302.0,76320.3,636.716
2026-09-17 05:45:00,76320.3,76398.4,76272.2,76294.3,450.942
2026-09-17 06:00:00,76294.4,76451.1,76263.8,76431.1,607.408
2026-09-17 06:15:00,76431.0,76431.0,76302.5,76419.7,609.321
2026-09-17 06:30:00,76419.6,76550.8,76419.6,76526.2,852.538
2026-09-17 06:45:00,76526.1,76584.0,76432.7,76448.3,600.775
2026-09-17 07:00:00,76448.3,76657.7,76441.3,76505.2,1350.623
2026-09-17 07:15:00,76505.1,76603.0,76470.3,76487.6,840.66
2026-09-17 07:30:00,76487.6,76509.5,76452.5,76467.7,545.005
2026-09-17 07:45:00,76467.8,76497.8,76386.0,76433.1,716.551
2026-09-17 08:00:00,76433.1,76500.0,76375.0,76380.7,669.763
2026-09-17 08:15:00,76380.6,76507.4,76350.0,76421.0,742.432
2026-09-17 08:30:00,76421.0,76511.5,76375.6,76460.1,725.368
2026-09-17 08:45:00,76460.0,76561.2,76437.2,76543.5,644.091
2026-09-17 09:00:00,76543.4,76697.5,76543.4,76656.8,1531.611
2026-09-17 09:15:00,76656.7,76721.6,76619.2,76648.7,1209.284
2026-09-17 09:30:00,76648.7,76750.0,76566.2,76566.2,1243.207
2026-09-17 09:45:00,76566.2,76614.9,76437.1,76438.3,1666.449
2026-09-17 10:00:00,76438.3,76442.0,76288.0,76360.7,1297.388
2026-09-17 10:15:00,76360.7,76369.5,76282.0,76311.0,1033.506
2026-09-17 10:30:00,76311.1,76380.3,76285.7,76288.6,537.679
2026-09-17 10:45:00,76288.7,76374.9,76233.7,76374.9,781.366
2026-09-17 11:00:00,76374.9,76420.6,76310.1,76405.3,665.097
2026-09-17 11:15:00,76405.3,76420.8,76310.2,76361.9,395.2
2026-09-17 11:30:00,76361.9,76361.9,76140.0,76155.3,1266.329
2026-09-17 11:45:00,76155.3,76456.7,76155.3,76449.7,1378.315
2026-09-17 12:00:00,76449.8,76790.0,76365.1,76789.9,2963.304
2026-09-17 12:15:00,76789.9,76980.0,76780.4,76970.8,3917.891
2026-09-17 12:30:00,76970.8,77149.8,76818.3,76837.0,4810.687
2026-09-17 12:45:00,76837.0,76882.2,76695.6,76698.6,2369.79
2026-09-17 13:00:00,76698.7,76852.9,76591.2,76622.5,2092.968
2026-09-17 13:15:00,76622.5,76712.4,76430.0,76440.9,1549.944
2026-09-17 13:30:00,76440.9,76558.8,75975.0,76126.3,6635.541
2026-09-17 13:45:00,76126.3,76676.9,76015.0,76671.5,3914.908
2026-09-17 14:00:00,76671.5,76960.0,76357.9,76939.1,3876.584
2026-09-17 14:15:00,76939.1,77096.7,76675.7,76923.7,4485.052
2026-09-17 14:30:00,76923.6,76992.2,76573.8,76586.3,2814.681
2026-09-17 14:45:00,76586.3,76704.6,76466.0,76469.5,1281.641
2026-09-17 15:00:00,76469.5,76475.5,76234.0,76318.4,2428.745
2026-09-17 15:15:00,76318.4,76435.0,76255.0,76435.0,1384.065
2026-09-17 15:30:00,76435.0,76837.5,76418.5,76730.0,2742.705
2026-09-17 15:45:00,76730.0,76774.4,76568.1,76751.8,1396.852
2026-09-17 16:00:00,76751.8,76785.0,76619.5,76710.7,1333.662
2026-09-17 16:15:00,76710.6,76770.0,76642.3,76683.2,694.226
2026-09-17 16:30:00,76683.2,76689.3,76489.6,76685.3,1017.284
2026-09-17 16:45:00,76685.2,76732.7,76562.1,76732.7,990.487
2026-09-17 17:00:00,76732.7,76900.0,76713.2,76790.1,1505.169
2026-09-17 17:15:00,76790.0,76928.6,76744.0,76898.0,1284.522
2026-09-17 17:30:00,76897.9,76944.1,76683.6,76683.7,1228.025
2026-09-17 17:45:00,76683.7,76683.7,76555.0,76641.4,1813.905
2026-09-17 18:00:00,76641.4,76699.7,76620.0,76694.6,454.996
2026-09-17 18:15:00,76694.6,76758.0,76694.5,76710.7,298.468
2026-09-17 18:30:00,76710.7,76729.9,76423.8,76587.6,1098.775
2026-09-17 18:45:00,76587.6,76668.4,76539.2,76539.2,464.566
2026-09-17 19:00:00,76539.3,76600.0,76524.6,76524.8,308.031
2026-09-17 19:15:00,76524.8,76592.0,76468.3,76552.4,507.027
2026-09-17 19:30:00,76552.3,76600.6,76505.3,76571.9,491.006
2026-09-17 19:45:00,76571.9,76649.9,76467.9,76561.1,891.459
2026-09-17 20:00:00,76561.2,76626.5,76503.5,76603.0,356.707
2026-09-17 20:15:00,76603.0,76711.0,76562.6,76679.1,632.733
2026-09-17 20:30:00,76679.1,76679.2,76473.1,76504.1,481.965
2026-09-17 20:45:00,76504.0,76530.2,76456.7,76530.1,371.632
2026-09-17 21:00:00,76530.2,76587.7,76459.6,76474.7,563.981
2026-09-17 21:15:00,76474.7,76540.9,76474.7,76523.4,176.718
2026-09-17 21:30:00,76523.5,76554.9,76487.9,76488.0,232.597
2026-09-17 21:45:00,76487.9,76488.0,76359.4,76376.4,674.297
2026-09-17 22:00:00,76376.5,76425.4,76284.1,76327.4,891.493
2026-09-17 22:15:00,76327.4,76332.7,76210.0,76234.1,966.052
2026-09-17 22:30:00,76234.0,76415.4,76222.0,76385.6,518.691
2026-09-17 22:45:00,76385.7,76398.1,76285.3,76386.5,465.212
2026-09-17 23:00:00,76386.6,76477.6,76350.0,76458.6,611.455
2026-09-17 23:15:00,76458.6,76469.9,76431.9,76452.3,284.384
2026-09-17 23:30:00,76452.3,76452.4,76352.1,76399.9,378.523
2026-09-17 23:45:00,76399.9,76468.0,76362.0,76385.9,403.989
2026-09-18 00:00:00,76385.8,76441.2,76342.3,76433.7,1010.028
2026-09-18 00:15:00,76433.8,76433.8,76256.0,76345.6,709.525
2026-09-18 00:30:00,76345.6,76419.3,76309.4,76400.0,404.182
2026-09-18 00:45:00,76400.0,76555.0,76367.4,76553.7,794.665
2026-09-18 01:00:00,76553.7,76649.6,76510.1,76522.9,1439.64
2026-09-18 01:15:00,76522.9,76614.0,76482.6,76561.4,622.995
2026-09-18 01:30:00,76561.3,76692.6,76546.0,76658.5,592.61
2026-09-18 01:45:00,76658.4,76739.2,76653.4,76705.0,756.19
2026-09-18 02:00:00,76704.9,76789.6,76603.7,76727.6,1054.867
2026-09-18 02:15:00,76727.7,76899.9,76705.0,76899.0,1236.958
2026-09-18 02:30:00,76899.0,77007.4,76898.9,76906.7,2296.075
2026-09-18 02:45:00,76906.6,77009.3,76879.0,76947.8,1000.913
2026-09-18 03:00:00,76947.8,77292.0,76943.6,77290.7,3695.206
2026-09-18 03:15:00,77290.6,77572.4,77250.9,77391.2,6139.727
2026-09-18 03:30:00,77391.2,77466.7,77281.3,77305.0,1236.379
2026-09-18 03:45:00,77305.1,77440.0,77305.0,77349.0,1343.155
2026-09-18 04:00:00,77349.1,77388.0,77205.8,77263.9,1615.557
2026-09-18 04:15:00,77264.0,77349.9,77214.8,77249.3,1145.035
2026-09-18 04:30:00,77249.3,77413.9,77188.0,77413.8,819.481
2026-09-18 04:45:00,77413.9,77545.4,77309.6,77545.4,1177.309
2026-09-18 05:00:00,77545.3,77639.7,77416.8,77497.2,2792.937
2026-09-18 05:15:00,77497.2,77585.7,77405.0,77567.9,1632.464
2026-09-18 05:30:00,77567.8,77682.0,77482.8,77551.4,2398.438
2026-09-18 05:45:00,77551.4,77565.8,77421.1,77457.7,647.032
2026-09-18 06:00:00,77457.8,77578.0,77445.8,77467.5,817.531
2026-09-18 06:15:00,77467.5,77637.6,77450.6,77497.7,1283.605
2026-09-18 06:30:00,77497.7,77550.0,77450.6,77490.0,936.104
2026-09-18 06:45:00,77490.1,77577.1,77364.4,77561.3,1269.591
2026-09-18 07:00:00,77561.3,77755.8,77526.3,77587.1,2202.887
2026-09-18 07:15:00,77587.2,77818.0,77571.3,77767.3,1948.17
2026-09-18 07:30:00,77767.4,77815.7,77700.0,77794.7,1859.288
2026-09-18 07:45:00,77794.7,77796.5,77704.8,77776.1,1382.658
2026-09-18 08:00:00,77776.1,77963.0,77627.6,77734.1,3310.346
2026-09-18 08:15:00,77734.1,78034.5,77723.1,77914.3,2699.414
2026-09-18 08:30:00,77914.2,77990.3,77860.0,77938.1,1552.76
2026-09-18 08:45:00,77938.1,78249.9,77922.1,78229.0,2806.278
2026-09-18 09:00:00,78228.9,78443.0,78188.0,78335.0,4418.044
2026-09-18 09:15:00,78334.9,78357.9,78116.5,78123.6,2104.832
2026-09-18 09:30:00,78123.6,78125.3,77970.0,78011.2,2063.097
2026-09-18 09:45:00,78011.2,78178.4,78011.1,78168.8,1274.002
2026-09-18 10:00:00,78168.8,78187.2,78049.9,78158.6,1441.099
2026-09-18 10:15:00,78158.5,78245.3,78120.1,78245.1,913.402
2026-09-18 10:30:00,78245.1,78274.3,78146.1,78194.2,674.538
2026-09-18 10:45:00,78194.1,78329.8,78169.8,78246.8,886.14
2026-09-18 11:00:00,78246.8,78400.0,78000.5,78076.4,2569.225
2026-09-18 11:15:00,78076.3,78130.4,78004.8,78008.8,1285.231
2026-09-18 11:30:00,78008.9,78137.7,77988.9,77993.3,1230.905
2026-09-18 11:45:00,77993.4,78070.2,77993.3,78031.0,778.276
2026-09-18 12:00:00,78031.0,78095.6,77955.0,78057.1,1193.571
2026-09-18 12:15:00,78057.1,78080.0,77933.9,77983.0,908.769
2026-09-18 12:30:00,77983.0,78158.2,77942.0,78074.6,888.605
2026-09-18 12:45:00,78074.6,78109.6,77987.4,78004.8,764.25
2026-09-18 13:00:00,78004.9,78051.6,77923.5,77999.4,974.898
2026-09-18 13:15:00,77999.4,78142.8,77994.8,78142.8,1159.866
2026-09-18 13:30:00,78142.8,79298.0,78100.6,79270.1,13135.757
2026-09-18 13:45:00,79270.0,80486.5,79196.2,80046.5,24238.182
2026-09-18 14:00:00,80046.5,80588.0,80043.1,80279.6,11477.586
2026-09-18 14:15:00,80279.6,80950.0,80279.5,80660.1,11802.305
2026-09-18 14:30:00,80660.2,80778.6,80453.6,80747.9,6028.694
2026-09-18 14:45:00,80747.9,80933.0,80675.1,80906.0,4170.963
2026-09-18 15:00:00,80905.9,81034.9,80530.8,80735.6,5852.639
2026-09-18 15:15:00,80735.6,81156.8,80728.7,80926.3,5429.147
2026-09-18 15:30:00,80926.4,80933.6,80611.3,80611.3,2583.512
2026-09-18 15:45:00,80611.3,80787.9,80467.5,80688.7,2856.493
2026-09-18 16:00:00,80688.7,80933.7,80631.4,80931.8,2687.037
2026-09-18 16:15:00,80931.9,81037.9,80810.1,81018.7,3934.797
2026-09-18 16:30:00,81018.7,81242.5,80855.2,80962.9,5621.236
2026-09-18 16:45:00,80962.8,80962.8,80723.7,80810.0,2217.733
2026-09-18 17:00:00,80810.0,80866.4,80723.8,80860.4,1954.582
2026-09-18 17:15:00,80860.4,80905.9,80604.5,80716.9,2392.79
2026-09-18 17:30:00,80717.0,80745.1,80532.3,80738.0,1649.297
2026-09-18 17:45:00,80737.9,80986.3,80729.4,80977.9,1866.566
2026-09-18 18:00:00,80978.0,80978.0,80758.4,80827.4,1299.271
2026-09-18 18:15:00,80827.3,80961.2,80755.0,80956.4,828.491
2026-09-18 18:30:00,80956.5,81116.3,80875.5,80907.0,1787.503
2026-09-18 18:45:00,80906.9,81042.9,80839.7,80904.8,1061.389
2026-09-18 19:00:00,80904.8,81173.0,80868.4,81159.6,1537.153
2026-09-18 19:15:00,81159.5,81386.2,81074.8,81222.7,3467.655
2026-09-18 19:30:00,81222.7,81222.8,81013.3,81212.4,1258.648
2026-09-18 19:45:00,81212.4,81309.6,81088.0,81169.1,1999.62
2026-09-18 20:00:00,81169.0,81200.0,80917.5,81033.2,1484.232
2026-09-18 20:15:00,81033.3,81193.1,80898.2,80990.0,1146.454
2026-09-18 20:30:00,80990.0,81149.7,80914.1,81132.0,856.062
2026-09-18 20:45:00,81132.0,81158.3,81041.3,81085.7,885.246
2026-09-18 21:00:00,81085.7,81255.3,81065.2,81244.5,919.837
2026-09-18 21:15:00,81244.5,81253.7,81046.5,81158.2,937.983
2026-09-18 21:30:00,81158.2,81281.2,81107.8,81183.8,814.644
2026-09-18 21:45:00,81183.8,81225.0,81112.8,81202.5,465.346
2026-09-18 22:00:00,81202.5,81341.4,81167.5,81212.8,950.954
2026-09-18 22:15:00,81212.8,81312.2,81201.0,81221.9,554.199
2026-09-18 22:30:00,81222.0,81222.0,81037.0,81084.3,1228.723
2026-09-18 22:45:00,81084.4,81134.3,81056.5,81103.9,350.144
2026-09-18 23:00:00,81104.0,81169.9,81052.8,81138.7,627.185
2026-09-18 23:15:00,81138.8,81160.0,80954.6,80954.6,610.803
2026-09-18 23:30:00,80954.7,80986.5,80814.6,80863.8,989.129
2026-09-18 23:45:00,80863.9,80947.3,80838.4,80863.0,742.595
2026-09-19 00:00:00,80863.0,80943.4,80802.6,80943.4,753.753
2026-09-19 00:15:00,80943.3,81071.1,80928.7,81070.1,799.659
2026-09-19 00:30:00,81070.1,81308.8,81070.0,81289.0,1179.55
2026-09-19 00:45:00,81289.1,81644.0,81231.0,81640.6,3806.725
2026-09-19 01:00:00,81640.6,81732.4,81238.1,81253.6,2980.4
2026-09-19 01:15:00,81253.7,81299.8,81068.1,81220.0,1218.599
2026-09-19 01:30:00,81220.1,81234.3,81015.8,81137.8,930.579
2026-09-19 01:45:00,81137.7,81417.9,81137.7,81253.0,964.123
2026-09-19 02:00:00,81252.9,81393.6,81223.1,81343.7,496.89
2026-09-19 02:15:00,81343.6,81413.0,81290.0,81304.7,559.126
2026-09-19 02:30:00,81304.7,81403.7,81249.7,81278.5,480.032
2026-09-19 02:45:00,81278.4,81287.4,81229.9,81265.2,361.168
2026-09-19 03:00:00,81265.3,81373.2,81243.4,81247.1,574.608
2026-09-19 03:15:00,81247.2,81247.2,81099.6,81099.6,801.135
2026-09-19 03:30:00,81099.6,81144.3,81073.2,81139.9,558.153
2026-09-19 03:45:00,81140.0,81153.6,81100.0,81100.1,309.359
2026-09-19 04:00:00,81100.0,81189.3,81080.6,81173.7,424.726
2026-09-19 04:15:00,81173.6,81196.3,81088.2,81100.0,648.334
2026-09-19 04:30:00,81100.0,81100.0,80882.0,80933.9,1395.643
2026-09-19 04:45:00,80933.8,80997.3,80902.7,80996.6,638.948
2026-09-19 05:00:00,80996.6,81109.1,80991.0,81010.2,495.003
2026-09-19 05:15:00,81010.1,81118.9,80980.0,81032.3,329.154
2026-09-19 05:30:00,81032.3,81086.0,80992.2,80999.8,331.284
2026-09-19 05:45:00,80999.7,81051.5,80977.5,81015.8,408.026
2026-09-19 06:00:00,81015.7,81043.0,80970.0,80970.1,387.832
2026-09-19 06:15:00,80970.0,81026.0,80902.0,80939.4,509.321
2026-09-19 06:30:00,80939.4,81060.3,80939.3,81035.2,487.388
2026-09-19 06:45:00,81035.2,81078.6,80990.3,81027.2,318.731
2026-09-19 07:00:00,81027.2,81135.3,81027.2,81135.2,360.042
2026-09-19 07:15:00,81135.3,81232.4,81038.9,81076.4,856.055
2026-09-19 07:30:00,81076.5,81096.0,81008.2,81032.2,333.603
2026-09-19 07:45:00,81032.3,81152.8,81000.0,81077.0,657.08
2026-09-19 08:00:00,81077.1,81215.2,81040.9,81213.6,572.774
2026-09-19 08:15:00,81213.6,81383.8,81160.3,81269.2,1434.134
2026-09-19 08:30:00,81269.2,81368.2,81241.6,81281.3,572.807
2026-09-19 08:45:00,81281.3,81353.4,81252.8,81288.1,392.697
2026-09-19 09:00:00,81288.0,81512.5,81253.8,81403.8,1640.282
2026-09-19 09:15:00,81403.7,81476.0,81357.8,81383.3,793.495
2026-09-19 09:30:00,81383.3,81413.9,81227.0,81238.1,934.451
2026-09-19 09:45:00,81238.1,81318.8,81237.6,81303.0,427.815
2026-09-19 10:00:00,81303.1,81309.6,81175.7,81276.5,1178.839
2026-09-19 10:15:00,81276.4,81295.6,81228.3,81250.0,887.967
2026-09-19 10:30:00,81250.0,81273.9,81181.1,81226.9,414.492
2026-09-19 10:45:00,81226.8,81297.7,81171.3,81193.3,522.632
2026-09-19 11:00:00,81193.4,81341.0,81181.8,81280.7,443.462
2026-09-19 11:15:00,81280.7,81348.5,81240.2,81240.2,322.76
2026-09-19 11:30:00,81240.2,81298.9,81210.1,81260.0,454.524
2026-09-19 11:45:00,81259.9,81289.0,81250.1,81274.7,197.094
2026-09-19 12:00:00,81274.7,81335.2,81242.4,81323.3,469.25
2026-09-19 12:15:00,81323.2,81336.1,81182.5,81189.9,671.642
2026-09-19 12:30:00,81189.9,81259.4,81189.9,81249.9,251.213
2026-09-19 12:45:00,81249.9,81322.8,81208.8,81306.6,403.257
2026-09-19 13:00:00,81306.7,81311.1,81142.7,81212.2,638.904
2026-09-19 13:15:00,81212.3,81310.0,81191.4,81200.1,452.798
2026-09-19 13:30:00,81200.1,81249.8,81160.3,81232.2,315.267
2026-09-19 13:45:00,81232.2,81327.4,81200.0,81319.1,593.352
2026-09-19 14:00:00,81319.1,81414.4,81302.9,81351.3,782.811
2026-09-19 14:15:00,81351.3,81549.4,81351.3,81547.3,1469.046
2026-09-19 14:30:00,81547.3,81602.9,81440.0,81502.3,1564.144
2026-09-19 14:45:00,81502.3,81590.3,81454.0,81547.0,1024.896
2026-09-19 15:00:00,81547.0,81725.6,81536.4,81663.3,1686.636
2026-09-19 15:15:00,81663.4,81729.4,81522.8,81537.9,1085.488
2026-09-19 15:30:00,81537.9,81933.9,81537.9,81884.6,2939.894
2026-09-19 15:45:00,81884.7,81884.7,81568.3,81609.1,1818.761
2026-09-19 16:00:00,81609.0,81741.9,81429.2,81725.2,1526.8
2026-09-19 16:15:00,81725.1,81842.0,81700.7,81779.0,1016.515
2026-09-19 16:30:00,81779.0,81879.9,81771.6,81816.1,963.991
2026-09-19 16:45:00,81816.2,81819.3,81781.8,81795.1,507.242
2026-09-19 17:00:00,81795.0,81811.5,81669.1,81672.6,645.477
2026-09-19 17:15:00,81672.7,81796.8,81400.2,81500.2,1800.759
2026-09-19 17:30:00,81500.2,81562.8,81417.8,81460.3,659.656
2026-09-19 17:45:00,81460.4,81508.7,81415.3,81426.0,523.982
2026-09-19 18:00:00,81426.0,81505.8,81289.4,81352.0,1030.777
2026-09-19 18:15:00,81352.0,81457.9,81289.3,81412.1,584.346
2026-09-19 18:30:00,81412.1,81485.4,81330.0,81449.4,484.86
2026-09-19 18:45:00,81449.5,81454.8,81371.8,81397.2,266.685
2026-09-19 19:00:00,81397.2,81429.1,81336.9,81345.1,284.702
2026-09-19 19:15:00,81345.2,81420.0,81310.0,81366.6,373.049
2026-09-19 19:30:00,81366.6,81366.7,81260.5,81287.2,426.386
2026-09-19 19:45:00,81287.2,81358.2,81286.3,81330.5,324.627
2026-09-19 20:00:00,81330.5,81402.6,81320.5,81385.1,309.143
2026-09-19 20:15:00,81385.0,81385.1,81223.0,81224.2,467.792
2026-09-19 20:30:00,81224.3,81263.5,81215.8,81263.5,312.176
2026-09-19 20:45:00,81263.5,81263.5,81037.1,81131.0,1199.261
2026-09-19 21:00:00,81130.9,81206.2,80960.0,80977.6,1383.246
2026-09-19 21:15:00,80977.7,81046.3,80875.0,81031.4,1579.847
2026-09-19 21:30:00,81031.4,81079.5,80903.5,80994.6,758.033
2026-09-19 21:45:00,80994.6,81137.8,80994.6,81070.1,474.91
2026-09-19 22:00:00,81070.1,81070.2,80923.0,80976.4,961.695
2026-09-19 22:15:00,80976.4,81061.7,80971.0,81034.6,399.553
2026-09-19 22:30:00,81034.7,81224.6,81034.6,81212.4,615.409
2026-09-19 22:45:00,81212.3,81244.7,81177.0,81231.3,364.065
2026-09-19 23:00:00,81231.4,81256.3,81201.6,81252.1,361.505
2026-09-19 23:15:00,81252.0,81280.3,81182.6,81268.8,558.31
2026-09-19 23:30:00,81268.8,81341.4,81237.2,81242.9,500.817
2026-09-19 23:45:00,81242.8,81288.0,81219.9,81225.6,753.27
2026-09-20 00:00:00,81225.7,81255.0,81175.1,81254.9,591.276
2026-09-20 00:15:00,81254.9,81290.0,81182.3,81274.5,683.764
2026-09-20 00:30:00,81274.4,81295.0,81215.2,81294.8,361.383
2026-09-20 00:45:00,81294.7,81294.7,81237.9,81252.8,234.477
2026-09-20 01:00:00,81252.8,81265.8,81092.3,81098.1,524.807
2026-09-20 01:15:00,81098.1,81185.3,81042.4,81083.7,802.433
2026-09-20 01:30:00,81083.8,81096.4,81000.0,81039.6,588.896
2026-09-20 01:45:00,81039.5,81087.7,81000.0,81066.0,430.992
2026-09-20 02:00:00,81066.0,81119.5,81044.8,81119.5,404.642
2026-09-20 02:15:00,81119.5,81137.1,80946.8,80946.9,851.508
2026-09-20 02:30:00,80946.8,80963.0,80527.7,80528.4,3546.633
2026-09-20 02:45:00,80528.5,80666.9,80230.6,80310.0,8131.197
2026-09-20 03:00:00,80309.9,80512.2,80171.7,80222.5,3402.443
2026-09-20 03:15:00,80222.4,80507.8,80095.9,80355.2,2283.321
2026-09-20 03:30:00,80355.1,80383.5,80268.8,80365.9,738.425
2026-09-20 03:45:00,80365.8,80492.0,80300.0,80467.8,718.097
2026-09-20 04:00:00,80467.9,80496.6,80350.3,80411.4,504.115
2026-09-20 04:15:00,80411.4,80514.4,80309.1,80400.1,617.127
2026-09-20 04:30:00,80400.1,80467.0,80358.5,80358.5,322.528
2026-09-20 04:45:00,80358.6,80465.2,80288.0,80411.9,845.012
2026-09-20 05:00:00,80411.9,80618.0,80384.2,80563.1,1201.56
2026-09-20 05:15:00,80563.0,80563.1,80414.4,80511.4,723.768
2026-09-20 05:30:00,80511.5,80591.6,80414.8,80505.1,763.503
2026-09-20 05:45:00,80505.1,80525.1,80420.0,80459.9,779.668
2026-09-20 06:00:00,80460.0,80505.1,80399.9,80489.0,1063.085
2026-09-20 06:15:00,80488.9,80580.0,80418.0,80430.5,1030.992
2026-09-20 06:30:00,80430.5,80455.8,80245.0,80352.9,1275.427
2026-09-20 06:45:00,80352.9,80423.2,80188.0,80280.0,1622.244
2026-09-20 07:00:00,80280.0,80342.4,80261.8,80310.1,817.441
2026-09-20 07:15:00,80310.0,80400.4,80254.0,80368.9,1208.073
2026-09-20 07:30:00,80368.9,80368.9,80262.5,80303.2,376.122
2026-09-20 07:45:00,80303.3,80364.2,80278.7,80286.3,675.976
2026-09-20 08:00:00,80286.4,80432.5,80278.9,80390.1,703.313
2026-09-20 08:15:00,80390.1,80402.2,80344.0,80347.2,383.614
2026-09-20 08:30:00,80347.3,80383.7,80214.7,80228.0,596.01
2026-09-20 08:45:00,80228.1,80266.8,80127.6,80235.2,946.153
2026-09-20 09:00:00,80235.2,80310.6,80222.1,80241.5,515.352
2026-09-20 09:15:00,80241.5,80380.0,80226.0,80354.2,424.646
2026-09-20 09:30:00,80354.2,80555.0,80354.1,80520.4,1352.416
2026-09-20 09:45:00,80520.4,80520.5,80433.7,80437.4,305.679
2026-09-20 10:00:00,80437.4,80489.7,80297.7,80382.4,869.588
2026-09-20 10:15:00,80382.5,80418.5,80295.5,80356.2,338.837
2026-09-20 10:30:00,80356.3,80409.3,80291.9,80329.2,455.292
2026-09-20 10:45:00,80329.2,80370.7,80286.0,80286.1,330.522
2026-09-20 11:00:00,80286.1,80395.8,80247.6,80334.5,645.072
2026-09-20 11:15:00,80334.5,80355.0,80270.5,80339.1,460.939
2026-09-20 11:30:00,80339.1,80466.0,80339.1,80423.9,670.412
2026-09-20 11:45:00,80423.9,80500.0,80411.3,80448.4,525.882
2026-09-20 12:00:00,80448.3,80500.0,80384.8,80453.4,601.325
2026-09-20 12:15:00,80453.5,80467.4,80325.0,80334.9,303.106
2026-09-20 12:30:00,80334.8,80334.9,80287.7,80317.5,385.935
2026-09-20 12:45:00,80317.5,80461.9,80317.5,80457.0,804.356
2026-09-20 13:00:00,80457.0,80640.5,80457.0,80525.2,1517.406
2026-09-20 13:15:00,80525.2,80538.8,80443.4,80475.6,643.695
2026-09-20 13:30:00,80475.7,80533.5,80389.0,80533.4,610.048
2026-09-20 13:45:00,80533.4,80549.9,80503.5,80532.9,239.46
2026-09-20 14:00:00,80532.8,80762.2,80532.8,80550.3,1758.815
2026-09-20 14:15:00,80550.4,80550.4,80377.1,80500.8,818.935
2026-09-20 14:30:00,80500.8,80629.7,80464.7,80601.1,522.899
2026-09-20 14:45:00,80601.1,80735.7,80571.9,80647.0,627.182
2026-09-20 15:00:00,80646.9,80910.0,80646.9,80720.3,2109.003
2026-09-20 15:15:00,80720.3,80855.5,80623.1,80625.5,1021.006
2026-09-20 15:30:00,80625.4,80844.0,80625.4,80806.4,958.37
2026-09-20 15:45:00,80806.4,80937.0,80800.0,80871.4,971.563
2026-09-20 16:00:00,80871.4,81168.4,80767.7,81121.6,2875.087
2026-09-20 16:15:00,81121.6,81238.0,80998.2,81138.8,2709.67
2026-09-20 16:30:00,81138.9,81472.6,81066.3,81336.0,4425.704
2026-09-20 16:45:00,81336.0,81413.3,81177.0,81297.8,1165.099
2026-09-20 17:00:00,81297.8,81418.0,81112.4,81196.3,1502.307
2026-09-20 17:15:00,81196.3,81279.7,81084.9,81118.8,979.136
2026-09-20 17:30:00,81118.8,81383.6,81118.8,81356.5,1111.572
2026-09-20 17:45:00,81356.5,81385.8,81025.4,81115.5,1817.789
2026-09-20 18:00:00,81115.5,81172.5,80980.0,81069.9,1825.125
2026-09-20 18:15:00,81069.9,81234.6,81069.8,81234.4,615.544
2026-09-20 18:30:00,81234.5,81279.7,81142.5,81181.9,368.635
2026-09-20 18:45:00,81182.0,81185.7,80973.9,80998.3,662.421
2026-09-20 19:00:00,80998.4,81094.8,80998.3,81050.0,452.939
2026-09-20 19:15:00,81050.1,81087.3,81025.0,81087.3,310.459
2026-09-20 19:30:00,81087.3,81261.1,81087.2,81197.7,741.914
2026-09-20 19:45:00,81197.8,81264.2,81113.7,81144.0,373.693
2026-09-20 20:00:00,81144.0,81194.0,81108.5,81115.0,265.119
2026-09-20 20:15:00,81115.0,81192.4,81050.1,81141.8,494.183
2026-09-20 20:30:00,81141.8,81141.8,81038.3,81099.8,242.168
2026-09-20 20:45:00,81099.8,81195.6,81034.0,81049.9,369.574
2026-09-20 21:00:00,81050.0,81050.0,80533.6,80732.1,3275.274
2026-09-20 21:15:00,80732.0,80897.1,80732.0,80849.9,714.368
2026-09-20 21:30:00,80849.9,80907.7,80758.0,80758.0,438.966
2026-09-20 21:45:00,80758.1,80925.6,80754.9,80897.4,462.435
2026-09-20 22:00:00,80897.4,81256.1,80734.1,81256.1,1922.423
2026-09-20 22:15:00,81256.1,81256.1,81033.4,81126.8,740.958
2026-09-20 22:30:00,81126.8,81240.6,81072.0,81077.7,559.36
2026-09-20 22:45:00,81077.8,81237.5,81068.5,81181.2,447.206
2026-09-20 23:00:00,81181.3,81228.0,81090.0,81116.3,638.141
2026-09-20 23:15:00,81116.2,81266.0,81100.0,81117.6,639.68
2026-09-20 23:30:00,81117.6,81254.5,81091.1,81234.5,1135.321
2026-09-20 23:45:00,81234.5,81311.0,81120.2,81143.9,889.694
2026-09-21 00:00:00,81144.0,81687.0,81135.1,81643.7,4001.798
2026-09-21 00:15:00,81643.7,81800.0,81480.0,81705.1,2600.765
2026-09-21 00:30:00,81705.1,81815.5,81493.3,81663.7,2168.244
2026-09-21 00:45:00,81663.6,81800.0,81550.0,81573.3,3139.59
2026-09-21 01:00:00,81573.1,81782.1,81475.5,81767.5,1438.28
2026-09-21 01:15:00,81767.4,82099.9,81461.0,81559.9,5649.771
2026-09-21 01:30:00,81559.9,81637.9,81229.0,81429.9,2465.873
2026-09-21 01:45:00,81429.9,81462.8,80819.4,80964.3,5736.982
2026-09-21 02:00:00,80964.3,81341.7,80909.7,81341.6,2859.851
2026-09-21 02:15:00,81341.7,81488.7,81283.1,81394.9,1583.823
2026-09-21 02:30:00,81394.9,81394.9,81113.9,81227.1,1751.101
2026-09-21 02:45:00,81227.0,81368.5,81162.0,81280.0,839.732
2026-09-21 03:00:00,81279.9,81428.0,81211.0,81292.8,566.382
2026-09-21 03:15:00,81292.8,81482.8,81292.8,81409.6,692.169
2026-09-21 03:30:00,81409.6,81549.0,81409.6,81447.9,840.798
2026-09-21 03:45:00,81447.8,81486.9,81338.6,81403.7,432.13
2026-09-21 04:00:00,81403.7,81439.2,81249.1,81250.1,775.661
2026-09-21 04:15:00,81250.0,81326.6,81213.8,81270.0,506.76
2026-09-21 04:30:00,81270.0,81395.9,81199.9,81394.1,551.47
2026-09-21 04:45:00,81394.0,81481.5,81341.3,81365.5,544.347
2026-09-21 05:00:00,81365.5,81395.0,81271.0,81300.0,331.429
2026-09-21 05:15:00,81300.0,81626.0,81299.9,81554.4,1557.58
2026-09-21 05:30:00,81554.3,81765.5,81551.5,81589.0,1555.289
2026-09-21 05:45:00,81589.0,81653.6,81487.1,81520.0,616.234
2026-09-21 06:00:00,81520.0,81664.3,81506.0,81639.9,833.373
2026-09-21 06:15:00,81640.0,81857.1,81639.9,81786.6,1161.793
2026-09-21 06:30:00,81786.6,81807.7,81356.0,81357.3,1989.013
2026-09-21 06:45:00,81357.4,81727.8,81357.4,81609.0,1596.628
2026-09-21 07:00:00,81609.1,81650.0,81438.2,81534.4,952.4
2026-09-21 07:15:00,81534.5,81638.8,81504.2,81581.4,573.21
2026-09-21 07:30:00,81581.5,81586.6,81433.2,81475.4,857.465
2026-09-21 07:45:00,81475.4,81700.0,81450.0,81699.9,954.221
2026-09-21 08:00:00,81700.0,81975.7,81697.2,81860.0,2745.964
2026-09-21 08:15:00,81859.9,82249.9,81838.6,82204.8,4236.581
2026-09-21 08:30:00,82204.7,84275.5,82153.2,83501.5,27043.942
2026-09-21 08:45:00,83501.6,83865.6,83273.6,83717.3,6803.339
2026-09-21 09:00:00,83717.3,84020.6,83660.4,83892.7,5400.913
2026-09-21 09:15:00,83892.7,84578.9,83861.5,84419.0,9187.381
2026-09-21 09:30:00,84418.9,85285.0,84291.1,84990.0,15654.771
2026-09-21 09:45:00,84990.0,85033.9,84543.4,84626.0,5670.277
2026-09-21 10:00:00,84625.9,84800.8,84460.8,84543.7,4809.022
2026-09-21 10:15:00,84543.6,84717.2,84337.0,84339.7,2778.597
2026-09-21 10:30:00,84339.6,84444.2,84100.3,84231.4,3524.727
2026-09-21 10:45:00,84231.4,84421.2,84117.4,84400.1,2554.655
2026-09-21 11:00:00,84400.2,84617.8,84350.8,84560.1,2877.081
2026-09-21 11:15:00,84560.0,84675.8,84488.0,84632.0,1360.337
2026-09-21 11:30:00,84632.0,84855.5,84573.1,84788.9,2165.885
2026-09-21 11:45:00,84788.8,84882.2,84672.0,84849.9,1895.166
2026-09-21 12:00:00,84849.9,85133.0,84773.4,84954.8,4154.093
2026-09-21 12:15:00,84954.9,85449.0,84937.3,85045.0,5608.347
2026-09-21 12:30:00,85045.1,85383.1,84995.0,85250.0,2908.785
2026-09-21 12:45:00,85250.0,85389.5,85120.4,85277.7,2093.33
2026-09-21 13:00:00,85277.7,85419.9,85032.4,85126.0,2791.947
2026-09-21 13:15:00,85126.1,85180.0,84855.9,84894.7,3506.438
2026-09-21 13:30:00,84894.7,85190.0,84724.9,85033.7,4941.061
2026-09-21 13:45:00,85033.8,85803.1,84993.9,85430.0,9842.336
2026-09-21 14:00:00,85430.0,85505.1,85007.0,85269.9,5936.104
2026-09-21 14:15:00,85269.9,85754.8,85178.4,85680.4,5286.499
2026-09-21 14:30:00,85680.4,85980.3,85531.9,85757.5,7488.931
2026-09-21 14:45:00,85757.5,86099.3,85649.5,85808.8,5684.978
2026-09-21 15:00:00,85808.7,86340.0,85759.3,86245.0,6662.455
2026-09-21 15:15:00,86245.0,86245.0,85759.2,85810.0,4540.73
2026-09-21 15:30:00,85809.9,86080.0,85750.0,86080.0,2784.743
2026-09-21 15:45:00,86079.9,86134.0,85848.5,85877.5,3495.703
2026-09-21 16:00:00,85877.4,85921.7,85636.9,85682.6,3166.071
2026-09-21 16:15:00,85682.6,85934.3,85682.5,85804.7,1615.823
2026-09-21 16:30:00,85804.7,85925.4,85562.1,85815.8,1977.789
2026-09-21 16:45:00,85815.8,86067.5,85796.2,85910.1,2479.29
2026-09-21 17:00:00,85910.2,86067.5,85846.9,85907.8,1885.771
2026-09-21 17:15:00,85907.8,85949.1,85699.9,85840.1,2303.904
2026-09-21 17:30:00,85840.1,85931.2,85765.0,85850.0,900.944
2026-09-21 17:45:00,85850.0,85860.3,85635.9,85854.2,1886.245
2026-09-21 18:00:00,85854.2,85972.6,85768.4,85947.7,1290.95
2026-09-21 18:15:00,85947.7,86035.8,85845.5,85880.2,1523.863
2026-09-21 18:30:00,85880.3,85947.7,85723.6,85887.7,1360.732
2026-09-21 18:45:00,85887.8,86029.2,85840.8,86021.5,907.338
2026-09-21 19:00:00,86021.5,86033.0,85941.6,86015.1,1021.957
2026-09-21 19:15:00,86015.1,86435.5,86000.0,86326.2,4355.096
2026-09-21 19:30:00,86326.1,86874.0,86276.2,86534.0,7631.472
2026-09-21 19:45:00,86534.0,86640.8,86430.1,86454.3,1632.473
2026-09-21 20:00:00,86454.2,86769.4,86454.2,86704.3,1760.835
2026-09-21 20:15:00,86704.3,87385.1,86659.7,87238.6,7016.101
2026-09-21 20:30:00,87238.7,87271.6,86855.9,86915.9,3179.37
2026-09-21 20:45:00,86915.8,87053.4,86825.6,86961.4,1411.399
2026-09-21 21:00:00,86961.4,86961.5,86555.5,86555.5,1735.41
2026-09-21 21:15:00,86555.5,86666.6,86517.1,86596.5,926.89
2026-09-21 21:30:00,86596.6,86822.0,86596.5,86747.8,1082.388
2026-09-21 21:45:00,86747.7,86747.8,86544.0,86544.1,589.278
2026-09-21 22:00:00,86544.0,86678.0,86502.6,86583.9,1002.285
2026-09-21 22:15:00,86584.0,86729.0,86325.0,86388.9,1315.019
2026-09-21 22:30:00,86388.9,86574.0,86350.0,86393.9,1324.551
2026-09-21 22:45:00,86394.0,86430.1,86252.9,86419.2,1195.415
2026-09-21 23:00:00,86419.2,86664.2,86392.3,86615.5,1368.161
2026-09-21 23:15:00,86615.4,86666.0,86452.3,86457.1,647.736
2026-09-21 23:30:00,86457.1,86502.6,86325.5,86428.2,923.378
2026-09-21 23:45:00,86428.1,86624.2,86400.0,86578.7,728.309
2026-09-22 00:00:00,86578.8,86592.8,86265.9,86440.6,2414.554
2026-09-22 00:15:00,86440.5,86467.2,86286.9,86363.1,809.415
2026-09-22 00:30:00,86363.1,86482.8,86093.8,86318.8,2184.861
2026-09-22 00:45:00,86318.9,86370.0,85815.4,85854.9,4331.34
2026-09-22 01:00:00,85855.0,85945.7,85587.1,85750.0,3260.397
2026-09-22 01:15:00,85750.1,85849.9,85354.4,85744.9,3211.509
2026-09-22 01:30:00,85744.9,85810.1,85599.4,85648.0,1049.477
2026-09-22 01:45:00,85648.1,85699.9,85505.0,85588.3,1147.009
2026-09-22 02:00:00,85588.3,85666.0,85308.0,85570.4,2290.333
2026-09-22 02:15:00,85570.4,85820.0,85488.0,85707.7,2231.002
2026-09-22 02:30:00,85707.7,85816.2,85602.8,85781.8,833.758
2026-09-22 02:45:00,85781.8,85840.1,85626.5,85683.5,1657.93
2026-09-22 03:00:00,85683.5,85730.1,85416.1,85512.7,1417.865
2026-09-22 03:15:00,85512.7,85624.3,85268.0,85577.6,1893.415
2026-09-22 03:30:00,85577.5,85578.4,85390.7,85460.9,1287.865
2026-09-22 03:45:00,85460.9,85762.2,85436.6,85656.6,1429.827
2026-09-22 04:00:00,85656.5,85710.6,85576.9,85586.0,1421.94
2026-09-22 04:15:00,85586.0,85605.9,85464.4,85524.1,1610.966
2026-09-22 04:30:00,85524.2,85582.4,85419.2,85480.2,1229.11
2026-09-22 04:45:00,85480.2,85500.0,85400.0,85424.7,1421.32
2026-09-22 05:00:00,85424.8,85479.6,85316.0,85374.9,2519.188
2026-09-22 05:15:00,85375.0,85384.4,85109.0,85181.2,2540.708
2026-09-22 05:30:00,85181.1,85400.7,85080.0,85400.6,1983.665
2026-09-22 05:45:00,85400.6,85571.0,85364.3,85377.2,1904.029
2026-09-22 06:00:00,85377.3,85449.9,85228.6,85323.8,997.89
2026-09-22 06:15:00,85323.8,85349.6,85216.3,85341.7,601.991
2026-09-22 06:30:00,85341.7,85549.1,85312.1,85453.1,1656.24
2026-09-22 06:45:00,85453.0,85472.5,85324.0,85349.9,938.291
2026-09-22 07:00:00,85350.0,85475.0,85250.2,85412.1,2394.014
2026-09-22 07:15:00,85412.0,85437.2,85165.0,85289.4,1937.424
2026-09-22 07:30:00,85289.4,85299.8,85132.0,85220.3,1223.792
2026-09-22 07:45:00,85220.2,85324.7,85214.6,85324.7,1135.078
2026-09-22 08:00:00,85324.7,85514.8,85305.7,85455.4,1783.831
2026-09-22 08:15:00,85455.3,85643.0,85363.6,85382.9,1566.482
2026-09-22 08:30:00,85382.9,86133.2,85287.2,86116.1,5888.51
2026-09-22 08:45:00,86116.0,86365.5,85988.7,86179.1,5027.789
2026-09-22 09:00:00,86179.1,86179.1,85643.0,85892.6,5225.645
2026-09-22 09:15:00,85892.6,85958.0,85771.5,85858.0,1061.12
2026-09-22 09:30:00,85858.0,86041.8,85800.0,86000.1,1360.879
2026-09-22 09:45:00,86000.1,86241.1,85976.1,86211.5,2078.123
2026-09-22 10:00:00,86211.4,86228.9,85952.6,85994.1,1430.369
2026-09-22 10:15:00,85994.1,86060.1,85777.0,85822.9,1599.394
2026-09-22 10:30:00,85822.9,85910.0,85693.6,85807.7,1969.516
2026-09-22 10:45:00,85807.7,85943.6,85741.0,85856.2,949.592
2026-09-22 11:00:00,85856.1,85956.0,85726.5,85933.1,1044.258
2026-09-22 11:15:00,85933.2,86063.3,85875.5,85883.4,808.325
2026-09-22 11:30:00,85883.4,86110.0,85804.2,86063.8,921.223
2026-09-22 11:45:00,86063.9,86100.0,85850.0,85950.1,962.668
2026-09-22 12:00:00,85950.1,86000.1,85870.2,85870.2,812.48
2026-09-22 12:15:00,85870.2,86078.3,85739.3,86078.3,1417.665
2026-09-22 12:30:00,86078.2,86163.4,85931.6,85938.8,1445.267
2026-09-22 12:45:00,85938.9,86028.2,85900.0,85993.6,964.514
2026-09-22 13:00:00,85993.6,86182.7,85980.0,86015.1,1234.046
2026-09-22 13:15:00,86015.1,86019.5,85658.7,85697.1,2365.926
2026-09-22 13:30:00,85697.1,86131.1,85519.5,85896.6,4307.098
2026-09-22 13:45:00,85896.5,86333.0,85830.7,86309.7,3351.125
2026-09-22 14:00:00,86309.7,86431.2,86033.3,86315.8,2919.714
2026-09-22 14:15:00,86315.7,86344.0,85881.3,85882.5,1960.108
2026-09-22 14:30:00,85882.4,85960.3,85405.9,85855.7,5425.866
2026-09-22 14:45:00,85855.6,86220.0,85838.2,86209.1,1920.033
2026-09-22 15:00:00,86209.0,86362.9,86089.1,86265.7,2738.236
2026-09-22 15:15:00,86265.7,86300.0,86078.5,86237.2,1486.966
2026-09-22 15:30:00,86237.1,86547.6,86202.8,86517.1,1961.636
2026-09-22 15:45:00,86517.0,86699.9,86280.3,86367.4,2446.295
2026-09-22 16:00:00,86367.4,86485.7,86102.7,86133.7,1958.065
2026-09-22 16:15:00,86133.7,86252.5,86025.8,86043.3,1693.239
2026-09-22 16:30:00,86043.4,86250.0,86025.0,86185.7,921.059
2026-09-22 16:45:00,86185.6,86554.0,86168.0,86378.0,4136.091
2026-09-22 17:00:00,86377.9,86522.6,86329.0,86383.0,2786.174
2026-09-22 17:15:00,86382.9,86542.8,86207.4,86542.8,1786.569
2026-09-22 17:30:00,86542.8,86590.5,86393.7,86435.2,1770.306
2026-09-22 17:45:00,86435.2,86615.0,86360.2,86527.5,2474.282
2026-09-22 18:00:00,86527.6,86600.0,86389.1,86476.4,1854.455
2026-09-22 18:15:00,86476.5,86596.4,86226.2,86235.5,1701.454
2026-09-22 18:30:00,86235.5,86399.5,86187.4,86352.6,1665.696
2026-09-22 18:45:00,86352.6,86530.5,86352.5,86403.2,1514.347
2026-09-22 19:00:00,86403.2,86481.1,86347.2,86430.9,1143.66
2026-09-22 19:15:00,86430.9,86538.5,86384.8,86483.9,1418.048
2026-09-22 19:30:00,86483.9,86483.9,86211.6,86330.7,1648.333
2026-09-22 19:45:00,86330.8,86360.6,86095.8,86146.1,1489.719
2026-09-22 20:00:00,86146.2,86233.2,86081.2,86164.1,952.742
2026-09-22 20:15:00,86164.1,86331.7,86153.7,86296.1,708.667
2026-09-22 20:30:00,86296.0,86324.5,86188.2,86276.1,372.029
2026-09-22 20:45:00,86276.1,86276.1,86150.0,86229.9,468.949
2026-09-22 21:00:00,86229.9,86314.0,86172.0,86221.7,516.969
2026-09-22 21:15:00,86221.7,86231.6,86175.0,86205.6,349.941
2026-09-22 21:30:00,86205.5,86269.4,86129.8,86165.1,430.011
2026-09-22 21:45:00,86165.1,86264.7,86143.2,86143.2,325.52
2026-09-22 22:00:00,86143.3,86246.3,85948.5,86013.1,1342.578
2026-09-22 22:15:00,86013.1,86185.2,85987.3,86128.7,596.286
2026-09-22 22:30:00,86128.7,86241.9,86123.9,86183.9,714.926
2026-09-22 22:45:00,86184.0,86247.8,86079.6,86080.5,639.495
2026-09-22 23:00:00,86080.6,86473.6,86080.6,86349.2,1792.762
2026-09-22 23:15:00,86349.2,86431.5,86123.4,86186.4,1015.653
2026-09-22 23:30:00,86186.4,86234.5,86047.8,86117.4,1022.631
2026-09-22 23:45:00,86117.4,86183.7,86069.6,86158.6,846.846
2026-09-23 00:00:00,86158.6,86333.0,86089.9,86311.0,987.544
2026-09-23 00:15:00,86311.0,86495.0,86302.0,86417.6,1209.197
2026-09-23 00:30:00,86417.5,86557.7,86389.4,86412.2,1663.117
2026-09-23 00:45:00,86412.2,86479.6,86376.9,86423.3,631.602
2026-09-23 01:00:00,86423.2,86817.3,86396.4,86685.8,2432.846
2026-09-23 01:15:00,86685.7,86700.0,86549.3,86599.9,1072.549
2026-09-23 01:30:00,86599.9,86609.0,86222.9,86232.1,1633.845
2026-09-23 01:45:00,86232.2,86333.1,86125.0,86320.1,1488.92
2026-09-23 02:00:00,86320.1,86346.5,86214.0,86339.4,620.089
2026-09-23 02:15:00,86339.4,86593.3,86329.4,86541.4,1185.361
2026-09-23 02:30:00,86541.4,86549.5,86428.5,86437.1,534.23
2026-09-23 02:45:00,86437.2,86510.0,86410.0,86506.0,428.421
2026-09-23 03:00:00,86505.9,86512.0,86388.8,86506.3,375.535
2026-09-23 03:15:00,86506.4,86781.0,86460.1,86656.3,1514.113
2026-09-23 03:30:00,86656.3,86963.4,86624.8,86848.3,2092.991
2026-09-23 03:45:00,86848.4,86848.4,86659.9,86664.0,769.897
2026-09-23 04:00:00,86663.9,86871.6,86587.9,86804.3,1104.428
2026-09-23 04:15:00,86804.3,87212.0,86729.0,86976.4,4352.712
2026-09-23 04:30:00,86976.3,87247.3,86976.3,87098.2,2861.242
2026-09-23 04:45:00,87098.2,87185.9,87070.0,87115.1,867.968
2026-09-23 05:00:00,87115.1,87115.1,86836.2,86881.6,1636.403
2026-09-23 05:15:00,86881.7,86922.7,86700.0,86731.5,1722.271
2026-09-23 05:30:00,86731.5,86783.3,86663.0,86704.1,1109.887
2026-09-23 05:45:00,86704.2,86729.1,86366.1,86448.5,2836.606
2026-09-23 06:00:00,86448.5,86564.7,86400.0,86561.4,968.02
2026-09-23 06:15:00,86561.5,86561.8,86369.8,86375.9,814.025
2026-09-23 06:30:00,86375.8,86534.9,86311.2,86529.1,1211.833
2026-09-23 06:45:00,86529.0,86529.1,86400.0,86424.1,1064.212
2026-09-23 07:00:00,86424.0,86425.6,86253.1,86325.0,1244.576
2026-09-23 07:15:00,86324.9,86407.0,86265.4,86372.2,686.518
2026-09-23 07:30:00,86372.3,86383.5,85951.2,86024.8,3264.742
2026-09-23 07:45:00,86024.9,86197.1,86016.0,86100.0,1699.542
2026-09-23 08:00:00,86100.0,86219.9,86051.8,86151.5,1247.998
2026-09-23 08:15:00,86151.6,86232.9,86102.5,86126.3,915.591
2026-09-23 08:30:00,86126.4,86187.7,86050.0,86065.8,786.038
2026-09-23 08:45:00,86065.7,86065.8,85638.8,85878.1,5188.866
2026-09-23 09:00:00,85878.0,85986.0,85844.2,85920.2,1348.516
2026-09-23 09:15:00,85920.2,86008.8,85830.0,85861.9,1180.194
2026-09-23 09:30:00,85861.9,85905.6,85751.9,85765.8,911.138
2026-09-23 09:45:00,85765.9,85899.0,85691.8,85819.3,1645.021
2026-09-23 10:00:00,85819.2,85891.2,85777.4,85814.0,850.882
2026-09-23 10:15:00,85813.6,85814.7,85591.4,85767.9,2271.72
2026-09-23 10:30:00,85767.9,85844.4,85688.0,85843.1,1311.333
2026-09-23 10:45:00,85843.1,85886.3,85781.2,85879.1,1195.236
2026-09-23 11:00:00,85879.2,85932.5,85649.0,85707.4,1498.504
2026-09-23 11:15:00,85707.3,85711.9,85381.4,85468.7,2934.821
2026-09-23 11:30:00,85468.7,85563.9,85402.3,85478.5,1529.261
2026-09-23 11:45:00,85478.4,85641.3,85466.5,85622.8,855.937
2026-09-23 12:00:00,85622.7,85648.5,85392.6,85432.8,2093.935
2026-09-23 12:15:00,85432.8,85483.8,85200.6,85440.7,4572.892
2026-09-23 12:30:00,85440.7,85540.9,85414.4,85416.4,1010.086
2026-09-23 12:45:00,85416.4,85511.0,85363.7,85465.1,1034.004
2026-09-23 13:00:00,85465.0,85482.6,85241.1,85325.5,1536.937
2026-09-23 13:15:00,85325.5,85549.9,85325.5,85511.0,1661.334
2026-09-23 13:30:00,85511.0,85837.9,85480.2,85788.9,4590.26
2026-09-23 13:45:00,85788.9,85799.6,85506.7,85755.1,2776.886
2026-09-23 14:00:00,85755.0,85908.5,84491.4,84836.6,14876.301
2026-09-23 14:15:00,84836.6,84836.7,83873.8,84000.0,21670.11
2026-09-23 14:30:00,83999.9,84443.3,83813.8,84267.5,11387.623
2026-09-23 14:45:00,84267.5,84524.1,84155.0,84482.5,5199.228
2026-09-23 15:00:00,84482.6,84667.8,84396.0,84592.8,5584.476
2026-09-23 15:15:00,84592.9,84735.4,84439.0,84453.5,3533.427
2026-09-23 15:30:00,84453.6,84487.9,84231.1,84243.2,3642.394
2026-09-23 15:45:00,84243.3,84296.0,83900.3,83961.2,5911.256
2026-09-23 16:00:00,83961.1,84317.5,83450.1,84300.3,12157.57
2026-09-23 16:15:00,84300.3,84315.0,84100.0,84193.6,2464.191
2026-09-23 16:30:00,84193.6,84294.3,83888.0,84051.1,2492.444
2026-09-23 16:45:00,84051.1,84108.5,83802.7,84004.4,2324.471
2026-09-23 17:00:00,84004.4,84142.2,83665.1,83766.3,3570.412
2026-09-23 17:15:00,83766.3,84179.1,83741.8,84021.6,2533.279
2026-09-23 17:30:00,84021.6,84219.0,83932.0,84207.8,1875.091
2026-09-23 17:45:00,84207.8,84346.5,84207.5,84280.0,1700.906
2026-09-23 18:00:00,84280.0,84295.4,84110.4,84153.1,1193.813
2026-09-23 18:15:00,84153.1,84231.2,84103.8,84105.1,718.857
2026-09-23 18:30:00,84105.1,84197.6,84087.3,84184.3,674.354
2026-09-23 18:45:00,84184.4,84368.7,84150.0,84281.1,985.843
2026-09-23 19:00:00,84281.2,84357.5,84168.2,84327.9,1067.197
2026-09-23 19:15:00,84328.0,84420.3,84253.8,84365.7,1042.787
2026-09-23 19:30:00,84365.7,84444.8,84344.9,84395.8,732.89
2026-09-23 19:45:00,84395.8,84524.0,84385.1,84466.9,1480.41
2026-09-23 20:00:00,84466.9,84523.8,84234.9,84296.5,1002.487
2026-09-23 20:15:00,84296.5,84362.4,84210.5,84267.2,529.581
2026-09-23 20:30:00,84267.3,84389.4,84254.8,84358.7,345.653
2026-09-23 20:45:00,84358.7,84372.0,84178.7,84198.4,586.595
2026-09-23 21:00:00,84198.4,84338.0,84169.4,84328.3,457.86
2026-09-23 21:15:00,84328.4,84383.6,84283.5,84383.6,361.617
2026-09-23 21:30:00,84383.5,84477.8,84383.5,84458.4,391.361
2026-09-23 21:45:00,84458.3,84477.8,84372.8,84372.9,657.954
2026-09-23 22:00:00,84372.9,84638.5,84301.5,84553.4,1302.371
2026-09-23 22:15:00,84553.5,84561.4,84437.0,84437.1,522.228
2026-09-23 22:30:00,84437.1,84488.9,84353.9,84450.0,495.142
2026-09-23 22:45:00,84450.0,84585.3,84450.0,84524.1,483.144
2026-09-23 23:00:00,84524.0,84533.3,84431.0,84445.3,695.595
2026-09-23 23:15:00,84445.2,84467.3,84389.2,84439.9,309.246
2026-09-23 23:30:00,84440.0,84485.0,84393.2,84424.4,525.88
2026-09-23 23:45:00,84424.5,84437.6,84304.7,84355.1,491.078
2026-09-24 00:00:00,84355.2,84457.5,84255.2,84324.6,635.462
2026-09-24 00:15:00,84324.7,84406.4,84291.6,84306.6,498.749
2026-09-24 00:30:00,84306.7,84415.8,84229.2,84326.0,756.959
2026-09-24 00:45:00,84326.0,84333.0,84146.6,84278.4,944.632
2026-09-24 01:00:00,84278.3,84366.1,84206.7,84244.4,560.935
2026-09-24 01:15:00,84244.4,84307.9,84139.0,84185.4,980.309
2026-09-24 01:30:00,84185.4,84441.5,84037.6,84102.4,1414.618
2026-09-24 01:45:00,84102.4,84156.7,84023.2,84070.7,873.625
2026-09-24 02:00:00,84070.8,84098.9,83708.0,83915.7,3594.544
2026-09-24 02:15:00,83915.7,84227.3,83915.7,84130.8,1381.748
2026-09-24 02:30:00,84130.8,84307.0,84103.2,84296.5,903.396
2026-09-24 02:45:00,84296.4,84348.4,84294.0,84327.7,734.945
2026-09-24 03:00:00,84327.6,84451.7,84200.6,84298.9,906.472
2026-09-24 03:15:00,84299.0,84333.5,83949.0,84025.0,901.294
2026-09-24 03:30:00,84025.0,84025.0,83827.7,83971.5,1163.313
2026-09-24 03:45:00,83971.5,83981.9,83811.0,83902.3,971.064
2026-09-24 04:00:00,83902.4,83930.1,83765.5,83793.7,1708.102
2026-09-24 04:15:00,83793.8,83908.6,83742.0,83893.4,1474.392
2026-09-24 04:30:00,83893.4,83898.3,83808.5,83844.5,470.349
2026-09-24 04:45:00,83844.5,84018.4,83752.2,84001.9,1027.841
2026-09-24 05:00:00,84002.0,84375.0,84001.9,84163.6,1953.436
2026-09-24 05:15:00,84163.7,84200.0,84089.0,84146.5,504.362
2026-09-24 05:30:00,84146.5,84219.5,84064.2,84161.3,717.905
2026-09-24 05:45:00,84161.4,84211.2,83920.8,83937.8,911.336
2026-09-24 06:00:00,83937.8,84155.0,83871.5,84089.9,983.084
2026-09-24 06:15:00,84089.9,84176.5,84034.5,84155.8,717.801
2026-09-24 06:30:00,84155.8,84199.0,84115.5,84152.5,563.506
2026-09-24 06:45:00,84152.4,84167.7,84049.6,84070.5,447.475
2026-09-24 07:00:00,84070.4,84116.9,83907.9,84055.2,775.855
2026-09-24 07:15:00,84055.2,84384.1,84020.4,84384.0,1058.908
2026-09-24 07:30:00,84384.0,84537.7,84331.4,84381.4,2557.381
2026-09-24 07:45:00,84381.4,84561.8,84321.3,84468.0,2171.857
2026-09-24 08:00:00,84468.0,84584.6,84342.8,84346.4,2018.194
2026-09-24 08:15:00,84346.5,84407.4,83728.0,83728.1,3633.889
2026-09-24 08:30:00,83728.1,83936.9,83559.4,83690.9,3651.785
2026-09-24 08:45:00,83691.0,83738.4,83122.0,83615.1,6967.388
2026-09-24 09:00:00,83615.2,83697.0,83408.4,83425.2,2461.848
2026-09-24 09:15:00,83425.3,83486.3,83285.2,83330.8,2475.813
2026-09-24 09:30:00,83330.7,83330.8,82832.0,83121.8,7969.458
2026-09-24 09:45:00,83121.7,83240.6,82993.9,83231.7,2145.998
2026-09-24 10:00:00,83231.6,83356.9,83102.7,83260.6,2199.098
2026-09-24 10:15:00,83260.5,83330.0,83137.0,83220.6,1172.975
2026-09-24 10:30:00,83220.5,83403.3,83114.4,83353.4,1344.962
2026-09-24 10:45:00,83353.4,83530.0,83328.2,83473.5,2046.375
2026-09-24 11:00:00,83473.5,83564.0,83465.0,83524.0,1322.146
2026-09-24 11:15:00,83524.1,83577.7,83465.2,83480.1,1012.296
2026-09-24 11:30:00,83480.1,83510.0,83370.3,83419.2,773.158
2026-09-24 11:45:00,83419.2,83513.0,83350.5,83451.1,619.206
2026-09-24 12:00:00,83451.1,83567.9,83353.0,83488.1,943.345
2026-09-24 12:15:00,83488.0,83647.2,83480.0,83507.1,1145.186
2026-09-24 12:30:00,83507.1,83536.8,83301.0,83465.1,1090.384
2026-09-24 12:45:00,83465.2,83621.7,83383.9,83561.0,725.544
2026-09-24 13:00:00,83561.0,83728.1,83554.8,83718.5,1332.495
2026-09-24 13:15:00,83718.5,83922.0,83685.0,83743.5,2490.265
2026-09-24 13:30:00,83743.5,84302.9,83719.6,83906.9,6186.506
2026-09-24 13:45:00,83906.9,84218.1,83812.6,84216.9,2152.052
2026-09-24 14:00:00,84217.0,84333.0,84090.7,84187.2,2407.903
2026-09-24 14:15:00,84187.2,84901.6,84096.6,84832.8,5871.465
2026-09-24 14:30:00,84832.9,84832.9,84340.7,84367.9,4166.983
2026-09-24 14:45:00,84368.0,84371.1,83327.8,83628.3,8485.146
2026-09-24 15:00:00,83628.2,83886.5,83440.4,83856.3,4134.369
2026-09-24 15:15:00,83856.3,84214.9,83839.1,84081.1,2424.961
2026-09-24 15:30:00,84081.1,84420.6,84057.0,84380.0,1612.153
2026-09-24 15:45:00,84379.9,84429.0,84240.4,84374.4,1335.128
2026-09-24 16:00:00,84374.4,84390.0,83991.2,84210.7,1794.385
2026-09-24 16:15:00,84210.8,84799.0,84210.8,84672.4,5056.036
2026-09-24 16:30:00,84672.4,84883.6,84391.5,84503.3,3064.465
2026-09-24 16:45:00,84503.3,84665.2,84375.7,84450.7,1524.747
2026-09-24 17:00:00,84450.6,84520.0,84316.9,84436.9,914.795
2026-09-24 17:15:00,84436.9,84510.9,84135.7,84287.5,1601.098
2026-09-24 17:30:00,84287.6,84402.1,84082.9,84133.6,887.505
2026-09-24 17:45:00,84133.6,84185.8,83932.4,84074.4,1277.767
2026-09-24 18:00:00,84074.5,84218.8,83833.4,84214.4,1568.22
2026-09-24 18:15:00,84214.3,84446.8,84200.0,84381.3,1473.387
2026-09-24 18:30:00,84381.3,84519.9,84215.0,84384.9,1208.222
2026-09-24 18:45:00,84385.0,84510.1,84324.0,84437.5,579.055
2026-09-24 19:00:00,84437.5,84589.9,84249.4,84545.0,1045.327
2026-09-24 19:15:00,84545.0,84622.3,84495.0,84601.5,628.251
2026-09-24 19:30:00,84601.5,84606.6,84378.7,84405.1,796.037
2026-09-24 19:45:00,84405.0,84554.4,84235.3,84367.9,2215.768
2026-09-24 20:00:00,84367.9,84402.6,84200.0,84211.3,1177.006
2026-09-24 20:15:00,84211.4,84285.7,84125.2,84236.4,637.559
2026-09-24 20:30:00,84236.4,84372.9,84163.0,84339.6,447.518
2026-09-24 20:45:00,84339.6,84431.6,84209.9,84320.0,892.999
2026-09-24 21:00:00,84320.0,84363.8,84245.2,84283.3,460.985
2026-09-24 21:15:00,84283.2,84408.0,84283.2,84378.0,421.147
2026-09-24 21:30:00,84378.0,84453.4,84365.0,84445.2,343.791
2026-09-24 21:45:00,84445.1,84447.0,84297.6,84304.0,302.464
2026-09-24 22:00:00,84304.0,84330.0,84206.2,84281.6,558.565
2026-09-24 22:15:00,84281.7,84295.2,83903.1,84090.1,1777.487
2026-09-24 22:30:00,84090.1,84154.4,84024.9,84097.5,617.343
2026-09-24 22:45:00,84097.5,84235.4,84093.1,84235.4,510.157
2026-09-24 23:00:00,84235.4,84331.8,84221.8,84262.0,501.285
2026-09-24 23:15:00,84262.0,84404.0,84250.0,84392.7,399.032
2026-09-24 23:30:00,84392.7,84433.3,84361.7,84365.7,431.534
2026-09-24 23:45:00,84365.7,84409.5,84323.7,84370.0,388.753
2026-09-25 00:00:00,84370.1,84689.2,84370.0,84628.6,1877.736
2026-09-25 00:15:00,84628.5,84634.2,84505.7,84634.1,694.602
2026-09-25 00:30:00,84634.0,84648.3,84508.0,84551.1,513.638
2026-09-25 00:45:00,84551.0,84630.5,84522.5,84560.6,577.471
2026-09-25 01:00:00,84560.6,84763.7,84536.1,84660.0,1158.51
2026-09-25 01:15:00,84660.0,84714.0,84460.8,84493.7,1008.996
2026-09-25 01:30:00,84493.8,84499.5,84306.1,84438.9,1022.668
2026-09-25 01:45:00,84438.9,84600.8,84433.1,84576.6,798.426
2026-09-25 02:00:00,84576.5,84850.0,84518.5,84796.2,2286.94
2026-09-25 02:15:00,84796.2,84855.0,84611.7,84654.8,1114.24
2026-09-25 02:30:00,84654.7,84690.3,84360.3,84444.6,1253.69
2026-09-25 02:45:00,84444.6,84444.7,84139.8,84194.4,1482.056
2026-09-25 03:00:00,84194.9,84297.0,84141.2,84219.3,1046.69
2026-09-25 03:15:00,84219.3,84297.0,84110.3,84115.9,793.956
2026-09-25 03:30:00,84116.0,84355.6,84026.0,84170.6,1215.707
2026-09-25 03:45:00,84170.5,84208.0,84108.7,84201.1,560.47
2026-09-25 04:00:00,84201.0,84201.1,84036.1,84036.1,688.51
2026-09-25 04:15:00,84036.2,84138.0,84018.3,84094.1,525.486
2026-09-25 04:30:00,84094.1,84263.9,84094.1,84234.3,576.644
2026-09-25 04:45:00,84234.4,84254.9,84131.9,84171.5,569.308
2026-09-25 05:00:00,84171.5,84223.2,84123.5,84123.5,327.117
2026-09-25 05:15:00,84123.5,84233.6,84050.1,84142.0,524.682
2026-09-25 05:30:00,84141.9,84310.6,84080.2,84219.3,796.753
2026-09-25 05:45:00,84219.2,84250.0,84152.0,84152.0,249.03
2026-09-25 06:00:00,84152.0,84192.7,83890.5,84081.2,2241.763
2026-09-25 06:15:00,84081.2,84246.6,84013.7,84057.1,875.332
2026-09-25 06:30:00,84057.1,84064.6,83885.7,83995.1,930.322
2026-09-25 06:45:00,83995.1,84038.0,83966.1,83999.3,734.304
2026-09-25 07:00:00,83999.2,84020.0,83683.7,83774.7,2852.592
2026-09-25 07:15:00,83774.8,84013.5,83774.3,84005.0,1000.358
2026-09-25 07:30:00,84005.0,84059.9,83769.9,83870.0,2408.261
2026-09-25 07:45:00,83870.0,84033.8,83841.3,83994.7,1926.831
2026-09-25 08:00:00,83994.7,84138.0,83973.5,84067.6,1231.216
2026-09-25 08:15:00,84067.6,84470.5,84067.5,84382.2,1939.369
2026-09-25 08:30:00,84382.3,84406.9,84269.3,84276.4,716.626
2026-09-25 08:45:00,84276.4,84441.8,84244.9,84376.1,718.832
2026-09-25 09:00:00,84376.2,84684.4,84376.1,84549.4,2174.775
2026-09-25 09:15:00,84549.5,84800.0,84488.2,84763.5,2030.152
2026-09-25 09:30:00,84763.4,84822.2,84517.1,84590.8,1615.299
2026-09-25 09:45:00,84590.8,84601.9,84525.0,84533.2,659.807
2026-09-25 10:00:00,84533.2,84533.3,84350.0,84451.6,1608.348
2026-09-25 10:15:00,84451.6,84707.5,84402.5,84679.0,1046.889
2026-09-25 10:30:00,84679.0,84777.7,84609.7,84737.9,1266.213
2026-09-25 10:45:00,84737.9,84844.2,84665.9,84678.3,1228.498
2026-09-25 11:00:00,84678.3,85206.3,84652.7,85195.8,4894.09
2026-09-25 11:15:00,85195.8,85224.0,84788.8,84892.0,3144.995
2026-09-25 11:30:00,84892.0,84929.9,84650.0,84679.9,1891.347
2026-09-25 11:45:00,84680.0,84700.0,84520.7,84533.4,1617.501
2026-09-25 12:00:00,84533.4,84660.0,84148.5,84323.7,3063.306
2026-09-25 12:15:00,84323.6,84364.7,83824.2,84360.7,5224.844
2026-09-25 12:30:00,84360.7,84500.0,84280.4,84392.4,1970.122
2026-09-25 12:45:00,84392.4,84542.4,84289.2,84427.8,1280.628
2026-09-25 13:00:00,84427.7,84528.5,84290.8,84406.4,1131.945
2026-09-25 13:15:00,84406.3,84516.7,84053.2,84057.1,1925.641
2026-09-25 13:30:00,84057.1,84306.3,83752.4,83973.1,4731.85
2026-09-25 13:45:00,83973.1,84075.7,83434.3,83887.9,5276.857
2026-09-25 14:00:00,83887.8,83980.4,83130.1,83544.9,7280.671
2026-09-25 14:15:00,83544.9,83766.0,83415.9,83618.1,2683.677
2026-09-25 14:30:00,83618.0,83892.9,83613.9,83645.2,2505.19
2026-09-25 14:45:00,83645.3,83997.6,83521.2,83973.6,1962.041
2026-09-25 15:00:00,83973.5,84059.4,83711.0,83959.0,1904.733
2026-09-25 15:15:00,83959.0,83968.1,83690.5,83730.5,1722.592
2026-09-25 15:30:00,83730.5,83866.1,83411.9,83442.3,2721.245
2026-09-25 15:45:00,83442.2,83769.0,83323.6,83767.0,2526.2
2026-09-25 16:00:00,83767.0,84081.0,83761.6,83986.5,3077.832
2026-09-25 16:15:00,83986.6,84090.2,83884.6,83947.9,1447.362
2026-09-25 16:30:00,83947.8,84012.4,83781.1,83865.7,1438.947
2026-09-25 16:45:00,83865.7,83875.9,83684.1,83715.9,1003.874
2026-09-25 17:00:00,83715.8,83928.5,83715.8,83925.0,642.688
2026-09-25 17:15:00,83925.0,83954.9,83637.5,83646.5,767.043
2026-09-25 17:30:00,83646.6,83806.7,83585.1,83764.2,979.191
2026-09-25 17:45:00,83764.1,83776.3,83665.0,83750.1,579.801
2026-09-25 18:00:00,83750.2,83993.6,83750.2,83966.2,870.812
2026-09-25 18:15:00,83966.2,84056.0,83865.9,83927.6,861.553
2026-09-25 18:30:00,83927.7,83986.6,83870.2,83949.3,376.903
2026-09-25 18:45:00,83949.3,83973.0,83895.1,83931.7,412.303
2026-09-25 19:00:00,83931.7,84019.8,83892.3,84008.4,488.505
2026-09-25 19:15:00,84008.4,84012.5,83909.3,83972.8,493.927
2026-09-25 19:30:00,83972.8,84040.8,83915.2,83952.2,426.439
2026-09-25 19:45:00,83952.3,84035.2,83950.0,83971.4,648.415
2026-09-25 20:00:00,83971.4,84009.4,83900.0,83930.6,358.297
2026-09-25 20:15:00,83930.6,84071.0,83930.5,84021.5,535.411
2026-09-25 20:30:00,84021.5,84154.9,83996.4,84084.8,1280.398
2026-09-25 20:45:00,84084.7,84084.7,83792.6,83839.7,1304.657
2026-09-25 21:00:00,83839.7,83882.9,83600.0,83651.7,1250.439
2026-09-25 21:15:00,83651.6,83733.0,83587.0,83732.9,621.719
2026-09-25 21:30:00,83733.0,83795.2,83682.6,83768.4,353.825
2026-09-25 21:45:00,83768.3,83834.3,83732.4,83747.3,254.44
2026-09-25 22:00:00,83747.3,83887.3,83726.8,83887.2,259.471
2026-09-25 22:15:00,83887.3,83939.3,83857.5,83866.2,378.546
2026-09-25 22:30:00,83866.2,84058.8,83866.2,84044.9,565.585
2026-09-25 22:45:00,84045.0,84097.6,84013.9,84032.8,834.398
2026-09-25 23:00:00,84032.9,84071.5,84024.4,84024.9,241.584
2026-09-25 23:15:00,84024.9,84051.4,83968.6,84051.4,486.342
2026-09-25 23:30:00,84051.4,84059.7,84030.6,84030.7,152.581
2026-09-25 23:45:00,84030.6,84056.0,83975.2,84056.0,304.958
2026-09-26 00:00:00,84056.0,84106.8,84006.2,84033.3,768.048
2026-09-26 00:15:00,84033.4,84042.3,83867.5,83916.4,615.051
2026-09-26 00:30:00,83916.4,83916.4,83750.0,83841.7,987.423
2026-09-26 00:45:00,83841.8,83911.5,83841.7,83869.0,194.702
2026-09-26 01:00:00,83869.0,83945.0,83863.8,83900.1,432.045
2026-09-26 01:15:00,83900.1,83954.6,83889.2,83912.3,348.721
2026-09-26 01:30:00,83912.4,84049.2,83903.1,84008.6,488.35
2026-09-26 01:45:00,84008.6,84050.0,83992.4,84041.4,276.608
2026-09-26 02:00:00,84041.4,84105.6,83949.8,84100.1,539.85
2026-09-26 02:15:00,84100.1,84101.0,83993.3,83993.3,444.595
2026-09-26 02:30:00,83993.3,84012.6,83959.3,83978.3,352.94
2026-09-26 02:45:00,83978.4,84027.4,83973.4,83981.3,154.473
2026-09-26 03:00:00,83981.3,83981.4,83876.4,83911.0,219.008
2026-09-26 03:15:00,83911.1,83998.1,83888.5,83988.0,314.599
2026-09-26 03:30:00,83987.9,84024.7,83919.0,83919.1,250.735
2026-09-26 03:45:00,83919.0,83935.4,83899.9,83908.6,204.171
2026-09-26 04:00:00,83908.6,83984.1,83908.5,83951.8,326.741
2026-09-26 04:15:00,83951.8,84011.0,83860.0,83860.0,438.964
2026-09-26 04:30:00,83860.0,83908.2,83794.2,83907.1,552.657
