timestamp,open,high,low,close,volume
2026-07-28 11:45:00,1873.08,1877.98,1872.84,1875.69,17736.274
2026-07-28 12:00:00,1875.7,1878.01,1873.57,1876.83,21209.325
2026-07-28 12:15:00,1876.83,1879.46,1875.95,1878.28,18797.577
2026-07-28 12:30:00,1878.28,1882.84,1877.44,1882.6,49066.172
2026-07-28 12:45:00,1882.6,1892.79,1881.0,1891.59,131553.92
2026-07-28 13:00:00,1891.58,1895.82,1889.36,1890.56,55587.363
2026-07-28 13:15:00,1890.56,1891.78,1882.72,1883.01,57632.186
2026-07-28 13:30:00,1883.01,1886.33,1859.02,1868.55,265203.003
2026-07-28 13:45:00,1868.55,1875.63,1855.82,1872.97,205063.386
2026-07-28 14:00:00,1872.97,1880.96,1872.71,1874.42,79235.578
2026-07-28 14:15:00,1874.41,1878.93,1866.45,1876.0,92034.313
2026-07-28 14:30:00,1875.99,1887.93,1875.79,1885.44,105705.837
2026-07-28 14:45:00,1885.43,1892.35,1883.46,1887.84,78185.811
2026-07-28 15:00:00,1887.84,1892.19,1883.61,1890.29,85546.443
2026-07-28 15:15:00,1890.28,1923.79,1886.67,1911.21,367360.09
2026-07-28 15:30:00,1911.22,1917.84,1908.23,1915.45,100438.523
2026-07-28 15:45:00,1915.45,1921.69,1911.69,1919.28,113591.33
2026-07-28 16:00:00,1919.27,1919.3,1913.8,1914.78,47807.751
2026-07-28 16:15:00,1914.78,1923.9,1914.01,1917.15,68260.749
2026-07-28 16:30:00,1917.14,1923.58,1913.38,1921.49,45111.577
2026-07-28 16:45:00,1921.49,1928.31,1918.67,1924.86,69548.975
2026-07-28 17:00:00,1924.85,1924.86,1911.19,1911.27,70088.429
2026-07-28 17:15:00,1911.26,1913.11,1902.22,1907.4,103620.789
2026-07-28 17:30:00,1907.41,1907.79,1890.89,1895.51,161720.005
2026-07-28 17:45:00,1895.51,1902.94,1895.5,1900.89,53662.03
2026-07-28 18:00:00,1900.89,1913.2,1900.5,1907.49,83492.26
2026-07-28 18:15:00,1907.5,1910.15,1907.05,1908.31,19982.614
2026-07-28 18:30:00,1908.31,1913.0,1907.41,1911.82,22258.755
2026-07-28 18:45:00,1911.82,1914.51,1908.71,1910.32,24064.579
2026-07-28 19:00:00,1910.32,1914.71,1910.31,1913.14,18068.107
2026-07-28 19:15:00,1913.14,1916.36,1911.45,1915.07,23220.129
2026-07-28 19:30:00,1915.07,1921.0,1914.66,1915.35,50540.904
2026-07-28 19:45:00,1915.34,1921.36,1914.8,1921.34,27274.202
2026-07-28 20:00:00,1921.34,1923.0,1917.42,1920.68,43950.413
2026-07-28 20:15:00,1920.68,1922.28,1916.28,1917.59,24157.468
2026-07-28 20:30:00,1917.59,1919.52,1915.27,1917.98,18920.777
2026-07-28 20:45:00,1917.98,1918.23,1916.23,1917.6,8852.108
2026-07-28 21:00:00,1917.61,1922.43,1917.5,1919.48,20947.161
2026-07-28 21:15:00,1919.49,1920.18,1919.0,1919.41,4554.939
2026-07-28 21:30:00,1919.4,1922.75,1918.26,1922.75,12186.127
2026-07-28 21:45:00,1922.75,1928.9,1922.74,1923.09,40561.888
2026-07-28 22:00:00,1923.09,1926.43,1921.06,1922.22,25498.254
2026-07-28 22:15:00,1922.21,1923.5,1919.01,1919.13,13938.194
2026-07-28 22:30:00,1919.12,1919.12,1915.62,1916.16,19849.603
2026-07-28 22:45:00,1916.16,1916.16,1909.22,1911.09,63552.791
2026-07-28 23:00:00,1911.09,1911.62,1903.54,1907.57,72082.158
2026-07-28 23:15:00,1907.57,1908.39,1903.03,1907.65,24935.037
2026-07-28 23:30:00,1907.66,1918.37,1907.64,1917.09,44069.173
2026-07-28 23:45:00,1917.09,1922.44,1915.77,1921.13,37290.451
2026-07-29 00:00:00,1921.13,1927.98,1920.61,1921.78,58378.016
2026-07-29 00:15:00,1921.78,1925.37,1918.07,1919.62,31956.993
2026-07-29 00:30:00,1919.63,1922.48,1915.75,1920.5,29374.286
2026-07-29 00:45:00,1920.5,1924.81,1915.84,1916.33,16632.205
2026-07-29 01:00:00,1916.33,1917.42,1909.03,1909.79,29839.254
2026-07-29 01:15:00,1909.8,1916.17,1907.62,1914.01,38431.49
2026-07-29 01:30:00,1914.0,1915.2,1908.46,1909.51,22780.396
2026-07-29 01:45:00,1909.51,1910.13,1904.0,1904.6,38957.296
2026-07-29 02:00:00,1904.59,1909.53,1899.2,1907.79,60937.618
2026-07-29 02:15:00,1907.8,1915.26,1902.01,1915.0,37215.812
2026-07-29 02:30:00,1914.99,1919.2,1912.3,1913.39,42651.039
2026-07-29 02:45:00,1913.39,1913.65,1908.0,1910.12,24108.808
2026-07-29 03:00:00,1910.12,1912.37,1905.54,1908.61,24764.191
2026-07-29 03:15:00,1908.62,1909.33,1900.53,1900.95,31783.572
2026-07-29 03:30:00,1900.96,1901.91,1893.97,1896.85,69492.721
2026-07-29 03:45:00,1896.84,1897.8,1890.13,1891.95,51218.725
2026-07-29 04:00:00,1891.96,1895.17,1883.38,1891.19,94911.769
2026-07-29 04:15:00,1891.19,1896.0,1885.27,1894.84,51131.685
2026-07-29 04:30:00,1894.85,1905.74,1893.59,1899.81,92757.078
2026-07-29 04:45:00,1899.81,1904.97,1899.2,1904.62,31284.999
2026-07-29 05:00:00,1904.63,1908.59,1903.8,1908.35,34862.998
2026-07-29 05:15:00,1908.34,1909.87,1902.55,1907.69,25351.726
2026-07-29 05:30:00,1907.68,1914.33,1906.31,1911.8,34855.941
2026-07-29 05:45:00,1911.81,1914.13,1911.0,1911.81,18731.706
2026-07-29 06:00:00,1911.82,1913.23,1908.08,1911.98,27296.736
2026-07-29 06:15:00,1911.99,1919.33,1910.24,1918.0,53449.92
2026-07-29 06:30:00,1917.99,1920.16,1916.55,1918.76,41778.214
2026-07-29 06:45:00,1918.77,1921.3,1916.72,1919.47,37971.29
2026-07-29 07:00:00,1919.48,1921.29,1917.85,1918.43,27781.075
2026-07-29 07:15:00,1918.42,1918.8,1915.2,1917.72,25773.123
2026-07-29 07:30:00,1917.72,1917.77,1913.5,1915.15,23089.042
2026-07-29 07:45:00,1915.16,1926.5,1913.2,1924.14,89009.621
2026-07-29 08:00:00,1924.13,1924.74,1913.54,1914.15,63423.184
2026-07-29 08:15:00,1914.15,1916.5,1911.33,1912.35,32360.222
2026-07-29 08:30:00,1912.34,1916.0,1911.06,1915.83,17560.093
2026-07-29 08:45:00,1915.83,1918.86,1914.0,1914.43,17846.854
2026-07-29 09:00:00,1914.43,1919.33,1914.14,1918.19,18116.36
2026-07-29 09:15:00,1918.2,1920.42,1917.11,1919.43,17649.306
2026-07-29 09:30:00,1919.43,1924.11,1919.09,1921.18,31884.719
2026-07-29 09:45:00,1921.18,1923.52,1917.81,1921.47,25741.436
2026-07-29 10:00:00,1921.47,1921.87,1918.54,1919.71,20808.113
2026-07-29 10:15:00,1919.71,1919.99,1918.0,1918.5,11205.223
2026-07-29 10:30:00,1918.49,1920.54,1916.03,1919.35,23490.29
2026-07-29 10:45:00,1919.35,1919.61,1907.66,1911.19,61740.883
2026-07-29 11:00:00,1911.2,1916.3,1910.32,1915.41,26820.72
2026-07-29 11:15:00,1915.41,1916.16,1910.82,1912.73,30860.222
2026-07-29 11:30:00,1912.73,1913.23,1909.31,1910.83,19248.987
2026-07-29 11:45:00,1910.83,1915.0,1910.53,1914.32,12697.22
2026-07-29 12:00:00,1914.31,1914.31,1910.8,1910.8,12709.378
2026-07-29 12:15:00,1910.8,1910.82,1902.07,1905.4,61012.212
2026-07-29 12:30:00,1905.4,1907.8,1902.83,1905.67,19849.755
2026-07-29 12:45:00,1905.67,1907.4,1902.93,1904.44,18206.062
2026-07-29 13:00:00,1904.43,1905.98,1902.93,1904.99,19772.245
2026-07-29 13:15:00,1904.98,1905.04,1900.0,1903.46,35543.216
2026-07-29 13:30:00,1903.45,1910.49,1900.08,1908.48,87474.464
2026-07-29 13:45:00,1908.48,1910.89,1894.64,1908.41,107546.682
2026-07-29 14:00:00,1908.4,1910.85,1896.0,1897.07,67607.959
2026-07-29 14:15:00,1897.07,1901.98,1891.68,1896.72,74616.321
2026-07-29 14:30:00,1896.73,1902.62,1890.15,1892.67,65147.835
2026-07-29 14:45:00,1892.66,1899.46,1891.8,1894.29,40668.962
2026-07-29 15:00:00,1894.3,1897.86,1892.7,1895.77,28948.394
2026-07-29 15:15:00,1895.77,1897.58,1887.89,1893.94,69177.325
2026-07-29 15:30:00,1893.94,1897.86,1890.08,1890.62,39042.535
2026-07-29 15:45:00,1890.62,1893.15,1886.28,1891.13,45774.012
2026-07-29 16:00:00,1891.13,1892.88,1888.57,1891.34,30228.791
2026-07-29 16:15:00,1891.35,1898.99,1889.57,1894.87,37430.325
2026-07-29 16:30:00,1894.88,1896.98,1886.48,1888.71,32082.529
2026-07-29 16:45:00,1888.7,1894.99,1888.48,1894.42,29146.471
2026-07-29 17:00:00,1894.42,1901.03,1894.2,1900.42,40323.356
2026-07-29 17:15:00,1900.42,1900.44,1894.37,1894.78,22526.589
2026-07-29 17:30:00,1894.78,1903.85,1893.58,1901.3,34944.77
2026-07-29 17:45:00,1901.3,1917.09,1899.67,1915.53,127796.024
2026-07-29 18:00:00,1915.53,1935.0,1914.42,1916.38,327516.978
2026-07-29 18:15:00,1916.38,1918.9,1901.75,1907.34,106433.948
2026-07-29 18:30:00,1907.34,1921.79,1892.79,1919.62,167910.097
2026-07-29 18:45:00,1919.62,1927.72,1917.01,1919.59,112381.768
2026-07-29 19:00:00,1919.6,1922.0,1908.03,1912.6,85130.776
2026-07-29 19:15:00,1912.6,1913.81,1897.3,1903.48,131653.376
2026-07-29 19:30:00,1903.48,1906.56,1896.04,1899.49,53436.882
2026-07-29 19:45:00,1899.49,1900.68,1880.95,1887.91,204202.671
2026-07-29 20:00:00,1887.93,1888.9,1878.0,1886.83,117523.825
2026-07-29 20:15:00,1886.84,1890.5,1876.6,1883.01,58539.766
2026-07-29 20:30:00,1883.02,1891.13,1881.33,1888.38,40425.566
2026-07-29 20:45:00,1888.38,1889.8,1881.91,1883.11,21711.185
2026-07-29 21:00:00,1883.12,1884.29,1870.26,1883.91,86726.917
2026-07-29 21:15:00,1883.91,1888.95,1880.82,1888.77,37695.644
2026-07-29 21:30:00,1888.77,1892.04,1888.01,1890.53,28863.998
2026-07-29 21:45:00,1890.54,1897.88,1888.88,1897.44,35380.31
2026-07-29 22:00:00,1897.44,1909.5,1897.28,1906.61,87875.173
2026-07-29 22:15:00,1906.61,1910.87,1905.07,1907.68,39198.979
2026-07-29 22:30:00,1907.67,1908.6,1903.67,1907.63,35189.118
2026-07-29 22:45:00,1907.64,1908.18,1904.37,1906.43,13536.185
2026-07-29 23:00:00,1906.44,1906.62,1901.66,1902.87,32512.183
2026-07-29 23:15:00,1902.86,1910.28,1902.42,1907.41,20002.789
2026-07-29 23:30:00,1907.4,1910.7,1905.0,1910.54,21593.837
2026-07-29 23:45:00,1910.54,1912.5,1908.59,1909.68,18054.156
2026-07-30 00:00:00,1909.68,1914.21,1907.51,1911.36,30420.936
2026-07-30 00:15:00,1911.37,1914.0,1908.0,1910.42,18163.968
2026-07-30 00:30:00,1910.42,1910.89,1895.52,1895.99,64799.701
2026-07-30 00:45:00,1895.99,1898.39,1892.99,1897.35,33814.927
2026-07-30 01:00:00,1897.35,1911.76,1896.65,1899.75,92168.442
2026-07-30 01:15:00,1899.75,1906.8,1899.35,1906.2,19388.971
2026-07-30 01:30:00,1906.2,1919.0,1906.05,1914.59,85586.287
2026-07-30 01:45:00,1914.6,1921.91,1912.62,1916.28,56442.476
2026-07-30 02:00:00,1916.29,1919.43,1914.2,1916.2,33608.351
2026-07-30 02:15:00,1916.2,1919.39,1913.84,1914.74,35128.13
2026-07-30 02:30:00,1914.74,1914.9,1909.5,1913.99,27990.083
2026-07-30 02:45:00,1914.0,1914.64,1909.72,1910.4,9864.007
2026-07-30 03:00:00,1910.39,1913.0,1906.81,1910.84,19279.087
2026-07-30 03:15:00,1910.84,1914.7,1909.92,1913.38,36577.247
2026-07-30 03:30:00,1913.39,1913.39,1908.42,1910.09,15889.236
2026-07-30 03:45:00,1910.1,1911.95,1909.17,1909.4,7509.457
2026-07-30 04:00:00,1909.4,1910.34,1906.3,1906.78,19933.793
2026-07-30 04:15:00,1906.78,1908.06,1904.5,1905.48,19815.243
2026-07-30 04:30:00,1905.47,1907.67,1902.9,1904.22,20946.558
2026-07-30 04:45:00,1904.23,1906.04,1900.8,1901.39,18423.226
2026-07-30 05:00:00,1901.38,1903.27,1899.4,1902.5,26731.759
2026-07-30 05:15:00,1902.51,1903.78,1899.23,1902.33,23414.023
2026-07-30 05:30:00,1902.32,1908.83,1902.04,1906.89,32347.241
2026-07-30 05:45:00,1906.89,1908.95,1903.42,1905.53,20670.276
2026-07-30 06:00:00,1905.53,1906.16,1901.7,1902.7,10864.116
2026-07-30 06:15:00,1902.7,1905.54,1901.0,1904.92,11253.367
2026-07-30 06:30:00,1904.92,1905.01,1901.74,1902.23,9895.499
2026-07-30 06:45:00,1902.23,1903.16,1898.57,1900.45,21101.842
2026-07-30 07:00:00,1900.45,1907.22,1899.95,1904.35,25620.244
2026-07-30 07:15:00,1904.36,1907.51,1901.8,1904.39,29359.495
2026-07-30 07:30:00,1904.39,1905.27,1899.38,1903.92,20598.721
2026-07-30 07:45:00,1903.92,1905.61,1902.01,1902.38,10734.575
2026-07-30 08:00:00,1902.39,1906.35,1899.5,1903.87,23574.528
2026-07-30 08:15:00,1903.87,1917.49,1902.59,1913.46,55577.33
2026-07-30 08:30:00,1913.47,1916.0,1912.03,1915.08,39953.965
2026-07-30 08:45:00,1915.07,1915.69,1913.32,1914.27,18319.846
2026-07-30 09:00:00,1914.28,1917.75,1913.29,1917.3,21276.698
2026-07-30 09:15:00,1917.29,1919.84,1916.0,1919.46,29181.269
2026-07-30 09:30:00,1919.46,1924.42,1917.21,1917.99,55717.262
2026-07-30 09:45:00,1917.99,1919.99,1916.77,1917.48,23784.997
2026-07-30 10:00:00,1917.49,1919.74,1916.87,1917.62,23396.623
2026-07-30 10:15:00,1917.61,1919.85,1917.61,1919.49,15077.346
2026-07-30 10:30:00,1919.49,1921.0,1918.15,1920.52,13758.477
2026-07-30 10:45:00,1920.51,1921.09,1915.45,1917.5,27334.224
2026-07-30 11:00:00,1917.5,1919.36,1915.77,1918.61,23469.689
2026-07-30 11:15:00,1918.62,1920.5,1917.85,1919.73,10578.89
2026-07-30 11:30:00,1919.74,1923.44,1918.0,1920.47,28006.026
2026-07-30 11:45:00,1920.47,1925.59,1919.9,1922.3,45139.883
2026-07-30 12:00:00,1922.3,1926.89,1921.62,1925.64,37931.889
2026-07-30 12:15:00,1925.64,1926.14,1918.67,1921.57,38548.836
2026-07-30 12:30:00,1921.56,1924.87,1918.76,1919.57,38261.223
2026-07-30 12:45:00,1919.58,1925.53,1919.58,1924.16,27951.961
2026-07-30 13:00:00,1924.16,1927.72,1923.13,1924.6,33123.438
2026-07-30 13:15:00,1924.61,1926.66,1922.02,1924.27,22621.84
2026-07-30 13:30:00,1924.26,1930.33,1916.1,1929.34,110932.089
2026-07-30 13:45:00,1929.35,1936.52,1928.08,1928.73,132606.756
2026-07-30 14:00:00,1928.73,1929.37,1917.03,1917.71,97844.491
2026-07-30 14:15:00,1917.71,1925.4,1912.1,1920.12,118580.12
2026-07-30 14:30:00,1920.11,1923.79,1917.52,1919.57,47930.629
2026-07-30 14:45:00,1919.57,1920.78,1913.57,1916.47,36830.216
2026-07-30 15:00:00,1916.48,1920.26,1913.61,1915.9,36282.561
2026-07-30 15:15:00,1915.9,1923.33,1914.75,1916.06,35377.297
2026-07-30 15:30:00,1916.06,1918.91,1913.52,1918.02,27819.927
2026-07-30 15:45:00,1918.01,1919.67,1915.7,1917.96,15209.162
2026-07-30 16:00:00,1917.96,1925.23,1917.96,1922.6,42373.569
2026-07-30 16:15:00,1922.59,1924.21,1919.53,1922.02,22923.306
2026-07-30 16:30:00,1922.03,1922.44,1915.0,1915.01,20801.593
2026-07-30 16:45:00,1915.01,1918.82,1915.0,1918.46,14750.472
2026-07-30 17:00:00,1918.47,1919.8,1915.27,1916.47,20298.144
2026-07-30 17:15:00,1916.48,1922.16,1915.81,1921.29,18611.682
2026-07-30 17:30:00,1921.28,1924.59,1917.73,1922.48,15754.816
2026-07-30 17:45:00,1922.49,1923.56,1919.44,1919.89,10102.587
2026-07-30 18:00:00,1919.89,1921.89,1918.83,1919.36,12200.408
2026-07-30 18:15:00,1919.36,1919.84,1917.33,1919.29,11554.793
2026-07-30 18:30:00,1919.29,1919.99,1916.07,1917.69,10211.125
2026-07-30 18:45:00,1917.7,1918.0,1914.0,1915.36,19570.837
2026-07-30 19:00:00,1915.36,1922.1,1915.01,1921.1,23389.742
2026-07-30 19:15:00,1921.11,1928.8,1920.06,1925.66,45968.295
2026-07-30 19:30:00,1925.66,1926.67,1923.36,1924.67,28792.056
2026-07-30 19:45:00,1924.67,1925.28,1922.0,1922.95,17178.26
2026-07-30 20:00:00,1922.96,1926.66,1920.02,1921.08,27589.678
2026-07-30 20:15:00,1921.09,1924.18,1919.68,1921.55,12555.976
2026-07-30 20:30:00,1921.55,1924.85,1919.0,1923.06,17248.166
2026-07-30 20:45:00,1923.05,1924.36,1920.5,1920.77,9039.308
2026-07-30 21:00:00,1920.78,1922.52,1920.5,1922.01,6852.005
2026-07-30 21:15:00,1922.02,1923.79,1920.6,1921.19,10756.306
2026-07-30 21:30:00,1921.2,1922.45,1919.73,1920.99,6647.348
2026-07-30 21:45:00,1921.0,1921.27,1916.24,1917.68,22524.309
2026-07-30 22:00:00,1917.68,1927.52,1915.12,1924.8,39720.621
2026-07-30 22:15:00,1924.8,1932.44,1924.1,1931.24,38633.709
2026-07-30 22:30:00,1931.24,1932.75,1927.54,1929.34,23136.078
2026-07-30 22:45:00,1929.34,1930.0,1923.92,1924.92,17701.653
2026-07-30 23:00:00,1924.91,1928.2,1924.01,1928.02,10387.764
2026-07-30 23:15:00,1928.02,1928.2,1925.54,1926.72,6930.861
2026-07-30 23:30:00,1926.73,1936.57,1920.79,1923.7,125422.715
2026-07-30 23:45:00,1923.7,1925.87,1916.67,1917.31,77154.916
2026-07-31 00:00:00,1917.31,1921.25,1915.58,1918.6,48035.18
2026-07-31 00:15:00,1918.6,1918.95,1915.08,1917.0,21105.808
2026-07-31 00:30:00,1917.0,1918.7,1914.0,1917.04,20717.105
2026-07-31 00:45:00,1917.03,1917.84,1914.03,1916.09,20303.018
2026-07-31 01:00:00,1916.09,1936.0,1916.09,1930.18,146310.998
2026-07-31 01:15:00,1930.18,1932.2,1923.79,1928.82,59288.129
2026-07-31 01:30:00,1928.81,1929.45,1918.09,1918.45,44975.196
2026-07-31 01:45:00,1918.45,1919.89,1905.87,1909.39,135945.42
2026-07-31 02:00:00,1909.38,1911.24,1905.41,1907.68,46121.977
2026-07-31 02:15:00,1907.67,1907.74,1902.97,1903.38,51119.618
2026-07-31 02:30:00,1903.39,1906.13,1900.53,1901.13,43819.691
2026-07-31 02:45:00,1901.13,1905.58,1901.13,1903.14,29073.001
2026-07-31 03:00:00,1903.13,1903.14,1898.16,1900.82,39039.02
2026-07-31 03:15:00,1900.83,1909.05,1900.01,1907.09,38933.002
2026-07-31 03:30:00,1907.1,1908.56,1904.37,1907.05,14967.968
2026-07-31 03:45:00,1907.04,1910.63,1905.7,1907.82,28155.781
2026-07-31 04:00:00,1907.82,1908.47,1903.77,1904.33,20808.563
2026-07-31 04:15:00,1904.34,1905.5,1902.19,1905.18,21854.91
2026-07-31 04:30:00,1905.19,1905.99,1903.52,1904.72,7355.492
2026-07-31 04:45:00,1904.72,1906.06,1904.28,1904.82,12437.408
2026-07-31 05:00:00,1904.82,1908.0,1904.82,1907.57,14999.645
2026-07-31 05:15:00,1907.58,1908.24,1903.63,1904.04,13315.329
2026-07-31 05:30:00,1904.04,1905.33,1900.5,1900.68,24271.295
2026-07-31 05:45:00,1900.69,1905.66,1900.51,1905.35,24077.349
2026-07-31 06:00:00,1905.34,1907.26,1903.72,1906.39,14046.115
2026-07-31 06:15:00,1906.39,1910.53,1904.63,1910.01,16498.885
2026-07-31 06:30:00,1910.0,1910.14,1900.2,1901.33,27978.756
2026-07-31 06:45:00,1901.34,1903.9,1899.33,1901.75,28174.835
2026-07-31 07:00:00,1901.75,1901.75,1888.0,1890.99,110109.068
2026-07-31 07:15:00,1890.98,1891.3,1883.18,1884.16,67202.115
2026-07-31 07:30:00,1884.16,1888.01,1883.38,1886.67,61092.555
2026-07-31 07:45:00,1886.67,1891.48,1886.6,1888.92,48961.187
2026-07-31 08:00:00,1888.93,1892.15,1887.22,1890.77,42609.33
2026-07-31 08:15:00,1890.77,1892.21,1887.41,1890.99,39238.903
2026-07-31 08:30:00,1890.99,1891.63,1887.63,1888.73,18328.721
2026-07-31 08:45:00,1888.72,1890.88,1888.21,1889.48,12449.243
2026-07-31 09:00:00,1889.48,1890.29,1887.75,1889.05,13693.849
2026-07-31 09:15:00,1889.05,1889.06,1882.02,1883.47,41680.396
2026-07-31 09:30:00,1883.46,1884.55,1880.2,1882.34,36691.902
2026-07-31 09:45:00,1882.34,1884.48,1881.0,1882.69,17112.122
2026-07-31 10:00:00,1882.69,1883.76,1876.68,1882.38,67557.0
2026-07-31 10:15:00,1882.38,1886.26,1881.52,1885.82,35130.988
2026-07-31 10:30:00,1885.82,1888.56,1885.07,1888.34,21847.53
2026-07-31 10:45:00,1888.34,1889.09,1885.0,1886.24,22398.122
2026-07-31 11:00:00,1886.24,1888.92,1883.65,1884.67,26366.543
2026-07-31 11:15:00,1884.67,1886.5,1881.6,1883.45,20855.478
2026-07-31 11:30:00,1883.45,1884.13,1881.92,1882.53,11808.364
2026-07-31 11:45:00,1882.53,1884.46,1881.85,1883.55,11033.287
2026-07-31 12:00:00,1883.55,1883.86,1873.0,1875.73,91245.215
2026-07-31 12:15:00,1875.73,1879.17,1874.21,1878.01,41955.929
2026-07-31 12:30:00,1878.02,1878.02,1872.54,1876.65,52434.134
2026-07-31 12:45:00,1876.66,1882.82,1876.3,1881.85,47513.838
2026-07-31 13:00:00,1881.85,1885.45,1881.36,1885.09,40826.64
2026-07-31 13:15:00,1885.08,1889.72,1885.08,1888.3,49305.333
2026-07-31 13:30:00,1888.3,1888.3,1875.0,1875.31,122105.145
2026-07-31 13:45:00,1875.32,1877.75,1863.78,1866.22,193413.387
2026-07-31 14:00:00,1866.22,1867.89,1847.28,1863.75,395282.131
2026-07-31 14:15:00,1863.76,1869.8,1855.13,1861.28,209051.761
2026-07-31 14:30:00,1861.28,1867.35,1856.62,1859.55,88367.167
2026-07-31 14:45:00,1859.54,1864.82,1853.54,1859.21,107319.325
2026-07-31 15:00:00,1859.21,1860.23,1855.08,1858.08,46716.913
2026-07-31 15:15:00,1858.07,1861.4,1853.59,1856.8,49671.046
2026-07-31 15:30:00,1856.79,1865.65,1855.6,1864.11,83890.518
2026-07-31 15:45:00,1864.1,1864.45,1857.73,1861.94,34321.437
2026-07-31 16:00:00,1861.94,1865.4,1860.85,1863.71,34796.379
2026-07-31 16:15:00,1863.72,1866.5,1860.0,1865.69,33517.275
2026-07-31 16:30:00,1865.69,1866.0,1860.66,1862.33,20981.116
2026-07-31 16:45:00,1862.33,1864.55,1861.36,1863.74,14890.465
2026-07-31 17:00:00,1863.73,1868.25,1862.54,1866.74,25851.553
2026-07-31 17:15:00,1866.74,1870.83,1865.05,1870.58,37326.046
2026-07-31 17:30:00,1870.58,1875.39,1869.49,1872.76,43401.571
2026-07-31 17:45:00,1872.76,1877.4,1872.76,1874.12,30782.593
2026-07-31 18:00:00,1874.12,1875.88,1870.12,1870.6,26866.351
2026-07-31 18:15:00,1870.61,1872.59,1868.14,1868.15,20561.561
2026-07-31 18:30:00,1868.14,1869.55,1864.14,1868.39,22890.742
2026-07-31 18:45:00,1868.39,1872.82,1868.2,1870.89,15567.946
2026-07-31 19:00:00,1870.88,1873.14,1868.15,1869.37,14710.313
2026-07-31 19:15:00,1869.37,1869.6,1867.12,1867.76,11522.096
2026-07-31 19:30:00,1867.76,1868.28,1864.7,1867.51,16782.381
2026-07-31 19:45:00,1867.52,1869.85,1866.53,1867.4,13498.818
2026-07-31 20:00:00,1867.41,1868.91,1866.11,1868.11,14374.735
2026-07-31 20:15:00,1868.11,1870.0,1867.17,1867.89,10801.859
2026-07-31 20:30:00,1867.88,1868.1,1863.54,1866.02,14091.177
2026-07-31 20:45:00,1866.02,1866.61,1860.53,1861.64,38982.487
2026-07-31 21:00:00,1861.63,1863.12,1858.58,1861.94,25222.492
2026-07-31 21:15:00,1861.93,1862.74,1861.51,1862.23,9430.608
2026-07-31 21:30:00,1862.23,1862.56,1861.01,1861.99,10398.015
2026-07-31 21:45:00,1862.0,1864.26,1858.73,1861.17,16910.399
2026-07-31 22:00:00,1861.16,1862.51,1857.89,1861.79,18739.2
2026-07-31 22:15:00,1861.79,1863.41,1861.78,1862.8,5169.101
2026-07-31 22:30:00,1862.81,1864.58,1861.79,1862.52,9847.802
2026-07-31 22:45:00,1862.52,1862.89,1860.12,1860.62,6983.899
2026-07-31 23:00:00,1860.62,1863.0,1860.62,1861.71,11416.561
2026-07-31 23:15:00,1861.71,1863.9,1861.11,1863.12,8422.046
2026-07-31 23:30:00,1863.12,1864.06,1862.36,1862.59,5044.962
2026-07-31 23:45:00,1862.59,1862.96,1860.06,1861.68,11808.968
2026-08-01 00:00:00,1861.68,1864.67,1861.31,1864.06,16885.815
2026-08-01 00:15:00,1864.05,1866.3,1863.24,1865.07,16465.235
2026-08-01 00:30:00,1865.08,1866.3,1864.01,1866.3,7078.534
2026-08-01 00:45:00,1866.3,1866.9,1863.33,1863.93,9850.576
2026-08-01 01:00:00,1863.92,1866.4,1863.92,1865.66,7162.408
2026-08-01 01:15:00,1865.67,1866.62,1864.02,1865.6,9848.742
2026-08-01 01:30:00,1865.59,1866.19,1864.98,1865.79,4250.855
2026-08-01 01:45:00,1865.8,1866.5,1864.57,1866.0,7707.341
2026-08-01 02:00:00,1866.0,1867.54,1865.86,1867.17,7106.965
2026-08-01 02:15:00,1867.17,1869.47,1867.0,1867.97,13143.941
2026-08-01 02:30:00,1867.97,1868.49,1866.64,1867.17,7287.811
2026-08-01 02:45:00,1867.17,1868.7,1867.16,1867.48,7969.715
2026-08-01 03:00:00,1867.48,1867.61,1865.63,1866.42,5814.43
2026-08-01 03:15:00,1866.41,1868.21,1865.88,1867.06,4465.139
2026-08-01 03:30:00,1867.06,1868.55,1866.31,1867.74,10175.565
2026-08-01 03:45:00,1867.74,1869.09,1867.36,1869.0,8038.004
2026-08-01 04:00:00,1869.01,1869.3,1867.0,1869.09,8752.324
2026-08-01 04:15:00,1869.09,1869.73,1868.6,1868.6,6623.138
2026-08-01 04:30:00,1868.6,1869.48,1868.5,1869.42,3317.001
2026-08-01 04:45:00,1869.42,1869.69,1868.42,1868.84,4658.54
2026-08-01 05:00:00,1868.84,1870.32,1868.54,1870.08,7787.017
2026-08-01 05:15:00,1870.08,1870.08,1867.49,1867.71,6987.646
2026-08-01 05:30:00,1867.72,1868.18,1864.17,1864.87,13422.692
2026-08-01 05:45:00,1864.88,1866.64,1864.32,1866.6,8145.299
2026-08-01 06:00:00,1866.59,1866.86,1865.37,1866.58,7118.834
2026-08-01 06:15:00,1866.58,1869.57,1865.99,1869.14,11094.756
2026-08-01 06:30:00,1869.14,1869.58,1868.55,1869.15,7854.726
2026-08-01 06:45:00,1869.15,1870.0,1868.51,1869.47,8417.326
2026-08-01 07:00:00,1869.47,1871.21,1869.3,1870.61,11286.886
2026-08-01 07:15:00,1870.61,1870.69,1868.33,1868.72,6086.503
2026-08-01 07:30:00,1868.72,1868.96,1867.39,1868.96,6936.629
2026-08-01 07:45:00,1868.95,1869.12,1868.11,1868.9,7036.365
2026-08-01 08:00:00,1868.9,1869.19,1867.38,1868.18,6973.479
2026-08-01 08:15:00,1868.17,1869.3,1867.76,1868.03,6852.719
2026-08-01 08:30:00,1868.03,1868.09,1866.58,1867.09,7816.899
2026-08-01 08:45:00,1867.09,1868.8,1866.87,1868.45,8428.86
2026-08-01 09:00:00,1868.45,1869.3,1867.32,1869.13,7997.887
2026-08-01 09:15:00,1869.12,1869.7,1868.8,1868.8,7163.258
2026-08-01 09:30:00,1868.81,1869.72,1868.8,1869.05,8980.841
2026-08-01 09:45:00,1869.04,1869.05,1866.56,1866.99,16865.934
2026-08-01 10:00:00,1866.98,1868.19,1862.0,1863.59,44736.654
2026-08-01 10:15:00,1863.58,1865.08,1862.88,1864.22,10640.654
2026-08-01 10:30:00,1864.22,1867.16,1863.09,1867.0,13762.122
2026-08-01 10:45:00,1867.01,1867.67,1865.52,1866.45,22672.131
2026-08-01 11:00:00,1866.45,1866.82,1865.21,1865.94,8090.602
2026-08-01 11:15:00,1865.94,1866.98,1865.07,1866.33,7662.426
2026-08-01 11:30:00,1866.32,1866.59,1865.73,1865.97,4891.718
2026-08-01 11:45:00,1865.96,1866.18,1865.71,1866.17,3130.131
2026-08-01 12:00:00,1866.18,1867.85,1866.17,1867.04,14005.542
2026-08-01 12:15:00,1867.03,1867.3,1866.52,1866.87,4278.996
2026-08-01 12:30:00,1866.88,1868.82,1866.54,1866.95,9631.791
2026-08-01 12:45:00,1866.96,1869.46,1866.95,1868.35,12375.437
2026-08-01 13:00:00,1868.36,1868.86,1867.84,1868.73,4879.002
2026-08-01 13:15:00,1868.73,1868.74,1867.55,1867.58,4913.261
2026-08-01 13:30:00,1867.57,1868.59,1867.44,1868.24,4570.147
2026-08-01 13:45:00,1868.23,1868.58,1866.82,1868.36,6933.732
2026-08-01 14:00:00,1868.36,1873.0,1868.36,1868.99,24145.869
2026-08-01 14:15:00,1868.99,1872.4,1868.99,1872.15,8387.49
2026-08-01 14:30:00,1872.15,1873.53,1871.03,1871.82,13268.708
2026-08-01 14:45:00,1871.81,1874.42,1871.29,1874.32,10767.658
2026-08-01 15:00:00,1874.32,1874.38,1872.68,1873.68,11307.105
2026-08-01 15:15:00,1873.69,1874.44,1870.21,1871.0,14799.344
2026-08-01 15:30:00,1870.99,1871.81,1869.77,1870.02,8942.968
2026-08-01 15:45:00,1870.01,1870.26,1869.17,1869.2,5238.841
2026-08-01 16:00:00,1869.19,1870.29,1867.68,1867.75,14293.305
2026-08-01 16:15:00,1867.74,1870.08,1867.63,1869.51,8865.773
2026-08-01 16:30:00,1869.51,1872.96,1869.22,1869.33,11089.433
2026-08-01 16:45:00,1869.33,1869.33,1865.34,1867.93,14472.937
2026-08-01 17:00:00,1867.92,1869.32,1864.18,1865.77,15252.409
2026-08-01 17:15:00,1865.76,1865.76,1860.5,1862.83,29738.944
2026-08-01 17:30:00,1862.84,1863.08,1856.29,1862.34,45883.08
2026-08-01 17:45:00,1862.33,1862.34,1858.26,1861.19,20564.516
2026-08-01 18:00:00,1861.18,1862.11,1859.0,1860.16,18435.388
2026-08-01 18:15:00,1860.16,1860.23,1850.01,1852.8,96049.299
2026-08-01 18:30:00,1852.8,1852.8,1830.64,1831.96,398199.256
2026-08-01 18:45:00,1831.97,1836.58,1820.61,1835.75,208530.266
2026-08-01 19:00:00,1835.74,1839.7,1832.85,1836.65,77535.203
2026-08-01 19:15:00,1836.65,1839.7,1834.26,1837.27,25254.697
2026-08-01 19:30:00,1837.27,1838.88,1834.56,1834.83,19618.639
2026-08-01 19:45:00,1834.84,1838.88,1834.8,1836.48,15928.129
2026-08-01 20:00:00,1836.47,1837.91,1834.57,1836.82,16053.289
2026-08-01 20:15:00,1836.82,1839.64,1836.0,1836.98,11247.439
2026-08-01 20:30:00,1836.98,1836.98,1832.14,1833.86,18191.892
2026-08-01 20:45:00,1833.85,1837.7,1833.25,1837.48,18845.687
2026-08-01 21:00:00,1837.48,1842.25,1835.83,1837.39,26196.865
2026-08-01 21:15:00,1837.39,1842.66,1837.24,1842.23,19309.12
2026-08-01 21:30:00,1842.22,1844.41,1841.35,1843.99,19978.909
2026-08-01 21:45:00,1844.0,1845.22,1843.02,1844.9,11955.925
2026-08-01 22:00:00,1844.9,1847.28,1843.85,1847.0,19938.033
2026-08-01 22:15:00,1847.01,1848.63,1844.91,1848.41,13049.461
2026-08-01 22:30:00,1848.41,1848.42,1845.27,1847.0,10122.912
2026-08-01 22:45:00,1847.01,1847.55,1846.02,1846.46,8894.449
2026-08-01 23:00:00,1846.47,1848.18,1845.43,1845.54,11601.901
2026-08-01 23:15:00,1845.54,1845.68,1842.56,1842.85,12741.518
2026-08-01 23:30:00,1842.86,1846.01,1842.86,1844.72,11908.907
2026-08-01 23:45:00,1844.72,1845.36,1843.6,1844.17,9976.065
2026-08-02 00:00:00,1844.17,1848.85,1844.16,1846.82,22834.532
2026-08-02 00:15:00,1846.83,1847.4,1843.87,1844.39,15745.252
2026-08-02 00:30:00,1844.4,1845.81,1843.44,1844.76,10527.682
2026-08-02 00:45:00,1844.76,1846.27,1843.03,1846.06,16811.148
2026-08-02 01:00:00,1846.06,1856.0,1845.92,1855.21,54352.296
2026-08-02 01:15:00,1855.21,1858.78,1853.49,1854.06,38707.837
2026-08-02 01:30:00,1854.07,1857.4,1853.1,1856.71,22529.08
2026-08-02 01:45:00,1856.7,1857.29,1855.58,1856.29,13592.992
2026-08-02 02:00:00,1856.3,1882.0,1855.58,1874.24,203061.837
2026-08-02 02:15:00,1874.24,1885.0,1872.38,1874.79,124842.004
2026-08-02 02:30:00,1874.79,1876.0,1871.04,1873.49,37345.724
2026-08-02 02:45:00,1873.48,1877.25,1872.02,1876.2,20487.585
2026-08-02 03:00:00,1876.2,1877.25,1873.87,1874.99,17624.803
2026-08-02 03:15:00,1875.0,1878.52,1873.68,1875.0,36549.754
2026-08-02 03:30:00,1875.01,1879.6,1874.48,1877.61,16612.548
2026-08-02 03:45:00,1877.62,1878.87,1875.19,1876.61,17585.282
2026-08-02 04:00:00,1876.61,1880.37,1876.61,1879.41,21105.28
2026-08-02 04:15:00,1879.42,1880.58,1877.64,1878.4,22802.157
2026-08-02 04:30:00,1878.4,1879.75,1877.29,1877.29,9663.015
2026-08-02 04:45:00,1877.29,1881.97,1877.03,1880.23,23530.416
2026-08-02 05:00:00,1880.22,1882.2,1876.26,1877.44,46854.629
2026-08-02 05:15:00,1877.44,1877.5,1875.72,1877.05,13376.751
2026-08-02 05:30:00,1877.05,1877.28,1874.25,1874.47,18495.202
2026-08-02 05:45:00,1874.47,1875.83,1874.46,1875.67,9019.359
2026-08-02 06:00:00,1875.67,1877.1,1874.25,1874.99,8667.115
2026-08-02 06:15:00,1874.98,1877.27,1874.12,1876.85,7020.051
2026-08-02 06:30:00,1876.85,1878.86,1875.32,1877.15,21058.203
2026-08-02 06:45:00,1877.16,1877.45,1875.52,1876.72,6957.803
2026-08-02 07:00:00,1876.71,1877.5,1876.0,1877.15,5443.609
2026-08-02 07:15:00,1877.15,1878.12,1876.57,1876.8,4821.031
2026-08-02 07:30:00,1876.79,1877.44,1875.67,1876.74,7858.165
2026-08-02 07:45:00,1876.75,1876.75,1874.68,1875.32,8657.397
2026-08-02 08:00:00,1875.31,1878.26,1874.71,1875.9,17766.306
2026-08-02 08:15:00,1875.9,1876.53,1872.27,1872.46,17046.225
2026-08-02 08:30:00,1872.45,1872.51,1865.65,1868.49,52892.075
2026-08-02 08:45:00,1868.5,1869.46,1866.5,1867.34,21345.739
2026-08-02 09:00:00,1867.35,1869.84,1861.46,1869.5,54533.924
2026-08-02 09:15:00,1869.5,1872.14,1868.81,1869.41,22126.532
2026-08-02 09:30:00,1869.41,1872.16,1869.26,1869.58,12988.428
2026-08-02 09:45:00,1869.58,1870.82,1869.56,1870.21,6007.556
2026-08-02 10:00:00,1870.22,1870.29,1867.47,1868.39,9946.817
2026-08-02 10:15:00,1868.39,1870.18,1864.53,1865.39,19402.125
2026-08-02 10:30:00,1865.4,1868.77,1865.4,1868.18,9933.483
2026-08-02 10:45:00,1868.18,1868.56,1867.75,1867.76,3627.924
2026-08-02 11:00:00,1867.76,1868.75,1865.62,1866.92,8803.939
2026-08-02 11:15:00,1866.92,1868.79,1863.54,1863.8,14712.52
2026-08-02 11:30:00,1863.8,1864.82,1852.85,1855.37,94026.243
2026-08-02 11:45:00,1855.37,1858.66,1848.18,1851.75,96922.166
2026-08-02 12:00:00,1851.74,1856.62,1851.31,1856.15,43700.873
2026-08-02 12:15:00,1856.15,1859.81,1854.72,1857.38,37597.303
2026-08-02 12:30:00,1857.39,1858.74,1855.2,1856.97,15401.623
2026-08-02 12:45:00,1856.97,1857.5,1855.2,1855.98,10550.332
2026-08-02 13:00:00,1855.99,1857.36,1854.62,1855.44,12014.459
2026-08-02 13:15:00,1855.44,1856.3,1852.58,1855.0,13613.986
2026-08-02 13:30:00,1855.01,1856.62,1851.35,1854.41,17066.071
2026-08-02 13:45:00,1854.42,1855.61,1853.54,1853.96,9747.065
2026-08-02 14:00:00,1853.96,1854.81,1851.3,1854.71,17302.39
2026-08-02 14:15:00,1854.72,1857.68,1854.34,1856.4,20622.637
2026-08-02 14:30:00,1856.41,1857.97,1855.0,1857.77,13647.176
2026-08-02 14:45:00,1857.78,1858.77,1853.51,1854.0,16261.915
2026-08-02 15:00:00,1854.01,1858.37,1852.8,1858.15,14992.915
2026-08-02 15:15:00,1858.16,1858.26,1856.71,1857.84,9283.452
2026-08-02 15:30:00,1857.85,1862.28,1857.5,1859.26,36361.141
2026-08-02 15:45:00,1859.27,1859.99,1857.04,1857.77,12293.82
2026-08-02 16:00:00,1857.77,1858.25,1854.89,1856.92,14495.798
2026-08-02 16:15:00,1856.92,1859.15,1856.61,1858.09,9068.998
2026-08-02 16:30:00,1858.1,1864.88,1857.52,1863.95,51364.772
2026-08-02 16:45:00,1863.95,1864.52,1862.24,1862.37,21936.781
2026-08-02 17:00:00,1862.38,1865.67,1861.5,1864.98,16576.589
2026-08-02 17:15:00,1864.97,1869.99,1863.71,1865.62,27767.795
2026-08-02 17:30:00,1865.62,1867.69,1865.62,1867.48,10305.412
2026-08-02 17:45:00,1867.48,1869.11,1867.48,1867.79,12634.462
2026-08-02 18:00:00,1867.79,1870.59,1867.78,1869.46,15300.693
2026-08-02 18:15:00,1869.45,1869.46,1867.56,1868.29,8315.728
2026-08-02 18:30:00,1868.3,1887.0,1868.0,1880.72,137791.36
2026-08-02 18:45:00,1880.71,1881.63,1873.7,1875.16,44555.639
2026-08-02 19:00:00,1875.15,1878.0,1874.05,1875.92,30196.852
2026-08-02 19:15:00,1875.93,1878.13,1875.37,1875.37,14994.614
2026-08-02 19:30:00,1875.37,1878.28,1874.93,1878.27,14656.326
2026-08-02 19:45:00,1878.28,1883.28,1878.27,1881.39,39327.221
2026-08-02 20:00:00,1881.39,1882.67,1879.46,1882.36,19378.782
2026-08-02 20:15:00,1882.35,1883.59,1879.05,1879.49,15310.517
2026-08-02 20:30:00,1879.49,1881.95,1879.17,1880.56,14788.16
2026-08-02 20:45:00,1880.56,1885.18,1880.21,1883.04,18506.256
2026-08-02 21:00:00,1883.04,1886.79,1881.46,1885.11,31638.073
2026-08-02 21:15:00,1885.12,1886.71,1883.91,1886.26,15082.314
2026-08-02 21:30:00,1886.27,1897.7,1885.21,1893.53,95730.958
2026-08-02 21:45:00,1893.54,1898.5,1887.87,1889.74,44308.659
2026-08-02 22:00:00,1889.74,1897.1,1889.74,1892.96,53286.833
2026-08-02 22:15:00,1892.96,1896.9,1887.57,1889.36,34069.552
2026-08-02 22:30:00,1889.37,1889.82,1879.29,1884.46,81911.878
2026-08-02 22:45:00,1884.46,1885.35,1880.54,1881.3,19666.294
2026-08-02 23:00:00,1881.3,1881.93,1875.31,1877.19,35861.769
2026-08-02 23:15:00,1877.19,1883.53,1876.46,1883.0,25946.977
2026-08-02 23:30:00,1883.01,1883.97,1881.3,1883.42,14376.327
2026-08-02 23:45:00,1883.42,1884.68,1881.82,1884.37,15964.655
2026-08-03 00:00:00,1884.38,1885.16,1877.13,1878.16,35376.011
2026-08-03 00:15:00,1878.16,1879.89,1872.09,1873.41,29502.682
2026-08-03 00:30:00,1873.4,1878.2,1871.0,1874.0,35317.867
2026-08-03 00:45:00,1874.0,1874.66,1870.63,1873.02,29191.917
2026-08-03 01:00:00,1873.01,1874.61,1868.11,1870.56,35624.057
2026-08-03 01:15:00,1870.56,1872.0,1867.6,1869.61,27690.716
2026-08-03 01:30:00,1869.61,1871.95,1867.15,1868.48,27086.534
2026-08-03 01:45:00,1868.48,1869.08,1865.07,1866.38,26361.838
2026-08-03 02:00:00,1866.37,1867.18,1863.46,1865.61,25954.646
2026-08-03 02:15:00,1865.62,1871.18,1863.46,1864.9,36362.291
2026-08-03 02:30:00,1864.9,1868.11,1864.0,1866.19,15206.077
2026-08-03 02:45:00,1866.18,1866.66,1861.67,1863.41,23005.015
2026-08-03 03:00:00,1863.4,1864.86,1861.03,1862.81,18877.437
2026-08-03 03:15:00,1862.81,1864.42,1860.65,1861.8,23363.693
2026-08-03 03:30:00,1861.81,1862.3,1860.22,1860.62,15853.604
2026-08-03 03:45:00,1860.61,1860.81,1850.01,1856.18,111491.455
2026-08-03 04:00:00,1856.19,1859.84,1855.01,1856.83,37313.26
2026-08-03 04:15:00,1856.83,1861.12,1856.83,1860.76,22895.614
2026-08-03 04:30:00,1860.76,1862.22,1859.73,1861.27,22703.212
2026-08-03 04:45:00,1861.27,1861.28,1853.73,1854.01,33013.197
2026-08-03 05:00:00,1854.01,1857.94,1852.53,1857.31,21680.984
2026-08-03 05:15:00,1857.31,1857.43,1855.23,1856.01,15361.841
2026-08-03 05:30:00,1856.02,1858.57,1854.58,1856.74,23964.51
2026-08-03 05:45:00,1856.75,1859.8,1856.45,1858.87,20054.574
2026-08-03 06:00:00,1858.87,1860.19,1857.82,1858.49,15102.323
2026-08-03 06:15:00,1858.49,1859.24,1856.01,1856.31,15117.144
2026-08-03 06:30:00,1856.32,1857.27,1846.51,1847.2,80897.334
2026-08-03 06:45:00,1847.2,1851.25,1845.4,1848.24,49887.336
2026-08-03 07:00:00,1848.24,1848.96,1842.96,1843.88,65711.73
2026-08-03 07:15:00,1843.88,1844.9,1838.56,1844.19,88918.479
2026-08-03 07:30:00,1844.19,1846.82,1842.01,1842.76,42042.468
2026-08-03 07:45:00,1842.76,1845.18,1841.69,1843.0,23564.628
2026-08-03 08:00:00,1843.0,1844.74,1840.2,1842.52,25291.473
2026-08-03 08:15:00,1842.51,1842.62,1829.27,1831.41,158501.174
2026-08-03 08:30:00,1831.4,1836.04,1827.18,1835.65,93175.199
2026-08-03 08:45:00,1835.65,1839.84,1835.11,1839.42,50879.192
2026-08-03 09:00:00,1839.42,1839.83,1838.24,1838.91,36885.641
2026-08-03 09:15:00,1838.9,1842.7,1838.85,1841.91,40704.32
2026-08-03 09:30:00,1841.91,1844.79,1841.38,1844.53,38082.186
2026-08-03 09:45:00,1844.52,1853.0,1844.52,1851.8,73947.763
2026-08-03 10:00:00,1851.8,1853.58,1849.33,1849.83,45044.975
2026-08-03 10:15:00,1849.84,1851.32,1847.27,1847.68,35822.975
2026-08-03 10:30:00,1847.67,1847.8,1845.27,1846.37,25161.09
2026-08-03 10:45:00,1846.37,1846.59,1839.24,1845.38,52997.727
2026-08-03 11:00:00,1845.39,1845.99,1839.02,1841.61,38698.981
2026-08-03 11:15:00,1841.61,1847.03,1841.0,1843.1,34275.059
2026-08-03 11:30:00,1843.09,1846.61,1842.4,1843.34,21475.083
2026-08-03 11:45:00,1843.35,1843.59,1837.54,1838.97,47886.578
2026-08-03 12:00:00,1838.97,1840.41,1835.61,1840.01,44560.718
2026-08-03 12:15:00,1840.01,1842.85,1839.26,1841.51,24978.802
2026-08-03 12:30:00,1841.52,1843.83,1840.45,1843.83,23363.987
2026-08-03 12:45:00,1843.83,1844.56,1841.25,1842.69,24274.332
2026-08-03 13:00:00,1842.69,1844.57,1842.14,1843.78,16282.119
2026-08-03 13:15:00,1843.78,1852.71,1841.43,1843.3,75624.656
2026-08-03 13:30:00,1843.3,1850.89,1837.6,1848.6,94358.369
2026-08-03 13:45:00,1848.59,1859.73,1843.48,1858.27,120152.509
2026-08-03 14:00:00,1858.27,1859.63,1851.4,1854.43,75428.08
2026-08-03 14:15:00,1854.42,1868.56,1850.47,1866.35,133715.887
2026-08-03 14:30:00,1866.34,1869.86,1861.34,1865.26,106173.95
2026-08-03 14:45:00,1865.26,1873.32,1861.2,1872.82,104574.309
2026-08-03 15:00:00,1872.82,1873.13,1862.5,1864.72,68434.481
2026-08-03 15:15:00,1864.71,1867.68,1861.12,1862.46,55564.644
2026-08-03 15:30:00,1862.46,1866.0,1860.64,1863.0,32435.069
2026-08-03 15:45:00,1863.0,1865.73,1859.16,1862.54,26305.012
2026-08-03 16:00:00,1862.54,1868.48,1860.74,1864.52,37439.747
2026-08-03 16:15:00,1864.51,1871.5,1864.26,1869.27,43534.189
2026-08-03 16:30:00,1869.26,1869.26,1862.26,1864.88,24150.324
2026-08-03 16:45:00,1864.88,1869.0,1864.42,1865.51,11731.732
2026-08-03 17:00:00,1865.51,1869.3,1862.41,1868.72,20401.94
2026-08-03 17:15:00,1868.72,1874.12,1866.43,1867.22,39541.986
2026-08-03 17:30:00,1867.21,1871.18,1866.36,1869.34,22643.496
2026-08-03 17:45:00,1869.34,1870.47,1866.69,1868.09,19616.734
2026-08-03 18:00:00,1868.08,1872.66,1867.77,1871.69,19444.938
2026-08-03 18:15:00,1871.69,1873.2,1866.53,1867.84,25740.975
2026-08-03 18:30:00,1867.84,1870.17,1866.41,1868.16,16200.958
2026-08-03 18:45:00,1868.17,1869.8,1865.59,1868.11,16227.448
2026-08-03 19:00:00,1868.1,1870.5,1867.28,1870.0,15402.831
2026-08-03 19:15:00,1870.0,1873.0,1868.97,1871.5,15731.199
2026-08-03 19:30:00,1871.5,1875.98,1868.56,1870.74,38982.848
2026-08-03 19:45:00,1870.74,1872.16,1868.88,1869.26,13754.197
2026-08-03 20:00:00,1869.27,1871.9,1867.37,1870.51,13839.961
2026-08-03 20:15:00,1870.51,1875.11,1870.51,1871.43,17696.979
2026-08-03 20:30:00,1871.44,1872.23,1870.37,1871.75,9676.624
2026-08-03 20:45:00,1871.75,1871.81,1865.67,1868.26,25356.455
2026-08-03 21:00:00,1868.25,1868.26,1864.62,1865.45,17718.825
2026-08-03 21:15:00,1865.44,1866.23,1863.72,1865.97,15557.953
2026-08-03 21:30:00,1865.96,1868.47,1865.96,1867.89,10695.789
2026-08-03 21:45:00,1867.89,1868.13,1862.58,1862.89,16583.252
2026-08-03 22:00:00,1862.89,1864.0,1851.0,1858.94,94162.599
2026-08-03 22:15:00,1858.95,1865.63,1857.96,1858.69,35597.097
2026-08-03 22:30:00,1858.69,1858.7,1855.08,1856.25,18747.792
2026-08-03 22:45:00,1856.25,1860.19,1856.0,1859.63,10714.83
2026-08-03 23:00:00,1859.63,1859.63,1855.37,1856.05,12051.93
2026-08-03 23:15:00,1856.06,1858.84,1856.05,1858.72,8533.551
2026-08-03 23:30:00,1858.71,1859.22,1856.23,1857.86,9910.279
2026-08-03 23:45:00,1857.85,1859.83,1856.92,1859.78,9175.117
2026-08-04 00:00:00,1859.78,1862.46,1857.15,1858.96,33853.026
2026-08-04 00:15:00,1858.96,1858.96,1854.45,1856.12,25657.29
2026-08-04 00:30:00,1856.11,1856.11,1847.5,1851.57,73220.211
2026-08-04 00:45:00,1851.58,1855.75,1848.73,1850.55,30851.852
2026-08-04 01:00:00,1850.54,1853.68,1848.23,1852.05,25774.321
2026-08-04 01:15:00,1852.05,1856.91,1850.54,1854.96,19217.719
2026-08-04 01:30:00,1854.96,1868.99,1854.63,1865.24,75853.161
2026-08-04 01:45:00,1865.24,1868.66,1862.93,1866.8,38009.317
2026-08-04 02:00:00,1866.8,1868.11,1863.75,1864.6,25863.183
2026-08-04 02:15:00,1864.61,1865.79,1861.48,1862.1,22554.999
2026-08-04 02:30:00,1862.11,1871.27,1861.25,1867.86,29305.641
2026-08-04 02:45:00,1867.86,1869.0,1864.58,1865.51,16168.293
2026-08-04 03:00:00,1865.5,1866.11,1859.0,1859.0,18178.838
2026-08-04 03:15:00,1859.0,1861.77,1857.49,1861.45,36044.171
2026-08-04 03:30:00,1861.45,1866.41,1861.44,1864.39,14417.27
2026-08-04 03:45:00,1864.39,1866.0,1863.43,1863.56,6763.348
2026-08-04 04:00:00,1863.55,1864.21,1861.3,1862.51,14492.68
2026-08-04 04:15:00,1862.51,1866.8,1862.19,1865.4,12028.46
2026-08-04 04:30:00,1865.4,1870.54,1865.39,1870.28,29780.858
2026-08-04 04:45:00,1870.28,1874.08,1867.11,1867.37,43709.24
2026-08-04 05:00:00,1867.36,1869.91,1863.69,1863.95,25356.525
2026-08-04 05:15:00,1863.94,1866.0,1863.83,1864.15,12194.543
2026-08-04 05:30:00,1864.14,1865.28,1863.52,1864.89,10791.929
2026-08-04 05:45:00,1864.88,1865.05,1863.33,1863.57,7334.416
2026-08-04 06:00:00,1863.56,1864.54,1862.1,1862.96,11945.866
2026-08-04 06:15:00,1862.97,1867.72,1861.19,1861.76,33990.943
2026-08-04 06:30:00,1861.75,1862.65,1854.14,1855.6,48941.07
2026-08-04 06:45:00,1855.59,1856.25,1853.3,1856.22,32028.536
2026-08-04 07:00:00,1856.22,1858.13,1854.0,1854.56,26062.991
2026-08-04 07:15:00,1854.55,1857.22,1852.55,1857.22,24727.968
2026-08-04 07:30:00,1857.22,1863.55,1857.21,1859.06,40501.616
2026-08-04 07:45:00,1859.05,1864.27,1859.05,1863.11,35106.515
2026-08-04 08:00:00,1863.11,1865.3,1861.0,1862.16,24047.632
2026-08-04 08:15:00,1862.15,1862.16,1859.09,1859.73,17039.996
2026-08-04 08:30:00,1859.74,1859.93,1856.05,1859.92,18935.62
2026-08-04 08:45:00,1859.93,1859.93,1857.03,1857.25,9931.105
2026-08-04 09:00:00,1857.24,1858.09,1854.5,1855.73,26083.965
2026-08-04 09:15:00,1855.72,1856.2,1852.78,1855.96,18703.293
2026-08-04 09:30:00,1855.97,1856.66,1853.0,1855.61,17251.061
2026-08-04 09:45:00,1855.61,1858.43,1854.26,1857.92,18450.531
2026-08-04 10:00:00,1857.93,1858.65,1854.0,1854.0,15813.011
2026-08-04 10:15:00,1854.01,1859.75,1853.22,1855.14,29766.453
2026-08-04 10:30:00,1855.14,1863.23,1854.61,1862.59,19620.524
2026-08-04 10:45:00,1862.6,1872.49,1861.91,1866.14,88057.488
2026-08-04 11:00:00,1866.13,1869.0,1865.49,1866.36,28980.664
2026-08-04 11:15:00,1866.37,1870.7,1865.39,1868.22,20556.813
2026-08-04 11:30:00,1868.21,1872.63,1865.89,1871.51,22899.343
2026-08-04 11:45:00,1871.5,1874.12,1869.52,1871.98,50225.731
2026-08-04 12:00:00,1871.99,1872.26,1868.29,1868.43,31942.587
2026-08-04 12:15:00,1868.43,1871.46,1867.18,1871.41,20252.623
2026-08-04 12:30:00,1871.4,1881.72,1870.41,1877.47,94167.949
2026-08-04 12:45:00,1877.47,1878.49,1874.01,1874.31,24421.595
2026-08-04 13:00:00,1874.31,1876.78,1873.02,1874.43,22770.773
2026-08-04 13:15:00,1874.43,1875.49,1868.71,1869.38,55827.464
2026-08-04 13:30:00,1869.39,1875.36,1866.93,1872.67,58989.704
2026-08-04 13:45:00,1872.68,1872.98,1859.1,1861.13,105180.065
2026-08-04 14:00:00,1861.13,1868.41,1857.38,1863.92,77423.488
2026-08-04 14:15:00,1863.92,1866.79,1857.8,1866.59,44341.316
2026-08-04 14:30:00,1866.58,1874.97,1865.13,1873.42,80390.272
2026-08-04 14:45:00,1873.43,1874.57,1870.46,1872.22,31723.03
2026-08-04 15:00:00,1872.23,1874.8,1865.59,1869.37,37804.015
2026-08-04 15:15:00,1869.37,1869.42,1864.7,1865.84,44646.594
2026-08-04 15:30:00,1865.84,1871.82,1861.0,1871.31,41034.754
2026-08-04 15:45:00,1871.31,1877.14,1869.62,1872.24,67238.137
2026-08-04 16:00:00,1872.24,1872.88,1868.67,1869.76,31425.14
2026-08-04 16:15:00,1869.76,1872.54,1868.64,1868.64,18081.13
2026-08-04 16:30:00,1868.65,1870.65,1864.52,1866.36,19960.843
2026-08-04 16:45:00,1866.36,1869.35,1865.9,1868.99,19304.018
2026-08-04 17:00:00,1868.99,1877.14,1868.99,1873.5,37267.132
2026-08-04 17:15:00,1873.5,1875.0,1870.36,1874.66,27147.992
2026-08-04 17:30:00,1874.65,1876.93,1872.97,1874.84,28160.048
2026-08-04 17:45:00,1874.83,1875.87,1866.0,1868.59,51497.746
2026-08-04 18:00:00,1868.6,1876.33,1868.32,1876.29,30125.102
2026-08-04 18:15:00,1876.28,1880.43,1874.04,1878.37,65286.518
2026-08-04 18:30:00,1878.38,1878.55,1872.65,1874.49,23789.847
2026-08-04 18:45:00,1874.48,1875.67,1873.51,1874.5,12708.39
2026-08-04 19:00:00,1874.49,1877.29,1873.08,1877.28,15742.115
2026-08-04 19:15:00,1877.28,1877.79,1873.17,1874.28,11770.791
2026-08-04 19:30:00,1874.27,1880.95,1873.4,1879.8,31806.432
2026-08-04 19:45:00,1879.8,1879.9,1873.78,1874.46,21763.96
2026-08-04 20:00:00,1874.46,1874.8,1871.41,1873.08,32240.52
2026-08-04 20:15:00,1873.08,1873.08,1865.31,1870.77,42229.858
2026-08-04 20:30:00,1870.76,1879.11,1870.76,1878.31,29005.682
2026-08-04 20:45:00,1878.3,1878.31,1874.0,1875.82,18927.652
2026-08-04 21:00:00,1875.81,1875.85,1871.66,1872.05,11427.265
2026-08-04 21:15:00,1872.05,1875.08,1871.23,1872.92,6814.259
2026-08-04 21:30:00,1872.91,1873.08,1871.45,1872.6,6492.894
2026-08-04 21:45:00,1872.59,1873.12,1870.9,1871.35,6160.272
2026-08-04 22:00:00,1871.36,1872.37,1867.5,1872.37,16477.594
2026-08-04 22:15:00,1872.37,1875.93,1871.81,1875.21,15431.467
2026-08-04 22:30:00,1875.2,1876.0,1873.66,1873.84,6182.332
2026-08-04 22:45:00,1873.84,1874.92,1871.95,1874.71,6380.941
2026-08-04 23:00:00,1874.71,1878.13,1872.0,1877.26,21733.289
2026-08-04 23:15:00,1877.26,1880.8,1869.0,1869.21,39886.173
2026-08-04 23:30:00,1869.21,1872.3,1868.0,1870.64,27663.833
2026-08-04 23:45:00,1870.63,1871.12,1868.46,1868.9,9369.742
2026-08-05 00:00:00,1868.9,1869.68,1866.23,1866.51,32016.054
2026-08-05 00:15:00,1866.51,1867.4,1865.0,1867.05,31823.276
2026-08-05 00:30:00,1867.05,1872.88,1863.0,1866.76,45117.752
2026-08-05 00:45:00,1866.75,1866.85,1862.0,1863.09,19885.413
2026-08-05 01:00:00,1863.09,1865.0,1860.3,1864.4,21836.224
2026-08-05 01:15:00,1864.39,1866.91,1862.4,1866.65,18412.289
2026-08-05 01:30:00,1866.65,1873.56,1866.64,1869.67,26450.024
2026-08-05 01:45:00,1869.68,1873.78,1869.37,1872.57,15948.165
2026-08-05 02:00:00,1872.56,1877.45,1872.5,1875.98,37157.427
2026-08-05 02:15:00,1875.98,1876.06,1871.66,1873.42,28339.88
2026-08-05 02:30:00,1873.41,1875.85,1872.61,1874.99,13493.968
2026-08-05 02:45:00,1874.99,1875.36,1873.36,1873.7,11526.716
2026-08-05 03:00:00,1873.69,1875.49,1869.41,1869.93,35587.731
2026-08-05 03:15:00,1869.94,1870.18,1862.75,1864.17,67190.766
2026-08-05 03:30:00,1864.17,1866.89,1863.62,1865.73,26168.811
2026-08-05 03:45:00,1865.74,1867.49,1865.73,1866.86,8329.644
2026-08-05 04:00:00,1866.87,1867.07,1865.0,1865.12,9592.169
2026-08-05 04:15:00,1865.12,1867.67,1864.09,1866.93,10125.416
2026-08-05 04:30:00,1866.94,1868.85,1866.45,1866.52,11397.236
2026-08-05 04:45:00,1866.51,1867.05,1864.8,1866.47,8342.878
2026-08-05 05:00:00,1866.47,1872.55,1866.17,1871.21,27840.156
2026-08-05 05:15:00,1871.2,1877.0,1870.59,1873.79,33889.436
2026-08-05 05:30:00,1873.78,1873.79,1871.21,1872.39,14116.16
2026-08-05 05:45:00,1872.39,1873.16,1871.51,1872.51,7568.622
2026-08-05 06:00:00,1872.51,1872.91,1870.68,1871.16,9199.953
2026-08-05 06:15:00,1871.16,1871.16,1868.62,1868.86,12072.802
2026-08-05 06:30:00,1868.86,1871.99,1868.86,1869.55,11237.24
2026-08-05 06:45:00,1869.56,1869.85,1867.16,1868.84,24749.043
2026-08-05 07:00:00,1868.84,1869.4,1865.45,1866.85,27246.057
2026-08-05 07:15:00,1866.85,1866.85,1862.5,1863.0,48497.269
2026-08-05 07:30:00,1863.0,1864.12,1862.68,1863.16,28875.752
2026-08-05 07:45:00,1863.15,1871.86,1863.15,1871.85,45445.137
2026-08-05 08:00:00,1871.86,1874.0,1868.65,1868.65,49225.61
2026-08-05 08:15:00,1868.65,1871.57,1868.18,1871.17,10893.486
2026-08-05 08:30:00,1871.17,1871.44,1868.07,1868.47,12428.098
2026-08-05 08:45:00,1868.47,1870.36,1867.07,1868.98,13296.189
2026-08-05 09:00:00,1868.98,1871.0,1867.99,1870.64,7958.267
2026-08-05 09:15:00,1870.64,1873.99,1870.34,1871.6,35834.299
2026-08-05 09:30:00,1871.6,1873.5,1871.6,1872.23,11030.697
2026-08-05 09:45:00,1872.22,1873.0,1870.73,1870.98,9873.649
2026-08-05 10:00:00,1870.97,1872.25,1869.64,1870.65,8167.376
2026-08-05 10:15:00,1870.64,1873.53,1868.0,1872.57,23334.351
2026-08-05 10:30:00,1872.56,1875.38,1871.46,1872.84,22506.897
2026-08-05 10:45:00,1872.84,1873.68,1865.0,1867.38,59987.113
2026-08-05 11:00:00,1867.39,1870.26,1867.09,1868.78,18205.864
2026-08-05 11:15:00,1868.78,1868.96,1867.26,1867.54,9411.933
2026-08-05 11:30:00,1867.53,1869.83,1866.93,1867.49,9584.121
2026-08-05 11:45:00,1867.5,1868.59,1866.22,1867.93,8704.558
2026-08-05 12:00:00,1867.93,1872.56,1866.48,1871.31,30876.337
2026-08-05 12:15:00,1871.31,1884.65,1870.82,1882.34,170683.867
2026-08-05 12:30:00,1882.33,1884.68,1877.33,1879.23,42632.183
2026-08-05 12:45:00,1879.23,1879.23,1874.05,1875.22,28742.764
2026-08-05 13:00:00,1875.21,1876.59,1866.02,1867.68,84035.693
2026-08-05 13:15:00,1867.68,1870.83,1866.6,1868.61,41633.931
2026-08-05 13:30:00,1868.6,1871.84,1854.51,1869.21,256672.39
2026-08-05 13:45:00,1869.22,1878.82,1865.08,1877.85,101872.606
2026-08-05 14:00:00,1877.84,1882.0,1872.44,1878.3,89003.074
2026-08-05 14:15:00,1878.29,1880.45,1870.2,1870.97,61676.276
2026-08-05 14:30:00,1870.96,1874.65,1868.25,1873.97,42870.188
2026-08-05 14:45:00,1873.97,1878.0,1870.1,1875.06,39191.612
2026-08-05 15:00:00,1875.06,1882.07,1874.1,1876.55,69949.158
2026-08-05 15:15:00,1876.55,1877.8,1872.13,1876.09,34097.325
2026-08-05 15:30:00,1876.1,1881.58,1876.09,1877.03,27898.202
2026-08-05 15:45:00,1877.04,1878.21,1872.0,1872.91,34385.06
2026-08-05 16:00:00,1872.91,1881.85,1872.4,1881.85,41072.358
2026-08-05 16:15:00,1881.85,1896.65,1879.79,1895.23,216072.002
2026-08-05 16:30:00,1895.22,1896.7,1889.55,1891.83,69413.091
2026-08-05 16:45:00,1891.83,1894.86,1887.57,1894.79,48379.386
2026-08-05 17:00:00,1894.8,1897.88,1892.19,1893.11,53650.45
2026-08-05 17:15:00,1893.1,1893.27,1890.21,1891.65,23024.853
2026-08-05 17:30:00,1891.64,1910.97,1891.27,1907.7,168768.977
2026-08-05 17:45:00,1907.69,1916.88,1906.23,1915.93,109174.686
2026-08-05 18:00:00,1915.93,1920.99,1913.0,1919.69,148456.906
2026-08-05 18:15:00,1919.7,1927.19,1917.58,1918.74,105604.56
2026-08-05 18:30:00,1918.74,1920.68,1914.28,1920.43,38118.493
2026-08-05 18:45:00,1920.44,1920.7,1914.97,1917.23,32775.547
2026-08-05 19:00:00,1917.23,1919.18,1914.78,1917.81,26898.885
2026-08-05 19:15:00,1917.81,1920.18,1916.5,1918.51,18733.751
2026-08-05 19:30:00,1918.51,1919.31,1915.12,1919.05,17870.839
2026-08-05 19:45:00,1919.06,1920.13,1915.81,1916.09,18931.804
2026-08-05 20:00:00,1916.09,1920.7,1915.59,1920.22,33336.005
2026-08-05 20:15:00,1920.23,1921.5,1917.88,1919.27,27891.515
2026-08-05 20:30:00,1919.28,1923.3,1917.69,1923.3,24865.825
2026-08-05 20:45:00,1923.3,1923.94,1915.5,1916.19,35952.496
2026-08-05 21:00:00,1916.2,1916.56,1906.73,1912.87,86971.11
2026-08-05 21:15:00,1912.88,1913.33,1908.9,1909.65,17789.717
2026-08-05 21:30:00,1909.65,1911.23,1906.03,1907.7,25212.789
2026-08-05 21:45:00,1907.7,1909.8,1906.5,1907.75,21444.852
2026-08-05 22:00:00,1907.76,1912.3,1905.43,1910.59,26518.566
2026-08-05 22:15:00,1910.59,1912.42,1908.47,1911.14,15423.947
2026-08-05 22:30:00,1911.14,1911.97,1908.25,1908.3,9490.088
2026-08-05 22:45:00,1908.3,1910.59,1905.61,1906.0,16482.618
2026-08-05 23:00:00,1905.99,1909.49,1903.14,1908.45,24777.765
2026-08-05 23:15:00,1908.46,1911.32,1907.37,1909.18,11166.676
2026-08-05 23:30:00,1909.18,1910.49,1908.18,1909.5,7896.744
2026-08-05 23:45:00,1909.49,1909.9,1907.02,1907.95,14819.783
2026-08-06 00:00:00,1907.95,1911.1,1906.16,1909.51,25626.656
2026-08-06 00:15:00,1909.51,1912.99,1908.47,1910.68,17774.425
2026-08-06 00:30:00,1910.67,1911.59,1908.29,1908.4,12763.064
2026-08-06 00:45:00,1908.4,1911.38,1907.52,1909.39,12137.334
2026-08-06 01:00:00,1909.39,1910.29,1907.2,1908.51,12467.524
2026-08-06 01:15:00,1908.5,1909.51,1903.89,1903.9,28176.341
2026-08-06 01:30:00,1903.9,1907.92,1902.2,1905.35,26860.226
2026-08-06 01:45:00,1905.35,1908.92,1905.24,1905.93,16768.08
2026-08-06 02:00:00,1905.93,1910.0,1902.67,1902.8,42808.294
2026-08-06 02:15:00,1902.8,1904.77,1894.1,1897.58,112656.072
2026-08-06 02:30:00,1897.57,1899.56,1893.62,1899.38,39573.894
2026-08-06 02:45:00,1899.38,1900.61,1897.0,1898.17,15659.755
2026-08-06 03:00:00,1898.18,1898.27,1895.46,1896.96,17776.273
2026-08-06 03:15:00,1896.95,1897.31,1894.2,1895.83,23888.404
2026-08-06 03:30:00,1895.82,1897.87,1894.78,1896.31,14565.704
2026-08-06 03:45:00,1896.31,1898.91,1895.1,1897.94,20714.569
2026-08-06 04:00:00,1897.94,1899.27,1894.67,1898.75,24679.556
2026-08-06 04:15:00,1898.75,1905.75,1898.75,1905.35,43508.854
2026-08-06 04:30:00,1905.35,1907.48,1903.86,1904.8,22199.219
2026-08-06 04:45:00,1904.81,1907.34,1903.65,1906.84,13683.61
2026-08-06 05:00:00,1906.85,1917.15,1906.28,1914.13,79591.105
2026-08-06 05:15:00,1914.13,1917.99,1910.25,1910.98,60743.524
2026-08-06 05:30:00,1910.98,1912.2,1909.36,1912.19,17013.395
2026-08-06 05:45:00,1912.19,1913.5,1910.4,1913.49,11538.985
2026-08-06 06:00:00,1913.5,1913.94,1908.91,1909.42,18730.953
2026-08-06 06:15:00,1909.41,1913.32,1908.61,1912.23,12842.141
2026-08-06 06:30:00,1912.22,1913.49,1910.88,1913.0,8865.472
2026-08-06 06:45:00,1912.99,1913.5,1911.69,1912.8,8320.032
2026-08-06 07:00:00,1912.79,1913.7,1911.12,1913.62,10421.767
2026-08-06 07:15:00,1913.61,1914.51,1911.49,1911.61,13869.615
2026-08-06 07:30:00,1911.62,1911.81,1906.5,1907.79,20998.921
2026-08-06 07:45:00,1907.78,1910.83,1907.17,1908.52,21885.474
2026-08-06 08:00:00,1908.53,1910.4,1907.53,1908.76,15631.628
2026-08-06 08:15:00,1908.76,1912.78,1908.11,1912.72,14916.509
2026-08-06 08:30:00,1912.72,1914.0,1911.11,1912.54,15840.983
2026-08-06 08:45:00,1912.53,1920.92,1912.42,1915.44,65867.54
2026-08-06 09:00:00,1915.43,1916.11,1904.26,1906.62,73746.987
2026-08-06 09:15:00,1906.61,1910.81,1905.89,1907.83,54534.68
2026-08-06 09:30:00,1907.84,1908.13,1905.36,1905.49,21359.584
2026-08-06 09:45:00,1905.49,1907.75,1903.65,1906.68,24907.93
2026-08-06 10:00:00,1906.68,1906.68,1902.0,1902.03,31899.807
2026-08-06 10:15:00,1902.03,1905.79,1900.59,1904.45,32196.261
2026-08-06 10:30:00,1904.46,1904.9,1902.91,1903.31,10627.554
2026-08-06 10:45:00,1903.31,1903.99,1900.1,1901.78,20160.519
2026-08-06 11:00:00,1901.78,1901.99,1895.8,1901.28,50106.434
2026-08-06 11:15:00,1901.28,1906.19,1901.28,1904.43,28277.283
2026-08-06 11:30:00,1904.43,1908.32,1904.43,1907.86,31040.026
2026-08-06 11:45:00,1907.86,1908.0,1904.95,1906.89,14815.056
2026-08-06 12:00:00,1906.88,1907.24,1899.9,1900.59,44619.824
2026-08-06 12:15:00,1900.59,1905.32,1900.21,1904.01,28677.74
2026-08-06 12:30:00,1904.0,1905.5,1902.07,1902.97,19001.866
2026-08-06 12:45:00,1902.97,1903.52,1898.0,1898.19,23311.693
2026-08-06 13:00:00,1898.19,1899.66,1891.46,1895.23,88153.609
2026-08-06 13:15:00,1895.24,1897.2,1893.71,1896.68,29425.977
2026-08-06 13:30:00,1896.68,1907.77,1892.51,1905.98,101654.428
2026-08-06 13:45:00,1905.99,1910.51,1904.3,1906.47,56610.486
2026-08-06 14:00:00,1906.47,1911.14,1904.13,1907.31,45522.129
2026-08-06 14:15:00,1907.31,1912.0,1905.34,1906.0,40861.478
2026-08-06 14:30:00,1906.01,1918.21,1902.39,1914.71,103983.674
2026-08-06 14:45:00,1914.71,1915.42,1909.71,1914.06,32219.078
2026-08-06 15:00:00,1914.06,1919.06,1911.85,1914.35,61306.586
2026-08-06 15:15:00,1914.35,1916.82,1911.5,1916.29,34449.791
2026-08-06 15:30:00,1916.3,1918.66,1912.0,1912.62,51157.596
2026-08-06 15:45:00,1912.62,1917.88,1909.15,1909.88,53041.142
2026-08-06 16:00:00,1909.88,1910.89,1907.29,1908.85,34690.854
2026-08-06 16:15:00,1908.85,1912.95,1908.18,1910.77,30170.78
2026-08-06 16:30:00,1910.77,1916.15,1909.41,1914.02,35383.38
2026-08-06 16:45:00,1914.02,1915.59,1911.72,1914.72,18029.732
2026-08-06 17:00:00,1914.72,1917.89,1913.57,1913.7,29052.067
2026-08-06 17:15:00,1913.7,1915.49,1912.58,1913.35,10191.09
2026-08-06 17:30:00,1913.35,1916.37,1909.2,1911.76,24818.414
2026-08-06 17:45:00,1911.76,1914.38,1910.21,1913.1,9235.258
2026-08-06 18:00:00,1913.11,1913.26,1908.0,1910.57,22896.248
2026-08-06 18:15:00,1910.57,1913.0,1909.0,1910.66,15147.908
2026-08-06 18:30:00,1910.65,1910.71,1904.0,1904.92,28679.813
2026-08-06 18:45:00,1904.93,1906.81,1903.06,1905.21,29758.746
2026-08-06 19:00:00,1905.22,1908.23,1905.01,1907.32,15541.573
2026-08-06 19:15:00,1907.31,1908.81,1905.57,1905.82,12524.807
2026-08-06 19:30:00,1905.82,1907.97,1905.21,1907.4,10974.172
2026-08-06 19:45:00,1907.4,1910.39,1906.17,1908.77,23735.226
2026-08-06 20:00:00,1908.77,1909.84,1908.02,1908.82,8676.264
2026-08-06 20:15:00,1908.83,1909.09,1905.25,1906.04,12350.406
2026-08-06 20:30:00,1906.05,1908.0,1905.0,1906.93,7800.246
2026-08-06 20:45:00,1906.92,1906.92,1905.63,1906.16,8425.079
2026-08-06 21:00:00,1906.16,1908.36,1905.56,1907.42,8913.717
2026-08-06 21:15:00,1907.43,1908.67,1906.01,1906.63,5132.186
2026-08-06 21:30:00,1906.63,1907.98,1904.8,1906.52,8696.919
2026-08-06 21:45:00,1906.51,1906.65,1905.01,1905.25,6775.979
2026-08-06 22:00:00,1905.25,1906.55,1902.79,1906.3,14940.367
2026-08-06 22:15:00,1906.3,1906.5,1901.4,1903.28,10869.927
2026-08-06 22:30:00,1903.27,1903.92,1901.48,1902.5,7737.443
2026-08-06 22:45:00,1902.5,1904.81,1902.3,1904.18,9818.45
2026-08-06 23:00:00,1904.17,1905.12,1903.0,1904.03,5388.08
2026-08-06 23:15:00,1904.02,1904.34,1899.08,1900.88,20906.709
2026-08-06 23:30:00,1900.88,1901.36,1897.82,1899.32,15644.996
2026-08-06 23:45:00,1899.31,1903.38,1898.5,1903.12,15236.974
2026-08-07 00:00:00,1903.11,1904.62,1899.64,1900.21,21162.758
2026-08-07 00:15:00,1900.21,1902.01,1898.78,1900.71,12272.257
2026-08-07 00:30:00,1900.71,1903.41,1899.14,1902.58,15030.908
2026-08-07 00:45:00,1902.58,1903.52,1900.77,1903.0,9857.671
2026-08-07 01:00:00,1903.0,1906.83,1902.18,1902.66,17681.968
2026-08-07 01:15:00,1902.66,1904.77,1901.5,1904.5,10687.335
2026-08-07 01:30:00,1904.51,1905.44,1898.01,1901.18,23882.764
2026-08-07 01:45:00,1901.18,1904.0,1900.78,1902.45,10639.728
2026-08-07 02:00:00,1902.45,1903.09,1896.66,1901.92,22430.576
2026-08-07 02:15:00,1901.92,1907.89,1899.54,1899.55,46844.299
2026-08-07 02:30:00,1899.55,1902.0,1898.58,1901.77,14670.524
2026-08-07 02:45:00,1901.77,1904.07,1901.39,1901.75,9456.856
2026-08-07 03:00:00,1901.74,1902.9,1899.63,1900.08,14193.568
2026-08-07 03:15:00,1900.08,1900.74,1897.75,1899.32,17483.281
2026-08-07 03:30:00,1899.31,1901.44,1898.33,1899.06,14167.832
2026-08-07 03:45:00,1899.06,1899.81,1895.0,1896.53,26104.597
2026-08-07 04:00:00,1896.52,1899.0,1895.0,1897.93,21699.705
2026-08-07 04:15:00,1897.93,1899.86,1896.71,1898.36,13264.407
2026-08-07 04:30:00,1898.36,1899.86,1897.0,1897.5,11575.058
2026-08-07 04:45:00,1897.49,1897.72,1893.37,1896.48,31788.027
2026-08-07 05:00:00,1896.49,1897.81,1895.15,1896.9,15790.597
2026-08-07 05:15:00,1896.9,1897.19,1895.07,1895.47,8349.606
2026-08-07 05:30:00,1895.48,1897.99,1894.57,1897.21,14621.493
2026-08-07 05:45:00,1897.21,1901.74,1897.0,1900.79,20622.667
2026-08-07 06:00:00,1900.78,1903.5,1898.87,1903.31,20593.491
2026-08-07 06:15:00,1903.31,1906.91,1902.65,1905.0,32606.526
2026-08-07 06:30:00,1905.0,1905.96,1903.1,1903.99,17346.437
2026-08-07 06:45:00,1903.99,1904.89,1902.0,1903.81,16311.841
2026-08-07 07:00:00,1903.81,1906.55,1901.75,1905.55,17506.98
2026-08-07 07:15:00,1905.55,1906.48,1904.36,1904.86,20038.23
2026-08-07 07:30:00,1904.86,1904.86,1902.25,1902.69,7157.627
2026-08-07 07:45:00,1902.68,1903.19,1901.65,1901.66,9163.558
2026-08-07 08:00:00,1901.65,1906.0,1901.2,1905.62,30421.968
2026-08-07 08:15:00,1905.62,1906.7,1904.0,1905.43,19434.207
2026-08-07 08:30:00,1905.44,1914.61,1905.23,1912.59,61595.692
2026-08-07 08:45:00,1912.6,1912.6,1908.88,1909.9,24824.674
2026-08-07 09:00:00,1909.89,1914.27,1909.89,1911.54,28677.602
2026-08-07 09:15:00,1911.54,1913.02,1909.86,1910.35,33026.634
2026-08-07 09:30:00,1910.34,1917.33,1909.62,1915.37,79135.12
2026-08-07 09:45:00,1915.37,1915.83,1912.1,1912.41,25665.303
2026-08-07 10:00:00,1912.41,1915.52,1911.86,1914.4,22524.593
2026-08-07 10:15:00,1914.4,1914.4,1912.34,1914.0,11396.027
2026-08-07 10:30:00,1913.99,1914.23,1911.28,1912.91,13845.049
2026-08-07 10:45:00,1912.91,1914.0,1911.6,1912.13,11060.576
2026-08-07 11:00:00,1912.13,1916.0,1911.83,1915.12,22611.875
2026-08-07 11:15:00,1915.12,1920.5,1913.29,1916.01,54993.36
2026-08-07 11:30:00,1916.02,1916.9,1914.51,1915.3,17180.566
2026-08-07 11:45:00,1915.3,1915.81,1914.0,1915.51,12694.024
2026-08-07 12:00:00,1915.51,1937.74,1915.5,1933.21,235037.439
2026-08-07 12:15:00,1933.21,1933.88,1927.32,1932.16,75891.675
2026-08-07 12:30:00,1932.18,1943.0,1921.27,1928.01,234430.144
2026-08-07 12:45:00,1928.01,1935.14,1928.01,1931.26,56250.123
2026-08-07 13:00:00,1931.27,1933.13,1927.17,1928.13,35529.126
2026-08-07 13:15:00,1928.13,1930.72,1924.85,1927.2,28485.859
2026-08-07 13:30:00,1927.2,1934.39,1925.41,1931.53,54911.804
2026-08-07 13:45:00,1931.53,1931.91,1920.2,1922.5,67450.238
2026-08-07 14:00:00,1922.5,1922.52,1909.62,1911.51,178277.222
2026-08-07 14:15:00,1911.51,1924.31,1909.34,1922.95,78701.72
2026-08-07 14:30:00,1922.95,1925.5,1916.19,1917.18,61147.331
2026-08-07 14:45:00,1917.18,1919.99,1910.57,1912.74,49136.115
2026-08-07 15:00:00,1912.74,1918.78,1912.0,1914.54,35760.253
2026-08-07 15:15:00,1914.54,1917.8,1912.9,1915.81,16448.304
2026-08-07 15:30:00,1915.81,1920.5,1915.5,1919.61,40901.251
2026-08-07 15:45:00,1919.61,1919.87,1916.18,1916.99,18631.325
2026-08-07 16:00:00,1916.98,1924.41,1916.98,1922.45,37488.5
2026-08-07 16:15:00,1922.45,1923.23,1912.51,1914.08,45314.931
2026-08-07 16:30:00,1914.08,1915.32,1910.95,1914.55,27301.261
2026-08-07 16:45:00,1914.55,1915.61,1908.21,1908.56,30407.025
2026-08-07 17:00:00,1908.56,1910.65,1903.5,1906.19,62857.903
2026-08-07 17:15:00,1906.2,1909.83,1905.09,1907.13,28454.034
2026-08-07 17:30:00,1907.13,1911.5,1903.69,1910.98,51712.936
2026-08-07 17:45:00,1910.98,1912.08,1906.12,1911.41,26379.344
2026-08-07 18:00:00,1911.42,1914.46,1911.08,1913.04,18492.514
2026-08-07 18:15:00,1913.03,1914.07,1911.46,1911.65,8751.257
2026-08-07 18:30:00,1911.65,1912.91,1907.0,1907.01,14079.714
2026-08-07 18:45:00,1907.0,1909.52,1905.33,1908.93,24099.645
2026-08-07 19:00:00,1908.94,1913.85,1908.94,1912.62,16867.685
2026-08-07 19:15:00,1912.62,1917.6,1912.61,1916.0,26108.41
2026-08-07 19:30:00,1916.0,1918.51,1915.48,1917.37,16410.585
2026-08-07 19:45:00,1917.37,1919.38,1916.41,1917.85,13443.141
2026-08-07 20:00:00,1917.85,1919.38,1916.42,1917.67,10867.764
2026-08-07 20:15:00,1917.67,1917.67,1915.43,1916.01,6476.789
2026-08-07 20:30:00,1916.01,1916.01,1914.27,1914.49,11879.704
2026-08-07 20:45:00,1914.49,1914.99,1913.4,1913.97,6107.684
2026-08-07 21:00:00,1913.96,1914.97,1913.19,1914.0,9563.143
2026-08-07 21:15:00,1913.99,1915.4,1911.8,1913.01,8057.785
2026-08-07 21:30:00,1913.0,1921.47,1912.56,1917.36,41606.968
2026-08-07 21:45:00,1917.36,1917.37,1915.11,1915.65,5942.007
2026-08-07 22:00:00,1915.65,1915.66,1913.79,1914.65,9454.425
2026-08-07 22:15:00,1914.65,1915.69,1914.26,1914.36,4794.729
2026-08-07 22:30:00,1914.35,1914.77,1913.0,1913.56,7954.337
2026-08-07 22:45:00,1913.56,1914.01,1913.31,1913.93,5272.92
2026-08-07 23:00:00,1913.93,1915.33,1913.82,1915.01,4469.168
2026-08-07 23:15:00,1915.01,1915.01,1913.79,1914.15,4115.732
2026-08-07 23:30:00,1914.16,1914.84,1914.05,1914.84,3428.071
2026-08-07 23:45:00,1914.84,1915.53,1912.95,1913.07,11457.102
2026-08-08 00:00:00,1913.07,1913.91,1911.68,1913.35,9259.59
2026-08-08 00:15:00,1913.35,1913.36,1911.26,1913.26,5918.937
2026-08-08 00:30:00,1913.26,1913.72,1913.24,1913.72,4191.132
2026-08-08 00:45:00,1913.71,1913.72,1913.04,1913.41,5151.495
2026-08-08 01:00:00,1913.4,1914.39,1913.12,1913.88,11889.435
2026-08-08 01:15:00,1913.88,1915.72,1913.32,1913.83,17160.422
2026-08-08 01:30:00,1913.84,1914.6,1913.82,1914.43,3935.765
2026-08-08 01:45:00,1914.43,1914.43,1913.39,1913.81,2599.718
2026-08-08 02:00:00,1913.81,1913.82,1912.32,1912.42,4894.426
2026-08-08 02:15:00,1912.41,1912.5,1911.36,1912.45,7089.958
2026-08-08 02:30:00,1912.45,1913.4,1912.19,1912.19,3730.7
2026-08-08 02:45:00,1912.19,1912.27,1911.78,1912.27,3732.367
2026-08-08 03:00:00,1912.27,1913.62,1912.26,1913.31,5280.815
2026-08-08 03:15:00,1913.31,1915.53,1913.3,1915.53,7254.196
2026-08-08 03:30:00,1915.53,1918.31,1915.52,1916.57,14332.963
2026-08-08 03:45:00,1916.57,1917.55,1915.91,1917.2,6521.928
2026-08-08 04:00:00,1917.2,1918.62,1915.5,1915.95,8722.488
2026-08-08 04:15:00,1915.95,1916.59,1915.52,1916.42,3283.456
2026-08-08 04:30:00,1916.41,1918.16,1916.08,1917.12,5635.964
2026-08-08 04:45:00,1917.12,1917.38,1915.77,1916.12,2861.829
2026-08-08 05:00:00,1916.13,1916.49,1915.91,1915.92,2453.552
2026-08-08 05:15:00,1915.92,1916.72,1915.25,1916.22,5102.066
2026-08-08 05:30:00,1916.22,1918.1,1916.0,1917.02,5900.63
2026-08-08 05:45:00,1917.02,1917.19,1914.85,1916.69,5631.98
2026-08-08 06:00:00,1916.69,1917.12,1916.08,1916.47,4248.63
2026-08-08 06:15:00,1916.47,1916.48,1915.53,1915.63,3008.281
2026-08-08 06:30:00,1915.63,1916.38,1915.32,1916.14,4165.531
2026-08-08 06:45:00,1916.13,1917.0,1915.4,1915.66,4545.802
2026-08-08 07:00:00,1915.66,1915.94,1914.9,1915.03,3981.416
2026-08-08 07:15:00,1915.03,1915.12,1914.8,1914.8,2666.923
2026-08-08 07:30:00,1914.81,1914.81,1913.0,1913.65,6439.164
2026-08-08 07:45:00,1913.65,1914.47,1913.63,1914.29,4926.752
2026-08-08 08:00:00,1914.3,1914.64,1913.84,1914.64,4247.039
2026-08-08 08:15:00,1914.64,1915.03,1914.32,1915.03,2986.841
2026-08-08 08:30:00,1915.02,1916.81,1915.02,1916.8,7214.937
2026-08-08 08:45:00,1916.79,1916.8,1915.86,1916.02,6669.844
2026-08-08 09:00:00,1916.03,1916.6,1915.73,1916.08,4015.656
2026-08-08 09:15:00,1916.08,1916.2,1915.26,1915.66,3056.836
2026-08-08 09:30:00,1915.65,1923.32,1915.65,1918.61,53034.44
2026-08-08 09:45:00,1918.61,1919.33,1917.93,1918.05,4731.971
2026-08-08 10:00:00,1918.05,1920.18,1918.05,1919.5,7285.238
2026-08-08 10:15:00,1919.51,1922.0,1919.44,1921.8,10106.92
2026-08-08 10:30:00,1921.8,1921.81,1920.21,1920.24,7065.174
2026-08-08 10:45:00,1920.23,1920.58,1919.64,1920.36,6778.616
2026-08-08 11:00:00,1920.36,1922.92,1920.35,1921.17,9091.647
2026-08-08 11:15:00,1921.17,1921.18,1918.78,1919.2,6862.815
2026-08-08 11:30:00,1919.2,1919.26,1918.54,1918.85,5859.618
2026-08-08 11:45:00,1918.84,1920.29,1918.6,1920.05,4803.157
2026-08-08 12:00:00,1920.04,1920.29,1917.84,1920.29,10720.723
2026-08-08 12:15:00,1920.28,1921.66,1919.15,1919.16,7776.353
2026-08-08 12:30:00,1919.16,1920.33,1919.0,1919.31,5648.056
2026-08-08 12:45:00,1919.31,1920.08,1918.38,1918.39,4717.526
2026-08-08 13:00:00,1918.38,1919.87,1918.38,1918.66,5395.894
2026-08-08 13:15:00,1918.66,1919.23,1918.31,1918.4,3552.429
2026-08-08 13:30:00,1918.4,1918.65,1917.77,1918.45,5757.368
2026-08-08 13:45:00,1918.44,1919.24,1917.71,1919.24,5292.209
2026-08-08 14:00:00,1919.24,1920.82,1919.23,1920.62,7842.331
2026-08-08 14:15:00,1920.61,1923.42,1920.18,1923.0,23379.019
2026-08-08 14:30:00,1922.99,1925.85,1920.91,1921.42,36438.337
2026-08-08 14:45:00,1921.42,1924.44,1921.42,1923.0,10745.373
2026-08-08 15:00:00,1923.0,1923.7,1921.4,1922.99,9254.66
2026-08-08 15:15:00,1922.99,1923.37,1921.52,1921.83,8241.848
2026-08-08 15:30:00,1921.82,1921.83,1920.5,1921.19,5415.506
2026-08-08 15:45:00,1921.18,1922.92,1920.62,1921.85,7292.284
2026-08-08 16:00:00,1921.84,1924.26,1921.8,1922.04,13235.463
2026-08-08 16:15:00,1922.05,1922.64,1921.37,1921.57,5104.007
2026-08-08 16:30:00,1921.56,1921.57,1920.76,1921.17,4672.986
2026-08-08 16:45:00,1921.16,1921.74,1921.11,1921.68,4463.372
2026-08-08 17:00:00,1921.68,1922.57,1921.32,1922.25,4674.973
2026-08-08 17:15:00,1922.25,1923.29,1921.7,1923.05,6985.376
2026-08-08 17:30:00,1923.04,1925.55,1922.84,1924.29,14087.629
2026-08-08 17:45:00,1924.3,1924.47,1922.85,1923.05,10033.22
2026-08-08 18:00:00,1923.05,1923.06,1921.85,1921.86,5082.169
2026-08-08 18:15:00,1921.85,1921.86,1918.4,1919.81,22111.36
2026-08-08 18:30:00,1919.81,1920.85,1919.48,1920.31,5735.468
2026-08-08 18:45:00,1920.31,1920.5,1920.18,1920.49,2813.178
2026-08-08 19:00:00,1920.49,1920.73,1920.31,1920.41,3513.721
2026-08-08 19:15:00,1920.42,1920.61,1918.66,1918.97,4926.437
2026-08-08 19:30:00,1918.96,1919.63,1918.5,1919.37,5847.495
2026-08-08 19:45:00,1919.36,1920.81,1918.84,1919.61,9200.44
2026-08-08 20:00:00,1919.61,1919.61,1919.04,1919.55,3209.576
2026-08-08 20:15:00,1919.54,1919.83,1918.85,1918.85,2121.638
2026-08-08 20:30:00,1918.86,1920.4,1918.85,1919.92,4677.896
2026-08-08 20:45:00,1919.93,1920.48,1919.37,1919.41,6121.76
2026-08-08 21:00:00,1919.41,1919.95,1919.28,1919.61,3641.099
2026-08-08 21:15:00,1919.61,1920.78,1919.61,1920.17,3508.335
2026-08-08 21:30:00,1920.16,1921.99,1919.82,1921.75,4982.206
2026-08-08 21:45:00,1921.74,1921.75,1919.34,1919.89,5139.436
2026-08-08 22:00:00,1919.88,1920.71,1918.5,1918.51,6037.646
2026-08-08 22:15:00,1918.5,1919.89,1918.5,1919.88,4514.769
2026-08-08 22:30:00,1919.87,1919.88,1918.25,1918.67,5637.905
2026-08-08 22:45:00,1918.66,1918.91,1915.63,1915.93,21110.072
2026-08-08 23:00:00,1915.93,1916.05,1914.11,1915.0,17750.998
2026-08-08 23:15:00,1914.99,1916.51,1913.68,1916.02,10834.7
2026-08-08 23:30:00,1916.02,1918.45,1915.86,1917.44,10395.582
2026-08-08 23:45:00,1917.43,1917.78,1915.87,1915.98,5137.071
2026-08-09 00:00:00,1915.98,1917.92,1915.34,1917.6,9369.954
2026-08-09 00:15:00,1917.59,1917.59,1916.76,1916.77,2581.289
2026-08-09 00:30:00,1916.76,1917.74,1916.55,1917.3,3268.446
2026-08-09 00:45:00,1917.3,1918.3,1915.56,1917.15,8909.281
2026-08-09 01:00:00,1917.14,1919.37,1916.62,1918.27,7072.584
2026-08-09 01:15:00,1918.27,1918.28,1913.51,1913.52,9257.117
2026-08-09 01:30:00,1913.52,1915.36,1912.09,1915.22,11581.914
2026-08-09 01:45:00,1915.21,1915.63,1913.78,1915.31,6854.773
2026-08-09 02:00:00,1915.3,1915.95,1914.2,1915.82,6175.088
2026-08-09 02:15:00,1915.82,1915.83,1913.74,1915.5,6435.598
2026-08-09 02:30:00,1915.49,1915.5,1913.73,1913.73,5118.785
2026-08-09 02:45:00,1913.73,1914.5,1912.42,1913.86,12769.997
2026-08-09 03:00:00,1913.86,1914.02,1911.1,1911.93,22405.269
2026-08-09 03:15:00,1911.92,1913.0,1911.69,1913.0,7567.347
2026-08-09 03:30:00,1913.0,1913.59,1912.87,1913.2,4865.367
2026-08-09 03:45:00,1913.2,1913.6,1913.0,1913.07,3897.017
2026-08-09 04:00:00,1913.06,1915.24,1912.77,1914.35,7635.374
2026-08-09 04:15:00,1914.34,1914.79,1912.82,1913.48,9424.136
2026-08-09 04:30:00,1913.47,1913.48,1912.56,1912.57,4173.557
2026-08-09 04:45:00,1912.57,1912.96,1912.0,1912.43,5187.934
2026-08-09 05:00:00,1912.43,1913.94,1912.07,1913.02,5561.121
2026-08-09 05:15:00,1913.01,1914.19,1912.97,1913.22,3097.512
2026-08-09 05:30:00,1913.22,1913.74,1913.03,1913.27,3636.567
2026-08-09 05:45:00,1913.26,1913.63,1913.03,1913.63,3443.685
2026-08-09 06:00:00,1913.62,1915.0,1913.0,1914.82,11903.538
2026-08-09 06:15:00,1914.81,1916.37,1914.69,1916.26,10252.247
2026-08-09 06:30:00,1916.25,1917.35,1916.15,1917.28,6961.339
2026-08-09 06:45:00,1917.28,1919.0,1917.27,1918.5,16440.306
2026-08-09 07:00:00,1918.51,1918.65,1917.55,1917.56,8104.283
2026-08-09 07:15:00,1917.56,1917.56,1916.33,1917.21,6174.822
2026-08-09 07:30:00,1917.2,1917.25,1916.3,1916.72,4413.058
2026-08-09 07:45:00,1916.71,1918.29,1916.57,1918.28,7741.233
2026-08-09 08:00:00,1918.29,1924.63,1918.29,1921.73,46601.125
2026-08-09 08:15:00,1921.73,1922.0,1920.1,1920.76,9758.639
2026-08-09 08:30:00,1920.75,1920.76,1913.1,1913.8,40676.616
2026-08-09 08:45:00,1913.79,1914.94,1913.1,1914.89,19729.151
2026-08-09 09:00:00,1914.88,1915.67,1914.14,1914.22,8654.172
2026-08-09 09:15:00,1914.21,1914.81,1912.3,1913.27,17628.781
2026-08-09 09:30:00,1913.27,1916.18,1913.21,1915.65,9783.042
2026-08-09 09:45:00,1915.64,1920.84,1915.64,1920.83,27374.387
2026-08-09 10:00:00,1920.84,1922.49,1920.6,1921.26,29280.864
2026-08-09 10:15:00,1921.26,1921.39,1919.6,1919.91,11199.041
2026-08-09 10:30:00,1919.9,1919.91,1918.63,1919.14,5322.635
2026-08-09 10:45:00,1919.13,1920.0,1919.13,1919.3,4998.119
2026-08-09 11:00:00,1919.3,1920.04,1919.3,1919.99,3683.332
2026-08-09 11:15:00,1919.99,1920.75,1919.83,1920.0,4154.318
2026-08-09 11:30:00,1919.99,1920.84,1919.5,1919.81,4393.53
2026-08-09 11:45:00,1919.8,1920.0,1917.5,1918.35,17469.53
2026-08-09 12:00:00,1918.34,1918.5,1915.59,1917.08,19568.808
2026-08-09 12:15:00,1917.08,1917.48,1916.64,1917.3,4254.051
2026-08-09 12:30:00,1917.29,1917.53,1916.56,1916.57,6040.959
2026-08-09 12:45:00,1916.56,1917.32,1916.34,1916.63,7764.392
2026-08-09 13:00:00,1916.62,1919.19,1916.62,1919.18,9025.428
2026-08-09 13:15:00,1919.18,1925.86,1919.18,1924.5,72189.236
2026-08-09 13:30:00,1924.5,1924.87,1921.42,1922.08,25957.315
2026-08-09 13:45:00,1922.09,1922.95,1921.97,1922.64,10545.302
2026-08-09 14:00:00,1922.64,1926.84,1921.71,1924.93,33905.297
2026-08-09 14:15:00,1924.92,1924.93,1922.14,1922.76,10264.6
2026-08-09 14:30:00,1922.76,1924.74,1922.51,1923.05,13559.099
2026-08-09 14:45:00,1923.04,1925.82,1922.98,1924.37,9668.527
2026-08-09 15:00:00,1924.37,1926.67,1923.47,1926.1,19995.903
2026-08-09 15:15:00,1926.1,1926.69,1925.62,1925.74,13761.685
2026-08-09 15:30:00,1925.73,1925.97,1925.17,1925.5,9951.346
2026-08-09 15:45:00,1925.5,1926.58,1925.49,1925.75,10814.527
2026-08-09 16:00:00,1925.75,1926.21,1923.89,1924.23,11712.115
2026-08-09 16:15:00,1924.23,1924.8,1920.57,1921.76,24982.028
2026-08-09 16:30:00,1921.75,1924.74,1921.75,1924.36,8535.614
2026-08-09 16:45:00,1924.36,1924.75,1923.42,1923.43,4252.042
2026-08-09 17:00:00,1923.43,1924.0,1922.53,1923.97,4972.982
2026-08-09 17:15:00,1923.96,1924.0,1922.79,1923.83,7984.403
2026-08-09 17:30:00,1923.82,1923.87,1923.36,1923.54,3602.633
2026-08-09 17:45:00,1923.53,1923.54,1922.17,1922.31,4066.555
2026-08-09 18:00:00,1922.31,1923.29,1921.81,1921.82,6640.023
2026-08-09 18:15:00,1921.81,1921.82,1918.0,1921.4,31160.242
2026-08-09 18:30:00,1921.4,1921.5,1920.33,1920.34,3646.725
2026-08-09 18:45:00,1920.34,1921.04,1920.33,1920.71,4567.64
2026-08-09 19:00:00,1920.71,1921.33,1920.42,1920.61,6295.389
2026-08-09 19:15:00,1920.6,1921.48,1920.6,1921.03,3213.988
2026-08-09 19:30:00,1921.03,1921.71,1921.02,1921.66,2678.031
2026-08-09 19:45:00,1921.66,1921.66,1920.48,1921.16,4979.743
2026-08-09 20:00:00,1921.15,1921.48,1918.16,1918.34,9967.19
2026-08-09 20:15:00,1918.35,1919.99,1917.1,1919.41,12362.914
2026-08-09 20:30:00,1919.42,1920.49,1919.41,1919.43,3939.585
2026-08-09 20:45:00,1919.42,1920.04,1919.38,1919.99,3338.036
2026-08-09 21:00:00,1919.98,1920.62,1918.79,1920.47,5142.321
2026-08-09 21:15:00,1920.46,1923.46,1920.17,1923.41,6720.663
2026-08-09 21:30:00,1923.41,1926.33,1923.02,1924.95,18220.526
2026-08-09 21:45:00,1924.95,1926.24,1923.52,1923.84,11071.266
2026-08-09 22:00:00,1923.85,1936.22,1923.85,1932.78,68218.319
2026-08-09 22:15:00,1932.79,1937.67,1928.33,1928.99,61658.567
2026-08-09 22:30:00,1929.0,1929.79,1915.15,1918.33,87677.527
2026-08-09 22:45:00,1918.33,1919.58,1914.05,1918.67,38641.931
2026-08-09 23:00:00,1918.66,1920.02,1915.63,1916.79,16529.664
2026-08-09 23:15:00,1916.8,1917.39,1912.01,1913.49,46325.108
2026-08-09 23:30:00,1913.5,1913.5,1907.24,1909.89,78572.796
2026-08-09 23:45:00,1909.9,1911.49,1906.41,1909.57,26459.939
2026-08-10 00:00:00,1909.56,1927.71,1907.5,1921.05,88381.322
2026-08-10 00:15:00,1921.06,1921.83,1912.6,1913.14,43426.56
2026-08-10 00:30:00,1913.15,1915.65,1905.0,1906.24,59243.913
2026-08-10 00:45:00,1906.25,1916.62,1905.66,1911.99,55620.802
2026-08-10 01:00:00,1911.99,1914.6,1907.0,1913.44,28162.078
2026-08-10 01:15:00,1913.44,1917.61,1913.43,1914.09,22602.048
2026-08-10 01:30:00,1914.09,1915.8,1911.48,1914.49,13048.305
2026-08-10 01:45:00,1914.5,1931.5,1914.01,1924.65,99752.162
2026-08-10 02:00:00,1924.66,1925.5,1919.5,1920.8,30360.326
2026-08-10 02:15:00,1920.8,1920.92,1911.82,1914.54,57135.493
2026-08-10 02:30:00,1914.55,1926.11,1914.48,1925.26,41481.406
2026-08-10 02:45:00,1925.26,1925.27,1921.77,1922.87,24532.601
2026-08-10 03:00:00,1922.88,1923.85,1914.0,1915.07,41688.485
2026-08-10 03:15:00,1915.08,1924.0,1912.52,1917.33,54087.009
2026-08-10 03:30:00,1917.34,1920.05,1916.1,1918.77,16159.601
2026-08-10 03:45:00,1918.76,1919.79,1915.37,1916.5,13256.565
2026-08-10 04:00:00,1916.51,1919.28,1915.6,1919.19,12647.51
2026-08-10 04:15:00,1919.19,1920.19,1917.8,1918.41,6697.76
2026-08-10 04:30:00,1918.41,1919.5,1911.47,1915.71,37154.761
2026-08-10 04:45:00,1915.72,1917.67,1913.43,1914.68,12634.114
2026-08-10 05:00:00,1914.68,1917.9,1914.27,1915.29,13586.499
2026-08-10 05:15:00,1915.3,1919.72,1915.3,1919.41,9805.66
2026-08-10 05:30:00,1919.41,1921.55,1918.66,1920.61,14903.984
2026-08-10 05:45:00,1920.61,1924.38,1919.92,1922.51,26422.516
2026-08-10 06:00:00,1922.51,1926.88,1922.3,1924.8,30921.71
2026-08-10 06:15:00,1924.81,1928.55,1923.37,1924.8,46099.204
2026-08-10 06:30:00,1924.8,1927.0,1924.1,1926.54,9835.335
2026-08-10 06:45:00,1926.53,1928.56,1925.56,1927.23,14414.694
2026-08-10 07:00:00,1927.23,1927.86,1925.35,1925.84,9669.221
2026-08-10 07:15:00,1925.83,1929.27,1925.16,1928.83,20891.666
2026-08-10 07:30:00,1928.83,1930.28,1926.86,1926.87,42923.458
2026-08-10 07:45:00,1926.87,1927.32,1924.0,1924.72,16543.242
2026-08-10 08:00:00,1924.73,1927.67,1924.72,1926.61,17470.953
2026-08-10 08:15:00,1926.61,1929.0,1925.51,1927.46,12957.099
2026-08-10 08:30:00,1927.46,1927.83,1922.35,1924.43,17723.138
2026-08-10 08:45:00,1924.43,1926.66,1923.52,1926.0,8039.476
2026-08-10 09:00:00,1926.0,1926.45,1924.16,1925.65,7800.627
2026-08-10 09:15:00,1925.65,1925.92,1921.91,1921.91,11236.494
2026-08-10 09:30:00,1921.91,1921.91,1917.0,1917.45,59247.24
2026-08-10 09:45:00,1917.45,1917.45,1915.2,1915.5,38895.241
2026-08-10 10:00:00,1915.51,1918.9,1915.0,1918.39,32651.787
2026-08-10 10:15:00,1918.4,1920.0,1917.94,1918.51,12259.832
2026-08-10 10:30:00,1918.52,1918.6,1915.74,1916.79,13938.45
2026-08-10 10:45:00,1916.8,1917.97,1916.31,1916.74,8891.768
2026-08-10 11:00:00,1916.75,1916.98,1913.62,1915.74,20028.897
2026-08-10 11:15:00,1915.74,1919.0,1915.73,1918.23,13115.94
2026-08-10 11:30:00,1918.24,1919.66,1917.22,1917.68,7399.112
2026-08-10 11:45:00,1917.69,1920.62,1917.14,1919.6,18047.044
2026-08-10 12:00:00,1919.61,1922.84,1918.89,1919.77,32101.415
2026-08-10 12:15:00,1919.78,1919.94,1915.56,1916.12,18691.979
2026-08-10 12:30:00,1916.12,1916.13,1910.81,1914.6,61852.418
2026-08-10 12:45:00,1914.61,1914.61,1903.77,1905.03,113137.527
2026-08-10 13:00:00,1905.03,1908.86,1904.0,1908.08,58640.136
2026-08-10 13:15:00,1908.07,1909.8,1905.48,1907.41,25120.446
2026-08-10 13:30:00,1907.4,1907.99,1895.88,1900.22,151196.886
2026-08-10 13:45:00,1900.21,1902.13,1893.37,1896.62,106162.926
2026-08-10 14:00:00,1896.62,1901.89,1895.8,1900.37,54101.395
2026-08-10 14:15:00,1900.37,1901.77,1896.11,1898.65,27498.596
2026-08-10 14:30:00,1898.65,1901.64,1896.7,1899.27,24159.626
2026-08-10 14:45:00,1899.27,1900.5,1890.19,1892.61,73696.408
2026-08-10 15:00:00,1892.61,1892.61,1873.68,1875.4,292791.971
2026-08-10 15:15:00,1875.4,1880.1,1870.15,1876.03,168431.695
2026-08-10 15:30:00,1876.03,1879.44,1873.61,1877.5,84341.351
2026-08-10 15:45:00,1877.51,1879.46,1875.31,1876.01,47192.528
2026-08-10 16:00:00,1876.0,1877.87,1873.63,1874.99,44916.537
2026-08-10 16:15:00,1874.99,1876.28,1866.14,1874.05,90989.032
2026-08-10 16:30:00,1874.05,1877.27,1871.45,1872.02,47320.604
2026-08-10 16:45:00,1872.02,1872.6,1867.69,1871.38,53134.643
2026-08-10 17:00:00,1871.38,1875.26,1867.46,1873.87,53563.016
2026-08-10 17:15:00,1873.86,1875.94,1871.93,1873.25,23900.171
2026-08-10 17:30:00,1873.25,1876.49,1873.03,1874.79,19094.643
2026-08-10 17:45:00,1874.79,1874.91,1871.74,1872.71,24024.192
2026-08-10 18:00:00,1872.7,1874.61,1870.54,1870.8,34019.476
2026-08-10 18:15:00,1870.81,1873.78,1870.0,1871.29,16923.726
2026-08-10 18:30:00,1871.28,1872.26,1868.45,1872.15,30813.351
2026-08-10 18:45:00,1872.15,1872.72,1867.12,1871.92,27170.354
2026-08-10 19:00:00,1871.92,1874.68,1871.36,1874.38,19306.258
2026-08-10 19:15:00,1874.37,1877.67,1874.37,1877.67,17045.364
2026-08-10 19:30:00,1877.67,1879.84,1875.28,1878.12,25267.757
2026-08-10 19:45:00,1878.11,1878.8,1876.0,1877.7,13908.005
2026-08-10 20:00:00,1877.69,1878.6,1876.7,1877.76,11172.417
2026-08-10 20:15:00,1877.75,1878.65,1876.99,1878.65,8339.046
2026-08-10 20:30:00,1878.65,1880.86,1878.02,1879.64,15393.951
2026-08-10 20:45:00,1879.63,1879.69,1877.7,1878.76,8910.794
2026-08-10 21:00:00,1878.76,1878.76,1874.51,1874.98,13184.57
2026-08-10 21:15:00,1874.99,1876.04,1873.51,1876.03,10583.607
2026-08-10 21:30:00,1876.04,1876.97,1874.03,1875.28,10236.412
2026-08-10 21:45:00,1875.29,1875.42,1872.43,1873.42,11134.579
2026-08-10 22:00:00,1873.41,1876.97,1871.42,1876.27,17848.093
2026-08-10 22:15:00,1876.28,1877.36,1874.35,1875.97,6177.981
2026-08-10 22:30:00,1875.96,1875.97,1871.08,1873.73,9583.556
2026-08-10 22:45:00,1873.74,1875.41,1873.26,1875.4,4236.761
2026-08-10 23:00:00,1875.41,1875.41,1873.42,1873.82,10642.056
2026-08-10 23:15:00,1873.81,1874.61,1871.53,1873.07,7684.598
2026-08-10 23:30:00,1873.08,1873.08,1869.23,1871.99,25176.312
2026-08-10 23:45:00,1871.98,1873.23,1870.52,1872.31,9497.093
2026-08-11 00:00:00,1872.3,1873.22,1870.3,1872.9,19794.105
2026-08-11 00:15:00,1872.9,1875.25,1871.0,1875.24,12935.37
2026-08-11 00:30:00,1875.25,1875.3,1871.81,1873.32,9568.555
2026-08-11 00:45:00,1873.32,1874.89,1872.5,1874.28,9783.168
2026-08-11 01:00:00,1874.28,1877.0,1872.51,1876.4,15179.85
2026-08-11 01:15:00,1876.39,1878.03,1873.04,1877.07,17341.149
2026-08-11 01:30:00,1877.07,1877.07,1873.5,1874.84,12051.359
2026-08-11 01:45:00,1874.84,1877.82,1874.61,1877.23,10415.743
2026-08-11 02:00:00,1877.23,1879.05,1876.8,1877.27,17876.286
2026-08-11 02:15:00,1877.28,1877.85,1876.37,1876.61,9140.417
2026-08-11 02:30:00,1876.62,1877.75,1876.54,1877.75,6031.971
2026-08-11 02:45:00,1877.75,1878.0,1877.0,1877.84,5379.282
2026-08-11 03:00:00,1877.84,1879.74,1877.84,1879.42,8612.224
2026-08-11 03:15:00,1879.41,1880.7,1878.75,1879.56,14313.695
2026-08-11 03:30:00,1879.56,1881.36,1879.28,1879.77,10560.444
2026-08-11 03:45:00,1879.77,1880.39,1879.27,1880.14,7156.111
2026-08-11 04:00:00,1880.14,1881.26,1878.86,1879.06,11405.004
2026-08-11 04:15:00,1879.07,1879.5,1878.67,1879.09,8755.577
2026-08-11 04:30:00,1879.09,1879.19,1876.83,1877.02,11475.96
2026-08-11 04:45:00,1877.02,1877.38,1875.2,1875.2,13174.518
2026-08-11 05:00:00,1875.2,1876.0,1874.52,1875.98,9677.854
2026-08-11 05:15:00,1875.99,1875.99,1871.01,1873.0,23001.528
2026-08-11 05:30:00,1873.0,1876.0,1872.59,1875.67,14965.532
2026-08-11 05:45:00,1875.67,1875.89,1873.26,1873.27,14265.838
2026-08-11 06:00:00,1873.26,1874.22,1871.15,1873.46,18902.638
2026-08-11 06:15:00,1873.46,1874.05,1871.28,1871.61,13676.078
2026-08-11 06:30:00,1871.6,1874.01,1871.0,1872.63,28628.249
2026-08-11 06:45:00,1872.62,1873.52,1870.4,1873.47,13396.366
2026-08-11 07:00:00,1873.46,1874.94,1872.73,1872.73,10171.57
2026-08-11 07:15:00,1872.73,1872.74,1869.69,1870.84,29608.745
2026-08-11 07:30:00,1870.85,1878.44,1870.85,1877.0,31581.989
2026-08-11 07:45:00,1877.0,1878.5,1875.23,1876.84,24698.786
2026-08-11 08:00:00,1876.85,1878.2,1874.87,1875.0,13312.473
2026-08-11 08:15:00,1875.0,1876.68,1874.52,1875.74,12704.578
2026-08-11 08:30:00,1875.74,1878.33,1875.44,1877.68,20591.475
2026-08-11 08:45:00,1877.68,1879.75,1876.42,1878.56,16694.601
2026-08-11 09:00:00,1878.56,1878.94,1876.58,1876.74,11083.074
2026-08-11 09:15:00,1876.73,1879.76,1876.61,1878.83,12963.591
2026-08-11 09:30:00,1878.83,1879.6,1877.71,1879.38,11753.918
2026-08-11 09:45:00,1879.38,1884.87,1879.1,1884.78,38270.904
2026-08-11 10:00:00,1884.79,1888.86,1883.31,1884.46,66366.98
2026-08-11 10:15:00,1884.47,1887.28,1882.15,1886.65,28334.186
2026-08-11 10:30:00,1886.66,1887.44,1884.97,1885.63,13240.908
2026-08-11 10:45:00,1885.64,1887.35,1885.02,1885.37,19332.788
2026-08-11 11:00:00,1885.37,1895.2,1885.37,1892.99,96964.193
2026-08-11 11:15:00,1892.99,1893.5,1890.25,1890.91,32702.373
2026-08-11 11:30:00,1890.91,1892.18,1890.7,1891.26,15912.6
2026-08-11 11:45:00,1891.26,1893.37,1891.25,1892.12,14736.011
2026-08-11 12:00:00,1892.12,1897.3,1892.12,1894.51,57812.488
2026-08-11 12:15:00,1894.5,1894.67,1887.9,1889.15,53302.864
2026-08-11 12:30:00,1889.15,1891.59,1887.4,1887.69,32983.871
2026-08-11 12:45:00,1887.7,1888.84,1886.47,1887.01,22254.133
2026-08-11 13:00:00,1887.0,1890.95,1886.24,1888.9,22931.313
2026-08-11 13:15:00,1888.9,1888.9,1883.73,1886.16,24648.294
2026-08-11 13:30:00,1886.15,1892.11,1882.5,1889.51,67528.516
2026-08-11 13:45:00,1889.5,1891.44,1886.88,1889.26,31092.65
2026-08-11 14:00:00,1889.25,1889.88,1885.44,1888.75,21659.013
2026-08-11 14:15:00,1888.74,1890.78,1875.07,1879.82,96872.57
2026-08-11 14:30:00,1879.82,1880.63,1873.3,1876.63,54670.109
2026-08-11 14:45:00,1876.63,1877.82,1869.09,1872.67,101214.885
2026-08-11 15:00:00,1872.68,1876.82,1871.74,1872.6,53380.216
2026-08-11 15:15:00,1872.6,1877.0,1868.39,1876.38,59448.869
2026-08-11 15:30:00,1876.38,1876.67,1852.22,1858.54,238458.367
2026-08-11 15:45:00,1858.54,1863.4,1855.36,1862.0,81613.169
2026-08-11 16:00:00,1862.01,1865.48,1858.77,1864.12,65810.354
2026-08-11 16:15:00,1864.13,1866.25,1862.0,1863.21,32444.716
2026-08-11 16:30:00,1863.21,1865.48,1861.54,1862.71,20280.366
2026-08-11 16:45:00,1862.72,1864.77,1861.98,1863.99,10437.068
2026-08-11 17:00:00,1863.98,1865.66,1862.09,1863.2,14963.979
2026-08-11 17:15:00,1863.2,1867.73,1862.0,1864.73,18523.327
2026-08-11 17:30:00,1864.73,1865.51,1862.12,1863.88,10385.516
2026-08-11 17:45:00,1863.87,1866.05,1862.25,1863.76,12444.166
2026-08-11 18:00:00,1863.76,1864.65,1862.4,1863.3,12755.626
2026-08-11 18:15:00,1863.29,1865.21,1861.06,1861.31,13895.04
2026-08-11 18:30:00,1861.32,1866.16,1859.02,1863.12,46720.344
2026-08-11 18:45:00,1863.12,1865.32,1862.59,1865.32,14240.272
2026-08-11 19:00:00,1865.31,1865.49,1861.92,1862.07,11758.112
2026-08-11 19:15:00,1862.06,1869.38,1862.06,1869.0,24363.195
2026-08-11 19:30:00,1869.0,1871.87,1867.67,1870.98,23940.082
2026-08-11 19:45:00,1870.98,1884.64,1870.05,1881.17,116052.585
2026-08-11 20:00:00,1881.18,1884.83,1880.4,1881.89,37097.936
2026-08-11 20:15:00,1881.9,1881.9,1878.48,1880.58,29262.851
2026-08-11 20:30:00,1880.58,1883.49,1878.74,1878.75,15152.64
2026-08-11 20:45:00,1878.74,1881.85,1878.74,1881.56,13685.553
2026-08-11 21:00:00,1881.56,1884.67,1880.83,1883.49,22610.719
2026-08-11 21:15:00,1883.49,1884.19,1879.92,1880.49,26324.374
2026-08-11 21:30:00,1880.49,1882.19,1879.63,1881.88,10429.422
2026-08-11 21:45:00,1881.87,1884.64,1880.96,1883.81,15635.898
2026-08-11 22:00:00,1883.8,1886.95,1882.14,1883.49,32186.635
2026-08-11 22:15:00,1883.49,1884.99,1882.25,1883.21,8703.718
2026-08-11 22:30:00,1883.2,1884.0,1879.75,1880.05,13255.011
2026-08-11 22:45:00,1880.04,1883.08,1879.0,1881.63,17408.285
2026-08-11 23:00:00,1881.64,1881.64,1878.35,1878.84,10076.809
2026-08-11 23:15:00,1878.83,1880.62,1878.06,1880.22,10135.87
2026-08-11 23:30:00,1880.22,1883.72,1879.7,1883.45,11246.517
2026-08-11 23:45:00,1883.44,1883.81,1881.79,1881.8,8592.968
2026-08-12 00:00:00,1881.79,1881.8,1880.08,1881.59,11159.433
2026-08-12 00:15:00,1881.58,1882.92,1880.0,1881.43,9877.805
2026-08-12 00:30:00,1881.43,1882.87,1880.43,1880.91,7754.386
2026-08-12 00:45:00,1880.9,1882.9,1880.9,1881.73,7102.51
2026-08-12 01:00:00,1881.72,1885.4,1881.72,1884.94,13088.459
2026-08-12 01:15:00,1884.94,1885.96,1881.44,1882.31,11206.802
2026-08-12 01:30:00,1882.3,1885.75,1880.34,1884.7,9488.6
2026-08-12 01:45:00,1884.71,1885.77,1882.65,1884.13,11681.483
2026-08-12 02:00:00,1884.13,1887.56,1884.13,1884.88,18659.66
2026-08-12 02:15:00,1884.89,1886.15,1883.19,1886.15,15887.813
2026-08-12 02:30:00,1886.15,1886.68,1883.04,1884.17,9670.949
2026-08-12 02:45:00,1884.17,1885.0,1882.89,1883.85,6128.278
2026-08-12 03:00:00,1883.85,1885.08,1882.12,1882.5,7429.04
2026-08-12 03:15:00,1882.5,1883.64,1882.03,1883.0,8760.03
2026-08-12 03:30:00,1882.99,1886.46,1882.32,1885.3,12923.159
2026-08-12 03:45:00,1885.3,1886.34,1885.05,1885.77,8816.055
2026-08-12 04:00:00,1885.76,1886.87,1884.55,1886.6,11397.172
2026-08-12 04:15:00,1886.6,1892.83,1886.21,1888.69,52381.971
2026-08-12 04:30:00,1888.68,1888.69,1886.28,1887.76,13475.206
2026-08-12 04:45:00,1887.75,1890.41,1887.38,1888.61,15110.363
2026-08-12 05:00:00,1888.6,1890.19,1885.53,1889.19,17049.986
2026-08-12 05:15:00,1889.18,1890.22,1889.0,1889.39,7077.534
2026-08-12 05:30:00,1889.39,1891.17,1889.28,1891.0,10621.416
2026-08-12 05:45:00,1890.99,1891.59,1890.0,1890.7,9238.927
2026-08-12 06:00:00,1890.69,1890.7,1886.7,1886.7,11906.614
2026-08-12 06:15:00,1886.71,1888.84,1884.7,1885.65,24057.512
2026-08-12 06:30:00,1885.65,1886.0,1884.44,1884.94,12394.793
2026-08-12 06:45:00,1884.95,1886.83,1884.9,1886.83,11534.534
2026-08-12 07:00:00,1886.83,1890.43,1886.57,1888.8,11674.721
2026-08-12 07:15:00,1888.8,1889.63,1888.37,1888.54,8472.786
2026-08-12 07:30:00,1888.55,1890.75,1887.1,1887.75,13755.604
2026-08-12 07:45:00,1887.75,1890.92,1884.61,1890.82,22044.767
2026-08-12 08:00:00,1890.82,1895.45,1889.65,1891.72,55509.679
2026-08-12 08:15:00,1891.72,1894.09,1891.6,1891.98,14463.518
2026-08-12 08:30:00,1891.97,1891.98,1890.28,1890.29,14418.045
2026-08-12 08:45:00,1890.28,1891.59,1889.78,1890.1,14072.173
2026-08-12 09:00:00,1890.09,1892.54,1889.07,1892.0,13552.735
2026-08-12 09:15:00,1892.0,1904.87,1892.0,1902.87,117761.782
2026-08-12 09:30:00,1902.86,1909.0,1901.97,1904.27,99217.132
2026-08-12 09:45:00,1904.28,1905.28,1902.05,1905.11,22858.483
2026-08-12 10:00:00,1905.1,1915.0,1905.06,1910.87,95987.839
2026-08-12 10:15:00,1910.88,1914.18,1910.04,1910.16,43357.994
2026-08-12 10:30:00,1910.15,1912.57,1909.3,1910.67,29163.084
2026-08-12 10:45:00,1910.66,1911.29,1906.89,1908.31,34625.812
2026-08-12 11:00:00,1908.31,1910.5,1906.41,1908.01,24021.179
2026-08-12 11:15:00,1908.0,1912.86,1908.0,1912.71,20331.989
2026-08-12 11:30:00,1912.7,1914.79,1910.9,1912.64,22078.237
2026-08-12 11:45:00,1912.63,1915.55,1912.43,1914.87,32490.126
2026-08-12 12:00:00,1914.87,1917.41,1913.58,1913.58,52554.053
2026-08-12 12:15:00,1913.59,1924.97,1913.08,1921.84,95062.209
2026-08-12 12:30:00,1921.84,1924.72,1906.41,1908.59,227012.23
2026-08-12 12:45:00,1908.59,1912.72,1904.6,1910.59,83260.501
2026-08-12 13:00:00,1910.58,1911.72,1904.63,1907.87,47814.656
2026-08-12 13:15:00,1907.87,1909.84,1904.9,1906.57,34117.234
2026-08-12 13:30:00,1906.57,1907.4,1900.45,1903.99,69162.095
2026-08-12 13:45:00,1903.98,1907.42,1898.75,1900.38,60781.487
2026-08-12 14:00:00,1900.38,1902.98,1887.77,1898.83,209579.858
2026-08-12 14:15:00,1898.83,1898.83,1890.77,1891.02,54239.147
2026-08-12 14:30:00,1891.01,1893.15,1886.26,1891.21,103864.881
2026-08-12 14:45:00,1891.21,1894.45,1883.66,1886.76,73142.693
2026-08-12 15:00:00,1886.76,1893.0,1883.33,1891.87,56983.793
2026-08-12 15:15:00,1891.87,1894.87,1890.28,1893.5,31453.205
2026-08-12 15:30:00,1893.49,1895.52,1890.28,1893.73,33960.094
2026-08-12 15:45:00,1893.72,1894.9,1891.51,1891.64,20095.457
2026-08-12 16:00:00,1891.64,1892.76,1888.16,1892.18,38870.12
2026-08-12 16:15:00,1892.18,1894.9,1891.41,1893.99,16870.973
2026-08-12 16:30:00,1894.0,1894.35,1891.38,1891.54,11085.31
2026-08-12 16:45:00,1891.54,1891.67,1889.34,1889.84,20379.58
2026-08-12 17:00:00,1889.85,1891.15,1888.48,1888.81,17678.885
2026-08-12 17:15:00,1888.81,1889.41,1884.1,1886.01,30737.049
2026-08-12 17:30:00,1886.02,1889.78,1884.33,1887.31,14855.775
2026-08-12 17:45:00,1887.31,1889.4,1886.35,1887.3,10494.909
2026-08-12 18:00:00,1887.3,1889.71,1886.07,1888.73,11531.342
2026-08-12 18:15:00,1888.73,1888.74,1885.13,1886.32,10637.823
2026-08-12 18:30:00,1886.33,1890.58,1886.0,1887.0,12920.685
2026-08-12 18:45:00,1886.99,1887.0,1884.61,1884.71,13957.86
2026-08-12 19:00:00,1884.7,1886.0,1882.55,1883.27,17790.962
2026-08-12 19:15:00,1883.26,1886.0,1881.07,1883.86,20574.4
2026-08-12 19:30:00,1883.85,1884.68,1876.73,1879.24,38701.973
2026-08-12 19:45:00,1879.25,1879.91,1876.8,1878.61,35279.482
2026-08-12 20:00:00,1878.6,1881.78,1876.54,1879.89,22611.559
2026-08-12 20:15:00,1879.89,1883.53,1878.53,1883.44,11330.93
2026-08-12 20:30:00,1883.43,1886.67,1883.42,1885.55,21996.363
2026-08-12 20:45:00,1885.55,1887.0,1884.76,1885.92,7099.494
2026-08-12 21:00:00,1885.92,1888.86,1885.0,1885.06,14116.819
2026-08-12 21:15:00,1885.06,1886.18,1872.0,1877.55,52210.459
2026-08-12 21:30:00,1877.55,1882.43,1874.37,1882.43,32368.279
2026-08-12 21:45:00,1882.44,1883.63,1876.19,1877.19,16688.142
2026-08-12 22:00:00,1877.19,1880.44,1874.73,1878.04,21837.917
2026-08-12 22:15:00,1878.05,1880.18,1877.83,1878.79,7685.853
2026-08-12 22:30:00,1878.79,1879.12,1875.67,1877.02,9953.475
2026-08-12 22:45:00,1877.03,1878.04,1876.0,1877.55,6957.13
2026-08-12 23:00:00,1877.54,1878.22,1874.36,1875.62,20563.22
2026-08-12 23:15:00,1875.62,1877.61,1873.83,1876.3,13065.599
2026-08-12 23:30:00,1876.29,1878.4,1876.21,1877.46,10599.565
2026-08-12 23:45:00,1877.47,1879.37,1877.0,1878.8,11173.268
2026-08-13 00:00:00,1878.79,1883.2,1878.0,1881.95,40132.507
2026-08-13 00:15:00,1881.95,1884.84,1880.64,1881.59,19243.506
2026-08-13 00:30:00,1881.58,1881.58,1876.49,1878.37,41783.296
2026-08-13 00:45:00,1878.37,1883.11,1877.37,1879.48,18448.547
2026-08-13 01:00:00,1879.48,1882.14,1878.0,1882.14,12101.689
2026-08-13 01:15:00,1882.15,1882.15,1874.42,1875.59,26702.246
2026-08-13 01:30:00,1875.6,1879.82,1875.33,1875.33,13448.18
2026-08-13 01:45:00,1875.34,1879.41,1874.29,1877.41,14754.211
2026-08-13 02:00:00,1877.41,1878.32,1876.02,1877.08,12381.137
2026-08-13 02:15:00,1877.08,1877.64,1875.52,1876.32,11444.223
2026-08-13 02:30:00,1876.31,1876.44,1872.29,1876.36,23179.168
2026-08-13 02:45:00,1876.37,1882.72,1875.17,1881.26,39743.56
2026-08-13 03:00:00,1881.26,1884.0,1881.0,1882.94,34209.825
2026-08-13 03:15:00,1882.93,1884.19,1881.99,1882.39,16007.367
2026-08-13 03:30:00,1882.4,1886.38,1882.39,1883.27,25022.857
2026-08-13 03:45:00,1883.27,1888.33,1883.27,1886.7,40354.799
2026-08-13 04:00:00,1886.7,1887.46,1885.29,1886.46,12234.792
2026-08-13 04:15:00,1886.45,1886.46,1884.69,1885.14,8957.483
2026-08-13 04:30:00,1885.14,1890.64,1885.14,1890.29,28875.148
2026-08-13 04:45:00,1890.29,1894.39,1890.29,1891.62,41066.112
2026-08-13 05:00:00,1891.62,1898.01,1891.02,1897.77,65781.476
2026-08-13 05:15:00,1897.77,1899.6,1895.79,1898.0,45391.173
2026-08-13 05:30:00,1898.0,1898.53,1895.7,1896.65,24042.322
2026-08-13 05:45:00,1896.65,1897.49,1895.07,1895.08,17606.004
2026-08-13 06:00:00,1895.07,1895.46,1891.76,1893.35,23600.689
2026-08-13 06:15:00,1893.35,1895.0,1893.03,1893.83,9334.857
2026-08-13 06:30:00,1893.83,1893.92,1891.03,1891.85,17060.586
2026-08-13 06:45:00,1891.85,1897.68,1891.85,1897.67,17079.558
2026-08-13 07:00:00,1897.68,1898.0,1895.16,1896.1,11172.289
2026-08-13 07:15:00,1896.1,1897.06,1895.5,1897.05,6223.08
2026-08-13 07:30:00,1897.05,1897.15,1895.7,1895.73,9538.493
2026-08-13 07:45:00,1895.73,1896.0,1894.37,1894.62,8194.38
2026-08-13 08:00:00,1894.62,1896.19,1891.57,1892.02,18162.733
2026-08-13 08:15:00,1892.02,1892.38,1891.26,1891.67,12358.607
2026-08-13 08:30:00,1891.67,1892.34,1890.62,1891.16,14493.076
2026-08-13 08:45:00,1891.16,1891.16,1887.38,1889.18,28671.142
2026-08-13 09:00:00,1889.19,1889.19,1881.1,1882.03,36219.469
2026-08-13 09:15:00,1882.03,1886.22,1880.4,1884.82,40263.409
2026-08-13 09:30:00,1884.82,1887.05,1884.82,1886.82,13835.577
2026-08-13 09:45:00,1886.81,1890.18,1886.63,1889.02,25918.415
2026-08-13 10:00:00,1889.01,1889.65,1881.56,1883.91,100218.814
2026-08-13 10:15:00,1883.92,1886.17,1883.73,1884.11,20977.937
2026-08-13 10:30:00,1884.11,1884.11,1881.01,1882.73,21932.146
2026-08-13 10:45:00,1882.74,1883.16,1881.95,1882.29,8901.81
2026-08-13 11:00:00,1882.29,1882.8,1880.04,1880.59,20056.78
2026-08-13 11:15:00,1880.59,1880.59,1875.62,1876.03,50400.762
2026-08-13 11:30:00,1876.04,1879.15,1874.43,1878.97,45212.958
2026-08-13 11:45:00,1878.97,1880.41,1877.78,1879.48,20309.05
2026-08-13 12:00:00,1879.49,1883.3,1878.13,1882.71,24172.482
2026-08-13 12:15:00,1882.7,1884.52,1881.72,1883.88,13277.419
2026-08-13 12:30:00,1883.88,1889.52,1881.43,1886.47,64883.508
2026-08-13 12:45:00,1886.47,1888.83,1885.71,1888.07,17193.194
2026-08-13 13:00:00,1888.08,1894.79,1888.08,1891.45,52466.004
2026-08-13 13:15:00,1891.45,1891.46,1886.15,1887.35,33837.678
2026-08-13 13:30:00,1887.34,1894.68,1886.0,1892.5,47641.82
2026-08-13 13:45:00,1892.49,1893.56,1888.7,1889.63,37271.068
2026-08-13 14:00:00,1889.64,1894.0,1887.67,1891.96,27675.021
2026-08-13 14:15:00,1891.96,1893.44,1889.21,1890.54,20046.584
2026-08-13 14:30:00,1890.54,1896.86,1889.11,1895.5,60962.626
2026-08-13 14:45:00,1895.49,1895.91,1892.23,1892.63,23931.497
2026-08-13 15:00:00,1892.63,1895.32,1890.09,1891.23,26482.707
2026-08-13 15:15:00,1891.24,1893.61,1881.6,1884.77,63407.975
2026-08-13 15:30:00,1884.78,1891.34,1883.61,1890.05,42037.977
2026-08-13 15:45:00,1890.06,1890.06,1877.98,1879.19,58486.712
2026-08-13 16:00:00,1879.19,1883.25,1877.0,1879.93,84107.815
2026-08-13 16:15:00,1879.92,1884.0,1877.48,1878.45,31352.148
2026-08-13 16:30:00,1878.45,1880.83,1862.11,1870.06,250924.819
2026-08-13 16:45:00,1870.07,1876.46,1868.1,1873.99,92316.34
2026-08-13 17:00:00,1873.99,1876.77,1872.82,1875.26,37466.358
2026-08-13 17:15:00,1875.25,1879.0,1873.68,1876.53,29411.005
2026-08-13 17:30:00,1876.53,1879.36,1874.78,1878.81,16752.768
2026-08-13 17:45:00,1878.82,1880.41,1876.01,1876.05,24670.162
2026-08-13 18:00:00,1876.04,1881.38,1875.78,1878.58,16578.476
2026-08-13 18:15:00,1878.58,1880.49,1876.01,1876.49,12227.353
2026-08-13 18:30:00,1876.49,1879.15,1875.69,1878.82,10851.156
2026-08-13 18:45:00,1878.83,1886.59,1878.51,1884.64,44229.099
2026-08-13 19:00:00,1884.65,1891.96,1884.31,1887.39,55898.378
2026-08-13 19:15:00,1887.39,1888.9,1885.84,1887.09,26564.862
2026-08-13 19:30:00,1887.09,1887.73,1884.14,1886.57,19027.389
2026-08-13 19:45:00,1886.58,1888.56,1885.6,1886.62,19546.894
2026-08-13 20:00:00,1886.62,1888.58,1885.15,1886.48,13842.235
2026-08-13 20:15:00,1886.49,1887.73,1886.14,1886.8,6241.46
2026-08-13 20:30:00,1886.8,1888.8,1885.87,1886.19,8031.486
2026-08-13 20:45:00,1886.2,1886.48,1884.43,1885.27,14270.506
2026-08-13 21:00:00,1885.27,1887.94,1885.04,1886.23,8342.206
2026-08-13 21:15:00,1886.23,1887.56,1885.65,1887.55,3673.123
2026-08-13 21:30:00,1887.56,1888.69,1886.93,1887.38,6494.667
2026-08-13 21:45:00,1887.39,1888.05,1886.45,1887.87,7408.689
2026-08-13 22:00:00,1887.88,1892.4,1887.67,1890.81,22566.065
2026-08-13 22:15:00,1890.81,1891.99,1889.29,1890.06,16045.211
2026-08-13 22:30:00,1890.07,1890.26,1888.58,1890.01,7308.624
2026-08-13 22:45:00,1890.01,1890.18,1887.75,1888.44,13480.216
2026-08-13 23:00:00,1888.45,1888.54,1885.6,1885.96,13617.013
2026-08-13 23:15:00,1885.96,1886.5,1884.71,1885.33,10457.189
2026-08-13 23:30:00,1885.33,1886.61,1885.33,1885.84,8134.454
2026-08-13 23:45:00,1885.84,1885.84,1883.51,1885.39,11457.89
2026-08-14 00:00:00,1885.38,1886.71,1884.84,1885.48,8576.82
2026-08-14 00:15:00,1885.48,1888.14,1883.79,1885.29,12911.032
2026-08-14 00:30:00,1885.29,1889.0,1882.46,1888.26,17963.102
2026-08-14 00:45:00,1888.26,1888.73,1886.02,1888.73,10766.561
2026-08-14 01:00:00,1888.73,1888.74,1885.03,1885.29,18983.816
2026-08-14 01:15:00,1885.28,1888.53,1883.96,1885.61,11003.165
2026-08-14 01:30:00,1885.61,1888.79,1884.86,1888.54,6239.002
2026-08-14 01:45:00,1888.54,1889.36,1887.09,1888.59,9163.296
2026-08-14 02:00:00,1888.58,1890.69,1886.82,1887.71,13670.352
2026-08-14 02:15:00,1887.71,1888.33,1885.15,1885.84,7485.22
2026-08-14 02:30:00,1885.83,1887.99,1885.83,1887.56,6210.881
2026-08-14 02:45:00,1887.56,1888.46,1885.69,1885.75,7781.28
2026-08-14 03:00:00,1885.74,1885.95,1882.34,1884.87,27097.988
2026-08-14 03:15:00,1884.86,1888.34,1884.55,1885.97,13895.676
2026-08-14 03:30:00,1885.97,1885.98,1882.71,1884.0,11831.429
2026-08-14 03:45:00,1884.0,1884.01,1881.21,1882.25,13180.98
2026-08-14 04:00:00,1882.24,1884.38,1881.18,1884.25,12480.137
2026-08-14 04:15:00,1884.25,1887.0,1884.04,1885.15,11575.875
2026-08-14 04:30:00,1885.15,1885.72,1884.93,1884.93,5614.585
2026-08-14 04:45:00,1884.94,1885.2,1883.02,1883.91,6941.625
2026-08-14 05:00:00,1883.91,1884.75,1881.64,1882.0,13092.26
2026-08-14 05:15:00,1882.01,1882.21,1879.24,1881.78,22049.788
2026-08-14 05:30:00,1881.78,1883.49,1881.18,1882.76,10475.821
2026-08-14 05:45:00,1882.77,1883.8,1882.76,1883.08,7528.773
2026-08-14 06:00:00,1883.08,1883.09,1879.25,1879.35,13165.696
2026-08-14 06:15:00,1879.36,1879.7,1876.38,1876.5,29631.844
2026-08-14 06:30:00,1876.49,1878.36,1874.96,1876.55,30466.028
2026-08-14 06:45:00,1876.55,1877.5,1871.6,1871.76,59257.261
2026-08-14 07:00:00,1871.76,1875.69,1871.23,1874.43,35965.897
2026-08-14 07:15:00,1874.44,1877.46,1874.43,1876.91,18024.863
2026-08-14 07:30:00,1876.91,1877.0,1873.36,1874.25,18141.501
2026-08-14 07:45:00,1874.25,1875.19,1872.18,1872.34,15336.986
2026-08-14 08:00:00,1872.34,1874.5,1872.34,1872.82,19941.451
2026-08-14 08:15:00,1872.82,1874.7,1868.08,1870.9,67905.093
2026-08-14 08:30:00,1870.9,1875.3,1869.01,1872.74,38115.746
2026-08-14 08:45:00,1872.74,1877.76,1872.35,1877.76,26798.068
2026-08-14 09:00:00,1877.77,1877.97,1874.4,1875.59,19655.112
2026-08-14 09:15:00,1875.58,1876.81,1874.07,1874.07,11238.972
2026-08-14 09:30:00,1874.07,1874.16,1870.42,1871.84,17709.625
2026-08-14 09:45:00,1871.84,1874.54,1871.83,1872.3,13291.32
2026-08-14 10:00:00,1872.3,1875.25,1871.56,1874.6,11967.463
2026-08-14 10:15:00,1874.6,1877.0,1874.35,1876.15,15361.816
2026-08-14 10:30:00,1876.14,1877.3,1875.24,1875.42,12865.286
2026-08-14 10:45:00,1875.41,1876.56,1873.85,1875.2,12297.274
2026-08-14 11:00:00,1875.2,1877.5,1873.99,1875.45,19710.255
2026-08-14 11:15:00,1875.45,1877.79,1874.84,1876.76,9284.597
2026-08-14 11:30:00,1876.76,1880.86,1876.23,1878.62,19996.102
2026-08-14 11:45:00,1878.62,1879.85,1876.73,1877.33,15268.121
2026-08-14 12:00:00,1877.34,1877.93,1872.55,1874.67,22936.002
2026-08-14 12:15:00,1874.67,1877.61,1874.07,1877.54,9623.115
2026-08-14 12:30:00,1877.54,1878.75,1874.0,1874.0,12582.49
2026-08-14 12:45:00,1874.01,1875.81,1871.88,1872.53,21069.404
2026-08-14 13:00:00,1872.53,1873.0,1865.08,1869.23,64034.417
2026-08-14 13:15:00,1869.23,1871.76,1866.0,1870.63,35349.818
2026-08-14 13:30:00,1870.64,1871.8,1865.4,1869.02,43323.693
2026-08-14 13:45:00,1869.03,1869.9,1865.83,1869.07,29590.451
2026-08-14 14:00:00,1869.08,1871.15,1865.72,1866.22,31912.514
2026-08-14 14:15:00,1866.21,1868.88,1863.2,1867.72,42989.502
2026-08-14 14:30:00,1867.73,1872.73,1866.7,1869.87,34184.458
2026-08-14 14:45:00,1869.87,1871.44,1863.47,1866.0,30345.726
2026-08-14 15:00:00,1866.01,1868.41,1865.2,1867.72,14610.16
2026-08-14 15:15:00,1867.72,1879.5,1867.37,1879.24,62727.401
2026-08-14 15:30:00,1879.24,1884.0,1875.25,1883.43,78856.968
2026-08-14 15:45:00,1883.42,1883.67,1880.71,1880.72,33000.531
2026-08-14 16:00:00,1880.73,1882.52,1878.52,1880.18,29813.656
2026-08-14 16:15:00,1880.19,1884.49,1879.65,1883.4,32972.227
2026-08-14 16:30:00,1883.41,1887.7,1882.9,1885.6,43069.083
2026-08-14 16:45:00,1885.61,1885.61,1883.25,1884.74,21613.41
2026-08-14 17:00:00,1884.75,1885.48,1882.64,1884.49,16033.583
2026-08-14 17:15:00,1884.5,1887.0,1883.65,1884.78,14557.781
2026-08-14 17:30:00,1884.78,1886.11,1881.52,1882.49,16241.965
2026-08-14 17:45:00,1882.49,1883.24,1875.48,1877.9,44823.651
2026-08-14 18:00:00,1877.9,1878.16,1873.22,1875.81,29753.116
2026-08-14 18:15:00,1875.8,1878.21,1874.81,1875.25,12420.039
2026-08-14 18:30:00,1875.24,1877.56,1873.69,1876.74,13496.888
2026-08-14 18:45:00,1876.74,1877.05,1872.7,1875.05,13141.072
2026-08-14 19:00:00,1875.04,1875.04,1872.89,1873.06,11450.869
2026-08-14 19:15:00,1873.06,1877.53,1873.03,1877.01,11306.799
2026-08-14 19:30:00,1877.02,1879.23,1876.0,1878.88,10424.237
2026-08-14 19:45:00,1878.88,1881.0,1878.36,1879.91,15862.566
2026-08-14 20:00:00,1879.91,1880.9,1878.79,1879.14,7771.344
2026-08-14 20:15:00,1879.13,1880.23,1878.35,1879.24,7893.929
2026-08-14 20:30:00,1879.24,1879.49,1877.86,1878.79,3340.297
2026-08-14 20:45:00,1878.8,1879.64,1878.37,1879.49,3350.925
2026-08-14 21:00:00,1879.49,1880.58,1876.6,1877.97,8866.402
2026-08-14 21:15:00,1877.96,1879.55,1876.86,1879.07,5455.214
2026-08-14 21:30:00,1879.07,1879.22,1877.04,1877.19,7376.212
2026-08-14 21:45:00,1877.19,1878.89,1876.38,1878.53,8352.038
2026-08-14 22:00:00,1878.52,1880.4,1876.37,1876.67,13808.2
2026-08-14 22:15:00,1876.67,1877.3,1875.21,1875.62,7532.055
2026-08-14 22:30:00,1875.63,1878.96,1875.5,1878.96,5370.455
2026-08-14 22:45:00,1878.96,1879.34,1878.18,1878.8,3799.78
2026-08-14 23:00:00,1878.81,1880.25,1878.48,1880.13,5233.809
2026-08-14 23:15:00,1880.13,1880.44,1878.57,1880.07,4654.896
2026-08-14 23:30:00,1880.08,1880.87,1877.44,1879.71,10117.761
2026-08-14 23:45:00,1879.72,1881.87,1879.48,1881.39,9895.745
2026-08-15 00:00:00,1881.38,1882.37,1880.68,1881.34,9859.144
2026-08-15 00:15:00,1881.33,1882.37,1881.13,1881.94,4810.576
2026-08-15 00:30:00,1881.94,1882.69,1881.35,1881.99,5187.827
2026-08-15 00:45:00,1881.98,1882.26,1881.06,1881.7,4474.347
2026-08-15 01:00:00,1881.7,1882.0,1880.01,1881.99,9853.459
2026-08-15 01:15:00,1882.0,1883.67,1881.59,1883.31,6790.902
2026-08-15 01:30:00,1883.31,1883.88,1882.7,1883.1,5462.418
2026-08-15 01:45:00,1883.1,1883.6,1883.0,1883.35,4165.432
2026-08-15 02:00:00,1883.35,1884.31,1883.34,1884.31,7403.995
2026-08-15 02:15:00,1884.31,1885.16,1884.23,1884.23,8093.974
2026-08-15 02:30:00,1884.24,1884.79,1883.34,1883.85,9708.426
2026-08-15 02:45:00,1883.85,1884.23,1883.36,1884.23,5519.978
2026-08-15 03:00:00,1884.23,1885.57,1884.22,1885.29,9000.496
2026-08-15 03:15:00,1885.29,1886.0,1883.78,1883.94,15305.195
2026-08-15 03:30:00,1883.94,1884.06,1882.17,1882.27,9163.579
2026-08-15 03:45:00,1882.27,1882.69,1881.69,1881.95,4015.728
2026-08-15 04:00:00,1881.95,1883.0,1881.94,1883.0,4189.225
2026-08-15 04:15:00,1882.99,1883.65,1882.61,1883.65,3856.983
2026-08-15 04:30:00,1883.64,1884.78,1883.36,1884.78,6718.948
2026-08-15 04:45:00,1884.78,1884.78,1883.62,1883.62,4940.251
2026-08-15 05:00:00,1883.63,1884.46,1883.05,1883.84,6679.435
2026-08-15 05:15:00,1883.84,1884.27,1882.49,1882.51,4771.134
2026-08-15 05:30:00,1882.5,1882.8,1879.4,1880.54,11929.878
2026-08-15 05:45:00,1880.53,1880.78,1878.76,1879.84,10918.869
2026-08-15 06:00:00,1879.84,1881.19,1879.41,1879.42,5856.653
2026-08-15 06:15:00,1879.42,1880.57,1879.15,1879.71,6214.683
2026-08-15 06:30:00,1879.71,1881.09,1879.03,1880.92,14858.087
2026-08-15 06:45:00,1880.92,1882.8,1880.91,1881.38,11950.851
2026-08-15 07:00:00,1881.37,1881.73,1879.79,1881.73,9013.055
2026-08-15 07:15:00,1881.73,1881.81,1880.21,1880.37,3872.526
2026-08-15 07:30:00,1880.37,1880.73,1880.0,1880.34,2729.687
2026-08-15 07:45:00,1880.34,1880.34,1879.23,1879.6,4084.582
2026-08-15 08:00:00,1879.59,1880.1,1878.38,1880.1,7679.667
2026-08-15 08:15:00,1880.09,1880.68,1879.91,1880.21,4457.812
2026-08-15 08:30:00,1880.21,1880.21,1877.54,1877.94,15141.247
2026-08-15 08:45:00,1877.94,1878.33,1875.5,1876.16,18019.93
2026-08-15 09:00:00,1876.16,1877.0,1874.61,1876.9,14073.066
2026-08-15 09:15:00,1876.9,1877.52,1876.64,1877.51,7331.751
2026-08-15 09:30:00,1877.52,1878.9,1877.51,1878.72,9823.822
2026-08-15 09:45:00,1878.72,1880.55,1878.71,1879.55,6500.966
2026-08-15 10:00:00,1879.55,1879.92,1877.67,1878.46,6463.115
2026-08-15 10:15:00,1878.46,1878.61,1878.39,1878.6,2695.222
2026-08-15 10:30:00,1878.6,1880.52,1878.07,1879.36,8316.102
2026-08-15 10:45:00,1879.36,1880.61,1879.36,1880.24,4398.201
2026-08-15 11:00:00,1880.24,1880.49,1879.8,1879.97,3411.597
2026-08-15 11:15:00,1879.97,1880.0,1878.99,1879.06,3161.888
2026-08-15 11:30:00,1879.06,1879.79,1878.56,1879.54,4929.664
2026-08-15 11:45:00,1879.54,1879.69,1878.3,1878.56,3645.09
2026-08-15 12:00:00,1878.56,1878.66,1877.82,1877.84,4452.846
2026-08-15 12:15:00,1877.84,1878.49,1877.72,1877.86,3878.02
2026-08-15 12:30:00,1877.85,1878.47,1877.45,1878.03,4519.03
2026-08-15 12:45:00,1878.03,1883.2,1877.23,1883.0,15513.474
2026-08-15 13:00:00,1883.01,1884.3,1881.45,1883.25,16632.17
2026-08-15 13:15:00,1883.25,1883.46,1881.76,1882.2,10257.928
2026-08-15 13:30:00,1882.19,1883.0,1881.86,1882.56,5798.874
2026-08-15 13:45:00,1882.55,1884.36,1882.17,1882.79,12422.187
2026-08-15 14:00:00,1882.78,1882.97,1881.4,1882.38,7475.002
2026-08-15 14:15:00,1882.38,1882.56,1880.58,1881.37,7759.072
2026-08-15 14:30:00,1881.38,1882.23,1881.3,1881.94,3854.39
2026-08-15 14:45:00,1881.94,1883.8,1881.62,1882.68,7759.575
2026-08-15 15:00:00,1882.67,1883.36,1882.34,1882.71,4552.608
2026-08-15 15:15:00,1882.7,1884.42,1882.35,1883.45,9471.658
2026-08-15 15:30:00,1883.44,1885.18,1883.26,1884.51,14046.372
2026-08-15 15:45:00,1884.51,1884.72,1883.94,1884.09,5283.794
2026-08-15 16:00:00,1884.08,1884.46,1883.15,1883.72,7687.086
2026-08-15 16:15:00,1883.71,1884.9,1883.08,1884.86,6552.759
2026-08-15 16:30:00,1884.86,1884.94,1883.34,1883.59,6436.628
2026-08-15 16:45:00,1883.58,1884.09,1883.58,1884.05,3996.435
2026-08-15 17:00:00,1884.04,1884.89,1884.03,1884.89,5163.087
2026-08-15 17:15:00,1884.89,1885.76,1882.11,1882.52,14532.176
2026-08-15 17:30:00,1882.52,1883.61,1882.51,1883.17,3089.749
2026-08-15 17:45:00,1883.16,1883.78,1883.04,1883.62,3561.886
2026-08-15 18:00:00,1883.62,1885.07,1883.62,1883.77,6376.527
2026-08-15 18:15:00,1883.77,1883.98,1881.83,1881.92,5214.166
2026-08-15 18:30:00,1881.91,1882.15,1881.77,1882.15,3561.312
2026-08-15 18:45:00,1882.15,1882.22,1881.96,1881.97,1403.622
2026-08-15 19:00:00,1881.96,1882.47,1881.92,1882.47,2987.546
2026-08-15 19:15:00,1882.47,1883.89,1882.47,1883.21,3682.009
2026-08-15 19:30:00,1883.21,1884.06,1883.2,1883.46,2302.078
2026-08-15 19:45:00,1883.45,1884.16,1883.38,1883.67,2687.42
2026-08-15 20:00:00,1883.66,1883.67,1882.86,1882.87,1966.845
2026-08-15 20:15:00,1882.86,1882.87,1881.93,1882.36,4083.899
2026-08-15 20:30:00,1882.35,1882.36,1881.82,1882.1,1458.969
2026-08-15 20:45:00,1882.09,1882.62,1882.09,1882.44,1529.45
2026-08-15 21:00:00,1882.43,1883.5,1882.43,1883.17,2418.152
2026-08-15 21:15:00,1883.16,1883.88,1883.11,1883.7,1974.377
2026-08-15 21:30:00,1883.69,1884.45,1883.65,1884.44,3737.996
2026-08-15 21:45:00,1884.43,1884.58,1883.65,1884.14,4273.54
2026-08-15 22:00:00,1884.14,1884.62,1883.53,1883.8,4603.701
2026-08-15 22:15:00,1883.79,1884.73,1883.48,1884.69,3514.132
2026-08-15 22:30:00,1884.69,1884.69,1883.26,1883.81,5899.66
2026-08-15 22:45:00,1883.81,1884.63,1883.56,1883.71,2869.734
2026-08-15 23:00:00,1883.72,1883.72,1880.98,1882.56,9334.762
2026-08-15 23:15:00,1882.55,1882.56,1881.26,1882.0,5168.476
2026-08-15 23:30:00,1882.0,1882.79,1881.76,1882.23,6418.886
2026-08-15 23:45:00,1882.22,1882.28,1881.5,1881.73,5960.943
2026-08-16 00:00:00,1881.73,1882.38,1881.49,1881.76,6018.722
2026-08-16 00:15:00,1881.76,1881.76,1881.31,1881.7,3343.227
2026-08-16 00:30:00,1881.7,1882.0,1881.26,1881.93,4441.63
2026-08-16 00:45:00,1881.92,1881.99,1880.65,1881.54,7077.469
2026-08-16 01:00:00,1881.54,1881.54,1879.3,1880.4,9998.175
2026-08-16 01:15:00,1880.39,1881.08,1879.5,1879.5,5114.573
2026-08-16 01:30:00,1879.5,1879.96,1876.01,1879.86,22928.282
2026-08-16 01:45:00,1879.86,1880.04,1878.48,1879.7,8802.395
2026-08-16 02:00:00,1879.7,1880.35,1878.21,1878.43,7331.496
2026-08-16 02:15:00,1878.42,1884.36,1878.42,1883.28,22049.571
2026-08-16 02:30:00,1883.27,1884.43,1882.23,1883.21,20017.494
2026-08-16 02:45:00,1883.21,1883.38,1882.1,1882.77,4425.77
2026-08-16 03:00:00,1882.77,1883.27,1882.43,1882.89,4084.368
2026-08-16 03:15:00,1882.89,1883.2,1882.19,1882.39,5779.289
2026-08-16 03:30:00,1882.38,1882.9,1882.38,1882.77,1905.487
2026-08-16 03:45:00,1882.76,1882.77,1881.83,1882.15,6577.698
2026-08-16 04:00:00,1882.14,1882.67,1881.62,1881.95,6828.911
2026-08-16 04:15:00,1881.95,1883.6,1881.84,1883.25,5679.443
2026-08-16 04:30:00,1883.25,1883.25,1881.45,1881.7,4742.725
2026-08-16 04:45:00,1881.7,1881.82,1879.59,1880.76,12594.161
2026-08-16 05:00:00,1880.76,1881.16,1880.16,1880.73,5098.038
2026-08-16 05:15:00,1880.73,1880.92,1878.55,1879.81,8105.226
2026-08-16 05:30:00,1879.81,1880.55,1879.57,1879.94,3822.625
2026-08-16 05:45:00,1879.94,1879.97,1878.0,1879.01,11939.979
2026-08-16 06:00:00,1879.01,1879.73,1878.93,1879.04,8402.207
2026-08-16 06:15:00,1879.04,1879.34,1878.0,1879.28,12251.56
2026-08-16 06:30:00,1879.28,1880.12,1878.75,1879.86,4974.026
2026-08-16 06:45:00,1879.85,1880.84,1879.72,1879.8,5807.978
2026-08-16 07:00:00,1879.81,1879.82,1878.88,1879.64,4138.563
2026-08-16 07:15:00,1879.64,1880.95,1879.63,1880.62,4098.362
2026-08-16 07:30:00,1880.61,1880.75,1880.39,1880.39,2863.325
2026-08-16 07:45:00,1880.39,1880.85,1880.39,1880.73,2856.339
2026-08-16 08:00:00,1880.72,1880.73,1879.87,1880.01,5593.401
2026-08-16 08:15:00,1880.01,1880.26,1879.94,1879.94,2153.829
2026-08-16 08:30:00,1879.94,1880.43,1879.57,1879.57,5676.85
2026-08-16 08:45:00,1879.58,1880.1,1879.57,1879.88,2793.573
2026-08-16 09:00:00,1879.88,1881.09,1879.88,1881.09,4131.75
2026-08-16 09:15:00,1881.09,1881.57,1880.8,1880.85,5516.92
2026-08-16 09:30:00,1880.84,1881.26,1878.79,1878.92,10735.559
2026-08-16 09:45:00,1878.93,1880.35,1878.23,1879.32,9322.226
2026-08-16 10:00:00,1879.32,1879.83,1878.7,1878.72,8632.697
2026-08-16 10:15:00,1878.71,1879.73,1878.7,1879.73,4030.65
2026-08-16 10:30:00,1879.73,1880.14,1879.34,1879.91,4660.674
2026-08-16 10:45:00,1879.92,1880.36,1879.88,1879.94,2206.395
2026-08-16 11:00:00,1879.93,1880.27,1879.93,1880.08,2754.291
2026-08-16 11:15:00,1880.07,1880.08,1879.36,1879.77,3105.524
2026-08-16 11:30:00,1879.76,1880.01,1879.66,1879.66,2478.94
2026-08-16 11:45:00,1879.66,1880.2,1879.3,1880.14,5689.167
2026-08-16 12:00:00,1880.14,1880.15,1879.06,1879.06,3813.863
2026-08-16 12:15:00,1879.06,1879.84,1879.06,1879.83,2646.469
2026-08-16 12:30:00,1879.84,1879.84,1878.4,1878.65,7203.196
2026-08-16 12:45:00,1878.66,1879.34,1878.6,1878.95,5633.324
2026-08-16 13:00:00,1878.95,1880.36,1878.94,1880.05,4867.047
2026-08-16 13:15:00,1880.05,1880.54,1879.87,1880.07,4185.602
2026-08-16 13:30:00,1880.08,1881.12,1879.91,1880.71,6429.444
2026-08-16 13:45:00,1880.7,1880.94,1880.37,1880.94,3410.726
2026-08-16 14:00:00,1880.95,1881.94,1880.94,1881.49,3907.786
2026-08-16 14:15:00,1881.49,1883.62,1880.34,1881.06,25514.213
2026-08-16 14:30:00,1881.05,1882.94,1881.05,1881.85,8071.256
2026-08-16 14:45:00,1881.85,1882.52,1881.85,1882.51,2779.942
2026-08-16 15:00:00,1882.52,1882.77,1882.42,1882.61,4228.968
2026-08-16 15:15:00,1882.6,1883.0,1882.6,1883.0,4402.204
2026-08-16 15:30:00,1883.0,1884.29,1880.83,1881.82,17212.296
2026-08-16 15:45:00,1881.81,1883.79,1881.81,1883.22,7379.049
2026-08-16 16:00:00,1883.23,1884.91,1883.22,1884.69,12630.301
2026-08-16 16:15:00,1884.7,1888.76,1884.28,1887.27,48512.191
2026-08-16 16:30:00,1887.27,1891.93,1887.27,1889.37,50744.148
2026-08-16 16:45:00,1889.37,1889.9,1887.29,1888.6,10459.33
2026-08-16 17:00:00,1888.6,1890.42,1886.78,1887.22,19724.806
2026-08-16 17:15:00,1887.22,1887.29,1885.55,1886.45,10354.201
2026-08-16 17:30:00,1886.45,1886.49,1882.72,1883.99,24816.872
2026-08-16 17:45:00,1883.98,1885.41,1883.98,1884.2,6410.358
2026-08-16 18:00:00,1884.19,1884.96,1881.64,1883.85,20945.171
2026-08-16 18:15:00,1883.84,1885.51,1883.76,1885.24,5800.03
2026-08-16 18:30:00,1885.24,1885.55,1883.58,1884.18,4871.882
2026-08-16 18:45:00,1884.18,1885.0,1884.17,1884.54,2917.031
2026-08-16 19:00:00,1884.55,1886.17,1884.54,1885.62,4690.263
2026-08-16 19:15:00,1885.61,1886.92,1885.2,1886.92,3322.574
2026-08-16 19:30:00,1886.92,1887.95,1884.24,1884.73,12857.716
2026-08-16 19:45:00,1884.73,1885.46,1883.46,1884.88,7280.966
2026-08-16 20:00:00,1884.88,1886.25,1884.56,1886.0,4218.651
2026-08-16 20:15:00,1886.01,1886.67,1885.07,1885.41,3654.829
2026-08-16 20:30:00,1885.4,1885.46,1881.89,1882.98,14141.463
2026-08-16 20:45:00,1882.97,1883.25,1880.6,1881.08,11522.844
2026-08-16 21:00:00,1881.08,1881.97,1879.2,1881.13,18793.635
2026-08-16 21:15:00,1881.13,1881.88,1878.14,1879.05,15202.327
2026-08-16 21:30:00,1879.04,1880.34,1868.01,1873.75,82870.578
2026-08-16 21:45:00,1873.75,1876.01,1871.01,1874.59,22746.684
2026-08-16 22:00:00,1874.59,1877.14,1869.61,1876.8,33309.257
2026-08-16 22:15:00,1876.79,1877.29,1873.65,1874.48,12437.894
2026-08-16 22:30:00,1874.47,1874.56,1868.1,1872.66,40530.685
2026-08-16 22:45:00,1872.66,1875.32,1871.38,1875.32,15944.255
2026-08-16 23:00:00,1875.32,1876.78,1872.89,1872.89,13136.498
2026-08-16 23:15:00,1872.89,1875.3,1872.89,1873.11,13447.008
2026-08-16 23:30:00,1873.11,1875.38,1872.5,1875.38,9475.748
2026-08-16 23:45:00,1875.38,1876.42,1874.5,1875.22,8630.11
2026-08-17 00:00:00,1875.21,1876.0,1873.49,1875.0,11250.153
2026-08-17 00:15:00,1875.0,1876.0,1871.61,1875.99,12554.762
2026-08-17 00:30:00,1876.0,1877.31,1872.31,1877.2,17068.39
2026-08-17 00:45:00,1877.19,1879.6,1874.27,1878.12,25328.052
2026-08-17 01:00:00,1878.12,1897.34,1877.44,1888.85,175207.071
2026-08-17 01:15:00,1888.86,1895.82,1887.61,1893.72,52014.232
2026-08-17 01:30:00,1893.73,1896.65,1891.81,1893.94,39199.474
2026-08-17 01:45:00,1893.94,1894.81,1890.69,1890.71,18647.782
2026-08-17 02:00:00,1890.72,1892.24,1887.64,1889.48,24648.978
2026-08-17 02:15:00,1889.48,1894.54,1888.15,1893.09,23672.893
2026-08-17 02:30:00,1893.09,1896.49,1891.55,1895.15,41962.54
2026-08-17 02:45:00,1895.14,1907.89,1894.89,1901.76,137635.418
2026-08-17 03:00:00,1901.76,1903.74,1901.16,1902.25,34157.283
2026-08-17 03:15:00,1902.25,1902.83,1897.45,1897.74,39677.029
2026-08-17 03:30:00,1897.73,1900.0,1897.06,1899.16,18783.631
2026-08-17 03:45:00,1899.16,1902.24,1898.67,1900.19,22594.75
2026-08-17 04:00:00,1900.2,1903.86,1900.19,1903.09,23966.293
2026-08-17 04:15:00,1903.08,1904.0,1901.58,1901.81,14409.041
2026-08-17 04:30:00,1901.81,1902.5,1900.32,1901.6,15428.102
2026-08-17 04:45:00,1901.6,1903.91,1901.53,1902.6,15585.107
2026-08-17 05:00:00,1902.6,1902.74,1899.01,1900.61,15472.665
2026-08-17 05:15:00,1900.61,1903.24,1900.25,1900.52,12852.281
2026-08-17 05:30:00,1900.51,1900.53,1897.11,1898.17,15486.295
2026-08-17 05:45:00,1898.17,1899.46,1897.64,1898.85,9167.131
2026-08-17 06:00:00,1898.85,1900.59,1896.85,1900.15,25372.7
2026-08-17 06:15:00,1900.15,1901.29,1899.2,1900.53,12468.232
2026-08-17 06:30:00,1900.52,1902.44,1900.03,1902.43,10217.043
2026-08-17 06:45:00,1902.43,1911.66,1902.42,1906.19,96364.81
2026-08-17 07:00:00,1906.18,1907.0,1902.37,1904.33,36759.886
2026-08-17 07:15:00,1904.33,1905.0,1901.7,1904.49,17093.952
2026-08-17 07:30:00,1904.49,1904.49,1901.6,1901.61,10925.654
2026-08-17 07:45:00,1901.61,1902.21,1899.9,1900.09,17196.281
2026-08-17 08:00:00,1900.09,1900.89,1891.75,1894.71,75168.4
2026-08-17 08:15:00,1894.71,1895.7,1890.6,1894.5,40858.412
2026-08-17 08:30:00,1894.5,1894.78,1892.0,1892.7,20977.901
2026-08-17 08:45:00,1892.69,1894.37,1891.0,1893.31,25422.611
2026-08-17 09:00:00,1893.32,1896.99,1893.31,1896.01,25627.398
2026-08-17 09:15:00,1896.01,1896.6,1893.1,1894.85,14125.202
2026-08-17 09:30:00,1894.85,1894.86,1892.67,1892.94,10691.282
2026-08-17 09:45:00,1892.94,1893.57,1892.3,1893.02,10283.253
2026-08-17 10:00:00,1893.02,1893.44,1891.77,1892.9,10245.212
2026-08-17 10:15:00,1892.9,1897.88,1891.25,1897.88,19725.841
2026-08-17 10:30:00,1897.87,1906.39,1897.4,1906.39,70477.038
2026-08-17 10:45:00,1906.39,1908.75,1904.0,1906.27,45613.999
2026-08-17 11:00:00,1906.27,1906.89,1904.77,1906.13,26741.773
2026-08-17 11:15:00,1906.12,1906.51,1904.2,1905.18,14585.855
2026-08-17 11:30:00,1905.18,1906.0,1904.71,1905.19,8846.284
2026-08-17 11:45:00,1905.18,1907.8,1903.13,1903.75,28764.565
2026-08-17 12:00:00,1903.75,1905.87,1901.52,1903.71,24032.99
2026-08-17 12:15:00,1903.72,1903.72,1897.6,1898.15,38978.287
2026-08-17 12:30:00,1898.15,1900.14,1895.81,1897.4,32381.025
2026-08-17 12:45:00,1897.4,1899.37,1896.79,1898.1,17969.678
2026-08-17 13:00:00,1898.11,1899.75,1896.58,1898.24,20180.122
2026-08-17 13:15:00,1898.24,1898.24,1895.22,1897.59,34568.137
2026-08-17 13:30:00,1897.59,1908.48,1896.33,1903.68,92663.961
2026-08-17 13:45:00,1903.69,1906.81,1901.76,1904.02,31851.91
2026-08-17 14:00:00,1904.02,1904.07,1898.5,1901.29,33527.42
2026-08-17 14:15:00,1901.28,1902.91,1897.37,1898.9,26309.788
2026-08-17 14:30:00,1898.9,1901.76,1897.33,1900.22,12059.24
2026-08-17 14:45:00,1900.23,1909.98,1900.0,1908.77,57497.088
2026-08-17 15:00:00,1908.77,1909.0,1903.74,1904.07,54589.839
2026-08-17 15:15:00,1904.06,1909.94,1903.57,1908.48,36790.149
2026-08-17 15:30:00,1908.48,1909.86,1906.21,1908.74,31341.941
2026-08-17 15:45:00,1908.74,1914.85,1908.4,1912.45,76224.874
2026-08-17 16:00:00,1912.44,1913.23,1907.68,1908.27,36588.339
2026-08-17 16:15:00,1908.27,1909.99,1907.2,1907.2,13953.8
2026-08-17 16:30:00,1907.21,1910.18,1906.68,1906.69,16641.107
2026-08-17 16:45:00,1906.69,1908.32,1904.29,1906.21,19559.919
2026-08-17 17:00:00,1906.21,1906.4,1904.04,1904.1,13886.206
2026-08-17 17:15:00,1904.11,1913.54,1903.74,1907.73,58998.558
2026-08-17 17:30:00,1907.73,1908.69,1903.39,1906.8,18923.278
2026-08-17 17:45:00,1906.81,1909.0,1906.8,1907.96,11375.83
2026-08-17 18:00:00,1907.95,1909.05,1906.32,1907.75,11866.359
2026-08-17 18:15:00,1907.76,1912.09,1907.45,1909.68,30537.682
2026-08-17 18:30:00,1909.68,1910.29,1907.72,1909.73,10755.579
2026-08-17 18:45:00,1909.73,1911.09,1908.23,1909.12,14709.137
2026-08-17 19:00:00,1909.12,1909.3,1905.88,1905.89,14116.014
2026-08-17 19:15:00,1905.89,1909.59,1905.63,1908.72,13557.311
2026-08-17 19:30:00,1908.72,1909.93,1906.63,1908.61,8035.303
2026-08-17 19:45:00,1908.6,1908.73,1906.17,1906.28,8337.088
2026-08-17 20:00:00,1906.27,1907.03,1904.89,1905.66,13148.588
2026-08-17 20:15:00,1905.65,1908.22,1903.81,1907.73,13118.31
2026-08-17 20:30:00,1907.72,1909.67,1906.2,1909.67,8260.033
2026-08-17 20:45:00,1909.66,1909.8,1904.35,1905.76,16043.063
2026-08-17 21:00:00,1905.75,1907.97,1905.34,1907.27,7202.95
2026-08-17 21:15:00,1907.26,1907.72,1905.32,1905.39,4082.393
2026-08-17 21:30:00,1905.38,1906.82,1905.1,1905.32,5063.106
2026-08-17 21:45:00,1905.32,1906.21,1905.1,1905.58,5908.669
2026-08-17 22:00:00,1905.57,1907.17,1904.26,1904.48,8964.722
2026-08-17 22:15:00,1904.47,1905.1,1902.65,1903.34,11488.337
2026-08-17 22:30:00,1903.33,1904.31,1902.58,1903.7,6948.213
2026-08-17 22:45:00,1903.7,1904.29,1903.17,1903.59,6526.629
2026-08-17 23:00:00,1903.59,1907.75,1903.0,1907.22,13736.059
2026-08-17 23:15:00,1907.21,1914.83,1907.21,1914.76,30018.604
2026-08-17 23:30:00,1914.76,1918.0,1911.69,1911.7,61838.305
2026-08-17 23:45:00,1911.69,1913.85,1911.4,1912.7,14175.385
2026-08-18 00:00:00,1912.7,1913.63,1909.3,1909.81,16027.228
2026-08-18 00:15:00,1909.81,1912.32,1909.8,1911.16,10940.802
2026-08-18 00:30:00,1911.16,1911.28,1907.77,1909.12,14596.543
2026-08-18 00:45:00,1909.11,1909.5,1908.11,1909.4,8214.347
2026-08-18 01:00:00,1909.4,1909.58,1905.21,1907.27,15672.353
2026-08-18 01:15:00,1907.27,1907.64,1906.0,1906.45,9114.202
2026-08-18 01:30:00,1906.46,1907.04,1903.0,1904.11,15964.856
2026-08-18 01:45:00,1904.11,1904.12,1898.69,1900.46,58337.542
2026-08-18 02:00:00,1900.45,1902.66,1898.64,1898.7,25678.54
2026-08-18 02:15:00,1898.7,1899.7,1896.68,1896.73,29067.58
2026-08-18 02:30:00,1896.72,1897.39,1893.01,1893.49,41866.103
2026-08-18 02:45:00,1893.49,1895.75,1888.23,1892.13,103194.975
2026-08-18 03:00:00,1892.13,1894.39,1890.51,1890.69,24280.398
2026-08-18 03:15:00,1890.7,1893.0,1888.34,1890.11,35822.907
2026-08-18 03:30:00,1890.1,1894.6,1884.2,1894.6,83333.348
2026-08-18 03:45:00,1894.59,1894.6,1892.79,1893.68,28130.423
2026-08-18 04:00:00,1893.67,1894.78,1890.54,1894.22,20715.442
2026-08-18 04:15:00,1894.21,1894.22,1893.0,1894.06,8496.79
2026-08-18 04:30:00,1894.06,1896.61,1894.05,1895.96,18029.564
2026-08-18 04:45:00,1895.96,1896.87,1894.9,1895.77,11447.622
2026-08-18 05:00:00,1895.77,1897.8,1894.27,1896.94,15697.949
2026-08-18 05:15:00,1896.94,1897.6,1894.91,1895.21,11341.167
2026-08-18 05:30:00,1895.2,1896.1,1891.68,1895.85,22624.653
2026-08-18 05:45:00,1895.85,1895.85,1894.0,1894.57,9075.444
2026-08-18 06:00:00,1894.56,1896.25,1892.58,1895.37,14110.471
2026-08-18 06:15:00,1895.36,1899.75,1895.24,1899.15,22779.385
2026-08-18 06:30:00,1899.14,1906.25,1899.14,1904.68,53720.006
2026-08-18 06:45:00,1904.68,1905.3,1900.28,1902.02,25329.611
2026-08-18 07:00:00,1902.02,1902.58,1900.7,1901.61,11011.783
2026-08-18 07:15:00,1901.6,1902.0,1898.41,1898.42,12579.826
2026-08-18 07:30:00,1898.41,1901.38,1897.8,1899.44,16571.772
2026-08-18 07:45:00,1899.43,1899.44,1896.19,1897.69,15039.303
2026-08-18 08:00:00,1897.69,1898.11,1892.68,1896.24,34747.035
2026-08-18 08:15:00,1896.24,1899.4,1895.94,1897.01,19622.711
2026-08-18 08:30:00,1897.0,1901.07,1896.51,1899.14,10633.071
2026-08-18 08:45:00,1899.14,1899.56,1897.12,1899.36,6441.849
2026-08-18 09:00:00,1899.35,1899.35,1897.13,1898.01,7384.183
2026-08-18 09:15:00,1898.01,1898.16,1894.52,1895.29,11969.209
2026-08-18 09:30:00,1895.28,1896.75,1894.81,1895.62,11400.542
2026-08-18 09:45:00,1895.61,1896.59,1894.9,1895.83,7763.7
2026-08-18 10:00:00,1895.84,1897.34,1894.14,1895.12,10787.646
2026-08-18 10:15:00,1895.13,1896.05,1894.31,1895.9,5199.68
2026-08-18 10:30:00,1895.9,1898.4,1895.74,1896.31,11304.672
2026-08-18 10:45:00,1896.31,1897.56,1896.3,1897.09,6777.793
2026-08-18 11:00:00,1897.09,1901.23,1896.66,1901.23,27504.623
2026-08-18 11:15:00,1901.22,1904.99,1901.22,1903.84,25796.388
2026-08-18 11:30:00,1903.84,1904.43,1903.0,1903.7,17192.269
2026-08-18 11:45:00,1903.7,1904.45,1901.8,1902.31,14117.314
2026-08-18 12:00:00,1902.31,1903.28,1900.17,1900.65,11433.547
2026-08-18 12:15:00,1900.64,1901.86,1899.74,1900.77,9835.898
2026-08-18 12:30:00,1900.76,1900.92,1898.61,1898.72,10547.386
2026-08-18 12:45:00,1898.72,1900.0,1898.13,1898.47,9752.313
2026-08-18 13:00:00,1898.46,1898.46,1895.8,1897.12,17465.883
2026-08-18 13:15:00,1897.12,1897.18,1894.64,1894.89,16138.882
2026-08-18 13:30:00,1894.89,1899.14,1893.07,1896.24,60660.268
2026-08-18 13:45:00,1896.24,1899.26,1893.8,1897.05,28234.135
2026-08-18 14:00:00,1897.05,1901.42,1896.67,1896.99,27689.223
2026-08-18 14:15:00,1897.0,1919.61,1896.18,1917.5,188244.316
2026-08-18 14:30:00,1917.51,1922.72,1910.14,1911.41,203146.991
2026-08-18 14:45:00,1911.41,1914.99,1908.11,1910.18,68841.899
2026-08-18 15:00:00,1910.17,1915.99,1907.5,1911.62,78345.384
2026-08-18 15:15:00,1911.61,1916.35,1911.31,1915.1,48545.879
2026-08-18 15:30:00,1915.1,1918.85,1914.45,1916.12,56076.02
2026-08-18 15:45:00,1916.13,1917.81,1914.84,1916.88,24967.057
2026-08-18 16:00:00,1916.88,1918.65,1913.83,1914.06,37253.513
2026-08-18 16:15:00,1914.06,1915.2,1912.64,1912.75,20769.18
2026-08-18 16:30:00,1912.75,1918.21,1911.62,1917.42,28268.378
2026-08-18 16:45:00,1917.43,1921.69,1917.0,1917.65,37817.061
2026-08-18 17:00:00,1917.65,1917.77,1913.8,1915.0,17366.186
2026-08-18 17:15:00,1915.0,1916.21,1913.49,1915.46,11892.72
2026-08-18 17:30:00,1915.46,1915.59,1911.65,1913.19,37347.822
2026-08-18 17:45:00,1913.19,1913.59,1910.3,1910.37,13911.375
2026-08-18 18:00:00,1910.38,1913.33,1909.59,1913.33,15624.897
2026-08-18 18:15:00,1913.33,1915.71,1913.05,1915.61,12968.205
2026-08-18 18:30:00,1915.6,1916.68,1914.93,1915.16,14931.862
2026-08-18 18:45:00,1915.15,1916.3,1914.76,1915.65,6974.316
2026-08-18 19:00:00,1915.64,1915.66,1913.16,1913.17,14383.458
2026-08-18 19:15:00,1913.16,1916.72,1912.3,1915.92,8701.755
2026-08-18 19:30:00,1915.91,1916.04,1913.68,1914.03,10188.513
2026-08-18 19:45:00,1914.02,1914.53,1912.22,1912.57,8294.866
2026-08-18 20:00:00,1912.57,1913.85,1911.0,1913.83,8433.119
2026-08-18 20:15:00,1913.83,1913.83,1911.19,1912.01,10117.449
2026-08-18 20:30:00,1912.0,1915.13,1911.75,1912.89,11602.529
2026-08-18 20:45:00,1912.88,1913.29,1910.84,1911.96,13295.401
2026-08-18 21:00:00,1911.96,1914.13,1911.96,1912.73,5775.06
2026-08-18 21:15:00,1912.74,1913.16,1912.06,1912.41,8747.142
2026-08-18 21:30:00,1912.41,1912.64,1910.11,1910.7,6169.969
2026-08-18 21:45:00,1910.7,1911.57,1910.28,1911.21,5412.187
2026-08-18 22:00:00,1911.22,1914.16,1910.7,1912.94,12397.402
2026-08-18 22:15:00,1912.95,1914.46,1912.16,1913.71,6853.015
2026-08-18 22:30:00,1913.71,1914.58,1912.72,1912.86,8050.505
2026-08-18 22:45:00,1912.85,1913.05,1911.5,1912.43,8367.325
2026-08-18 23:00:00,1912.43,1916.17,1912.1,1916.08,12412.598
2026-08-18 23:15:00,1916.08,1918.73,1915.81,1917.63,17496.805
2026-08-18 23:30:00,1917.64,1919.35,1917.64,1918.51,11056.465
2026-08-18 23:45:00,1918.51,1919.63,1916.38,1917.1,16136.731
2026-08-19 00:00:00,1917.09,1918.03,1911.0,1912.64,33645.05
2026-08-19 00:15:00,1912.64,1918.42,1911.35,1915.57,17448.276
2026-08-19 00:30:00,1915.58,1917.13,1913.0,1913.94,10376.558
2026-08-19 00:45:00,1913.93,1915.01,1912.33,1912.63,18936.302
2026-08-19 01:00:00,1912.62,1917.31,1911.88,1915.58,25211.411
2026-08-19 01:15:00,1915.58,1915.64,1911.16,1914.43,16797.855
2026-08-19 01:30:00,1914.43,1914.75,1911.73,1912.92,18241.038
2026-08-19 01:45:00,1912.91,1914.34,1912.0,1912.82,15417.5
2026-08-19 02:00:00,1912.82,1912.91,1910.0,1911.6,20817.019
2026-08-19 02:15:00,1911.6,1911.76,1906.15,1909.4,35070.078
2026-08-19 02:30:00,1909.41,1909.62,1907.51,1908.24,14207.09
2026-08-19 02:45:00,1908.23,1909.69,1906.27,1906.83,16701.323
2026-08-19 03:00:00,1906.84,1910.89,1905.2,1910.43,28986.517
2026-08-19 03:15:00,1910.43,1914.82,1910.42,1911.79,33059.454
2026-08-19 03:30:00,1911.78,1912.0,1909.75,1911.04,9768.608
2026-08-19 03:45:00,1911.04,1913.12,1910.27,1911.21,6868.576
2026-08-19 04:00:00,1911.2,1911.2,1909.38,1910.0,9607.979
2026-08-19 04:15:00,1910.0,1912.93,1909.99,1911.52,6124.954
2026-08-19 04:30:00,1911.52,1913.7,1910.31,1910.75,13445.748
2026-08-19 04:45:00,1910.76,1912.0,1909.14,1909.78,10378.691
2026-08-19 05:00:00,1909.77,1913.32,1909.42,1912.28,8889.501
2026-08-19 05:15:00,1912.27,1913.0,1910.04,1912.7,7138.932
2026-08-19 05:30:00,1912.69,1913.15,1911.05,1911.7,6310.337
2026-08-19 05:45:00,1911.69,1911.7,1908.85,1909.19,11612.331
2026-08-19 06:00:00,1909.19,1910.25,1905.27,1906.0,41436.083
2026-08-19 06:15:00,1906.0,1912.13,1905.99,1910.0,25363.871
2026-08-19 06:30:00,1909.99,1911.39,1908.78,1911.27,13750.048
2026-08-19 06:45:00,1911.27,1916.88,1911.27,1916.87,46816.564
2026-08-19 07:00:00,1916.87,1920.35,1914.61,1920.34,61511.808
2026-08-19 07:15:00,1920.34,1920.39,1917.01,1917.1,24726.057
2026-08-19 07:30:00,1917.1,1920.72,1916.68,1918.94,33045.705
2026-08-19 07:45:00,1918.94,1919.82,1914.83,1915.14,24104.738
2026-08-19 08:00:00,1915.14,1917.3,1915.0,1915.03,13542.936
2026-08-19 08:15:00,1915.02,1916.42,1914.36,1916.35,9743.209
2026-08-19 08:30:00,1916.34,1929.8,1916.16,1923.65,125817.372
2026-08-19 08:45:00,1923.65,1925.79,1920.74,1920.75,55430.712
2026-08-19 09:00:00,1920.75,1923.18,1920.57,1921.58,19329.307
2026-08-19 09:15:00,1921.59,1922.78,1920.1,1920.34,13039.542
2026-08-19 09:30:00,1920.34,1920.5,1917.23,1917.7,17507.98
2026-08-19 09:45:00,1917.7,1918.66,1917.23,1918.3,14022.201
2026-08-19 10:00:00,1918.3,1918.34,1916.73,1917.82,16443.351
2026-08-19 10:15:00,1917.82,1918.52,1916.45,1917.46,16905.134
2026-08-19 10:30:00,1917.47,1918.27,1916.71,1918.01,8469.169
2026-08-19 10:45:00,1918.01,1919.41,1917.89,1919.27,11965.097
2026-08-19 11:00:00,1919.27,1925.43,1919.0,1924.0,52733.675
2026-08-19 11:15:00,1924.01,1924.11,1919.61,1921.33,26758.763
2026-08-19 11:30:00,1921.34,1923.49,1921.34,1921.44,10566.291
2026-08-19 11:45:00,1921.45,1922.55,1921.44,1922.34,5794.847
2026-08-19 12:00:00,1922.35,1923.57,1921.6,1923.54,11723.494
2026-08-19 12:15:00,1923.54,1923.57,1922.1,1922.67,7570.512
2026-08-19 12:30:00,1922.68,1932.89,1921.76,1932.38,115028.961
2026-08-19 12:45:00,1932.38,1942.79,1931.52,1936.33,213577.635
2026-08-19 13:00:00,1936.33,1937.76,1931.97,1934.76,66982.864
2026-08-19 13:15:00,1934.77,1938.28,1934.66,1936.59,35513.984
2026-08-19 13:30:00,1936.58,1940.94,1927.12,1931.74,169512.443
2026-08-19 13:45:00,1931.74,1933.91,1927.86,1931.76,71889.111
2026-08-19 14:00:00,1931.77,1938.34,1931.72,1936.16,69818.948
2026-08-19 14:15:00,1936.17,1938.67,1934.49,1935.47,49785.167
2026-08-19 14:30:00,1935.47,1940.62,1932.06,1939.17,72013.513
2026-08-19 14:45:00,1939.17,1979.77,1938.56,1969.89,472756.113
2026-08-19 15:00:00,1969.9,2019.44,1966.3,2011.06,679163.767
2026-08-19 15:15:00,2011.06,2132.0,2007.66,2074.51,848491.534
2026-08-19 15:30:00,2074.51,2088.98,2056.0,2086.45,482219.009
2026-08-19 15:45:00,2086.45,2089.55,2075.39,2085.16,185505.722
2026-08-19 16:00:00,2085.15,2107.38,2081.53,2088.99,322430.279
2026-08-19 16:15:00,2088.99,2102.6,2088.9,2099.57,147632.493
2026-08-19 16:30:00,2099.56,2100.75,2081.89,2088.53,142136.343
2026-08-19 16:45:00,2088.52,2093.05,2085.0,2088.75,86632.803
2026-08-19 17:00:00,2088.75,2089.92,2076.81,2078.35,105307.387
2026-08-19 17:15:00,2078.35,2078.76,2065.22,2077.41,137855.655
2026-08-19 17:30:00,2077.41,2085.93,2070.0,2084.73,87061.312
2026-08-19 17:45:00,2084.73,2092.55,2084.1,2090.09,58300.12
2026-08-19 18:00:00,2090.09,2091.62,2077.99,2084.45,76061.525
2026-08-19 18:15:00,2084.45,2088.6,2083.55,2086.0,38268.483
2026-08-19 18:30:00,2085.99,2090.46,2084.6,2089.6,28049.974
2026-08-19 18:45:00,2089.59,2091.78,2086.79,2090.81,33059.192
2026-08-19 19:00:00,2090.82,2102.81,2087.78,2089.28,95916.499
2026-08-19 19:15:00,2089.28,2100.5,2089.11,2091.83,75670.364
2026-08-19 19:30:00,2091.84,2100.37,2090.48,2098.65,51036.451
2026-08-19 19:45:00,2098.65,2104.93,2096.16,2100.97,51298.263
2026-08-19 20:00:00,2100.97,2119.69,2100.93,2112.32,139040.418
2026-08-19 20:15:00,2112.31,2132.91,2107.18,2125.01,141697.796
2026-08-19 20:30:00,2125.01,2128.98,2120.8,2123.58,70055.662
2026-08-19 20:45:00,2123.57,2248.0,2122.0,2218.06,819860.385
2026-08-19 21:00:00,2218.06,2336.82,2215.91,2260.5,902585.475
2026-08-19 21:15:00,2260.49,2293.99,2253.54,2283.2,243077.288
2026-08-19 21:30:00,2283.19,2299.0,2267.61,2285.0,195928.033
2026-08-19 21:45:00,2284.99,2305.5,2277.26,2286.12,173410.27
2026-08-19 22:00:00,2286.12,2290.23,2260.0,2267.26,210862.756
2026-08-19 22:15:00,2267.25,2273.44,2256.21,2256.33,125637.462
2026-08-19 22:30:00,2256.32,2266.96,2239.48,2258.23,188399.345
2026-08-19 22:45:00,2258.24,2259.4,2243.34,2249.61,100983.755
2026-08-19 23:00:00,2249.61,2252.25,2242.67,2245.72,63426.019
2026-08-19 23:15:00,2245.72,2254.74,2243.0,2252.05,52909.471
2026-08-19 23:30:00,2252.05,2262.0,2245.5,2256.86,52677.922
2026-08-19 23:45:00,2256.86,2257.09,2246.71,2252.16,41138.324
2026-08-20 00:00:00,2252.17,2262.28,2251.2,2258.63,84404.866
2026-08-20 00:15:00,2258.63,2269.65,2256.72,2263.33,75180.286
2026-08-20 00:30:00,2263.32,2272.88,2260.57,2268.07,57173.86
2026-08-20 00:45:00,2268.09,2273.32,2256.88,2261.7,72626.304
2026-08-20 01:00:00,2261.71,2267.7,2248.73,2256.51,116606.2
2026-08-20 01:15:00,2256.51,2260.17,2251.56,2253.88,40481.614
2026-08-20 01:30:00,2253.89,2265.28,2251.48,2264.74,54246.241
2026-08-20 01:45:00,2264.75,2269.88,2263.95,2265.67,39254.666
2026-08-20 02:00:00,2265.67,2270.0,2263.31,2267.35,38642.307
2026-08-20 02:15:00,2267.35,2268.0,2256.51,2257.35,43561.487
2026-08-20 02:30:00,2257.35,2261.94,2253.38,2256.47,42473.676
2026-08-20 02:45:00,2256.48,2257.3,2248.86,2251.29,47191.823
2026-08-20 03:00:00,2251.28,2251.61,2222.0,2228.17,205089.589
2026-08-20 03:15:00,2228.16,2242.61,2227.88,2234.18,90755.075
2026-08-20 03:30:00,2234.17,2253.0,2233.94,2250.3,83137.649
2026-08-20 03:45:00,2250.31,2257.92,2249.48,2250.86,58576.933
2026-08-20 04:00:00,2250.87,2259.0,2249.06,2255.52,44285.495
2026-08-20 04:15:00,2255.51,2256.88,2252.65,2255.89,23884.301
2026-08-20 04:30:00,2255.88,2256.17,2247.56,2250.54,36622.551
2026-08-20 04:45:00,2250.54,2256.76,2249.8,2249.8,28723.73
2026-08-20 05:00:00,2249.81,2254.5,2249.16,2249.16,24548.295
2026-08-20 05:15:00,2249.16,2256.48,2249.13,2251.18,26910.058
2026-08-20 05:30:00,2251.17,2253.82,2250.0,2251.17,19513.978
2026-08-20 05:45:00,2251.17,2251.17,2242.93,2247.88,39518.772
2026-08-20 06:00:00,2247.88,2248.3,2238.23,2242.79,57928.004
2026-08-20 06:15:00,2242.79,2255.5,2241.44,2250.69,79050.188
2026-08-20 06:30:00,2250.69,2262.93,2250.58,2261.6,98265.399
2026-08-20 06:45:00,2261.6,2267.15,2260.88,2262.1,63985.142
2026-08-20 07:00:00,2262.1,2263.33,2255.65,2255.67,50564.576
2026-08-20 07:15:00,2255.67,2257.26,2246.05,2252.21,61386.159
2026-08-20 07:30:00,2252.21,2252.21,2244.37,2245.01,50712.444
2026-08-20 07:45:00,2245.0,2251.5,2244.01,2251.49,42087.482
2026-08-20 08:00:00,2251.49,2288.0,2248.84,2283.71,226398.438
2026-08-20 08:15:00,2283.71,2284.18,2269.68,2277.76,180981.633
2026-08-20 08:30:00,2277.76,2277.87,2265.22,2274.8,89360.462
2026-08-20 08:45:00,2274.79,2285.53,2273.0,2281.92,95992.494
2026-08-20 09:00:00,2281.92,2296.71,2276.65,2294.2,154409.966
2026-08-20 09:15:00,2294.2,2298.21,2283.73,2283.76,120266.254
2026-08-20 09:30:00,2283.76,2293.75,2275.9,2288.64,110926.794
2026-08-20 09:45:00,2288.64,2289.78,2273.76,2278.3,71868.448
2026-08-20 10:00:00,2278.29,2289.0,2275.01,2287.72,64941.566
2026-08-20 10:15:00,2287.73,2294.91,2281.85,2285.36,80824.529
2026-08-20 10:30:00,2285.35,2287.32,2280.21,2280.95,34924.086
2026-08-20 10:45:00,2280.95,2286.58,2279.31,2286.34,27322.742
2026-08-20 11:00:00,2286.33,2295.74,2281.43,2287.87,87304.095
2026-08-20 11:15:00,2287.86,2295.78,2284.36,2294.4,53707.551
2026-08-20 11:30:00,2294.4,2316.0,2293.0,2306.25,219863.477
2026-08-20 11:45:00,2306.26,2318.78,2293.0,2295.6,137883.332
2026-08-20 12:00:00,2295.59,2299.94,2267.55,2273.46,235894.9
2026-08-20 12:15:00,2273.47,2281.32,2272.01,2278.05,82389.098
2026-08-20 12:30:00,2278.05,2284.63,2273.0,2280.19,67499.48
2026-08-20 12:45:00,2280.19,2292.85,2267.03,2289.57,126252.718
2026-08-20 13:00:00,2289.57,2297.73,2285.8,2293.73,82221.265
2026-08-20 13:15:00,2293.72,2295.0,2286.66,2287.29,64000.648
2026-08-20 13:30:00,2287.29,2287.64,2253.55,2273.89,279804.804
2026-08-20 13:45:00,2273.88,2281.71,2264.67,2276.03,84187.272
2026-08-20 14:00:00,2276.04,2288.46,2274.51,2280.1,77673.933
2026-08-20 14:15:00,2280.1,2281.69,2270.66,2272.99,61377.633
2026-08-20 14:30:00,2273.0,2285.1,2272.2,2276.01,55937.119
2026-08-20 14:45:00,2276.02,2280.3,2270.41,2280.12,51585.841
2026-08-20 15:00:00,2280.13,2306.56,2280.13,2297.02,224149.122
2026-08-20 15:15:00,2297.01,2314.0,2291.35,2312.98,223766.039
2026-08-20 15:30:00,2312.98,2323.0,2297.3,2302.47,177180.071
2026-08-20 15:45:00,2302.46,2338.08,2301.73,2325.12,260864.813
2026-08-20 16:00:00,2325.12,2331.07,2316.18,2318.89,140602.385
2026-08-20 16:15:00,2318.89,2326.12,2313.09,2325.2,66180.075
2026-08-20 16:30:00,2325.2,2359.68,2319.26,2348.25,252831.904
2026-08-20 16:45:00,2348.25,2348.59,2336.0,2343.94,103231.672
2026-08-20 17:00:00,2343.94,2344.26,2331.61,2336.74,65636.254
2026-08-20 17:15:00,2336.74,2345.62,2334.45,2343.57,50903.943
2026-08-20 17:30:00,2343.57,2347.32,2338.08,2343.64,68067.231
2026-08-20 17:45:00,2343.65,2350.62,2341.18,2343.1,52046.227
2026-08-20 18:00:00,2343.1,2346.99,2324.41,2330.36,161426.937
2026-08-20 18:15:00,2330.35,2333.35,2315.8,2324.81,77866.468
2026-08-20 18:30:00,2324.82,2325.89,2308.5,2315.82,96157.044
2026-08-20 18:45:00,2315.83,2322.47,2313.15,2315.21,41638.801
2026-08-20 19:00:00,2315.2,2322.63,2310.74,2320.18,39083.444
2026-08-20 19:15:00,2320.18,2329.25,2320.03,2326.75,48645.106
2026-08-20 19:30:00,2326.75,2332.02,2322.0,2328.76,38925.434
2026-08-20 19:45:00,2328.76,2330.98,2319.01,2322.72,46544.736
2026-08-20 20:00:00,2322.73,2326.86,2319.0,2319.7,21283.612
2026-08-20 20:15:00,2319.7,2329.47,2316.89,2326.21,34860.025
2026-08-20 20:30:00,2326.21,2330.51,2316.87,2319.38,26608.782
2026-08-20 20:45:00,2319.39,2319.69,2312.15,2317.55,27663.575
2026-08-20 21:00:00,2317.55,2322.39,2312.33,2321.1,26634.924
2026-08-20 21:15:00,2321.09,2324.94,2313.2,2314.01,16783.177
2026-08-20 21:30:00,2314.01,2321.88,2313.17,2318.59,14212.528
2026-08-20 21:45:00,2318.59,2319.91,2315.0,2317.62,10400.262
2026-08-20 22:00:00,2317.61,2318.46,2306.02,2310.5,71120.106
2026-08-20 22:15:00,2310.5,2316.92,2307.0,2313.79,26938.515
2026-08-20 22:30:00,2313.79,2314.77,2309.41,2310.99,11173.96
2026-08-20 22:45:00,2310.99,2317.99,2310.59,2313.33,20378.194
2026-08-20 23:00:00,2313.32,2321.56,2312.07,2321.56,15093.977
2026-08-20 23:15:00,2321.55,2339.38,2320.64,2330.62,86191.408
2026-08-20 23:30:00,2330.63,2333.73,2323.6,2324.76,30472.744
2026-08-20 23:45:00,2324.76,2328.62,2322.24,2326.18,31696.681
2026-08-21 00:00:00,2326.18,2338.38,2323.83,2336.89,55788.443
2026-08-21 00:15:00,2336.88,2347.56,2330.65,2336.75,109029.378
2026-08-21 00:30:00,2336.75,2351.0,2330.88,2337.07,86447.954
2026-08-21 00:45:00,2337.07,2350.24,2333.51,2339.95,69522.28
2026-08-21 01:00:00,2339.95,2347.5,2337.04,2344.74,41488.039
2026-08-21 01:15:00,2344.74,2368.01,2337.34,2352.3,228394.966
2026-08-21 01:30:00,2352.29,2369.55,2347.43,2356.82,140728.551
2026-08-21 01:45:00,2356.83,2381.52,2356.0,2358.71,186811.608
2026-08-21 02:00:00,2358.71,2362.3,2342.0,2353.32,109176.119
2026-08-21 02:15:00,2353.33,2359.73,2346.46,2358.48,42919.656
2026-08-21 02:30:00,2358.47,2364.44,2351.63,2354.96,45239.374
2026-08-21 02:45:00,2354.96,2355.35,2343.36,2344.73,68830.213
2026-08-21 03:00:00,2344.73,2346.83,2336.14,2344.21,64589.35
2026-08-21 03:15:00,2344.21,2349.47,2339.66,2348.54,40050.577
2026-08-21 03:30:00,2348.55,2353.6,2344.9,2348.35,45910.098
2026-08-21 03:45:00,2348.35,2353.38,2339.11,2339.9,53196.63
2026-08-21 04:00:00,2339.9,2349.78,2339.9,2344.99,34151.558
2026-08-21 04:15:00,2345.0,2349.31,2343.16,2343.72,19313.249
2026-08-21 04:30:00,2343.71,2350.27,2342.44,2349.49,23460.74
2026-08-21 04:45:00,2349.5,2354.92,2347.99,2353.12,31495.204
2026-08-21 05:00:00,2353.12,2358.72,2348.52,2358.0,49910.255
2026-08-21 05:15:00,2358.0,2361.52,2348.44,2352.72,59959.447
2026-08-21 05:30:00,2352.72,2357.42,2350.3,2353.45,25782.168
2026-08-21 05:45:00,2353.45,2368.34,2351.52,2367.36,67261.07
2026-08-21 06:00:00,2367.37,2378.43,2363.05,2364.8,117092.988
2026-08-21 06:15:00,2364.8,2367.99,2354.0,2359.54,68380.917
2026-08-21 06:30:00,2359.54,2373.2,2359.54,2368.53,73563.945
2026-08-21 06:45:00,2368.54,2384.54,2363.44,2371.51,96268.654
2026-08-21 07:00:00,2371.5,2387.14,2369.82,2385.55,90022.291
2026-08-21 07:15:00,2385.54,2398.56,2376.32,2380.55,232165.912
2026-08-21 07:30:00,2380.55,2388.37,2371.42,2380.0,123512.318
2026-08-21 07:45:00,2380.0,2382.81,2368.0,2371.51,86439.932
2026-08-21 08:00:00,2371.5,2391.71,2369.96,2383.38,102754.039
2026-08-21 08:15:00,2383.38,2391.71,2378.83,2386.98,111050.061
2026-08-21 08:30:00,2386.99,2417.29,2385.74,2410.03,312393.473
2026-08-21 08:45:00,2410.03,2449.47,2409.35,2444.89,456416.036
2026-08-21 09:00:00,2444.89,2446.99,2375.04,2398.12,505842.374
2026-08-21 09:15:00,2398.13,2399.9,2383.11,2388.96,119779.986
2026-08-21 09:30:00,2388.95,2411.76,2385.27,2407.57,92472.535
2026-08-21 09:45:00,2407.58,2416.84,2391.32,2403.77,100895.133
2026-08-21 10:00:00,2403.78,2405.98,2394.23,2400.75,74096.133
2026-08-21 10:15:00,2400.75,2411.64,2390.11,2399.64,78714.104
2026-08-21 10:30:00,2399.64,2401.59,2391.0,2397.04,38975.672
2026-08-21 10:45:00,2397.05,2405.0,2393.06,2394.73,34602.668
2026-08-21 11:00:00,2394.72,2398.95,2375.8,2386.14,93266.743
2026-08-21 11:15:00,2386.14,2388.79,2371.87,2385.68,113696.42
2026-08-21 11:30:00,2385.71,2386.64,2356.0,2373.39,187508.078
2026-08-21 11:45:00,2373.38,2377.0,2361.23,2370.42,92930.907
2026-08-21 12:00:00,2370.43,2379.87,2365.0,2378.56,57611.616
2026-08-21 12:15:00,2378.57,2378.58,2369.2,2374.64,52143.337
2026-08-21 12:30:00,2374.64,2396.26,2372.61,2393.95,105844.66
2026-08-21 12:45:00,2393.96,2397.35,2383.72,2387.75,59090.379
2026-08-21 13:00:00,2387.75,2395.61,2383.19,2390.15,45842.024
2026-08-21 13:15:00,2390.15,2390.55,2381.0,2386.01,53415.852
2026-08-21 13:30:00,2386.01,2398.25,2367.13,2394.6,174214.071
2026-08-21 13:45:00,2394.59,2406.33,2381.31,2386.98,141457.9
2026-08-21 14:00:00,2386.98,2387.21,2373.26,2378.5,76502.295
2026-08-21 14:15:00,2378.49,2392.28,2368.44,2391.99,112214.64
2026-08-21 14:30:00,2392.0,2397.3,2376.22,2385.54,86898.23
2026-08-21 14:45:00,2385.54,2393.93,2385.34,2393.14,35717.759
2026-08-21 15:00:00,2393.14,2406.0,2390.58,2401.92,76774.46
2026-08-21 15:15:00,2401.93,2408.29,2396.09,2397.66,40498.206
2026-08-21 15:30:00,2397.65,2402.96,2393.29,2399.15,31294.737
2026-08-21 15:45:00,2399.15,2402.89,2391.64,2393.03,39998.667
2026-08-21 16:00:00,2393.03,2396.79,2383.44,2383.87,67871.912
2026-08-21 16:15:00,2383.86,2402.81,2383.0,2402.41,54068.181
2026-08-21 16:30:00,2402.41,2402.68,2398.1,2400.51,24987.816
2026-08-21 16:45:00,2400.51,2413.58,2400.11,2405.13,63770.989
2026-08-21 17:00:00,2405.13,2423.0,2403.42,2414.95,97565.507
2026-08-21 17:15:00,2414.95,2415.96,2401.21,2415.66,79823.041
2026-08-21 17:30:00,2415.66,2425.85,2413.6,2419.27,79737.431
2026-08-21 17:45:00,2419.28,2427.18,2415.71,2422.98,44196.697
2026-08-21 18:00:00,2422.98,2426.71,2415.31,2421.5,38439.179
2026-08-21 18:15:00,2421.49,2431.86,2421.49,2423.82,53751.201
2026-08-21 18:30:00,2423.82,2425.93,2405.0,2407.59,79866.19
2026-08-21 18:45:00,2407.59,2421.58,2394.44,2419.8,128572.924
2026-08-21 19:00:00,2419.8,2420.18,2406.31,2414.49,38355.538
2026-08-21 19:15:00,2414.48,2418.9,2407.0,2417.64,23069.78
2026-08-21 19:30:00,2417.64,2419.7,2412.54,2416.47,23110.6
2026-08-21 19:45:00,2416.47,2417.6,2411.33,2412.41,26170.897
2026-08-21 20:00:00,2412.42,2430.22,2407.54,2425.13,74614.73
2026-08-21 20:15:00,2425.13,2447.49,2424.82,2444.56,123873.195
2026-08-21 20:30:00,2444.56,2444.56,2431.99,2436.49,40385.535
2026-08-21 20:45:00,2436.48,2444.4,2425.7,2440.07,36192.889
2026-08-21 21:00:00,2440.07,2460.1,2433.12,2448.81,95976.801
2026-08-21 21:15:00,2448.8,2490.59,2443.39,2479.62,214146.701
2026-08-21 21:30:00,2479.62,2498.81,2476.0,2484.71,118885.012
2026-08-21 21:45:00,2484.71,2523.89,2482.43,2513.52,224355.395
2026-08-21 22:00:00,2513.5,2549.4,2507.29,2543.04,267365.969
2026-08-21 22:15:00,2543.05,2545.0,2528.52,2534.15,146433.244
2026-08-21 22:30:00,2534.15,2536.2,2511.0,2529.61,142423.263
2026-08-21 22:45:00,2529.6,2530.0,2513.18,2522.0,79969.495
2026-08-21 23:00:00,2521.99,2526.87,2515.0,2523.96,66464.925
2026-08-21 23:15:00,2523.96,2547.22,2521.56,2525.6,150746.324
2026-08-21 23:30:00,2525.61,2531.92,2511.54,2523.83,77567.017
2026-08-21 23:45:00,2523.82,2525.55,2509.08,2515.97,67608.08
2026-08-22 00:00:00,2515.98,2522.93,2488.88,2501.34,164721.936
2026-08-22 00:15:00,2501.33,2511.95,2498.46,2506.26,47623.788
2026-08-22 00:30:00,2506.25,2516.0,2503.1,2508.72,38111.872
2026-08-22 00:45:00,2508.71,2522.0,2503.36,2521.69,61677.75
2026-08-22 01:00:00,2521.69,2528.23,2517.51,2519.57,63539.643
2026-08-22 01:15:00,2519.57,2524.83,2515.01,2517.39,26459.946
2026-08-22 01:30:00,2517.39,2527.49,2510.55,2513.36,48593.225
2026-08-22 01:45:00,2513.37,2523.94,2506.22,2506.28,45866.798
2026-08-22 02:00:00,2506.28,2511.95,2503.35,2508.73,52848.557
2026-08-22 02:15:00,2508.74,2522.52,2507.94,2518.68,30883.64
2026-08-22 02:30:00,2518.69,2521.74,2494.85,2509.63,98371.066
2026-08-22 02:45:00,2509.63,2515.33,2504.0,2515.33,35975.847
2026-08-22 03:00:00,2515.33,2522.0,2510.9,2512.47,47042.93
2026-08-22 03:15:00,2512.47,2526.44,2511.98,2519.4,45018.739
2026-08-22 03:30:00,2519.39,2523.58,2512.69,2516.98,34434.701
2026-08-22 03:45:00,2516.97,2522.49,2513.6,2514.35,25933.285
2026-08-22 04:00:00,2514.36,2520.0,2509.34,2519.41,33560.381
2026-08-22 04:15:00,2519.41,2519.41,2505.37,2516.36,45180.827
2026-08-22 04:30:00,2516.36,2529.98,2513.62,2527.58,70016.505
2026-08-22 04:45:00,2527.58,2527.58,2513.0,2513.88,67540.178
2026-08-22 05:00:00,2513.88,2517.84,2384.0,2444.83,511137.07
2026-08-22 05:15:00,2444.84,2453.16,2407.96,2437.86,268015.428
2026-08-22 05:30:00,2437.86,2449.42,2422.41,2432.84,109764.934
2026-08-22 05:45:00,2432.84,2445.3,2427.25,2439.44,73382.273
2026-08-22 06:00:00,2439.44,2443.35,2426.36,2427.79,54966.445
2026-08-22 06:15:00,2427.8,2436.47,2426.32,2429.14,37191.662
2026-08-22 06:30:00,2429.14,2439.7,2408.68,2430.57,124095.283
2026-08-22 06:45:00,2430.57,2438.63,2430.18,2436.94,30273.576
2026-08-22 07:00:00,2436.95,2447.41,2426.57,2433.31,76514.067
2026-08-22 07:15:00,2433.3,2441.55,2425.2,2441.4,43783.411
2026-08-22 07:30:00,2441.41,2441.41,2430.65,2435.9,23538.486
2026-08-22 07:45:00,2435.9,2437.8,2430.43,2432.54,21467.368
2026-08-22 08:00:00,2432.55,2440.43,2427.91,2439.17,35930.086
2026-08-22 08:15:00,2439.17,2439.53,2422.69,2425.43,42544.141
2026-08-22 08:30:00,2425.43,2425.84,2411.0,2424.01,103147.566
2026-08-22 08:45:00,2424.0,2426.09,2417.11,2425.34,24830.794
2026-08-22 09:00:00,2425.34,2427.72,2411.52,2427.38,36913.147
2026-08-22 09:15:00,2427.38,2429.09,2421.07,2424.66,24405.902
2026-08-22 09:30:00,2424.67,2426.04,2419.29,2422.38,20238.424
2026-08-22 09:45:00,2422.38,2422.8,2413.15,2421.49,40785.923
2026-08-22 10:00:00,2421.5,2422.43,2396.84,2401.02,123777.251
2026-08-22 10:15:00,2401.01,2408.5,2387.0,2406.54,138707.244
2026-08-22 10:30:00,2406.55,2416.0,2402.48,2415.32,48633.92
2026-08-22 10:45:00,2415.31,2417.62,2407.47,2412.14,41912.455
2026-08-22 11:00:00,2412.14,2415.68,2404.5,2407.68,28985.228
2026-08-22 11:15:00,2407.68,2415.72,2406.0,2414.17,21887.178
2026-08-22 11:30:00,2414.17,2424.98,2412.54,2424.29,41717.191
2026-08-22 11:45:00,2424.28,2426.32,2419.8,2423.41,27632.464
2026-08-22 12:00:00,2423.4,2435.69,2418.52,2432.31,65042.085
2026-08-22 12:15:00,2432.32,2437.6,2428.67,2434.53,34430.696
2026-08-22 12:30:00,2434.53,2436.81,2426.9,2430.69,23793.726
2026-08-22 12:45:00,2430.69,2431.71,2426.12,2427.31,22944.079
2026-08-22 13:00:00,2427.3,2428.72,2423.82,2426.01,26482.036
2026-08-22 13:15:00,2426.02,2429.45,2421.22,2425.81,18274.369
2026-08-22 13:30:00,2425.82,2428.2,2420.72,2424.79,16491.961
2026-08-22 13:45:00,2424.79,2432.66,2423.93,2429.35,21940.572
2026-08-22 14:00:00,2429.35,2430.82,2412.31,2417.95,66222.713
2026-08-22 14:15:00,2417.96,2420.3,2413.0,2420.0,27850.964
2026-08-22 14:30:00,2420.0,2423.68,2411.23,2411.62,26498.614
2026-08-22 14:45:00,2411.61,2415.0,2408.08,2413.02,24549.549
2026-08-22 15:00:00,2413.01,2416.31,2405.3,2405.31,35392.394
2026-08-22 15:15:00,2405.3,2411.53,2405.07,2410.66,22655.989
2026-08-22 15:30:00,2410.67,2414.45,2409.53,2412.02,15796.62
2026-08-22 15:45:00,2412.02,2413.68,2408.43,2410.37,14254.063
2026-08-22 16:00:00,2410.36,2417.23,2408.27,2413.93,25198.252
2026-08-22 16:15:00,2413.94,2422.15,2413.94,2419.86,25235.332
2026-08-22 16:30:00,2419.87,2429.26,2418.61,2425.26,36840.423
2026-08-22 16:45:00,2425.27,2429.12,2421.75,2421.89,23412.598
2026-08-22 17:00:00,2421.9,2425.04,2421.23,2423.6,12300.768
2026-08-22 17:15:00,2423.6,2428.87,2415.96,2418.49,25128.727
2026-08-22 17:30:00,2418.5,2424.98,2418.5,2424.36,20255.796
2026-08-22 17:45:00,2424.35,2431.41,2422.83,2425.9,16409.519
2026-08-22 18:00:00,2425.91,2430.3,2424.6,2426.16,9215.26
2026-08-22 18:15:00,2426.16,2433.94,2426.07,2430.45,21455.156
2026-08-22 18:30:00,2430.45,2433.43,2425.67,2426.04,13105.781
2026-08-22 18:45:00,2426.04,2428.1,2421.05,2426.54,18270.058
2026-08-22 19:00:00,2426.53,2429.68,2423.42,2428.76,8708.915
2026-08-22 19:15:00,2428.77,2430.62,2426.04,2427.5,16098.164
2026-08-22 19:30:00,2427.5,2434.82,2427.5,2433.81,14745.072
2026-08-22 19:45:00,2433.8,2444.3,2432.71,2438.18,58913.399
2026-08-22 20:00:00,2438.19,2442.78,2435.45,2440.06,13949.18
2026-08-22 20:15:00,2440.06,2440.89,2436.28,2436.77,10378.944
2026-08-22 20:30:00,2436.78,2438.8,2434.05,2435.96,10892.17
2026-08-22 20:45:00,2435.95,2436.67,2426.85,2431.02,22851.096
2026-08-22 21:00:00,2431.02,2431.16,2410.07,2411.52,77271.759
2026-08-22 21:15:00,2411.53,2421.41,2411.52,2420.76,30735.291
2026-08-22 21:30:00,2420.76,2422.05,2407.0,2415.48,41015.827
2026-08-22 21:45:00,2415.48,2415.48,2401.64,2406.39,34153.111
2026-08-22 22:00:00,2406.39,2420.93,2403.37,2418.88,44796.717
2026-08-22 22:15:00,2418.88,2424.54,2416.4,2422.43,19293.21
2026-08-22 22:30:00,2422.43,2422.73,2407.01,2413.47,38021.926
2026-08-22 22:45:00,2413.48,2417.47,2410.67,2413.17,12960.68
2026-08-22 23:00:00,2413.17,2416.12,2409.54,2414.47,10480.274
2026-08-22 23:15:00,2414.47,2419.37,2413.32,2416.7,10768.629
2026-08-22 23:30:00,2416.71,2421.28,2414.33,2420.34,9754.718
2026-08-22 23:45:00,2420.34,2426.22,2420.0,2421.4,12549.18
2026-08-23 00:00:00,2421.41,2424.8,2418.57,2420.18,10834.476
2026-08-23 00:15:00,2420.18,2429.25,2418.35,2425.86,29481.769
2026-08-23 00:30:00,2425.86,2433.48,2425.09,2426.39,31267.54
2026-08-23 00:45:00,2426.39,2434.68,2425.54,2429.95,32083.593
2026-08-23 01:00:00,2429.95,2430.13,2423.59,2429.23,23949.394
2026-08-23 01:15:00,2429.22,2432.45,2424.8,2429.22,18369.753
2026-08-23 01:30:00,2429.22,2432.34,2419.04,2425.57,35580.505
2026-08-23 01:45:00,2425.57,2429.0,2419.28,2422.33,35526.99
2026-08-23 02:00:00,2422.33,2423.6,2412.26,2412.6,27918.858
2026-08-23 02:15:00,2412.61,2418.75,2405.01,2415.14,38048.957
2026-08-23 02:30:00,2415.14,2420.0,2414.31,2418.05,12589.496
2026-08-23 02:45:00,2418.05,2423.37,2415.31,2415.98,18791.79
2026-08-23 03:00:00,2415.98,2417.57,2412.29,2416.32,14722.05
2026-08-23 03:15:00,2416.31,2418.55,2411.11,2412.37,14893.811
2026-08-23 03:30:00,2412.37,2412.78,2407.2,2409.25,26688.256
2026-08-23 03:45:00,2409.25,2414.13,2409.12,2413.19,10520.914
2026-08-23 04:00:00,2413.2,2416.57,2400.34,2413.68,62596.516
2026-08-23 04:15:00,2413.67,2416.0,2402.27,2410.0,31520.769
2026-08-23 04:30:00,2410.0,2410.2,2400.74,2402.15,23720.92
2026-08-23 04:45:00,2402.15,2402.94,2371.2,2378.24,266857.774
2026-08-23 05:00:00,2378.24,2384.38,2362.21,2365.79,153350.127
2026-08-23 05:15:00,2365.79,2386.92,2355.38,2379.88,155747.158
2026-08-23 05:30:00,2379.88,2384.28,2372.36,2376.23,53742.76
2026-08-23 05:45:00,2376.23,2378.29,2372.52,2372.6,21848.563
2026-08-23 06:00:00,2372.61,2381.42,2369.14,2379.24,53188.779
2026-08-23 06:15:00,2379.24,2393.34,2378.25,2389.86,79817.101
2026-08-23 06:30:00,2389.85,2397.37,2387.0,2391.67,40003.105
2026-08-23 06:45:00,2391.67,2392.85,2385.49,2389.35,25174.59
2026-08-23 07:00:00,2389.34,2396.48,2387.06,2394.09,24508.638
2026-08-23 07:15:00,2394.09,2396.96,2391.42,2392.49,17632.515
2026-08-23 07:30:00,2392.5,2392.57,2387.61,2389.08,16943.597
2026-08-23 07:45:00,2389.09,2392.97,2386.0,2388.29,18882.072
2026-08-23 08:00:00,2388.3,2414.0,2386.0,2406.58,110657.279
2026-08-23 08:15:00,2406.58,2410.75,2404.8,2406.58,29088.993
2026-08-23 08:30:00,2406.57,2428.29,2406.57,2419.37,104315.837
2026-08-23 08:45:00,2419.38,2421.48,2410.38,2412.25,35431.992
2026-08-23 09:00:00,2412.24,2416.07,2410.22,2412.59,15455.301
2026-08-23 09:15:00,2412.59,2413.52,2406.89,2410.57,27394.339
2026-08-23 09:30:00,2410.56,2413.7,2402.85,2411.83,29601.274
2026-08-23 09:45:00,2411.83,2415.6,2409.51,2410.91,18997.374
2026-08-23 10:00:00,2410.9,2417.34,2410.19,2413.99,21557.697
2026-08-23 10:15:00,2414.0,2420.52,2412.76,2413.4,34850.303
2026-08-23 10:30:00,2413.4,2417.98,2412.29,2416.32,17846.61
2026-08-23 10:45:00,2416.31,2417.63,2413.69,2414.8,8910.429
2026-08-23 11:00:00,2414.8,2420.7,2414.08,2420.05,16257.289
2026-08-23 11:15:00,2420.07,2432.97,2417.61,2426.92,90270.375
2026-08-23 11:30:00,2426.92,2438.67,2425.54,2433.38,71770.18
2026-08-23 11:45:00,2433.38,2433.84,2427.27,2433.29,33540.917
2026-08-23 12:00:00,2433.28,2433.29,2417.24,2422.44,71819.843
2026-08-23 12:15:00,2422.43,2424.72,2419.96,2422.5,17682.384
2026-08-23 12:30:00,2422.5,2428.91,2422.5,2428.0,18384.109
2026-08-23 12:45:00,2428.0,2428.01,2423.82,2426.61,9121.075
2026-08-23 13:00:00,2426.62,2432.59,2426.61,2431.53,16222.709
2026-08-23 13:15:00,2431.53,2485.51,2431.29,2453.81,331411.311
2026-08-23 13:30:00,2453.82,2458.69,2448.39,2455.49,69443.126
2026-08-23 13:45:00,2455.49,2459.56,2451.0,2458.64,40498.794
2026-08-23 14:00:00,2458.63,2469.85,2452.01,2463.39,77999.457
2026-08-23 14:15:00,2463.39,2467.15,2454.21,2455.62,47545.668
2026-08-23 14:30:00,2455.63,2456.84,2387.0,2419.43,260790.855
2026-08-23 14:45:00,2419.44,2448.12,2419.26,2437.94,142085.894
2026-08-23 15:00:00,2437.94,2441.03,2424.53,2432.48,77643.516
2026-08-23 15:15:00,2432.48,2438.47,2420.7,2436.12,64102.837
2026-08-23 15:30:00,2436.12,2451.82,2434.14,2445.66,53372.839
2026-08-23 15:45:00,2445.66,2448.5,2435.2,2437.69,32095.566
2026-08-23 16:00:00,2437.68,2446.0,2437.68,2443.52,17522.801
2026-08-23 16:15:00,2443.51,2445.93,2440.5,2445.8,13562.178
2026-08-23 16:30:00,2445.8,2453.77,2443.85,2445.41,28322.494
2026-08-23 16:45:00,2445.42,2459.43,2444.5,2449.7,39061.816
2026-08-23 17:00:00,2449.71,2453.42,2431.46,2446.54,65855.355
2026-08-23 17:15:00,2446.55,2449.28,2437.22,2440.18,35465.068
2026-08-23 17:30:00,2440.19,2443.48,2432.6,2437.64,29569.854
2026-08-23 17:45:00,2437.63,2445.8,2437.47,2439.24,13894.436
2026-08-23 18:00:00,2439.23,2448.84,2433.41,2444.15,38699.691
2026-08-23 18:15:00,2444.15,2447.9,2443.05,2445.67,17332.852
2026-08-23 18:30:00,2445.67,2447.66,2443.3,2446.64,7762.124
2026-08-23 18:45:00,2446.65,2448.37,2443.95,2447.59,12453.944
2026-08-23 19:00:00,2447.59,2449.68,2440.0,2442.43,15192.042
2026-08-23 19:15:00,2442.42,2444.08,2440.0,2441.78,9875.615
2026-08-23 19:30:00,2441.79,2447.38,2436.27,2447.02,16247.796
2026-08-23 19:45:00,2447.02,2453.92,2443.57,2443.58,31259.797
2026-08-23 20:00:00,2443.57,2443.57,2435.21,2440.44,21264.057
2026-08-23 20:15:00,2440.44,2448.0,2439.45,2444.87,13413.863
2026-08-23 20:30:00,2444.88,2449.0,2444.87,2448.79,9417.557
2026-08-23 20:45:00,2448.79,2449.69,2445.94,2449.22,9309.151
2026-08-23 21:00:00,2449.22,2469.26,2449.21,2465.05,87437.133
2026-08-23 21:15:00,2465.04,2479.81,2465.04,2476.21,71911.74
2026-08-23 21:30:00,2476.21,2484.66,2458.67,2460.68,68877.051
2026-08-23 21:45:00,2460.68,2478.67,2460.68,2469.14,44784.659
2026-08-23 22:00:00,2469.15,2474.0,2453.66,2462.66,52819.79
2026-08-23 22:15:00,2462.65,2466.89,2457.03,2459.63,23600.385
2026-08-23 22:30:00,2459.63,2462.52,2455.18,2457.9,21463.14
2026-08-23 22:45:00,2457.9,2460.5,2450.77,2454.13,26453.297
2026-08-23 23:00:00,2454.12,2454.99,2440.28,2448.04,42106.129
2026-08-23 23:15:00,2448.04,2459.4,2447.0,2457.6,25446.367
2026-08-23 23:30:00,2457.61,2470.7,2447.55,2452.77,73688.341
2026-08-23 23:45:00,2452.77,2466.29,2452.53,2462.58,30026.228
2026-08-24 00:00:00,2462.59,2463.32,2451.8,2457.97,23314.951
2026-08-24 00:15:00,2457.98,2458.94,2442.59,2450.59,42354.25
2026-08-24 00:30:00,2450.6,2459.5,2442.45,2444.47,44187.548
2026-08-24 00:45:00,2444.46,2465.62,2441.0,2464.6,52694.759
2026-08-24 01:00:00,2464.6,2466.36,2452.58,2452.89,47382.876
2026-08-24 01:15:00,2452.9,2453.43,2441.01,2443.74,66817.405
2026-08-24 01:30:00,2443.75,2448.72,2433.17,2438.12,75515.489
2026-08-24 01:45:00,2438.12,2440.17,2425.8,2428.27,89506.781
2026-08-24 02:00:00,2428.27,2445.69,2423.39,2442.96,57788.127
2026-08-24 02:15:00,2442.96,2449.28,2442.96,2446.46,33006.43
2026-08-24 02:30:00,2446.45,2450.79,2443.68,2444.99,24297.762
2026-08-24 02:45:00,2445.0,2445.0,2434.36,2442.54,34605.927
2026-08-24 03:00:00,2442.53,2444.5,2434.37,2435.28,24552.362
2026-08-24 03:15:00,2435.29,2442.82,2432.48,2433.01,25503.876
2026-08-24 03:30:00,2433.0,2437.4,2423.05,2434.66,54291.054
2026-08-24 03:45:00,2434.66,2440.72,2427.0,2429.78,24350.217
2026-08-24 04:00:00,2429.78,2438.26,2429.65,2437.94,19185.829
2026-08-24 04:15:00,2437.94,2446.09,2437.83,2445.06,24171.049
2026-08-24 04:30:00,2445.06,2445.84,2436.79,2441.99,18580.688
2026-08-24 04:45:00,2441.99,2442.87,2427.24,2436.72,45486.388
2026-08-24 05:00:00,2436.73,2458.6,2432.75,2457.16,81334.853
2026-08-24 05:15:00,2457.16,2459.26,2446.28,2449.9,81114.368
2026-08-24 05:30:00,2449.9,2451.99,2437.11,2447.47,47972.604
2026-08-24 05:45:00,2447.48,2449.23,2443.59,2448.07,21352.12
2026-08-24 06:00:00,2448.06,2456.8,2443.22,2455.79,37951.079
2026-08-24 06:15:00,2455.79,2457.71,2451.2,2453.19,33274.712
2026-08-24 06:30:00,2453.19,2454.6,2444.28,2446.58,23814.394
2026-08-24 06:45:00,2446.59,2463.56,2445.74,2455.58,50228.322
2026-08-24 07:00:00,2455.58,2473.83,2454.12,2469.5,76528.946
2026-08-24 07:15:00,2469.5,2469.5,2458.94,2461.14,37798.036
2026-08-24 07:30:00,2461.14,2461.14,2451.27,2451.79,33651.688
2026-08-24 07:45:00,2451.79,2458.35,2451.54,2453.97,31598.495
2026-08-24 08:00:00,2453.98,2458.53,2447.04,2448.37,40304.702
2026-08-24 08:15:00,2448.37,2448.59,2435.01,2438.54,80188.232
2026-08-24 08:30:00,2438.53,2452.5,2438.0,2452.3,35134.9
2026-08-24 08:45:00,2452.3,2456.07,2449.08,2453.62,24916.198
2026-08-24 09:00:00,2453.63,2462.34,2452.2,2460.85,40050.929
2026-08-24 09:15:00,2460.84,2462.5,2452.4,2459.29,36977.301
2026-08-24 09:30:00,2459.29,2463.88,2458.26,2461.5,24501.992
2026-08-24 09:45:00,2461.5,2464.49,2460.24,2462.2,17686.498
2026-08-24 10:00:00,2462.19,2492.84,2461.27,2482.26,206653.734
2026-08-24 10:15:00,2482.27,2483.32,2469.79,2471.48,63458.537
2026-08-24 10:30:00,2471.49,2477.5,2462.5,2465.6,64199.084
2026-08-24 10:45:00,2465.6,2469.87,2460.83,2464.24,34504.444
2026-08-24 11:00:00,2464.23,2470.05,2453.29,2468.01,70881.901
2026-08-24 11:15:00,2468.01,2472.43,2464.58,2471.5,25500.535
2026-08-24 11:30:00,2471.49,2506.91,2470.32,2505.94,221111.755
2026-08-24 11:45:00,2505.95,2508.69,2487.1,2493.52,122262.677
2026-08-24 12:00:00,2493.53,2493.62,2481.6,2483.5,53026.04
2026-08-24 12:15:00,2483.5,2494.2,2473.05,2492.44,91746.826
2026-08-24 12:30:00,2492.43,2505.82,2486.5,2499.12,93933.907
2026-08-24 12:45:00,2499.11,2520.0,2497.7,2511.99,170180.434
2026-08-24 13:00:00,2512.0,2519.27,2501.0,2514.97,95746.169
2026-08-24 13:15:00,2514.97,2516.66,2503.28,2506.3,66553.998
2026-08-24 13:30:00,2506.3,2506.68,2481.79,2485.55,190992.446
2026-08-24 13:45:00,2485.54,2494.85,2475.01,2492.76,134438.966
2026-08-24 14:00:00,2492.76,2511.51,2490.07,2510.36,119808.472
2026-08-24 14:15:00,2510.36,2528.0,2501.24,2516.21,174264.411
2026-08-24 14:30:00,2516.2,2531.7,2514.32,2521.52,153446.225
2026-08-24 14:45:00,2521.52,2523.79,2507.08,2515.0,86391.993
2026-08-24 15:00:00,2514.99,2520.36,2509.03,2514.51,52744.507
2026-08-24 15:15:00,2514.5,2532.73,2513.5,2524.28,122778.36
2026-08-24 15:30:00,2524.28,2524.88,2486.53,2493.67,239468.917
2026-08-24 15:45:00,2493.66,2501.49,2477.74,2486.64,176943.551
2026-08-24 16:00:00,2486.63,2505.6,2483.61,2497.72,118917.09
2026-08-24 16:15:00,2497.71,2505.55,2497.18,2498.23,58935.288
2026-08-24 16:30:00,2498.24,2500.31,2488.25,2488.44,56395.175
2026-08-24 16:45:00,2488.45,2490.63,2466.21,2477.03,133729.73
2026-08-24 17:00:00,2477.03,2483.23,2462.18,2475.49,138255.823
2026-08-24 17:15:00,2475.48,2479.44,2453.51,2457.35,188768.434
2026-08-24 17:30:00,2457.36,2469.29,2455.54,2460.0,76874.513
2026-08-24 17:45:00,2459.99,2469.74,2457.08,2467.92,46076.854
2026-08-24 18:00:00,2467.93,2483.28,2467.82,2481.3,79285.302
2026-08-24 18:15:00,2481.29,2482.17,2472.67,2478.65,43439.79
2026-08-24 18:30:00,2478.66,2481.74,2466.13,2475.75,41947.178
2026-08-24 18:45:00,2475.75,2479.82,2471.78,2473.21,17299.256
2026-08-24 19:00:00,2473.21,2477.07,2462.0,2473.0,62343.749
2026-08-24 19:15:00,2472.99,2474.42,2460.57,2469.5,39230.025
2026-08-24 19:30:00,2469.51,2473.5,2466.54,2470.7,16125.497
2026-08-24 19:45:00,2470.71,2471.45,2463.54,2470.54,26702.512
2026-08-24 20:00:00,2470.52,2474.83,2464.2,2471.28,25748.482
2026-08-24 20:15:00,2471.28,2471.5,2465.0,2467.53,12643.282
2026-08-24 20:30:00,2467.54,2478.31,2465.01,2473.05,23518.692
2026-08-24 20:45:00,2473.05,2474.45,2470.0,2474.44,10882.711
2026-08-24 21:00:00,2474.44,2483.0,2474.23,2482.98,25892.217
2026-08-24 21:15:00,2482.99,2483.64,2477.62,2480.72,15781.966
2026-08-24 21:30:00,2480.72,2483.11,2478.69,2482.09,9066.95
2026-08-24 21:45:00,2482.1,2489.0,2480.29,2482.78,31306.191
2026-08-24 22:00:00,2482.79,2484.5,2478.16,2480.29,13428.854
2026-08-24 22:15:00,2480.29,2481.61,2474.61,2476.8,13485.397
2026-08-24 22:30:00,2476.8,2483.99,2475.71,2476.0,15715.74
2026-08-24 22:45:00,2476.0,2479.47,2471.17,2473.38,16196.887
2026-08-24 23:00:00,2473.38,2478.35,2468.95,2476.58,19341.918
2026-08-24 23:15:00,2476.56,2484.0,2475.74,2481.76,16843.031
2026-08-24 23:30:00,2481.76,2486.53,2480.64,2484.07,18085.33
2026-08-24 23:45:00,2484.08,2485.53,2475.23,2481.03,18703.89
2026-08-25 00:00:00,2481.03,2483.77,2476.38,2478.11,27857.923
2026-08-25 00:15:00,2478.1,2481.51,2471.0,2477.99,24718.139
2026-08-25 00:30:00,2477.99,2493.5,2475.46,2491.54,50394.45
2026-08-25 00:45:00,2491.54,2504.66,2488.75,2492.2,101578.073
2026-08-25 01:00:00,2492.19,2499.12,2486.34,2487.85,42864.433
2026-08-25 01:15:00,2487.85,2503.82,2483.33,2497.38,55749.606
2026-08-25 01:30:00,2497.39,2501.54,2492.6,2493.05,22455.059
2026-08-25 01:45:00,2493.04,2495.94,2487.99,2494.87,17966.523
2026-08-25 02:00:00,2494.87,2497.82,2491.15,2493.16,17902.446
2026-08-25 02:15:00,2493.16,2533.47,2492.26,2528.89,227980.474
2026-08-25 02:30:00,2528.89,2531.77,2513.68,2516.41,104781.033
2026-08-25 02:45:00,2516.4,2518.45,2500.14,2506.94,85377.497
2026-08-25 03:00:00,2506.95,2513.71,2504.41,2510.32,43322.733
2026-08-25 03:15:00,2510.32,2510.95,2503.12,2504.97,25429.496
2026-08-25 03:30:00,2504.96,2508.6,2495.27,2497.62,49132.714
2026-08-25 03:45:00,2497.62,2500.33,2487.14,2497.96,81415.576
2026-08-25 04:00:00,2497.96,2503.0,2491.37,2499.03,35233.837
2026-08-25 04:15:00,2499.04,2499.48,2489.04,2493.19,44443.794
2026-08-25 04:30:00,2493.19,2496.44,2487.46,2490.46,44388.735
2026-08-25 04:45:00,2490.47,2494.43,2489.12,2493.72,22154.382
2026-08-25 05:00:00,2493.72,2500.76,2492.49,2499.44,41922.479
2026-08-25 05:15:00,2499.44,2511.13,2498.84,2507.68,40422.424
2026-08-25 05:30:00,2507.69,2510.69,2505.65,2505.65,54083.624
2026-08-25 05:45:00,2505.65,2509.82,2504.0,2507.61,24081.543
2026-08-25 06:00:00,2507.6,2509.64,2505.78,2508.97,22983.479
2026-08-25 06:15:00,2508.96,2514.74,2507.65,2509.27,25989.008
2026-08-25 06:30:00,2509.27,2509.27,2497.72,2503.02,53974.018
2026-08-25 06:45:00,2503.02,2503.68,2494.26,2499.9,24608.275
2026-08-25 07:00:00,2499.9,2512.23,2498.84,2506.14,38549.835
2026-08-25 07:15:00,2506.13,2507.1,2501.44,2503.55,14618.153
2026-08-25 07:30:00,2503.54,2503.55,2495.16,2498.47,20389.692
2026-08-25 07:45:00,2498.47,2498.99,2462.92,2477.66,212788.521
2026-08-25 08:00:00,2477.65,2485.61,2473.27,2484.47,59101.852
2026-08-25 08:15:00,2484.48,2496.97,2484.17,2492.83,60745.953
2026-08-25 08:30:00,2492.83,2495.35,2484.24,2489.37,37133.582
2026-08-25 08:45:00,2489.37,2490.18,2479.9,2484.0,31758.23
2026-08-25 09:00:00,2484.0,2488.45,2478.27,2486.49,29458.967
2026-08-25 09:15:00,2486.5,2492.28,2482.31,2486.24,27040.26
2026-08-25 09:30:00,2486.25,2490.71,2485.01,2485.02,16893.273
2026-08-25 09:45:00,2485.01,2486.22,2461.61,2473.62,118243.006
2026-08-25 10:00:00,2473.61,2479.21,2468.61,2477.4,40835.268
2026-08-25 10:15:00,2477.39,2478.95,2474.0,2475.17,19189.273
2026-08-25 10:30:00,2475.17,2478.42,2472.04,2477.04,24144.456
2026-08-25 10:45:00,2477.04,2486.65,2477.04,2480.94,35404.511
2026-08-25 11:00:00,2480.94,2483.09,2473.52,2474.3,24690.415
2026-08-25 11:15:00,2474.3,2478.36,2473.4,2477.2,23281.687
2026-08-25 11:30:00,2477.19,2485.24,2477.05,2478.13,22823.825
2026-08-25 11:45:00,2478.13,2482.78,2476.01,2477.1,21237.854
2026-08-25 12:00:00,2477.09,2480.49,2466.0,2476.85,54561.707
2026-08-25 12:15:00,2476.86,2476.86,2456.56,2467.29,86783.978
2026-08-25 12:30:00,2467.28,2470.42,2458.51,2468.63,34073.733
2026-08-25 12:45:00,2468.62,2475.91,2467.0,2472.69,29789.518
2026-08-25 13:00:00,2472.69,2475.36,2464.34,2466.68,29820.979
2026-08-25 13:15:00,2466.67,2466.68,2453.0,2456.44,95693.86
2026-08-25 13:30:00,2456.45,2476.21,2454.38,2463.48,104570.296
2026-08-25 13:45:00,2463.48,2464.85,2438.3,2459.99,174849.083
2026-08-25 14:00:00,2460.0,2472.01,2453.0,2466.31,70844.137
2026-08-25 14:15:00,2466.32,2479.81,2463.64,2474.7,77672.301
2026-08-25 14:30:00,2474.7,2483.58,2469.19,2473.34,79749.756
2026-08-25 14:45:00,2473.33,2478.62,2473.24,2475.96,27036.673
2026-08-25 15:00:00,2475.96,2477.3,2466.42,2466.7,42232.655
2026-08-25 15:15:00,2466.71,2476.93,2464.85,2473.68,33128.155
2026-08-25 15:30:00,2473.68,2479.55,2469.23,2476.63,33852.425
2026-08-25 15:45:00,2476.63,2482.7,2471.07,2481.56,30558.046
2026-08-25 16:00:00,2481.56,2484.79,2471.26,2472.46,36857.206
2026-08-25 16:15:00,2472.47,2475.98,2465.84,2470.95,35795.789
2026-08-25 16:30:00,2470.95,2477.75,2470.53,2474.58,23189.459
2026-08-25 16:45:00,2474.58,2478.65,2467.89,2469.59,23575.714
2026-08-25 17:00:00,2469.59,2470.46,2453.28,2462.01,104958.611
2026-08-25 17:15:00,2462.01,2465.57,2456.37,2457.35,31224.843
2026-08-25 17:30:00,2457.35,2468.4,2457.35,2466.83,24215.344
2026-08-25 17:45:00,2466.83,2470.16,2466.02,2469.93,20482.75
2026-08-25 18:00:00,2469.94,2473.72,2469.0,2472.4,24787.075
2026-08-25 18:15:00,2472.41,2473.71,2470.15,2471.71,10940.123
2026-08-25 18:30:00,2471.71,2471.71,2465.22,2467.03,19344.801
2026-08-25 18:45:00,2467.04,2469.03,2462.69,2466.04,22796.143
2026-08-25 19:00:00,2466.04,2468.34,2461.67,2466.84,13223.925
2026-08-25 19:15:00,2466.84,2469.13,2461.08,2461.36,12851.026
2026-08-25 19:30:00,2461.36,2461.43,2453.67,2454.96,27649.712
2026-08-25 19:45:00,2454.96,2462.68,2454.96,2462.03,20449.919
2026-08-25 20:00:00,2462.03,2463.29,2446.0,2456.94,51074.104
2026-08-25 20:15:00,2456.95,2460.63,2455.02,2455.12,11172.225
2026-08-25 20:30:00,2455.11,2455.85,2441.27,2445.37,36504.1
2026-08-25 20:45:00,2445.37,2447.31,2432.49,2435.25,111728.235
2026-08-25 21:00:00,2435.25,2440.25,2412.69,2429.37,169305.247
2026-08-25 21:15:00,2429.36,2433.64,2423.06,2432.82,55463.335
2026-08-25 21:30:00,2432.82,2441.99,2431.25,2439.99,37652.668
2026-08-25 21:45:00,2439.99,2443.07,2438.16,2440.8,44290.254
2026-08-25 22:00:00,2440.81,2451.05,2440.81,2450.67,38649.048
2026-08-25 22:15:00,2450.67,2452.02,2441.12,2445.48,24434.945
2026-08-25 22:30:00,2445.49,2449.85,2443.14,2449.06,15266.331
2026-08-25 22:45:00,2449.05,2454.74,2448.46,2452.7,13539.343
2026-08-25 23:00:00,2452.71,2455.95,2450.68,2453.77,18544.725
2026-08-25 23:15:00,2453.78,2455.4,2446.83,2451.29,19114.831
2026-08-25 23:30:00,2451.29,2451.32,2441.72,2443.32,18427.086
2026-08-25 23:45:00,2443.32,2443.33,2435.64,2441.72,30862.535
2026-08-26 00:00:00,2441.72,2444.27,2434.63,2436.22,33617.792
2026-08-26 00:15:00,2436.23,2443.21,2435.48,2442.9,15628.424
2026-08-26 00:30:00,2442.89,2445.57,2435.64,2439.6,25784.479
2026-08-26 00:45:00,2439.6,2449.56,2437.93,2445.07,23452.319
2026-08-26 01:00:00,2445.08,2460.0,2443.96,2452.8,46519.217
2026-08-26 01:15:00,2452.79,2456.88,2451.32,2452.27,16121.986
2026-08-26 01:30:00,2452.28,2461.54,2452.15,2456.87,24768.449
2026-08-26 01:45:00,2456.87,2456.88,2453.0,2454.99,11961.239
2026-08-26 02:00:00,2455.0,2458.07,2452.88,2454.5,14588.277
2026-08-26 02:15:00,2454.49,2467.43,2454.32,2466.95,30209.143
2026-08-26 02:30:00,2466.95,2469.35,2463.82,2466.23,26068.974
2026-08-26 02:45:00,2466.24,2467.79,2463.19,2464.18,15942.294
2026-08-26 03:00:00,2464.17,2467.43,2461.05,2461.87,15400.843
2026-08-26 03:15:00,2461.86,2465.51,2459.01,2462.39,12876.161
2026-08-26 03:30:00,2462.38,2466.61,2457.25,2463.77,18454.659
2026-08-26 03:45:00,2463.77,2466.3,2460.0,2464.58,14064.485
2026-08-26 04:00:00,2464.57,2472.0,2460.86,2465.32,32303.761
2026-08-26 04:15:00,2465.33,2469.37,2464.0,2465.46,14485.961
2026-08-26 04:30:00,2465.46,2466.59,2461.59,2463.37,14737.597
2026-08-26 04:45:00,2463.38,2463.38,2454.21,2455.77,38147.642
2026-08-26 05:00:00,2455.77,2459.31,2450.22,2456.69,32015.554
2026-08-26 05:15:00,2456.68,2463.56,2453.0,2462.15,24886.18
2026-08-26 05:30:00,2462.15,2467.65,2461.24,2464.45,22703.454
2026-08-26 05:45:00,2464.44,2464.45,2460.01,2463.85,11467.942
2026-08-26 06:00:00,2463.85,2466.44,2460.02,2460.56,15946.768
2026-08-26 06:15:00,2460.54,2461.5,2453.45,2455.71,24158.64
2026-08-26 06:30:00,2455.71,2459.74,2452.19,2459.31,25390.907
2026-08-26 06:45:00,2459.31,2460.41,2456.53,2459.03,10412.386
2026-08-26 07:00:00,2459.03,2467.59,2456.0,2464.07,25719.795
2026-08-26 07:15:00,2464.06,2465.8,2460.49,2462.25,11386.728
2026-08-26 07:30:00,2462.25,2465.99,2460.36,2463.95,14918.536
2026-08-26 07:45:00,2463.96,2465.98,2460.28,2460.51,14087.07
2026-08-26 08:00:00,2460.52,2468.67,2457.9,2463.78,25431.365
2026-08-26 08:15:00,2463.77,2465.57,2456.94,2461.47,15977.528
2026-08-26 08:30:00,2461.46,2463.69,2459.03,2462.83,13027.261
2026-08-26 08:45:00,2462.82,2463.11,2452.01,2455.31,27685.588
2026-08-26 09:00:00,2455.31,2459.96,2453.2,2454.96,20611.384
2026-08-26 09:15:00,2454.96,2455.72,2444.08,2449.6,61655.206
2026-08-26 09:30:00,2449.59,2452.54,2443.08,2443.89,22183.736
2026-08-26 09:45:00,2443.89,2448.8,2441.51,2446.8,20256.259
2026-08-26 10:00:00,2446.81,2448.98,2443.52,2448.26,18345.404
2026-08-26 10:15:00,2448.26,2454.0,2448.01,2453.69,24797.934
2026-08-26 10:30:00,2453.69,2469.74,2453.05,2464.17,66780.803
2026-08-26 10:45:00,2464.16,2474.87,2462.8,2467.67,57545.476
2026-08-26 11:00:00,2467.67,2472.3,2465.94,2467.38,25262.637
2026-08-26 11:15:00,2467.38,2468.14,2464.0,2465.04,17047.354
2026-08-26 11:30:00,2465.03,2466.9,2454.49,2460.79,36327.947
2026-08-26 11:45:00,2460.79,2468.18,2458.44,2462.03,30447.972
2026-08-26 12:00:00,2462.03,2464.93,2457.6,2459.42,22566.903
2026-08-26 12:15:00,2459.41,2471.41,2456.28,2470.02,31225.791
2026-08-26 12:30:00,2470.02,2470.09,2442.92,2453.9,145779.861
2026-08-26 12:45:00,2453.89,2459.86,2451.37,2454.0,39900.131
2026-08-26 13:00:00,2454.01,2457.6,2440.11,2444.8,82225.469
2026-08-26 13:15:00,2444.79,2447.33,2434.05,2443.3,88112.429
2026-08-26 13:30:00,2443.31,2458.6,2442.28,2457.38,86490.804
2026-08-26 13:45:00,2457.37,2463.68,2448.78,2456.16,55747.613
2026-08-26 14:00:00,2456.17,2461.91,2452.38,2455.0,43017.15
2026-08-26 14:15:00,2455.0,2460.91,2447.44,2449.32,38534.951
2026-08-26 14:30:00,2449.32,2451.6,2441.64,2443.61,37623.336
2026-08-26 14:45:00,2443.6,2446.39,2437.38,2438.1,58234.864
2026-08-26 15:00:00,2438.1,2442.69,2431.0,2440.36,72776.87
2026-08-26 15:15:00,2440.36,2454.87,2435.03,2453.31,63326.277
2026-08-26 15:30:00,2453.3,2453.81,2438.98,2447.15,39730.002
2026-08-26 15:45:00,2447.16,2452.24,2447.16,2448.97,22795.271
2026-08-26 16:00:00,2448.98,2454.72,2446.06,2449.26,31874.755
2026-08-26 16:15:00,2449.27,2452.37,2446.17,2448.1,21900.29
2026-08-26 16:30:00,2448.1,2452.49,2436.19,2437.61,42047.3
2026-08-26 16:45:00,2437.62,2450.43,2437.62,2443.66,29058.902
2026-08-26 17:00:00,2443.66,2447.49,2442.79,2446.57,12785.125
2026-08-26 17:15:00,2446.57,2462.98,2446.56,2461.98,68938.36
2026-08-26 17:30:00,2461.99,2466.59,2460.42,2460.42,46650.927
2026-08-26 17:45:00,2460.42,2461.99,2454.67,2459.94,23737.734
2026-08-26 18:00:00,2459.94,2472.04,2457.83,2466.38,46696.292
2026-08-26 18:15:00,2466.38,2468.28,2460.7,2461.83,19490.458
2026-08-26 18:30:00,2461.83,2466.21,2461.26,2463.64,14099.893
2026-08-26 18:45:00,2463.65,2473.88,2463.63,2471.72,29491.533
2026-08-26 19:00:00,2471.73,2472.42,2467.69,2469.37,24761.946
2026-08-26 19:15:00,2469.37,2483.48,2468.95,2479.11,73031.288
2026-08-26 19:30:00,2479.12,2479.63,2466.81,2470.0,32370.468
2026-08-26 19:45:00,2470.0,2472.97,2468.22,2469.51,27434.254
2026-08-26 20:00:00,2469.51,2473.56,2467.63,2467.8,26978.271
2026-08-26 20:15:00,2467.81,2469.7,2458.62,2467.87,40955.481
2026-08-26 20:30:00,2467.88,2469.0,2462.8,2467.91,13947.97
2026-08-26 20:45:00,2467.92,2472.06,2467.34,2471.28,11546.6
2026-08-26 21:00:00,2471.29,2494.62,2469.26,2491.86,99982.731
2026-08-26 21:15:00,2491.87,2504.41,2487.16,2499.53,97077.471
2026-08-26 21:30:00,2499.53,2500.48,2492.67,2493.48,37617.287
2026-08-26 21:45:00,2493.49,2497.51,2490.74,2495.89,19612.333
2026-08-26 22:00:00,2495.88,2506.84,2493.55,2502.32,59199.512
2026-08-26 22:15:00,2502.32,2515.0,2501.8,2505.41,72675.076
2026-08-26 22:30:00,2505.4,2505.98,2493.54,2496.93,32600.975
2026-08-26 22:45:00,2496.94,2497.09,2488.47,2492.61,33358.274
2026-08-26 23:00:00,2492.61,2495.0,2486.95,2489.56,34648.687
2026-08-26 23:15:00,2489.57,2500.36,2489.07,2498.09,36130.798
2026-08-26 23:30:00,2498.09,2507.0,2496.92,2506.27,43978.305
2026-08-26 23:45:00,2506.27,2511.69,2499.0,2505.66,53227.661
2026-08-27 00:00:00,2505.66,2509.68,2498.78,2501.79,42265.37
2026-08-27 00:15:00,2501.8,2505.55,2497.4,2499.86,32033.821
2026-08-27 00:30:00,2499.87,2500.64,2493.3,2495.1,24553.321
2026-08-27 00:45:00,2495.11,2496.28,2490.51,2490.71,32597.409
2026-08-27 01:00:00,2490.71,2494.24,2485.06,2488.34,42017.849
2026-08-27 01:15:00,2488.35,2504.55,2486.23,2502.2,35300.369
2026-08-27 01:30:00,2502.2,2505.0,2491.68,2491.75,31306.956
2026-08-27 01:45:00,2491.75,2504.87,2491.72,2496.81,32190.734
2026-08-27 02:00:00,2496.8,2504.1,2496.13,2501.01,19334.459
2026-08-27 02:15:00,2501.0,2501.31,2493.0,2494.86,17195.168
2026-08-27 02:30:00,2494.87,2497.43,2492.08,2493.1,11825.543
2026-08-27 02:45:00,2493.09,2495.0,2492.5,2493.83,14869.747
2026-08-27 03:00:00,2493.83,2496.24,2489.5,2490.03,17077.367
2026-08-27 03:15:00,2490.04,2498.33,2488.0,2496.78,36948.434
2026-08-27 03:30:00,2496.79,2497.2,2491.04,2491.17,20445.897
2026-08-27 03:45:00,2491.17,2493.59,2488.07,2491.95,19987.776
2026-08-27 04:00:00,2491.95,2493.96,2490.23,2493.08,11211.215
2026-08-27 04:15:00,2493.09,2494.78,2490.59,2490.59,8353.353
2026-08-27 04:30:00,2490.57,2490.57,2482.39,2488.08,39720.507
2026-08-27 04:45:00,2488.08,2489.95,2483.34,2486.45,14405.69
2026-08-27 05:00:00,2486.44,2487.52,2482.12,2484.12,21976.259
2026-08-27 05:15:00,2484.12,2490.36,2482.55,2484.01,13500.245
2026-08-27 05:30:00,2484.01,2489.58,2480.56,2486.85,23079.697
2026-08-27 05:45:00,2486.86,2497.0,2486.63,2495.52,30462.918
2026-08-27 06:00:00,2495.52,2495.52,2484.07,2487.36,23238.842
2026-08-27 06:15:00,2487.36,2487.7,2482.77,2484.55,19484.525
2026-08-27 06:30:00,2484.54,2487.71,2484.54,2487.35,13459.387
2026-08-27 06:45:00,2487.35,2492.53,2487.34,2492.06,16032.281
2026-08-27 07:00:00,2492.07,2494.36,2489.12,2493.1,15759.988
2026-08-27 07:15:00,2493.11,2493.17,2487.42,2489.71,9318.166
2026-08-27 07:30:00,2489.71,2493.12,2489.47,2490.73,12884.447
2026-08-27 07:45:00,2490.74,2498.14,2490.39,2496.19,28738.949
2026-08-27 08:00:00,2496.18,2529.69,2496.18,2519.09,251762.993
2026-08-27 08:15:00,2519.09,2538.0,2510.0,2533.27,165511.525
2026-08-27 08:30:00,2533.27,2545.67,2525.99,2535.42,186018.567
2026-08-27 08:45:00,2535.42,2539.62,2527.27,2529.9,70725.28
2026-08-27 09:00:00,2529.91,2536.3,2524.07,2534.56,67990.845
2026-08-27 09:15:00,2534.56,2566.4,2530.0,2553.27,270063.752
2026-08-27 09:30:00,2553.28,2555.73,2537.08,2540.7,105477.669
2026-08-27 09:45:00,2540.71,2544.55,2531.31,2533.57,50628.707
2026-08-27 10:00:00,2533.57,2538.79,2524.18,2529.05,79358.745
2026-08-27 10:15:00,2529.04,2531.13,2483.5,2509.59,294344.652
2026-08-27 10:30:00,2509.59,2511.83,2494.67,2504.56,105033.294
2026-08-27 10:45:00,2504.56,2505.67,2499.65,2502.75,35457.402
2026-08-27 11:00:00,2502.76,2507.81,2500.66,2506.86,47097.378
2026-08-27 11:15:00,2506.85,2509.37,2497.44,2500.17,40526.328
2026-08-27 11:30:00,2500.17,2504.48,2496.51,2502.41,34670.038
2026-08-27 11:45:00,2502.41,2502.42,2491.0,2500.41,40642.669
2026-08-27 12:00:00,2500.41,2505.46,2498.5,2503.81,23076.151
2026-08-27 12:15:00,2503.81,2506.15,2501.2,2504.69,21326.653
2026-08-27 12:30:00,2504.69,2504.72,2494.55,2495.04,31786.872
2026-08-27 12:45:00,2495.04,2498.86,2489.94,2493.92,32249.089
2026-08-27 13:00:00,2493.92,2498.93,2493.29,2496.71,17054.709
2026-08-27 13:15:00,2496.71,2506.9,2495.7,2501.88,62393.213
2026-08-27 13:30:00,2501.88,2501.88,2482.03,2488.39,116645.579
2026-08-27 13:45:00,2488.39,2497.06,2481.19,2495.24,92291.163
2026-08-27 14:00:00,2495.24,2503.54,2487.35,2491.07,69678.331
2026-08-27 14:15:00,2491.07,2509.02,2489.15,2507.23,71165.154
2026-08-27 14:30:00,2507.22,2522.77,2503.17,2519.61,103563.295
2026-08-27 14:45:00,2519.62,2519.62,2510.02,2516.23,54519.846
2026-08-27 15:00:00,2516.24,2529.79,2512.41,2525.03,83431.577
2026-08-27 15:15:00,2525.03,2526.95,2514.72,2522.26,45053.298
2026-08-27 15:30:00,2522.26,2533.0,2514.33,2524.74,91364.887
2026-08-27 15:45:00,2524.75,2525.32,2518.49,2520.58,32832.57
2026-08-27 16:00:00,2520.59,2526.22,2514.76,2522.88,44662.009
2026-08-27 16:15:00,2522.87,2527.29,2520.47,2521.02,38896.188
2026-08-27 16:30:00,2521.01,2532.49,2517.58,2530.0,40064.439
2026-08-27 16:45:00,2530.0,2530.2,2520.64,2521.19,28687.931
2026-08-27 17:00:00,2521.18,2530.69,2514.91,2528.15,45277.954
2026-08-27 17:15:00,2528.16,2533.5,2522.56,2522.84,41016.03
2026-08-27 17:30:00,2522.85,2525.69,2516.39,2517.39,28333.97
2026-08-27 17:45:00,2517.39,2521.27,2513.62,2517.03,28599.178
2026-08-27 18:00:00,2517.02,2517.28,2491.3,2499.02,97159.279
2026-08-27 18:15:00,2499.02,2502.43,2487.4,2492.22,87063.173
2026-08-27 18:30:00,2492.22,2496.91,2490.03,2495.69,34091.7
2026-08-27 18:45:00,2495.69,2505.92,2494.05,2505.64,37660.756
2026-08-27 19:00:00,2505.64,2511.51,2503.81,2508.84,31656.9
2026-08-27 19:15:00,2508.85,2510.75,2506.02,2510.65,17412.116
2026-08-27 19:30:00,2510.66,2513.92,2506.38,2509.1,21590.498
2026-08-27 19:45:00,2509.11,2510.55,2495.72,2496.79,39481.092
2026-08-27 20:00:00,2496.8,2500.14,2493.6,2495.21,24797.776
2026-08-27 20:15:00,2495.21,2504.51,2494.83,2502.0,17678.471
2026-08-27 20:30:00,2502.0,2505.54,2501.4,2505.0,10944.792
2026-08-27 20:45:00,2505.01,2506.98,2500.56,2506.96,13077.573
2026-08-27 21:00:00,2506.96,2507.75,2502.2,2504.54,11588.748
2026-08-27 21:15:00,2504.53,2504.67,2499.07,2500.71,8864.517
2026-08-27 21:30:00,2500.71,2503.51,2498.0,2498.59,11013.891
2026-08-27 21:45:00,2498.59,2503.98,2497.82,2503.1,10564.86
2026-08-27 22:00:00,2503.09,2511.66,2503.09,2508.87,26202.432
2026-08-27 22:15:00,2508.87,2516.08,2508.48,2511.56,30957.253
2026-08-27 22:30:00,2511.55,2513.22,2509.07,2511.79,10410.671
2026-08-27 22:45:00,2511.79,2514.55,2509.73,2513.8,8011.032
2026-08-27 23:00:00,2513.8,2516.97,2509.31,2510.04,20610.685
2026-08-27 23:15:00,2510.04,2514.78,2507.68,2512.76,14751.55
2026-08-27 23:30:00,2512.76,2513.39,2509.51,2509.76,6881.961
2026-08-27 23:45:00,2509.76,2511.54,2508.19,2509.74,10132.417
2026-08-28 00:00:00,2509.75,2510.46,2504.68,2507.06,14175.585
2026-08-28 00:15:00,2507.07,2513.05,2506.71,2511.87,18418.497
2026-08-28 00:30:00,2511.87,2518.0,2508.75,2514.29,41463.671
2026-08-28 00:45:00,2514.29,2519.39,2511.34,2514.53,16050.899
2026-08-28 01:00:00,2514.53,2524.95,2514.28,2520.63,45177.951
2026-08-28 01:15:00,2520.63,2528.88,2518.91,2527.66,45105.717
2026-08-28 01:30:00,2527.66,2535.79,2516.56,2517.94,73021.241
2026-08-28 01:45:00,2517.93,2518.87,2506.22,2511.01,48829.436
2026-08-28 02:00:00,2511.01,2511.26,2501.31,2501.67,41669.269
2026-08-28 02:15:00,2501.68,2503.7,2489.11,2493.41,81840.059
2026-08-28 02:30:00,2493.4,2498.84,2488.87,2495.5,39299.109
2026-08-28 02:45:00,2495.49,2495.5,2482.85,2490.77,77078.524
2026-08-28 03:00:00,2490.77,2491.98,2484.81,2489.04,30069.676
2026-08-28 03:15:00,2489.04,2494.39,2488.88,2491.31,22196.054
2026-08-28 03:30:00,2491.31,2493.62,2487.67,2487.99,16511.585
2026-08-28 03:45:00,2488.0,2491.57,2487.5,2488.61,18627.085
2026-08-28 04:00:00,2488.6,2491.0,2473.68,2490.99,91650.057
2026-08-28 04:15:00,2491.0,2494.99,2486.52,2489.28,32929.036
2026-08-28 04:30:00,2489.27,2489.99,2482.07,2485.7,26685.763
2026-08-28 04:45:00,2485.7,2487.82,2483.47,2484.74,14352.214
2026-08-28 05:00:00,2484.74,2487.23,2481.0,2484.49,18647.928
2026-08-28 05:15:00,2484.49,2490.99,2481.89,2488.94,21742.798
2026-08-28 05:30:00,2488.93,2494.54,2488.28,2493.94,26536.523
2026-08-28 05:45:00,2493.94,2496.33,2490.49,2492.04,26935.571
2026-08-28 06:00:00,2492.04,2502.47,2492.04,2502.15,45605.472
2026-08-28 06:15:00,2502.15,2502.16,2499.51,2499.72,14203.446
2026-08-28 06:30:00,2499.72,2501.53,2497.85,2500.08,14388.87
2026-08-28 06:45:00,2500.08,2504.24,2499.84,2501.7,17826.189
2026-08-28 07:00:00,2501.7,2502.11,2492.69,2495.45,31354.903
2026-08-28 07:15:00,2495.44,2497.99,2493.57,2497.33,13679.655
2026-08-28 07:30:00,2497.33,2498.05,2493.97,2493.97,26219.886
2026-08-28 07:45:00,2493.97,2495.8,2493.74,2495.34,15335.226
2026-08-28 08:00:00,2495.35,2503.0,2495.34,2496.13,16705.753
2026-08-28 08:15:00,2496.13,2500.87,2496.13,2497.0,10961.147
2026-08-28 08:30:00,2497.01,2497.67,2493.35,2493.36,14754.464
2026-08-28 08:45:00,2493.35,2494.33,2485.06,2487.19,43171.308
2026-08-28 09:00:00,2487.18,2492.0,2482.0,2488.27,59065.067
2026-08-28 09:15:00,2488.26,2491.7,2488.26,2490.45,10141.759
2026-08-28 09:30:00,2490.45,2492.27,2487.25,2488.07,15798.228
2026-08-28 09:45:00,2488.07,2490.5,2487.32,2488.62,10412.051
2026-08-28 10:00:00,2488.62,2489.35,2480.51,2486.49,40318.578
2026-08-28 10:15:00,2486.49,2488.4,2483.0,2488.01,13271.38
2026-08-28 10:30:00,2488.02,2494.24,2488.01,2492.72,25131.74
2026-08-28 10:45:00,2492.71,2508.87,2492.58,2505.52,65329.342
2026-08-28 11:00:00,2505.52,2510.94,2504.74,2508.72,51160.744
2026-08-28 11:15:00,2508.73,2509.55,2503.01,2504.72,27434.74
2026-08-28 11:30:00,2504.72,2507.18,2501.1,2504.5,21746.744
2026-08-28 11:45:00,2504.5,2505.85,2502.02,2504.11,10335.183
2026-08-28 12:00:00,2504.11,2505.57,2498.71,2500.44,16286.994
2026-08-28 12:15:00,2500.44,2507.38,2499.28,2499.99,18557.14
2026-08-28 12:30:00,2499.99,2500.18,2494.22,2497.73,26372.595
2026-08-28 12:45:00,2497.72,2498.48,2495.14,2497.99,11779.323
2026-08-28 13:00:00,2498.0,2503.16,2496.15,2499.37,17910.181
2026-08-28 13:15:00,2499.37,2500.34,2494.5,2497.56,22547.903
2026-08-28 13:30:00,2497.56,2504.23,2495.0,2496.37,34874.233
2026-08-28 13:45:00,2496.37,2518.59,2495.11,2508.51,92110.949
2026-08-28 14:00:00,2508.52,2524.79,2461.71,2476.56,337116.713
2026-08-28 14:15:00,2476.56,2492.0,2470.45,2490.62,126397.673
2026-08-28 14:30:00,2490.61,2526.01,2485.33,2508.83,255863.112
2026-08-28 14:45:00,2508.82,2514.61,2498.5,2512.04,72044.75
2026-08-28 15:00:00,2512.04,2518.4,2500.55,2502.36,57926.998
2026-08-28 15:15:00,2502.37,2511.59,2501.01,2506.16,48845.029
2026-08-28 15:30:00,2506.16,2507.05,2486.12,2487.95,81023.471
2026-08-28 15:45:00,2487.94,2494.14,2467.71,2470.35,151902.759
2026-08-28 16:00:00,2470.35,2472.85,2443.07,2443.85,282356.791
2026-08-28 16:15:00,2443.84,2449.17,2403.78,2429.2,458877.833
2026-08-28 16:30:00,2429.2,2447.98,2427.97,2435.49,131661.665
2026-08-28 16:45:00,2435.49,2444.0,2435.31,2440.83,57199.161
2026-08-28 17:00:00,2440.83,2444.41,2436.09,2444.4,46468.603
2026-08-28 17:15:00,2444.41,2447.0,2436.56,2441.35,42390.669
2026-08-28 17:30:00,2441.35,2444.66,2436.08,2437.6,27070.36
2026-08-28 17:45:00,2437.61,2445.41,2437.6,2442.45,24421.772
2026-08-28 18:00:00,2442.44,2443.9,2436.78,2437.19,28199.977
2026-08-28 18:15:00,2437.19,2438.95,2426.0,2430.26,71746.035
2026-08-28 18:30:00,2430.26,2431.7,2418.15,2422.34,65015.109
2026-08-28 18:45:00,2422.34,2427.88,2416.67,2427.47,72844.973
2026-08-28 19:00:00,2427.47,2436.81,2427.46,2434.5,34298.942
2026-08-28 19:15:00,2434.51,2442.65,2432.68,2437.02,29316.488
2026-08-28 19:30:00,2437.01,2438.09,2434.38,2435.14,15059.407
2026-08-28 19:45:00,2435.14,2435.85,2429.79,2434.42,21485.242
2026-08-28 20:00:00,2434.43,2434.89,2429.52,2434.44,17753.431
2026-08-28 20:15:00,2434.44,2434.45,2429.21,2431.2,6760.722
2026-08-28 20:30:00,2431.19,2431.19,2423.09,2426.27,21273.88
2026-08-28 20:45:00,2426.26,2430.0,2425.02,2426.63,12498.292
2026-08-28 21:00:00,2426.63,2428.48,2424.12,2427.0,10838.693
2026-08-28 21:15:00,2427.0,2428.76,2423.11,2427.18,8272.78
2026-08-28 21:30:00,2427.17,2430.96,2425.41,2427.48,14700.139
2026-08-28 21:45:00,2427.49,2427.49,2420.76,2423.99,13857.924
2026-08-28 22:00:00,2423.99,2429.09,2421.57,2429.02,13001.727
2026-08-28 22:15:00,2429.02,2436.8,2425.69,2432.98,22392.346
2026-08-28 22:30:00,2432.99,2439.37,2432.57,2438.85,24321.897
2026-08-28 22:45:00,2438.86,2445.68,2438.85,2440.93,40066.926
2026-08-28 23:00:00,2440.92,2440.98,2437.65,2440.64,11628.537
2026-08-28 23:15:00,2440.64,2440.99,2435.53,2437.14,11657.948
2026-08-28 23:30:00,2437.14,2438.8,2436.71,2438.46,6207.141
2026-08-28 23:45:00,2438.45,2442.11,2436.15,2441.9,14822.843
2026-08-29 00:00:00,2441.91,2444.6,2440.89,2441.15,11632.526
2026-08-29 00:15:00,2441.15,2447.0,2441.15,2444.52,15399.721
2026-08-29 00:30:00,2444.52,2444.54,2441.52,2443.18,11415.263
2026-08-29 00:45:00,2443.19,2443.75,2439.68,2441.42,15050.545
2026-08-29 01:00:00,2441.42,2441.63,2438.09,2438.92,8401.744
2026-08-29 01:15:00,2438.92,2443.0,2438.72,2443.0,6853.065
2026-08-29 01:30:00,2442.99,2444.19,2441.0,2443.5,8866.889
2026-08-29 01:45:00,2443.5,2444.7,2440.72,2442.44,10509.143
2026-08-29 02:00:00,2442.44,2443.8,2440.8,2440.8,7669.449
2026-08-29 02:15:00,2440.81,2441.11,2436.0,2437.28,17092.276
2026-08-29 02:30:00,2437.28,2438.93,2433.96,2436.96,9872.813
2026-08-29 02:45:00,2436.97,2439.36,2436.23,2437.59,6319.641
2026-08-29 03:00:00,2437.6,2439.0,2437.59,2437.74,5136.086
2026-08-29 03:15:00,2437.75,2440.5,2435.98,2439.25,7176.603
2026-08-29 03:30:00,2439.24,2440.09,2436.28,2437.2,9995.101
2026-08-29 03:45:00,2437.2,2437.28,2433.55,2434.05,14185.641
2026-08-29 04:00:00,2434.06,2436.8,2433.59,2435.88,7629.986
2026-08-29 04:15:00,2435.89,2437.28,2435.31,2436.79,5578.206
2026-08-29 04:30:00,2436.8,2438.28,2436.34,2437.72,5791.378
2026-08-29 04:45:00,2437.73,2439.87,2436.91,2439.14,7826.375
2026-08-29 05:00:00,2439.15,2440.88,2438.0,2440.24,8643.841
2026-08-29 05:15:00,2440.25,2440.25,2438.03,2438.73,9669.629
2026-08-29 05:30:00,2438.73,2440.47,2437.61,2439.95,6633.374
2026-08-29 05:45:00,2439.95,2440.19,2437.0,2437.8,3855.125
2026-08-29 06:00:00,2437.8,2438.01,2429.04,2430.73,28724.926
2026-08-29 06:15:00,2430.74,2432.92,2429.19,2430.5,16652.649
2026-08-29 06:30:00,2430.5,2433.84,2430.49,2432.92,7943.402
2026-08-29 06:45:00,2432.93,2434.36,2432.76,2433.93,5679.955
2026-08-29 07:00:00,2433.93,2436.49,2432.88,2433.53,9530.136
2026-08-29 07:15:00,2433.53,2435.6,2433.0,2434.07,5229.538
2026-08-29 07:30:00,2434.08,2436.96,2433.56,2435.75,9093.63
2026-08-29 07:45:00,2435.76,2436.98,2434.68,2435.2,6571.435
2026-08-29 08:00:00,2435.2,2435.2,2430.2,2432.03,10959.41
2026-08-29 08:15:00,2432.03,2434.44,2431.51,2434.43,5763.041
2026-08-29 08:30:00,2434.44,2434.44,2431.42,2432.09,5908.235
2026-08-29 08:45:00,2432.09,2433.24,2430.0,2432.98,9226.529
2026-08-29 09:00:00,2432.99,2435.29,2432.39,2434.37,8800.909
2026-08-29 09:15:00,2434.38,2435.0,2432.92,2433.07,4856.017
2026-08-29 09:30:00,2433.08,2436.4,2433.05,2434.61,7903.603
2026-08-29 09:45:00,2434.61,2435.42,2434.11,2434.21,5937.944
2026-08-29 10:00:00,2434.21,2434.22,2430.25,2432.94,9120.783
2026-08-29 10:15:00,2432.95,2437.24,2432.95,2435.44,11500.955
2026-08-29 10:30:00,2435.44,2435.8,2434.04,2434.39,4024.511
2026-08-29 10:45:00,2434.39,2435.56,2433.58,2433.58,4175.064
2026-08-29 11:00:00,2433.58,2437.54,2432.63,2436.73,6173.927
2026-08-29 11:15:00,2436.74,2437.54,2435.8,2436.49,6331.943
2026-08-29 11:30:00,2436.5,2436.54,2434.81,2434.84,4640.007
2026-08-29 11:45:00,2434.84,2436.0,2434.29,2434.87,4099.383
2026-08-29 12:00:00,2434.87,2435.6,2434.14,2435.56,4452.955
2026-08-29 12:15:00,2435.57,2438.1,2432.71,2434.8,13825.984
2026-08-29 12:30:00,2434.8,2435.11,2433.18,2433.68,3295.258
2026-08-29 12:45:00,2433.69,2434.43,2432.09,2433.52,5331.282
2026-08-29 13:00:00,2433.53,2434.08,2432.28,2433.36,6400.44
2026-08-29 13:15:00,2433.37,2435.06,2431.2,2433.27,12125.66
2026-08-29 13:30:00,2433.27,2435.08,2432.6,2433.44,3616.868
2026-08-29 13:45:00,2433.45,2435.59,2433.22,2434.59,4312.566
2026-08-29 14:00:00,2434.59,2435.97,2434.0,2435.0,4993.308
2026-08-29 14:15:00,2435.01,2436.3,2434.35,2434.88,6037.772
2026-08-29 14:30:00,2434.88,2447.88,2434.73,2443.5,70473.98
2026-08-29 14:45:00,2443.5,2452.0,2443.5,2447.34,46241.57
2026-08-29 15:00:00,2447.35,2448.02,2439.94,2443.83,27565.741
2026-08-29 15:15:00,2443.84,2445.79,2440.0,2443.63,14887.024
2026-08-29 15:30:00,2443.63,2445.25,2441.15,2442.75,12929.29
2026-08-29 15:45:00,2442.75,2445.87,2441.5,2443.51,8473.574
2026-08-29 16:00:00,2443.51,2447.49,2443.5,2447.43,14923.255
2026-08-29 16:15:00,2447.42,2458.64,2444.61,2447.09,55005.336
2026-08-29 16:30:00,2447.1,2450.85,2444.86,2449.59,16628.837
2026-08-29 16:45:00,2449.59,2453.77,2448.48,2449.7,20847.689
2026-08-29 17:00:00,2449.71,2452.85,2449.71,2451.8,10718.381
2026-08-29 17:15:00,2451.8,2454.29,2446.68,2447.3,18893.89
2026-08-29 17:30:00,2447.3,2448.9,2444.33,2447.98,10728.158
2026-08-29 17:45:00,2447.97,2449.38,2446.48,2449.34,8716.445
2026-08-29 18:00:00,2449.34,2450.7,2447.01,2447.1,6368.85
2026-08-29 18:15:00,2447.09,2448.1,2444.39,2445.79,7792.886
2026-08-29 18:30:00,2445.79,2453.76,2444.35,2451.66,17083.963
2026-08-29 18:45:00,2451.66,2454.4,2450.63,2451.12,9931.426
2026-08-29 19:00:00,2451.13,2455.92,2451.12,2455.92,8775.983
2026-08-29 19:15:00,2455.91,2457.45,2454.52,2456.29,19728.86
2026-08-29 19:30:00,2456.28,2457.87,2452.9,2454.49,19492.112
2026-08-29 19:45:00,2454.49,2454.5,2450.28,2452.16,7498.762
2026-08-29 20:00:00,2452.16,2455.32,2451.0,2455.24,8762.215
2026-08-29 20:15:00,2455.23,2457.23,2451.94,2451.95,8797.14
2026-08-29 20:30:00,2451.94,2452.56,2450.4,2452.18,6849.91
2026-08-29 20:45:00,2452.18,2452.56,2451.12,2451.54,3794.126
2026-08-29 21:00:00,2451.53,2452.75,2447.57,2450.65,10792.206
2026-08-29 21:15:00,2450.64,2451.54,2449.03,2449.03,3509.7
2026-08-29 21:30:00,2449.04,2450.39,2448.91,2450.26,4378.193
2026-08-29 21:45:00,2450.25,2451.65,2449.63,2450.34,5451.115
2026-08-29 22:00:00,2450.33,2451.95,2449.02,2449.93,5006.462
2026-08-29 22:15:00,2449.93,2450.41,2448.22,2449.75,4368.389
2026-08-29 22:30:00,2449.75,2450.37,2449.72,2450.27,2662.66
2026-08-29 22:45:00,2450.26,2452.19,2450.26,2451.48,3831.664
2026-08-29 23:00:00,2451.47,2455.6,2451.47,2454.49,12889.759
2026-08-29 23:15:00,2454.49,2455.33,2451.79,2453.98,7711.428
2026-08-29 23:30:00,2453.98,2456.63,2452.22,2455.35,7519.941
2026-08-29 23:45:00,2455.36,2458.75,2455.36,2456.5,9851.716
2026-08-30 00:00:00,2456.5,2456.5,2453.29,2455.01,7599.723
2026-08-30 00:15:00,2455.01,2466.95,2455.01,2461.65,48890.548
2026-08-30 00:30:00,2461.64,2464.3,2458.91,2459.76,15586.743
2026-08-30 00:45:00,2459.75,2462.47,2457.43,2457.81,9244.012
2026-08-30 01:00:00,2457.81,2459.6,2455.19,2455.33,8683.906
2026-08-30 01:15:00,2455.33,2455.96,2451.5,2453.21,18557.971
2026-08-30 01:30:00,2453.21,2457.05,2452.28,2455.13,9739.769
2026-08-30 01:45:00,2455.13,2458.35,2453.89,2455.44,12830.842
2026-08-30 02:00:00,2455.43,2457.55,2453.91,2457.11,7458.889
2026-08-30 02:15:00,2457.11,2457.54,2452.83,2454.43,9489.287
2026-08-30 02:30:00,2454.43,2456.79,2452.55,2454.86,11357.51
2026-08-30 02:45:00,2454.86,2457.79,2453.42,2453.69,14197.96
2026-08-30 03:00:00,2453.68,2454.96,2452.54,2454.86,9000.406
2026-08-30 03:15:00,2454.85,2457.91,2454.01,2457.91,5517.445
2026-08-30 03:30:00,2457.91,2459.44,2456.78,2457.34,10058.518
2026-08-30 03:45:00,2457.33,2457.34,2455.38,2456.0,4473.668
2026-08-30 04:00:00,2456.0,2457.8,2455.26,2455.86,3931.941
2026-08-30 04:15:00,2455.86,2457.47,2453.22,2454.4,8742.471
2026-08-30 04:30:00,2454.4,2455.06,2451.63,2452.09,12630.831
2026-08-30 04:45:00,2452.1,2454.8,2450.36,2454.8,14929.292
2026-08-30 05:00:00,2454.79,2459.05,2454.43,2455.96,12740.692
2026-08-30 05:15:00,2455.96,2455.96,2454.6,2454.99,3195.386
2026-08-30 05:30:00,2454.99,2455.95,2454.1,2454.8,5001.504
2026-08-30 05:45:00,2454.8,2455.27,2454.18,2454.99,3695.227
2026-08-30 06:00:00,2455.0,2455.25,2453.97,2454.67,3764.119
2026-08-30 06:15:00,2454.67,2456.73,2454.66,2455.59,3403.607
2026-08-30 06:30:00,2455.59,2459.15,2455.58,2458.45,11601.559
2026-08-30 06:45:00,2458.44,2460.53,2458.0,2460.1,11384.411
2026-08-30 07:00:00,2460.1,2460.12,2457.47,2458.32,6645.389
2026-08-30 07:15:00,2458.32,2458.32,2456.66,2456.67,3365.233
2026-08-30 07:30:00,2456.67,2457.73,2455.0,2455.08,10502.522
2026-08-30 07:45:00,2455.07,2456.28,2453.61,2454.19,9418.078
2026-08-30 08:00:00,2454.19,2457.93,2454.19,2455.33,7987.628
2026-08-30 08:15:00,2455.32,2458.8,2455.32,2457.46,5310.827
2026-08-30 08:30:00,2457.46,2457.65,2453.77,2455.14,6193.569
2026-08-30 08:45:00,2455.13,2456.11,2453.58,2455.86,10344.505
2026-08-30 09:00:00,2455.86,2456.57,2455.17,2455.98,3799.066
2026-08-30 09:15:00,2455.97,2457.2,2452.0,2452.43,10376.635
2026-08-30 09:30:00,2452.44,2454.67,2450.5,2453.2,22771.133
2026-08-30 09:45:00,2453.19,2454.64,2451.73,2452.61,7959.95
2026-08-30 10:00:00,2452.61,2454.76,2451.4,2452.63,6665.638
2026-08-30 10:15:00,2452.63,2457.93,2451.53,2454.67,10876.412
2026-08-30 10:30:00,2454.68,2457.5,2454.31,2457.01,8629.812
2026-08-30 10:45:00,2457.01,2459.11,2457.0,2458.65,8426.369
2026-08-30 11:00:00,2458.65,2459.36,2456.94,2457.95,8378.555
2026-08-30 11:15:00,2457.94,2460.98,2457.04,2460.46,9235.591
2026-08-30 11:30:00,2460.46,2460.46,2456.81,2458.66,12396.748
2026-08-30 11:45:00,2458.66,2459.11,2455.55,2459.11,7321.789
2026-08-30 12:00:00,2459.11,2472.99,2459.03,2469.25,76839.409
2026-08-30 12:15:00,2469.24,2469.25,2461.5,2465.42,28985.27
2026-08-30 12:30:00,2465.43,2466.33,2456.81,2463.26,41896.466
2026-08-30 12:45:00,2463.25,2468.34,2461.59,2467.99,18900.149
2026-08-30 13:00:00,2467.98,2469.69,2460.68,2460.81,30391.132
2026-08-30 13:15:00,2460.8,2465.77,2459.35,2465.29,13835.899
2026-08-30 13:30:00,2465.28,2470.54,2463.94,2468.59,22831.431
2026-08-30 13:45:00,2468.6,2477.99,2468.59,2474.16,71540.717
2026-08-30 14:00:00,2474.17,2478.64,2469.35,2477.36,37136.054
2026-08-30 14:15:00,2477.36,2478.25,2473.56,2475.43,20766.517
2026-08-30 14:30:00,2475.42,2478.6,2471.88,2474.04,20367.69
2026-08-30 14:45:00,2474.04,2477.15,2472.59,2475.76,13862.767
2026-08-30 15:00:00,2475.77,2481.37,2471.32,2472.33,32192.944
2026-08-30 15:15:00,2472.33,2479.0,2469.72,2476.4,29686.401
2026-08-30 15:30:00,2476.41,2478.64,2475.11,2478.63,11155.204
2026-08-30 15:45:00,2478.64,2483.52,2477.03,2479.91,19850.554
2026-08-30 16:00:00,2479.92,2514.98,2477.87,2509.53,165283.113
2026-08-30 16:15:00,2509.54,2519.1,2506.01,2512.56,159996.012
2026-08-30 16:30:00,2512.57,2534.22,2511.42,2528.22,163014.698
2026-08-30 16:45:00,2528.21,2530.2,2520.17,2528.29,65295.736
2026-08-30 17:00:00,2528.28,2528.28,2518.91,2520.08,51441.474
2026-08-30 17:15:00,2520.09,2520.32,2492.68,2497.02,177963.787
2026-08-30 17:30:00,2497.03,2506.86,2493.55,2506.19,48831.137
2026-08-30 17:45:00,2506.18,2508.67,2500.34,2504.62,23809.915
2026-08-30 18:00:00,2504.62,2507.58,2494.68,2498.49,31358.0
2026-08-30 18:15:00,2498.5,2512.0,2497.56,2510.89,29515.501
2026-08-30 18:30:00,2510.88,2516.66,2509.53,2513.34,34171.405
2026-08-30 18:45:00,2513.35,2513.6,2508.43,2509.86,13992.796
2026-08-30 19:00:00,2509.87,2511.33,2505.16,2511.21,14714.731
2026-08-30 19:15:00,2511.2,2512.41,2504.97,2505.17,13465.341
2026-08-30 19:30:00,2505.18,2506.42,2498.21,2498.3,19323.157
2026-08-30 19:45:00,2498.3,2503.58,2495.22,2502.76,24160.21
2026-08-30 20:00:00,2502.76,2507.32,2502.76,2503.76,16403.331
2026-08-30 20:15:00,2503.76,2507.73,2501.89,2502.51,9491.956
2026-08-30 20:30:00,2502.51,2503.5,2483.0,2487.15,61895.436
2026-08-30 20:45:00,2487.16,2498.98,2485.97,2489.59,39091.491
2026-08-30 21:00:00,2489.59,2489.6,2458.17,2473.04,172724.348
2026-08-30 21:15:00,2473.03,2478.0,2470.14,2476.33,26940.533
2026-08-30 21:30:00,2476.33,2482.97,2475.31,2479.11,25509.011
2026-08-30 21:45:00,2479.11,2482.18,2473.53,2480.64,22405.322
2026-08-30 22:00:00,2480.63,2488.08,2473.09,2473.26,36317.888
2026-08-30 22:15:00,2473.26,2474.99,2463.55,2466.21,44082.643
2026-08-30 22:30:00,2466.21,2474.4,2458.56,2470.25,38689.534
2026-08-30 22:45:00,2470.25,2471.97,2464.56,2469.51,29013.623
2026-08-30 23:00:00,2469.52,2469.52,2462.64,2463.71,22943.964
2026-08-30 23:15:00,2463.71,2464.66,2420.63,2425.43,207171.091
2026-08-30 23:30:00,2425.43,2434.82,2401.43,2410.58,254843.649
2026-08-30 23:45:00,2410.57,2419.0,2384.2,2415.55,207147.505
2026-08-31 00:00:00,2415.57,2420.57,2403.95,2419.27,98775.83
2026-08-31 00:15:00,2419.27,2431.68,2417.49,2429.42,83997.613
2026-08-31 00:30:00,2429.42,2438.97,2427.56,2431.11,51241.26
2026-08-31 00:45:00,2431.12,2432.4,2424.59,2427.14,31791.184
2026-08-31 01:00:00,2427.13,2429.56,2412.55,2416.71,58329.236
2026-08-31 01:15:00,2416.72,2422.38,2414.01,2419.2,30374.687
2026-08-31 01:30:00,2419.2,2426.0,2413.83,2417.37,35962.607
2026-08-31 01:45:00,2417.38,2420.8,2406.46,2412.17,35961.237
2026-08-31 02:00:00,2412.16,2424.31,2407.07,2421.66,51791.58
2026-08-31 02:15:00,2421.67,2422.33,2412.53,2415.7,32728.355
2026-08-31 02:30:00,2415.7,2417.88,2411.6,2412.24,21216.441
2026-08-31 02:45:00,2412.24,2413.22,2400.19,2406.99,57870.681
2026-08-31 03:00:00,2406.99,2416.0,2403.57,2414.37,36768.307
2026-08-31 03:15:00,2414.36,2421.86,2412.6,2419.05,25132.341
2026-08-31 03:30:00,2419.06,2422.98,2417.25,2422.21,21473.43
2026-08-31 03:45:00,2422.22,2423.77,2419.48,2419.95,20312.716
2026-08-31 04:00:00,2419.95,2420.38,2412.1,2413.7,29788.072
2026-08-31 04:15:00,2413.7,2414.07,2410.2,2411.49,24731.042
2026-08-31 04:30:00,2411.5,2415.0,2411.0,2414.16,18934.091
2026-08-31 04:45:00,2414.17,2417.58,2410.15,2416.36,19214.353
2026-08-31 05:00:00,2416.36,2422.74,2413.0,2421.23,28791.805
2026-08-31 05:15:00,2421.23,2442.0,2421.22,2434.35,106095.123
2026-08-31 05:30:00,2434.34,2436.6,2427.71,2434.87,51274.505
2026-08-31 05:45:00,2434.87,2437.8,2432.41,2434.91,25416.434
2026-08-31 06:00:00,2434.92,2436.72,2430.06,2435.29,24644.409
2026-08-31 06:15:00,2435.3,2444.63,2434.84,2440.35,45713.039
2026-08-31 06:30:00,2440.35,2443.4,2436.0,2441.11,51952.244
2026-08-31 06:45:00,2441.1,2442.75,2436.89,2437.55,23544.423
2026-08-31 07:00:00,2437.54,2440.81,2434.77,2438.62,19173.511
2026-08-31 07:15:00,2438.62,2445.96,2438.61,2441.66,23502.17
2026-08-31 07:30:00,2441.65,2441.99,2437.33,2440.02,17955.513
2026-08-31 07:45:00,2440.02,2440.18,2437.42,2439.02,11986.443
2026-08-31 08:00:00,2439.02,2445.0,2432.65,2439.45,30566.425
2026-08-31 08:15:00,2439.45,2439.49,2432.35,2434.99,23156.782
2026-08-31 08:30:00,2434.99,2448.87,2434.38,2442.0,31111.798
2026-08-31 08:45:00,2442.0,2447.78,2441.38,2445.0,22798.358
2026-08-31 09:00:00,2444.99,2452.5,2442.02,2444.28,34809.074
2026-08-31 09:15:00,2444.28,2451.4,2443.0,2445.85,27229.91
2026-08-31 09:30:00,2445.84,2448.78,2444.88,2448.27,11506.178
2026-08-31 09:45:00,2448.27,2456.37,2445.01,2445.47,39919.192
2026-08-31 10:00:00,2445.48,2448.54,2439.72,2448.21,34856.407
2026-08-31 10:15:00,2448.21,2448.83,2444.18,2447.82,12143.242
2026-08-31 10:30:00,2447.82,2450.82,2444.71,2449.8,14181.53
2026-08-31 10:45:00,2449.79,2455.92,2448.83,2454.37,31852.267
2026-08-31 11:00:00,2454.37,2456.98,2451.32,2453.47,27412.064
2026-08-31 11:15:00,2453.48,2455.75,2449.73,2451.15,14067.763
2026-08-31 11:30:00,2451.16,2451.22,2445.24,2446.16,20095.849
2026-08-31 11:45:00,2446.16,2447.17,2443.01,2445.1,13477.118
2026-08-31 12:00:00,2445.11,2456.48,2443.69,2452.25,43236.368
2026-08-31 12:15:00,2452.25,2463.48,2446.16,2453.63,88065.267
2026-08-31 12:30:00,2453.64,2458.29,2442.56,2450.0,79696.113
2026-08-31 12:45:00,2449.99,2451.24,2445.46,2450.61,29312.295
2026-08-31 13:00:00,2450.6,2458.55,2450.28,2452.64,24773.883
2026-08-31 13:15:00,2452.64,2454.0,2443.66,2449.7,30352.744
2026-08-31 13:30:00,2449.71,2457.8,2444.0,2446.57,49819.317
2026-08-31 13:45:00,2446.57,2448.59,2436.05,2439.53,69856.756
2026-08-31 14:00:00,2439.54,2446.97,2437.21,2439.37,32240.019
2026-08-31 14:15:00,2439.36,2448.25,2436.48,2444.65,32887.073
2026-08-31 14:30:00,2444.64,2474.78,2442.85,2464.51,137154.211
2026-08-31 14:45:00,2464.5,2469.82,2459.61,2466.78,68994.404
2026-08-31 15:00:00,2466.79,2469.88,2457.55,2458.47,38535.772
2026-08-31 15:15:00,2458.47,2469.65,2456.82,2467.56,33217.274
2026-08-31 15:30:00,2467.57,2477.68,2464.5,2475.32,56119.226
2026-08-31 15:45:00,2475.32,2476.93,2465.63,2466.4,30179.87
2026-08-31 16:00:00,2466.41,2471.4,2463.38,2464.35,35518.37
2026-08-31 16:15:00,2464.35,2470.34,2460.64,2463.75,35761.381
2026-08-31 16:30:00,2463.76,2471.81,2462.8,2470.53,23736.202
2026-08-31 16:45:00,2470.53,2475.99,2467.2,2468.0,27909.251
2026-08-31 17:00:00,2468.01,2472.76,2466.95,2470.48,14852.254
2026-08-31 17:15:00,2470.49,2470.85,2459.5,2462.51,39186.943
2026-08-31 17:30:00,2462.52,2474.07,2461.08,2470.17,30250.961
2026-08-31 17:45:00,2470.16,2476.66,2468.46,2474.17,30336.08
2026-08-31 18:00:00,2474.17,2474.19,2468.61,2472.33,17237.771
2026-08-31 18:15:00,2472.33,2479.67,2467.83,2470.02,49159.93
2026-08-31 18:30:00,2470.01,2489.18,2469.0,2486.65,51861.65
2026-08-31 18:45:00,2486.65,2486.66,2475.21,2476.57,40146.907
2026-08-31 19:00:00,2476.58,2490.24,2476.57,2485.3,40787.001
2026-08-31 19:15:00,2485.29,2485.29,2480.49,2484.24,18087.29
2026-08-31 19:30:00,2484.24,2484.72,2477.0,2479.08,16731.411
2026-08-31 19:45:00,2479.08,2484.26,2476.22,2480.77,22273.396
2026-08-31 20:00:00,2480.77,2482.34,2476.85,2478.82,12337.867
2026-08-31 20:15:00,2478.83,2485.93,2473.32,2475.12,18914.781
2026-08-31 20:30:00,2475.12,2476.88,2468.55,2472.77,27900.507
2026-08-31 20:45:00,2472.77,2473.79,2469.82,2471.8,12992.233
2026-08-31 21:00:00,2471.81,2475.37,2466.1,2471.67,25079.332
2026-08-31 21:15:00,2471.67,2477.69,2469.52,2477.68,12857.08
2026-08-31 21:30:00,2477.68,2482.46,2476.84,2480.31,18600.057
2026-08-31 21:45:00,2480.3,2482.0,2477.09,2477.35,8139.893
2026-08-31 22:00:00,2477.35,2479.88,2473.21,2473.57,11027.775
2026-08-31 22:15:00,2473.57,2473.98,2469.44,2470.07,15350.163
2026-08-31 22:30:00,2470.07,2471.05,2466.58,2467.61,14603.428
2026-08-31 22:45:00,2467.62,2469.74,2466.56,2468.23,7346.723
2026-08-31 23:00:00,2468.22,2468.23,2460.38,2463.33,28333.563
2026-08-31 23:15:00,2463.33,2465.94,2462.3,2465.35,8655.553
2026-08-31 23:30:00,2465.34,2467.15,2463.29,2466.39,5738.197
2026-08-31 23:45:00,2466.39,2467.23,2464.71,2466.53,7434.738
2026-09-01 00:00:00,2466.52,2472.72,2464.32,2471.18,19853.482
2026-09-01 00:15:00,2471.18,2476.44,2470.41,2474.26,16947.597
2026-09-01 00:30:00,2474.26,2475.87,2469.84,2470.95,15409.674
2026-09-01 00:45:00,2470.94,2474.88,2467.93,2470.75,11224.072
2026-09-01 01:00:00,2470.75,2475.19,2466.0,2466.94,13763.919
2026-09-01 01:15:00,2466.93,2469.12,2454.8,2460.09,37661.954
2026-09-01 01:30:00,2460.09,2467.18,2457.0,2466.58,23464.067
2026-09-01 01:45:00,2466.57,2466.83,2460.18,2461.77,9927.264
2026-09-01 02:00:00,2461.76,2461.76,2453.03,2457.14,35604.588
2026-09-01 02:15:00,2457.13,2462.91,2454.0,2457.65,28864.98
2026-09-01 02:30:00,2457.65,2462.58,2457.64,2459.57,12265.689
2026-09-01 02:45:00,2459.56,2464.59,2458.88,2463.83,9222.003
2026-09-01 03:00:00,2463.84,2466.58,2462.79,2464.98,14576.071
2026-09-01 03:15:00,2464.98,2466.09,2462.18,2465.78,11218.021
2026-09-01 03:30:00,2465.77,2481.95,2465.23,2475.69,62218.92
2026-09-01 03:45:00,2475.69,2475.69,2470.19,2471.39,14624.869
2026-09-01 04:00:00,2471.4,2474.31,2469.17,2472.05,14839.858
2026-09-01 04:15:00,2472.05,2477.61,2472.04,2475.13,14579.01
2026-09-01 04:30:00,2475.12,2476.1,2470.21,2470.23,7469.897
2026-09-01 04:45:00,2470.22,2471.59,2467.33,2468.94,19573.516
2026-09-01 05:00:00,2468.94,2476.0,2467.86,2472.0,13712.98
2026-09-01 05:15:00,2472.01,2474.84,2469.44,2474.64,15094.751
2026-09-01 05:30:00,2474.64,2481.48,2474.35,2481.12,27493.572
2026-09-01 05:45:00,2481.12,2484.6,2478.34,2483.51,26662.168
2026-09-01 06:00:00,2483.51,2483.51,2477.46,2478.51,18300.442
2026-09-01 06:15:00,2478.51,2478.51,2472.51,2474.63,22746.699
2026-09-01 06:30:00,2474.62,2476.68,2474.15,2475.6,10029.332
2026-09-01 06:45:00,2475.6,2475.6,2470.68,2470.69,11368.127
2026-09-01 07:00:00,2470.68,2474.18,2470.01,2472.77,14661.851
2026-09-01 07:15:00,2472.77,2476.46,2472.22,2474.13,14059.713
2026-09-01 07:30:00,2474.14,2474.94,2465.37,2469.53,29786.565
2026-09-01 07:45:00,2469.53,2472.88,2467.58,2471.44,11874.795
2026-09-01 08:00:00,2471.44,2472.54,2460.0,2462.9,47288.072
2026-09-01 08:15:00,2462.91,2463.93,2446.43,2446.84,84660.867
2026-09-01 08:30:00,2446.83,2454.88,2443.55,2450.54,69418.997
2026-09-01 08:45:00,2450.54,2453.23,2446.0,2447.09,31037.396
2026-09-01 09:00:00,2447.08,2448.84,2442.12,2443.71,36468.968
2026-09-01 09:15:00,2443.71,2452.48,2443.06,2450.27,37817.168
2026-09-01 09:30:00,2450.28,2454.14,2448.0,2453.42,25836.06
2026-09-01 09:45:00,2453.42,2453.78,2450.57,2451.1,14899.826
2026-09-01 10:00:00,2451.1,2453.92,2448.0,2451.01,16100.343
2026-09-01 10:15:00,2451.0,2458.55,2447.2,2456.65,28161.233
2026-09-01 10:30:00,2456.65,2462.55,2456.65,2459.17,29377.636
2026-09-01 10:45:00,2459.17,2461.4,2454.41,2455.78,16763.989
2026-09-01 11:00:00,2455.79,2455.94,2452.12,2453.61,18248.088
2026-09-01 11:15:00,2453.61,2455.89,2451.05,2455.26,9488.374
2026-09-01 11:30:00,2455.26,2462.48,2453.55,2458.88,26790.171
2026-09-01 11:45:00,2458.88,2462.78,2456.09,2457.87,23122.392
2026-09-01 12:00:00,2457.88,2458.09,2452.07,2454.38,26925.028
2026-09-01 12:15:00,2454.37,2457.52,2450.49,2454.28,14184.581
2026-09-01 12:30:00,2454.28,2454.28,2435.45,2445.0,89484.751
2026-09-01 12:45:00,2445.0,2448.28,2443.47,2445.22,32510.577
2026-09-01 13:00:00,2445.21,2446.33,2421.0,2440.27,118803.716
2026-09-01 13:15:00,2440.27,2443.97,2437.39,2443.05,29135.156
2026-09-01 13:30:00,2443.05,2448.93,2430.08,2441.28,92981.884
2026-09-01 13:45:00,2441.28,2448.48,2438.85,2442.99,80987.416
2026-09-01 14:00:00,2443.0,2455.74,2440.94,2449.84,127171.306
2026-09-01 14:15:00,2449.85,2453.96,2445.2,2450.0,50078.564
2026-09-01 14:30:00,2450.0,2454.74,2448.68,2453.87,35196.594
2026-09-01 14:45:00,2453.88,2456.49,2445.9,2448.24,32296.683
2026-09-01 15:00:00,2448.23,2448.49,2432.68,2436.52,77864.689
2026-09-01 15:15:00,2436.52,2442.38,2434.13,2442.37,31779.071
2026-09-01 15:30:00,2442.37,2448.86,2440.03,2447.95,22126.521
2026-09-01 15:45:00,2447.94,2453.84,2446.87,2447.9,34933.636
2026-09-01 16:00:00,2447.9,2448.64,2432.05,2433.43,66099.519
2026-09-01 16:15:00,2433.42,2437.7,2423.25,2432.48,78804.713
2026-09-01 16:30:00,2432.47,2434.5,2416.41,2428.19,90314.85
2026-09-01 16:45:00,2428.19,2434.46,2427.02,2431.68,24346.45
2026-09-01 17:00:00,2431.68,2433.85,2429.74,2431.82,28568.021
2026-09-01 17:15:00,2431.82,2436.0,2426.95,2432.07,30267.382
2026-09-01 17:30:00,2432.07,2438.68,2431.25,2432.35,20526.537
2026-09-01 17:45:00,2432.35,2432.35,2413.77,2417.3,93605.297
2026-09-01 18:00:00,2417.3,2421.04,2406.0,2415.69,148926.002
2026-09-01 18:15:00,2415.7,2417.27,2400.37,2413.33,80773.832
2026-09-01 18:30:00,2413.33,2416.11,2386.8,2388.46,154220.889
2026-09-01 18:45:00,2388.45,2412.68,2381.7,2411.8,148404.025
2026-09-01 19:00:00,2411.79,2419.33,2411.07,2414.24,69622.27
2026-09-01 19:15:00,2414.25,2423.62,2411.16,2419.51,62049.068
2026-09-01 19:30:00,2419.51,2420.99,2415.46,2416.34,17506.87
2026-09-01 19:45:00,2416.33,2418.24,2411.7,2417.99,26233.506
2026-09-01 20:00:00,2417.98,2419.5,2411.88,2419.2,23651.866
2026-09-01 20:15:00,2419.21,2421.25,2415.25,2419.18,21553.633
2026-09-01 20:30:00,2419.19,2421.83,2417.0,2418.14,18248.906
2026-09-01 20:45:00,2418.14,2420.64,2415.4,2420.23,10927.31
2026-09-01 21:00:00,2420.24,2422.46,2403.57,2407.48,48436.454
2026-09-01 21:15:00,2407.49,2416.37,2398.13,2413.59,57558.829
2026-09-01 21:30:00,2413.6,2413.6,2406.25,2411.36,25072.108
2026-09-01 21:45:00,2411.35,2416.65,2411.17,2414.27,13955.722
2026-09-01 22:00:00,2414.27,2417.69,2412.43,2415.25,12914.716
2026-09-01 22:15:00,2415.26,2415.26,2405.32,2406.15,25592.402
2026-09-01 22:30:00,2406.15,2408.8,2404.08,2406.57,24977.169
2026-09-01 22:45:00,2406.58,2414.7,2406.58,2411.85,17080.762
2026-09-01 23:00:00,2411.85,2413.73,2409.49,2411.82,11145.667
2026-09-01 23:15:00,2411.83,2416.14,2411.5,2416.13,11543.919
2026-09-01 23:30:00,2416.14,2427.0,2415.34,2422.09,44459.64
2026-09-01 23:45:00,2422.1,2424.47,2415.71,2417.46,31331.238
2026-09-02 00:00:00,2417.45,2419.95,2415.68,2419.07,13075.305
2026-09-02 00:15:00,2419.08,2421.09,2407.41,2411.02,28338.308
2026-09-02 00:30:00,2411.01,2414.44,2404.44,2407.96,41071.069
2026-09-02 00:45:00,2407.96,2410.64,2405.38,2407.68,16655.747
2026-09-02 01:00:00,2407.68,2413.96,2405.81,2411.98,19012.583
2026-09-02 01:15:00,2411.97,2413.98,2407.76,2407.9,14586.151
2026-09-02 01:30:00,2407.9,2410.5,2386.63,2394.04,79962.124
2026-09-02 01:45:00,2394.05,2399.84,2384.37,2398.01,78775.326
2026-09-02 02:00:00,2398.0,2405.0,2393.59,2400.85,40657.757
2026-09-02 02:15:00,2400.85,2410.22,2400.28,2408.88,46422.778
2026-09-02 02:30:00,2408.89,2409.96,2403.6,2405.95,25127.43
2026-09-02 02:45:00,2405.95,2408.96,2405.1,2408.96,12760.695
2026-09-02 03:00:00,2408.96,2419.52,2407.6,2414.74,37385.298
2026-09-02 03:15:00,2414.75,2423.61,2412.69,2418.86,46171.438
2026-09-02 03:30:00,2418.86,2419.63,2412.82,2413.8,24098.492
2026-09-02 03:45:00,2413.79,2416.29,2411.0,2413.34,16720.666
2026-09-02 04:00:00,2413.34,2414.38,2405.25,2407.3,26283.491
2026-09-02 04:15:00,2407.31,2412.26,2404.3,2411.54,20523.36
2026-09-02 04:30:00,2411.55,2415.42,2410.91,2414.79,15779.69
2026-09-02 04:45:00,2414.79,2415.34,2413.29,2414.15,10326.616
2026-09-02 05:00:00,2414.15,2415.23,2408.31,2414.12,17191.397
2026-09-02 05:15:00,2414.13,2422.72,2413.92,2421.32,39573.094
2026-09-02 05:30:00,2421.31,2422.08,2418.34,2419.76,13899.477
2026-09-02 05:45:00,2419.76,2424.97,2419.25,2421.31,23498.561
2026-09-02 06:00:00,2421.31,2423.8,2417.24,2417.45,28121.407
2026-09-02 06:15:00,2417.45,2421.47,2415.08,2417.1,19310.92
2026-09-02 06:30:00,2417.11,2424.56,2413.81,2421.49,28309.647
2026-09-02 06:45:00,2421.49,2421.8,2415.2,2419.55,12726.38
2026-09-02 07:00:00,2419.56,2429.33,2419.2,2425.39,31230.881
2026-09-02 07:15:00,2425.39,2425.39,2420.04,2420.72,10822.608
2026-09-02 07:30:00,2420.73,2423.11,2419.84,2420.37,7546.966
2026-09-02 07:45:00,2420.36,2421.72,2416.2,2416.65,21080.96
2026-09-02 08:00:00,2416.65,2419.49,2413.31,2416.38,16492.55
2026-09-02 08:15:00,2416.38,2418.0,2412.18,2412.8,12522.263
2026-09-02 08:30:00,2412.81,2412.81,2393.29,2394.65,82958.716
2026-09-02 08:45:00,2394.65,2399.33,2388.46,2392.11,82175.56
2026-09-02 09:00:00,2392.11,2399.16,2391.74,2394.55,50393.907
2026-09-02 09:15:00,2394.55,2394.9,2373.95,2387.24,142555.913
2026-09-02 09:30:00,2387.23,2387.76,2366.7,2368.55,151652.791
2026-09-02 09:45:00,2368.54,2376.34,2365.36,2375.43,66512.341
2026-09-02 10:00:00,2375.44,2375.98,2368.55,2372.1,34318.175
2026-09-02 10:15:00,2372.1,2374.98,2368.15,2368.8,30305.681
2026-09-02 10:30:00,2368.79,2369.63,2357.77,2365.01,90551.708
2026-09-02 10:45:00,2365.01,2372.17,2355.12,2371.5,101901.129
2026-09-02 11:00:00,2371.51,2376.18,2366.05,2375.42,57385.79
2026-09-02 11:15:00,2375.42,2376.52,2368.1,2373.38,38730.874
2026-09-02 11:30:00,2373.38,2382.25,2372.44,2376.92,47768.63
2026-09-02 11:45:00,2376.93,2381.36,2375.06,2380.58,20735.852
2026-09-02 12:00:00,2380.59,2382.25,2376.49,2381.43,29409.934
2026-09-02 12:15:00,2381.43,2389.45,2378.45,2385.29,71606.336
2026-09-02 12:30:00,2385.28,2385.99,2378.71,2381.25,29852.359
2026-09-02 12:45:00,2381.25,2381.25,2375.78,2376.55,36495.681
2026-09-02 13:00:00,2376.55,2384.57,2376.55,2380.57,30929.757
2026-09-02 13:15:00,2380.56,2389.0,2380.56,2386.91,33385.234
2026-09-02 13:30:00,2386.9,2416.57,2378.58,2416.12,158280.908
2026-09-02 13:45:00,2416.13,2419.2,2396.3,2402.3,167023.986
2026-09-02 14:00:00,2402.3,2407.48,2393.22,2405.72,58927.597
2026-09-02 14:15:00,2405.72,2410.2,2399.73,2403.24,35833.324
2026-09-02 14:30:00,2403.23,2403.72,2391.65,2402.82,40225.956
2026-09-02 14:45:00,2402.83,2403.76,2392.57,2393.39,34592.665
2026-09-02 15:00:00,2393.4,2396.75,2378.0,2384.0,117636.316
2026-09-02 15:15:00,2384.0,2392.85,2383.24,2387.6,47408.399
2026-09-02 15:30:00,2387.6,2398.6,2384.11,2396.52,83635.783
2026-09-02 15:45:00,2396.53,2396.82,2382.6,2390.15,36983.552
2026-09-02 16:00:00,2390.16,2396.0,2386.2,2393.33,52981.653
2026-09-02 16:15:00,2393.34,2404.39,2391.73,2397.46,66327.523
2026-09-02 16:30:00,2397.45,2401.89,2387.36,2387.37,62037.19
2026-09-02 16:45:00,2387.37,2391.0,2383.41,2385.27,48911.521
2026-09-02 17:00:00,2385.28,2387.2,2373.81,2379.11,100239.977
2026-09-02 17:15:00,2379.12,2380.45,2371.06,2378.73,36011.098
2026-09-02 17:30:00,2378.73,2388.45,2377.43,2388.45,25381.449
2026-09-02 17:45:00,2388.45,2393.34,2388.45,2392.58,29504.836
2026-09-02 18:00:00,2392.59,2396.03,2390.47,2394.53,23143.947
2026-09-02 18:15:00,2394.53,2398.97,2392.82,2395.46,28452.409
2026-09-02 18:30:00,2395.47,2396.81,2390.11,2391.17,22832.029
2026-09-02 18:45:00,2391.17,2394.84,2389.2,2394.05,12227.621
2026-09-02 19:00:00,2394.04,2395.88,2392.42,2395.01,11238.695
2026-09-02 19:15:00,2395.01,2395.82,2385.26,2385.77,16570.583
2026-09-02 19:30:00,2385.77,2387.23,2382.23,2385.81,26763.922
2026-09-02 19:45:00,2385.8,2392.31,2385.0,2392.15,20196.565
2026-09-02 20:00:00,2392.15,2399.0,2389.69,2392.06,28489.372
2026-09-02 20:15:00,2392.06,2396.26,2385.66,2390.55,17823.314
2026-09-02 20:30:00,2390.55,2394.71,2389.09,2389.75,12959.537
2026-09-02 20:45:00,2389.74,2394.57,2387.63,2392.65,9549.151
2026-09-02 21:00:00,2392.64,2393.77,2390.16,2391.71,7330.818
2026-09-02 21:15:00,2391.72,2392.2,2389.61,2390.0,5036.914
2026-09-02 21:30:00,2390.01,2394.37,2388.18,2393.15,9358.591
2026-09-02 21:45:00,2393.15,2393.15,2389.07,2389.18,6651.589
2026-09-02 22:00:00,2389.18,2389.18,2380.65,2383.83,18781.024
2026-09-02 22:15:00,2383.84,2385.0,2377.12,2377.92,23172.58
2026-09-02 22:30:00,2377.92,2384.52,2377.89,2382.28,21008.875
2026-09-02 22:45:00,2382.29,2382.83,2378.38,2378.79,10452.661
2026-09-02 23:00:00,2378.79,2386.02,2376.26,2386.0,15460.132
2026-09-02 23:15:00,2386.01,2386.04,2382.23,2385.15,8776.624
2026-09-02 23:30:00,2385.15,2387.67,2382.23,2383.38,7491.603
2026-09-02 23:45:00,2383.39,2392.86,2383.39,2390.91,20282.964
2026-09-03 00:00:00,2390.91,2394.98,2386.64,2386.64,27061.294
2026-09-03 00:15:00,2386.64,2386.65,2379.8,2379.95,24101.913
2026-09-03 00:30:00,2379.95,2384.8,2378.12,2383.02,19125.373
2026-09-03 00:45:00,2383.03,2383.9,2378.45,2378.66,14339.137
2026-09-03 01:00:00,2378.66,2390.75,2367.85,2389.79,88471.343
2026-09-03 01:15:00,2389.78,2391.71,2385.16,2391.7,31257.642
2026-09-03 01:30:00,2391.7,2393.84,2386.13,2388.1,32396.957
2026-09-03 01:45:00,2388.1,2390.6,2383.54,2385.72,20006.602
2026-09-03 02:00:00,2385.71,2390.42,2381.18,2390.27,19382.376
2026-09-03 02:15:00,2390.27,2395.92,2388.0,2394.79,22324.618
2026-09-03 02:30:00,2394.79,2406.99,2393.22,2404.07,91154.288
2026-09-03 02:45:00,2404.07,2408.8,2401.69,2405.0,36387.281
2026-09-03 03:00:00,2404.99,2407.68,2402.0,2406.66,22018.323
2026-09-03 03:15:00,2406.66,2410.0,2402.88,2402.89,30600.441
2026-09-03 03:30:00,2402.88,2404.6,2398.62,2399.3,18649.14
2026-09-03 03:45:00,2399.3,2402.62,2398.6,2402.39,14172.481
2026-09-03 04:00:00,2402.39,2406.6,2400.22,2400.75,19523.531
2026-09-03 04:15:00,2400.76,2401.25,2395.24,2397.3,25656.326
2026-09-03 04:30:00,2397.3,2398.96,2396.36,2396.47,7795.779
2026-09-03 04:45:00,2396.48,2407.75,2396.48,2407.55,52019.196
2026-09-03 05:00:00,2407.56,2409.33,2399.6,2401.11,43206.943
2026-09-03 05:15:00,2401.1,2401.79,2377.44,2384.1,117159.401
2026-09-03 05:30:00,2384.11,2396.58,2383.0,2395.37,50476.047
2026-09-03 05:45:00,2395.38,2404.63,2392.75,2403.87,46264.435
2026-09-03 06:00:00,2403.86,2405.99,2399.51,2400.48,23116.286
2026-09-03 06:15:00,2400.48,2407.71,2399.88,2406.87,28323.89
2026-09-03 06:30:00,2406.86,2408.99,2404.8,2408.94,21013.159
2026-09-03 06:45:00,2408.94,2409.29,2405.85,2407.33,17784.718
2026-09-03 07:00:00,2407.32,2418.82,2406.55,2411.82,96456.191
2026-09-03 07:15:00,2411.82,2412.02,2403.85,2406.89,44910.069
2026-09-03 07:30:00,2406.89,2411.99,2402.53,2406.87,31678.177
2026-09-03 07:45:00,2406.87,2408.37,2394.07,2397.33,55543.353
2026-09-03 08:00:00,2397.33,2412.23,2397.33,2404.56,43277.008
2026-09-03 08:15:00,2404.55,2408.49,2399.27,2407.91,25709.441
2026-09-03 08:30:00,2407.9,2408.85,2404.12,2404.72,12898.637
2026-09-03 08:45:00,2404.73,2406.81,2399.89,2402.65,31801.462
2026-09-03 09:00:00,2402.65,2406.85,2400.21,2403.9,15223.282
2026-09-03 09:15:00,2403.9,2405.53,2397.81,2398.0,15507.481
2026-09-03 09:30:00,2397.99,2398.82,2392.49,2395.88,28341.655
2026-09-03 09:45:00,2395.88,2398.29,2392.28,2392.65,21287.332
2026-09-03 10:00:00,2392.65,2396.04,2389.27,2390.47,32644.348
2026-09-03 10:15:00,2390.47,2397.81,2388.79,2395.23,23181.449
2026-09-03 10:30:00,2395.23,2396.0,2388.37,2390.44,23558.894
2026-09-03 10:45:00,2390.44,2396.43,2390.0,2395.74,16429.219
2026-09-03 11:00:00,2395.73,2399.28,2394.5,2398.6,23512.163
2026-09-03 11:15:00,2398.61,2405.27,2398.6,2404.67,27874.525
2026-09-03 11:30:00,2404.68,2408.28,2401.31,2407.68,29729.517
2026-09-03 11:45:00,2407.68,2410.49,2404.46,2406.12,39358.824
2026-09-03 12:00:00,2406.12,2410.19,2404.35,2408.74,19353.115
2026-09-03 12:15:00,2408.75,2411.41,2404.6,2406.85,18047.493
2026-09-03 12:30:00,2406.85,2422.71,2406.85,2412.45,113064.527
2026-09-03 12:45:00,2412.44,2426.22,2412.0,2422.35,77898.943
2026-09-03 13:00:00,2422.35,2424.14,2415.84,2418.54,48477.057
2026-09-03 13:15:00,2418.54,2420.58,2414.88,2418.8,33183.988
2026-09-03 13:30:00,2418.8,2434.84,2417.05,2433.75,128094.656
2026-09-03 13:45:00,2433.75,2435.35,2423.22,2428.75,52124.643
2026-09-03 14:00:00,2428.75,2438.81,2424.27,2438.81,65998.913
2026-09-03 14:15:00,2438.81,2450.66,2437.0,2449.54,116548.582
2026-09-03 14:30:00,2449.54,2464.42,2447.0,2455.9,176267.407
2026-09-03 14:45:00,2455.89,2489.0,2455.28,2488.32,242975.865
2026-09-03 15:00:00,2488.33,2504.75,2478.44,2485.37,260776.967
2026-09-03 15:15:00,2485.37,2492.54,2481.17,2489.43,69081.566
2026-09-03 15:30:00,2489.42,2496.77,2487.3,2491.81,82075.476
2026-09-03 15:45:00,2491.81,2516.64,2486.0,2515.99,162245.999
2026-09-03 16:00:00,2516.0,2518.0,2495.38,2499.91,132956.513
2026-09-03 16:15:00,2499.91,2500.25,2487.3,2491.1,87170.934
2026-09-03 16:30:00,2491.11,2497.37,2487.64,2488.12,50632.35
2026-09-03 16:45:00,2488.11,2495.29,2487.53,2493.29,27452.504
2026-09-03 17:00:00,2493.3,2498.72,2490.8,2498.28,30487.932
2026-09-03 17:15:00,2498.29,2502.82,2495.1,2498.75,42961.091
2026-09-03 17:30:00,2498.76,2505.73,2497.68,2501.04,28894.942
2026-09-03 17:45:00,2501.05,2504.73,2498.38,2499.36,20530.821
2026-09-03 18:00:00,2499.37,2510.85,2499.06,2507.01,50339.191
2026-09-03 18:15:00,2507.01,2508.25,2498.39,2499.57,31230.392
2026-09-03 18:30:00,2499.57,2502.33,2497.31,2498.16,19378.884
2026-09-03 18:45:00,2498.15,2514.44,2497.93,2511.92,28893.216
2026-09-03 19:00:00,2511.93,2528.31,2507.68,2508.19,131126.05
2026-09-03 19:15:00,2508.18,2518.56,2506.22,2513.66,45453.404
2026-09-03 19:30:00,2513.67,2516.81,2506.98,2514.78,26731.204
2026-09-03 19:45:00,2514.78,2517.44,2508.9,2517.03,38424.537
2026-09-03 20:00:00,2517.02,2517.34,2504.7,2510.0,43975.064
2026-09-03 20:15:00,2510.0,2513.42,2505.5,2509.19,19937.772
2026-09-03 20:30:00,2509.2,2510.46,2501.11,2502.51,26706.003
2026-09-03 20:45:00,2502.51,2507.76,2502.17,2503.82,14761.139
2026-09-03 21:00:00,2503.82,2511.29,2499.09,2510.66,30031.901
2026-09-03 21:15:00,2510.67,2512.49,2506.17,2512.36,21191.693
2026-09-03 21:30:00,2512.36,2525.75,2507.57,2507.72,71312.661
2026-09-03 21:45:00,2507.71,2515.52,2505.13,2510.13,27184.696
2026-09-03 22:00:00,2510.14,2511.57,2500.32,2503.06,30944.795
2026-09-03 22:15:00,2503.07,2504.97,2493.01,2493.76,40429.973
2026-09-03 22:30:00,2493.76,2496.17,2488.55,2496.08,46429.443
2026-09-03 22:45:00,2496.09,2500.44,2495.05,2495.52,22716.532
2026-09-03 23:00:00,2495.53,2498.33,2494.14,2495.85,26357.994
2026-09-03 23:15:00,2495.85,2501.2,2494.57,2501.1,18004.178
2026-09-03 23:30:00,2501.11,2507.24,2496.69,2505.68,34707.319
2026-09-03 23:45:00,2505.69,2508.22,2502.14,2506.42,27791.784
2026-09-04 00:00:00,2506.42,2508.8,2501.96,2506.83,31302.46
2026-09-04 00:15:00,2506.84,2511.21,2503.94,2505.4,29808.577
2026-09-04 00:30:00,2505.39,2514.95,2503.66,2505.56,55764.798
2026-09-04 00:45:00,2505.55,2507.07,2499.69,2500.49,48167.014
2026-09-04 01:00:00,2500.5,2506.98,2496.05,2503.19,29021.154
2026-09-04 01:15:00,2503.19,2508.87,2501.17,2503.54,22382.242
2026-09-04 01:30:00,2503.54,2507.62,2497.32,2498.59,26280.338
2026-09-04 01:45:00,2498.59,2507.47,2497.33,2505.88,13145.202
2026-09-04 02:00:00,2505.88,2505.88,2499.0,2501.82,10175.812
2026-09-04 02:15:00,2501.83,2504.55,2497.55,2498.3,17863.025
2026-09-04 02:30:00,2498.29,2504.0,2497.14,2499.71,13854.537
2026-09-04 02:45:00,2499.71,2507.0,2498.69,2506.99,16766.082
2026-09-04 03:00:00,2507.0,2516.52,2506.62,2510.2,66279.152
2026-09-04 03:15:00,2510.2,2511.0,2506.25,2506.37,15516.195
2026-09-04 03:30:00,2506.37,2508.25,2503.95,2505.7,15084.496
2026-09-04 03:45:00,2505.69,2507.22,2503.52,2503.73,9124.557
2026-09-04 04:00:00,2503.74,2506.75,2501.12,2506.5,22939.064
2026-09-04 04:15:00,2506.49,2523.57,2505.9,2522.74,93415.831
2026-09-04 04:30:00,2522.74,2524.63,2510.87,2511.44,65900.251
2026-09-04 04:45:00,2511.45,2512.76,2507.26,2508.48,23021.672
2026-09-04 05:00:00,2508.48,2513.51,2505.42,2510.38,30246.125
2026-09-04 05:15:00,2510.37,2515.61,2509.64,2509.75,19255.073
2026-09-04 05:30:00,2509.75,2511.6,2506.0,2511.09,23447.769
2026-09-04 05:45:00,2511.1,2513.0,2503.19,2507.94,33581.435
2026-09-04 06:00:00,2507.94,2518.0,2505.77,2513.83,55549.129
2026-09-04 06:15:00,2513.83,2513.84,2503.4,2504.42,25106.332
2026-09-04 06:30:00,2504.42,2507.66,2498.2,2507.66,45793.1
2026-09-04 06:45:00,2507.65,2507.99,2503.01,2506.65,11956.403
2026-09-04 07:00:00,2506.66,2515.24,2506.32,2514.02,35680.561
2026-09-04 07:15:00,2514.02,2514.66,2508.72,2510.3,20917.601
2026-09-04 07:30:00,2510.31,2511.8,2504.2,2506.18,30479.118
2026-09-04 07:45:00,2506.18,2507.96,2503.1,2503.53,28917.789
2026-09-04 08:00:00,2503.53,2512.62,2502.24,2512.0,36805.176
2026-09-04 08:15:00,2511.99,2516.39,2510.3,2515.8,40149.803
2026-09-04 08:30:00,2515.81,2521.16,2513.32,2518.2,69902.432
2026-09-04 08:45:00,2518.19,2536.0,2515.13,2526.43,160344.816
2026-09-04 09:00:00,2526.44,2536.0,2524.62,2529.12,77518.93
2026-09-04 09:15:00,2529.12,2547.0,2517.87,2521.45,165950.498
2026-09-04 09:30:00,2521.44,2532.48,2518.69,2528.5,43062.004
2026-09-04 09:45:00,2528.5,2530.1,2518.96,2520.0,42082.619
2026-09-04 10:00:00,2520.01,2523.78,2515.53,2518.97,28045.816
2026-09-04 10:15:00,2518.97,2521.25,2513.58,2519.99,31676.336
2026-09-04 10:30:00,2519.99,2527.23,2518.5,2526.76,25762.497
2026-09-04 10:45:00,2526.77,2527.2,2521.56,2525.0,15128.405
2026-09-04 11:00:00,2525.0,2525.29,2519.0,2521.36,16645.303
2026-09-04 11:15:00,2521.36,2525.79,2520.43,2524.27,22074.13
2026-09-04 11:30:00,2524.27,2526.86,2521.65,2524.12,19287.79
2026-09-04 11:45:00,2524.11,2526.76,2520.68,2521.89,10567.417
2026-09-04 12:00:00,2521.88,2524.49,2519.44,2523.4,24875.71
2026-09-04 12:15:00,2523.39,2531.4,2518.01,2528.8,36912.854
2026-09-04 12:30:00,2528.8,2528.8,2431.93,2449.94,750493.754
2026-09-04 12:45:00,2449.94,2457.14,2432.75,2450.12,215317.196
2026-09-04 13:00:00,2450.12,2453.26,2443.02,2444.66,96747.6
2026-09-04 13:15:00,2444.67,2454.54,2443.56,2448.88,53337.667
2026-09-04 13:30:00,2448.88,2455.71,2434.17,2449.51,115383.363
2026-09-04 13:45:00,2449.51,2462.97,2446.38,2451.02,118385.424
2026-09-04 14:00:00,2451.03,2457.52,2446.11,2452.84,42224.358
2026-09-04 14:15:00,2452.83,2455.0,2441.69,2452.47,43887.017
2026-09-04 14:30:00,2452.47,2457.4,2437.08,2442.85,61034.46
2026-09-04 14:45:00,2442.85,2446.53,2430.67,2438.84,89587.417
2026-09-04 15:00:00,2438.84,2447.76,2436.5,2447.75,44974.931
2026-09-04 15:15:00,2447.76,2455.52,2446.74,2453.56,41882.926
2026-09-04 15:30:00,2453.56,2458.24,2451.5,2454.71,31527.665
2026-09-04 15:45:00,2454.71,2455.36,2448.11,2450.95,22938.81
2026-09-04 16:00:00,2450.96,2453.23,2448.35,2449.33,24485.297
2026-09-04 16:15:00,2449.33,2453.21,2449.21,2453.2,16776.584
2026-09-04 16:30:00,2453.21,2461.0,2452.88,2459.83,47564.769
2026-09-04 16:45:00,2459.83,2463.9,2457.8,2459.15,39377.279
2026-09-04 17:00:00,2459.15,2459.64,2450.72,2450.79,29392.816
2026-09-04 17:15:00,2450.79,2450.96,2446.03,2446.48,27527.846
2026-09-04 17:30:00,2446.48,2449.05,2442.84,2445.86,21980.658
2026-09-04 17:45:00,2445.86,2446.03,2442.0,2444.07,19017.283
2026-09-04 18:00:00,2444.06,2449.08,2443.54,2444.06,23258.788
2026-09-04 18:15:00,2444.05,2448.48,2444.05,2447.0,10415.842
2026-09-04 18:30:00,2447.0,2451.0,2447.0,2450.1,10217.808
2026-09-04 18:45:00,2450.11,2450.53,2448.11,2449.47,7092.98
2026-09-04 19:00:00,2449.47,2454.32,2449.47,2453.23,20348.511
2026-09-04 19:15:00,2453.23,2456.82,2452.72,2456.3,12042.621
2026-09-04 19:30:00,2456.3,2456.3,2452.54,2453.63,11262.512
2026-09-04 19:45:00,2453.64,2456.33,2452.65,2454.67,16816.869
2026-09-04 20:00:00,2454.71,2457.68,2451.7,2452.6,12694.285
2026-09-04 20:15:00,2452.6,2456.3,2451.11,2452.08,12506.756
2026-09-04 20:30:00,2452.08,2453.78,2450.71,2452.74,7902.283
2026-09-04 20:45:00,2452.75,2454.38,2449.4,2450.15,10294.497
2026-09-04 21:00:00,2450.16,2453.5,2449.19,2452.22,8995.235
2026-09-04 21:15:00,2452.21,2453.79,2451.03,2451.7,7059.864
2026-09-04 21:30:00,2451.7,2455.65,2451.47,2455.26,8689.174
2026-09-04 21:45:00,2455.26,2455.8,2448.29,2450.7,13981.454
2026-09-04 22:00:00,2450.7,2453.15,2450.11,2451.65,9096.911
2026-09-04 22:15:00,2451.66,2452.01,2449.73,2451.45,6502.183
2026-09-04 22:30:00,2451.44,2453.26,2450.88,2450.88,3715.361
2026-09-04 22:45:00,2450.89,2451.31,2449.39,2449.99,5492.349
2026-09-04 23:00:00,2450.0,2450.72,2448.66,2449.35,5495.048
2026-09-04 23:15:00,2449.34,2454.1,2448.96,2452.56,8581.959
2026-09-04 23:30:00,2452.57,2452.6,2451.45,2452.33,2676.352
2026-09-04 23:45:00,2452.32,2454.72,2452.32,2454.57,5825.17
2026-09-05 00:00:00,2454.56,2455.36,2452.27,2453.37,5822.708
2026-09-05 00:15:00,2453.38,2453.38,2451.32,2451.81,4829.93
2026-09-05 00:30:00,2451.8,2454.64,2450.72,2452.94,6022.346
2026-09-05 00:45:00,2452.95,2454.18,2450.36,2450.95,11052.044
2026-09-05 01:00:00,2450.96,2454.82,2450.37,2452.43,11244.077
2026-09-05 01:15:00,2452.43,2455.0,2451.26,2454.99,7929.357
2026-09-05 01:30:00,2455.0,2455.0,2452.05,2452.64,5742.22
2026-09-05 01:45:00,2452.65,2453.75,2450.71,2450.71,5484.514
2026-09-05 02:00:00,2450.72,2451.59,2448.47,2450.92,8946.225
2026-09-05 02:15:00,2450.92,2452.0,2449.47,2449.68,4849.994
2026-09-05 02:30:00,2449.68,2451.99,2449.16,2451.73,4059.268
2026-09-05 02:45:00,2451.73,2452.3,2449.18,2452.27,5315.803
2026-09-05 03:00:00,2452.27,2452.28,2450.0,2451.27,5471.727
2026-09-05 03:15:00,2451.27,2453.89,2451.02,2452.42,8398.741
2026-09-05 03:30:00,2452.42,2455.2,2452.16,2453.1,9827.553
2026-09-05 03:45:00,2453.1,2453.49,2451.26,2451.57,3610.025
2026-09-05 04:00:00,2451.57,2451.99,2449.54,2450.05,8204.069
2026-09-05 04:15:00,2450.06,2451.51,2449.98,2451.38,4139.162
2026-09-05 04:30:00,2451.37,2451.38,2449.43,2449.98,8483.047
2026-09-05 04:45:00,2449.99,2450.36,2447.28,2448.01,10969.587
2026-09-05 05:00:00,2448.02,2449.31,2443.69,2449.08,25107.096
2026-09-05 05:15:00,2449.08,2449.99,2447.53,2449.98,7061.113
2026-09-05 05:30:00,2449.99,2451.3,2448.87,2449.0,7137.439
2026-09-05 05:45:00,2449.0,2450.88,2447.73,2450.04,8675.88
2026-09-05 06:00:00,2450.05,2451.87,2449.34,2450.8,7205.876
2026-09-05 06:15:00,2450.81,2451.0,2450.0,2450.19,3071.649
2026-09-05 06:30:00,2450.19,2453.89,2450.17,2451.73,13448.77
2026-09-05 06:45:00,2451.73,2452.87,2451.56,2452.47,3185.375
2026-09-05 07:00:00,2452.48,2454.12,2452.07,2454.11,9860.505
2026-09-05 07:15:00,2454.12,2457.7,2452.52,2455.81,11854.784
2026-09-05 07:30:00,2455.81,2458.31,2455.04,2457.14,18407.892
2026-09-05 07:45:00,2457.14,2458.0,2455.64,2456.23,11649.397
2026-09-05 08:00:00,2456.23,2456.5,2453.84,2454.0,12483.929
2026-09-05 08:15:00,2454.0,2456.19,2452.17,2454.22,8471.764
2026-09-05 08:30:00,2454.22,2454.55,2452.13,2454.28,5873.859
2026-09-05 08:45:00,2454.27,2455.91,2452.73,2455.64,5606.262
2026-09-05 09:00:00,2455.64,2459.12,2455.46,2458.09,11332.474
2026-09-05 09:15:00,2458.08,2458.09,2456.5,2457.1,10792.49
2026-09-05 09:30:00,2457.1,2459.11,2456.69,2459.1,10061.413
2026-09-05 09:45:00,2459.1,2459.27,2457.38,2457.56,8107.003
2026-09-05 10:00:00,2457.56,2457.64,2456.27,2456.27,4760.851
2026-09-05 10:15:00,2456.27,2456.7,2453.36,2453.51,13051.731
2026-09-05 10:30:00,2453.52,2455.65,2452.56,2454.27,10648.601
2026-09-05 10:45:00,2454.28,2454.58,2452.97,2453.11,6230.647
2026-09-05 11:00:00,2453.12,2454.38,2452.58,2453.2,8518.511
2026-09-05 11:15:00,2453.2,2453.39,2451.74,2452.53,5574.52
2026-09-05 11:30:00,2452.53,2453.05,2452.03,2452.6,5586.232
2026-09-05 11:45:00,2452.59,2455.2,2452.1,2452.6,9311.809
2026-09-05 12:00:00,2452.59,2454.4,2452.59,2453.97,4310.213
2026-09-05 12:15:00,2453.97,2454.45,2453.46,2453.51,5199.996
2026-09-05 12:30:00,2453.52,2458.8,2452.11,2458.11,24145.921
2026-09-05 12:45:00,2458.1,2460.99,2457.18,2457.71,24025.444
2026-09-05 13:00:00,2457.72,2460.21,2456.77,2458.42,11101.014
2026-09-05 13:15:00,2458.42,2461.01,2456.63,2458.71,14775.924
2026-09-05 13:30:00,2458.72,2459.47,2454.6,2455.75,21258.027
2026-09-05 13:45:00,2455.74,2456.52,2447.88,2452.91,38362.643
2026-09-05 14:00:00,2452.92,2455.08,2452.8,2453.86,9240.66
2026-09-05 14:15:00,2453.86,2455.91,2452.96,2455.9,5877.872
2026-09-05 14:30:00,2455.9,2456.83,2454.78,2455.13,6447.763
2026-09-05 14:45:00,2455.13,2457.7,2454.12,2456.11,6935.206
2026-09-05 15:00:00,2456.12,2458.68,2455.47,2458.01,9646.028
2026-09-05 15:15:00,2458.02,2458.92,2454.52,2456.37,16467.332
2026-09-05 15:30:00,2456.36,2458.59,2456.36,2457.31,5131.887
2026-09-05 15:45:00,2457.32,2458.89,2457.02,2458.65,5278.327
2026-09-05 16:00:00,2458.66,2459.45,2457.7,2458.39,7124.391
2026-09-05 16:15:00,2458.38,2462.7,2458.38,2462.4,16081.626
2026-09-05 16:30:00,2462.41,2469.24,2462.41,2465.23,52268.537
2026-09-05 16:45:00,2465.23,2473.67,2465.2,2470.06,71455.034
2026-09-05 17:00:00,2470.06,2484.66,2469.8,2479.47,99078.764
2026-09-05 17:15:00,2479.47,2480.58,2475.0,2477.02,34733.361
2026-09-05 17:30:00,2477.03,2484.98,2474.08,2475.93,29235.687
2026-09-05 17:45:00,2475.93,2481.25,2475.56,2480.13,20700.898
2026-09-05 18:00:00,2480.13,2481.39,2476.58,2477.63,16707.528
2026-09-05 18:15:00,2477.63,2478.5,2475.34,2475.44,12019.721
2026-09-05 18:30:00,2475.45,2478.99,2475.06,2476.94,10139.386
2026-09-05 18:45:00,2476.94,2479.58,2475.12,2479.49,11529.376
2026-09-05 19:00:00,2479.49,2479.5,2474.92,2477.05,12683.326
2026-09-05 19:15:00,2477.06,2481.66,2476.31,2478.81,13706.71
2026-09-05 19:30:00,2478.82,2480.5,2472.38,2476.29,25028.868
2026-09-05 19:45:00,2476.3,2477.95,2471.69,2476.54,31356.872
2026-09-05 20:00:00,2476.55,2482.88,2474.38,2478.31,27922.164
2026-09-05 20:15:00,2478.31,2478.77,2474.01,2475.71,13968.103
2026-09-05 20:30:00,2475.71,2478.75,2474.01,2478.74,14896.4
2026-09-05 20:45:00,2478.74,2479.6,2475.52,2476.49,10218.341
2026-09-05 21:00:00,2476.5,2477.34,2475.49,2476.33,4671.531
2026-09-05 21:15:00,2476.34,2481.0,2475.89,2480.33,8217.745
2026-09-05 21:30:00,2480.32,2492.58,2479.71,2490.17,30981.684
2026-09-05 21:45:00,2490.16,2490.43,2487.02,2487.97,18369.369
2026-09-05 22:00:00,2487.98,2490.0,2482.83,2486.32,14957.286
2026-09-05 22:15:00,2486.32,2487.51,2477.75,2479.65,15634.291
2026-09-05 22:30:00,2479.65,2484.31,2479.65,2481.0,18868.919
2026-09-05 22:45:00,2481.0,2481.27,2478.98,2479.93,8058.794
2026-09-05 23:00:00,2479.92,2480.03,2477.03,2477.92,5743.523
2026-09-05 23:15:00,2477.92,2481.24,2477.11,2479.87,9181.287
2026-09-05 23:30:00,2479.87,2482.77,2476.37,2479.86,18602.373
2026-09-05 23:45:00,2479.86,2482.68,2478.12,2479.17,14180.016
2026-09-06 00:00:00,2479.18,2480.76,2478.13,2480.73,7294.953
2026-09-06 00:15:00,2480.72,2487.55,2480.47,2486.0,10817.32
2026-09-06 00:30:00,2486.0,2489.27,2484.28,2486.5,15155.545
2026-09-06 00:45:00,2486.5,2491.64,2485.64,2489.03,21420.331
2026-09-06 01:00:00,2489.02,2498.67,2488.01,2496.24,51687.938
2026-09-06 01:15:00,2496.23,2496.27,2490.0,2492.64,19794.232
2026-09-06 01:30:00,2492.63,2507.2,2492.51,2500.66,55597.774
2026-09-06 01:45:00,2500.66,2506.43,2499.45,2504.67,35977.91
2026-09-06 02:00:00,2504.66,2510.41,2500.17,2506.3,46998.396
2026-09-06 02:15:00,2506.3,2507.03,2500.3,2500.88,24739.736
2026-09-06 02:30:00,2500.88,2503.72,2499.17,2501.28,17278.929
2026-09-06 02:45:00,2501.27,2502.9,2500.0,2502.32,10870.502
2026-09-06 03:00:00,2502.31,2504.65,2500.29,2504.5,9244.767
2026-09-06 03:15:00,2504.51,2506.14,2499.04,2500.61,25154.782
2026-09-06 03:30:00,2500.6,2513.64,2500.6,2511.77,45231.124
2026-09-06 03:45:00,2511.77,2513.26,2506.0,2508.57,23774.29
2026-09-06 04:00:00,2508.57,2509.0,2505.48,2506.04,10383.219
2026-09-06 04:15:00,2506.05,2507.01,2496.99,2502.0,27446.96
2026-09-06 04:30:00,2502.0,2503.08,2500.22,2502.85,12147.414
2026-09-06 04:45:00,2502.85,2504.73,2501.01,2503.24,13512.053
2026-09-06 05:00:00,2503.24,2505.03,2500.83,2501.2,13672.585
2026-09-06 05:15:00,2501.21,2505.94,2500.0,2503.95,19251.865
2026-09-06 05:30:00,2503.96,2523.52,2503.96,2514.98,100404.099
2026-09-06 05:45:00,2514.99,2516.53,2509.7,2512.43,21459.561
2026-09-06 06:00:00,2512.43,2512.59,2508.2,2508.43,12168.49
2026-09-06 06:15:00,2508.43,2509.12,2504.55,2505.31,16784.72
2026-09-06 06:30:00,2505.32,2507.57,2503.89,2507.56,16825.992
2026-09-06 06:45:00,2507.55,2507.85,2502.0,2504.63,25311.551
2026-09-06 07:00:00,2504.62,2506.5,2477.77,2488.48,114920.896
2026-09-06 07:15:00,2488.48,2498.51,2488.48,2494.47,50140.529
2026-09-06 07:30:00,2494.47,2495.45,2491.0,2494.82,25081.915
2026-09-06 07:45:00,2494.83,2496.63,2493.53,2495.61,11136.764
2026-09-06 08:00:00,2495.6,2499.2,2493.74,2497.44,22530.529
2026-09-06 08:15:00,2497.43,2498.0,2493.67,2493.68,8743.597
2026-09-06 08:30:00,2493.68,2493.68,2491.16,2492.74,11891.365
2026-09-06 08:45:00,2492.74,2496.37,2490.6,2494.37,13971.26
2026-09-06 09:00:00,2494.37,2498.15,2492.7,2497.94,15331.484
2026-09-06 09:15:00,2497.94,2502.86,2497.0,2500.92,29711.705
2026-09-06 09:30:00,2500.91,2502.31,2492.29,2494.99,22062.988
2026-09-06 09:45:00,2494.99,2498.45,2494.43,2497.99,9855.061
2026-09-06 10:00:00,2497.99,2501.85,2497.41,2497.54,17541.784
2026-09-06 10:15:00,2497.53,2499.2,2496.7,2497.04,10772.387
2026-09-06 10:30:00,2497.04,2499.66,2496.36,2499.66,7996.683
2026-09-06 10:45:00,2499.65,2501.42,2498.06,2500.52,11190.783
2026-09-06 11:00:00,2500.52,2503.46,2498.33,2501.48,12778.173
2026-09-06 11:15:00,2501.48,2503.0,2499.22,2499.38,13476.873
2026-09-06 11:30:00,2499.37,2501.57,2498.66,2501.14,11053.19
2026-09-06 11:45:00,2501.15,2502.0,2499.25,2500.62,7058.342
2026-09-06 12:00:00,2500.62,2502.33,2498.38,2502.33,9867.313
2026-09-06 12:15:00,2502.33,2504.4,2500.16,2500.63,12582.532
2026-09-06 12:30:00,2500.62,2503.51,2498.55,2498.6,17345.174
2026-09-06 12:45:00,2498.6,2502.21,2496.06,2499.45,13358.168
2026-09-06 13:00:00,2499.45,2499.76,2495.23,2496.23,13586.966
2026-09-06 13:15:00,2496.23,2496.3,2490.32,2490.39,28268.219
2026-09-06 13:30:00,2490.4,2493.22,2482.46,2491.65,67613.373
2026-09-06 13:45:00,2491.65,2494.79,2490.94,2493.61,18312.453
2026-09-06 14:00:00,2493.6,2493.94,2486.4,2487.02,21712.403
2026-09-06 14:15:00,2487.02,2487.8,2470.84,2480.81,106614.195
2026-09-06 14:30:00,2480.81,2484.68,2459.0,2483.91,132403.714
2026-09-06 14:45:00,2483.91,2484.62,2476.28,2477.18,49118.371
2026-09-06 15:00:00,2477.18,2477.77,2468.51,2475.8,41226.973
2026-09-06 15:15:00,2475.8,2479.95,2475.5,2477.83,19502.696
2026-09-06 15:30:00,2477.83,2480.8,2474.7,2479.87,14674.825
2026-09-06 15:45:00,2479.87,2481.51,2478.0,2478.43,16258.926
2026-09-06 16:00:00,2478.43,2482.46,2473.94,2481.49,25339.053
2026-09-06 16:15:00,2481.49,2482.21,2477.3,2481.82,14126.494
2026-09-06 16:30:00,2481.82,2486.88,2480.0,2482.86,23416.48
2026-09-06 16:45:00,2482.87,2483.76,2480.7,2483.33,7778.807
2026-09-06 17:00:00,2483.33,2484.9,2479.12,2484.25,18559.12
2026-09-06 17:15:00,2484.26,2493.96,2484.25,2488.29,38730.881
2026-09-06 17:30:00,2488.29,2493.36,2486.73,2491.68,18246.528
2026-09-06 17:45:00,2491.68,2492.74,2489.68,2490.16,14844.798
2026-09-06 18:00:00,2490.17,2493.9,2490.16,2492.58,8474.598
2026-09-06 18:15:00,2492.58,2496.87,2491.92,2494.63,12931.781
2026-09-06 18:30:00,2494.63,2499.5,2494.63,2496.74,20057.311
2026-09-06 18:45:00,2496.74,2496.75,2492.23,2493.14,17569.384
2026-09-06 19:00:00,2493.14,2493.45,2490.37,2490.5,7981.294
2026-09-06 19:15:00,2490.5,2492.33,2488.78,2491.11,12782.827
2026-09-06 19:30:00,2491.11,2491.32,2488.89,2489.48,5516.167
2026-09-06 19:45:00,2489.49,2490.0,2488.65,2489.64,5787.542
2026-09-06 20:00:00,2489.64,2492.04,2487.6,2491.47,12928.532
2026-09-06 20:15:00,2491.47,2496.63,2490.36,2495.12,16720.679
2026-09-06 20:30:00,2495.11,2496.44,2493.59,2496.0,9382.687
2026-09-06 20:45:00,2496.0,2499.32,2495.99,2498.52,16294.763
2026-09-06 21:00:00,2498.52,2512.91,2498.49,2510.04,61798.312
2026-09-06 21:15:00,2510.03,2514.9,2504.49,2505.05,29353.774
2026-09-06 21:30:00,2505.05,2509.77,2503.17,2506.21,12203.951
2026-09-06 21:45:00,2506.22,2511.13,2504.94,2507.2,17552.877
2026-09-06 22:00:00,2507.2,2507.43,2494.34,2496.84,35237.625
2026-09-06 22:15:00,2496.85,2499.03,2485.57,2497.89,34436.995
2026-09-06 22:30:00,2497.88,2506.63,2497.67,2505.53,23652.72
2026-09-06 22:45:00,2505.53,2509.81,2503.8,2506.97,17259.755
2026-09-06 23:00:00,2506.97,2515.78,2505.55,2509.31,31050.05
2026-09-06 23:15:00,2509.31,2514.13,2507.8,2511.6,17442.514
2026-09-06 23:30:00,2511.6,2521.93,2511.23,2519.27,61186.743
2026-09-06 23:45:00,2519.27,2525.77,2511.13,2513.47,56586.42
2026-09-07 00:00:00,2513.47,2517.02,2508.63,2514.6,32912.124
2026-09-07 00:15:00,2514.6,2517.37,2508.08,2516.9,23047.1
2026-09-07 00:30:00,2516.9,2521.63,2511.67,2514.03,24396.679
2026-09-07 00:45:00,2514.03,2516.0,2508.29,2512.0,19077.071
2026-09-07 01:00:00,2512.0,2515.4,2501.77,2506.02,36318.446
2026-09-07 01:15:00,2506.02,2508.59,2500.07,2503.57,29831.763
2026-09-07 01:30:00,2503.58,2506.98,2498.4,2499.61,22324.622
2026-09-07 01:45:00,2499.61,2504.31,2498.65,2502.83,14260.507
2026-09-07 02:00:00,2502.84,2503.53,2497.33,2499.85,17361.516
2026-09-07 02:15:00,2499.85,2510.89,2499.51,2509.96,23814.753
2026-09-07 02:30:00,2509.97,2536.0,2508.68,2526.26,124028.681
2026-09-07 02:45:00,2526.25,2527.01,2509.2,2510.81,57835.933
2026-09-07 03:00:00,2510.81,2515.51,2505.59,2506.25,52692.295
2026-09-07 03:15:00,2506.25,2510.05,2502.55,2503.26,28318.44
2026-09-07 03:30:00,2503.26,2505.33,2494.18,2496.56,43764.79
2026-09-07 03:45:00,2496.56,2499.42,2495.11,2496.01,30210.827
2026-09-07 04:00:00,2496.01,2497.68,2491.23,2497.07,28325.365
2026-09-07 04:15:00,2497.06,2498.56,2495.22,2495.22,21923.956
2026-09-07 04:30:00,2495.22,2497.12,2490.23,2496.18,24162.001
2026-09-07 04:45:00,2496.18,2497.85,2493.14,2496.83,13702.801
2026-09-07 05:00:00,2496.83,2504.25,2495.84,2502.63,30462.195
2026-09-07 05:15:00,2502.63,2512.96,2502.47,2511.49,42340.307
2026-09-07 05:30:00,2511.49,2512.5,2508.2,2510.6,18311.699
2026-09-07 05:45:00,2510.59,2510.63,2502.75,2503.42,18742.032
2026-09-07 06:00:00,2503.42,2509.16,2502.52,2508.76,15451.007
2026-09-07 06:15:00,2508.75,2508.76,2502.5,2502.65,10823.325
2026-09-07 06:30:00,2502.66,2503.84,2497.81,2498.15,16758.758
2026-09-07 06:45:00,2498.15,2499.58,2496.39,2496.86,15151.625
2026-09-07 07:00:00,2496.85,2501.09,2494.59,2498.66,24716.397
2026-09-07 07:15:00,2498.65,2499.97,2483.16,2487.47,51414.694
2026-09-07 07:30:00,2487.47,2491.86,2472.61,2484.05,106551.512
2026-09-07 07:45:00,2484.05,2488.21,2484.04,2488.0,35427.556
2026-09-07 08:00:00,2488.0,2490.11,2487.41,2487.74,26124.645
2026-09-07 08:15:00,2487.74,2491.63,2487.56,2489.56,20579.395
2026-09-07 08:30:00,2489.55,2492.34,2488.42,2491.71,16131.328
2026-09-07 08:45:00,2491.71,2492.7,2489.35,2490.15,12359.082
2026-09-07 09:00:00,2490.15,2495.96,2489.19,2494.93,19888.845
2026-09-07 09:15:00,2494.93,2496.3,2492.11,2493.58,24444.949
2026-09-07 09:30:00,2493.58,2493.69,2487.75,2489.39,12969.844
2026-09-07 09:45:00,2489.39,2492.12,2482.63,2483.38,32234.526
2026-09-07 10:00:00,2483.38,2488.24,2483.38,2486.39,29813.641
2026-09-07 10:15:00,2486.39,2488.92,2486.0,2488.51,7052.017
2026-09-07 10:30:00,2488.51,2490.69,2486.84,2490.28,9885.629
2026-09-07 10:45:00,2490.27,2491.26,2486.73,2487.76,17121.101
2026-09-07 11:00:00,2487.76,2489.35,2485.33,2489.35,18893.769
2026-09-07 11:15:00,2489.34,2492.32,2488.72,2491.04,9410.039
2026-09-07 11:30:00,2491.03,2492.37,2489.03,2489.27,7530.576
2026-09-07 11:45:00,2489.28,2490.14,2485.95,2487.97,16704.111
2026-09-07 12:00:00,2487.97,2491.79,2487.6,2487.6,12128.869
2026-09-07 12:15:00,2487.6,2492.88,2487.55,2492.41,10620.677
2026-09-07 12:30:00,2492.41,2493.56,2491.77,2493.0,13081.361
2026-09-07 12:45:00,2493.0,2506.77,2493.0,2504.38,53526.013
2026-09-07 13:00:00,2504.38,2509.65,2501.88,2509.36,37086.446
2026-09-07 13:15:00,2509.36,2510.76,2505.33,2507.67,20724.465
2026-09-07 13:30:00,2507.67,2507.94,2494.07,2497.33,52728.778
2026-09-07 13:45:00,2497.34,2501.61,2495.49,2497.86,19420.223
2026-09-07 14:00:00,2497.87,2498.64,2481.83,2486.14,68899.208
2026-09-07 14:15:00,2486.14,2489.19,2481.29,2481.81,46097.826
2026-09-07 14:30:00,2481.8,2483.21,2475.11,2480.27,53903.955
2026-09-07 14:45:00,2480.28,2490.62,2480.0,2489.08,51351.92
2026-09-07 15:00:00,2489.07,2489.08,2481.13,2482.04,23632.618
2026-09-07 15:15:00,2482.04,2487.73,2474.18,2480.76,32247.783
2026-09-07 15:30:00,2480.76,2481.26,2464.62,2468.89,107261.848
2026-09-07 15:45:00,2468.9,2473.63,2465.23,2468.99,59239.628
2026-09-07 16:00:00,2469.0,2475.0,2468.71,2473.84,29807.939
2026-09-07 16:15:00,2473.84,2474.54,2470.0,2470.0,18575.404
2026-09-07 16:30:00,2470.0,2481.0,2469.15,2479.77,43647.412
2026-09-07 16:45:00,2479.77,2482.01,2478.36,2481.76,15469.553
2026-09-07 17:00:00,2481.76,2489.6,2480.96,2488.77,34840.932
2026-09-07 17:15:00,2488.78,2490.49,2484.71,2487.31,32319.96
2026-09-07 17:30:00,2487.31,2493.47,2484.58,2492.0,18883.355
2026-09-07 17:45:00,2492.0,2499.24,2490.85,2494.31,28578.466
2026-09-07 18:00:00,2494.32,2496.36,2492.35,2493.53,14377.017
2026-09-07 18:15:00,2493.53,2494.27,2488.5,2489.38,44237.347
2026-09-07 18:30:00,2489.38,2489.38,2486.15,2488.18,11617.146
2026-09-07 18:45:00,2488.18,2493.67,2486.94,2490.69,19618.242
2026-09-07 19:00:00,2490.68,2491.0,2488.09,2489.96,4999.416
2026-09-07 19:15:00,2489.96,2492.5,2489.88,2491.28,6127.629
2026-09-07 19:30:00,2491.28,2496.73,2491.27,2495.08,13813.959
2026-09-07 19:45:00,2495.07,2495.88,2492.92,2494.68,10440.199
2026-09-07 20:00:00,2494.67,2496.15,2487.27,2488.35,19883.983
2026-09-07 20:15:00,2488.36,2488.98,2486.02,2488.53,8432.636
2026-09-07 20:30:00,2488.52,2491.61,2488.26,2490.91,7462.907
2026-09-07 20:45:00,2490.91,2495.5,2489.28,2494.15,18383.41
2026-09-07 21:00:00,2494.15,2495.21,2491.05,2495.2,12235.279
2026-09-07 21:15:00,2495.21,2495.89,2491.45,2491.69,7766.139
2026-09-07 21:30:00,2491.7,2492.81,2490.3,2491.81,8169.519
2026-09-07 21:45:00,2491.8,2492.46,2489.28,2490.08,7288.341
2026-09-07 22:00:00,2490.07,2490.97,2483.52,2488.08,19133.042
2026-09-07 22:15:00,2488.09,2491.0,2481.05,2485.46,26158.982
2026-09-07 22:30:00,2485.47,2485.47,2474.44,2477.64,40634.378
2026-09-07 22:45:00,2477.64,2482.19,2477.52,2481.69,12032.468
2026-09-07 23:00:00,2481.69,2488.28,2481.09,2487.07,16847.213
2026-09-07 23:15:00,2487.08,2487.73,2481.08,2483.43,12587.026
2026-09-07 23:30:00,2483.43,2489.6,2482.07,2489.4,8626.492
2026-09-07 23:45:00,2489.4,2492.72,2488.45,2488.92,20374.949
2026-09-08 00:00:00,2488.91,2489.68,2483.31,2487.01,24054.986
2026-09-08 00:15:00,2487.01,2489.99,2482.01,2482.45,15675.391
2026-09-08 00:30:00,2482.45,2493.33,2482.25,2489.58,20981.078
2026-09-08 00:45:00,2489.57,2494.79,2488.85,2494.49,32331.644
2026-09-08 01:00:00,2494.49,2496.6,2492.11,2495.3,21263.402
2026-09-08 01:15:00,2495.31,2504.53,2494.59,2501.65,34519.257
2026-09-08 01:30:00,2501.65,2501.65,2497.9,2498.84,13147.894
2026-09-08 01:45:00,2498.85,2503.71,2498.01,2503.33,13324.689
2026-09-08 02:00:00,2503.33,2503.5,2493.43,2498.04,18570.266
2026-09-08 02:15:00,2498.05,2507.3,2494.92,2495.81,37779.893
2026-09-08 02:30:00,2495.81,2496.45,2488.38,2490.37,22257.643
2026-09-08 02:45:00,2490.38,2491.9,2483.35,2483.43,28893.206
2026-09-08 03:00:00,2483.42,2486.05,2481.14,2482.0,31366.559
2026-09-08 03:15:00,2482.0,2483.54,2476.61,2479.75,31571.252
2026-09-08 03:30:00,2479.74,2487.37,2479.26,2485.42,31619.425
2026-09-08 03:45:00,2485.42,2485.8,2483.0,2484.91,9070.971
2026-09-08 04:00:00,2484.91,2485.16,2480.59,2481.61,12650.86
2026-09-08 04:15:00,2481.6,2484.56,2479.06,2481.48,17702.769
2026-09-08 04:30:00,2481.48,2484.37,2480.27,2481.82,11278.37
2026-09-08 04:45:00,2481.82,2483.1,2477.27,2477.81,17640.482
2026-09-08 05:00:00,2477.8,2483.4,2474.01,2476.69,39344.55
2026-09-08 05:15:00,2476.7,2483.42,2475.21,2480.93,26459.764
2026-09-08 05:30:00,2480.94,2481.21,2471.8,2472.6,40956.56
2026-09-08 05:45:00,2472.6,2476.41,2471.38,2472.23,22138.51
2026-09-08 06:00:00,2472.24,2474.62,2469.0,2473.82,39480.461
2026-09-08 06:15:00,2473.81,2476.0,2461.24,2465.18,56123.828
2026-09-08 06:30:00,2465.18,2467.26,2462.25,2464.39,31873.053
2026-09-08 06:45:00,2464.38,2468.17,2462.34,2467.28,36005.77
2026-09-08 07:00:00,2467.28,2474.43,2466.66,2472.96,33889.11
2026-09-08 07:15:00,2472.97,2478.47,2471.84,2477.0,20845.7
2026-09-08 07:30:00,2477.0,2483.96,2476.69,2477.62,37015.668
2026-09-08 07:45:00,2477.62,2478.91,2470.3,2478.32,29123.198
2026-09-08 08:00:00,2478.33,2478.33,2467.75,2471.5,27284.986
2026-09-08 08:15:00,2471.5,2476.37,2469.34,2475.01,28762.279
2026-09-08 08:30:00,2475.01,2481.64,2473.5,2480.12,30122.09
2026-09-08 08:45:00,2480.11,2482.44,2475.22,2476.76,14613.847
2026-09-08 09:00:00,2476.75,2479.99,2474.23,2479.25,23451.293
2026-09-08 09:15:00,2479.26,2481.21,2475.35,2479.97,15635.582
2026-09-08 09:30:00,2479.97,2494.77,2479.52,2492.8,91817.745
2026-09-08 09:45:00,2492.8,2494.48,2489.98,2490.82,37193.881
2026-09-08 10:00:00,2490.82,2490.82,2485.96,2488.61,29919.848
2026-09-08 10:15:00,2488.6,2499.61,2488.0,2491.3,55405.022
2026-09-08 10:30:00,2491.3,2491.98,2481.59,2483.34,25969.867
2026-09-08 10:45:00,2483.33,2484.79,2479.56,2480.13,24972.316
2026-09-08 11:00:00,2480.14,2481.5,2470.21,2470.96,45803.353
2026-09-08 11:15:00,2470.96,2475.97,2470.92,2473.58,31462.148
2026-09-08 11:30:00,2473.58,2476.11,2472.48,2473.6,15858.634
2026-09-08 11:45:00,2473.6,2474.04,2470.33,2473.35,19842.991
2026-09-08 12:00:00,2473.36,2473.36,2466.0,2468.05,37541.357
2026-09-08 12:15:00,2468.05,2474.81,2468.04,2474.29,13172.535
2026-09-08 12:30:00,2474.29,2474.84,2469.0,2471.66,22866.219
2026-09-08 12:45:00,2471.66,2474.98,2470.35,2471.72,23819.118
2026-09-08 13:00:00,2471.72,2474.47,2469.31,2471.99,16431.347
2026-09-08 13:15:00,2471.99,2473.01,2465.0,2468.34,26419.541
2026-09-08 13:30:00,2468.35,2468.8,2440.22,2448.4,270144.56
2026-09-08 13:45:00,2448.39,2463.32,2444.65,2458.37,125705.497
2026-09-08 14:00:00,2458.36,2475.69,2455.69,2471.75,141104.329
2026-09-08 14:15:00,2471.76,2483.17,2471.76,2478.35,125440.213
2026-09-08 14:30:00,2478.36,2482.68,2474.84,2479.9,42237.474
2026-09-08 14:45:00,2479.9,2486.06,2479.06,2484.82,57807.795
2026-09-08 15:00:00,2484.82,2490.58,2482.86,2487.93,54089.736
2026-09-08 15:15:00,2487.93,2491.61,2479.22,2481.19,64180.524
2026-09-08 15:30:00,2481.19,2496.68,2481.19,2495.11,58816.804
2026-09-08 15:45:00,2495.12,2501.41,2492.74,2497.77,80396.012
2026-09-08 16:00:00,2497.77,2498.14,2487.75,2489.0,57075.765
2026-09-08 16:15:00,2489.0,2492.01,2485.8,2489.38,29858.655
2026-09-08 16:30:00,2489.38,2504.71,2488.69,2496.12,49671.456
2026-09-08 16:45:00,2496.12,2499.96,2492.64,2495.73,41563.066
2026-09-08 17:00:00,2495.72,2502.85,2492.53,2495.23,41319.475
2026-09-08 17:15:00,2495.22,2495.67,2487.59,2490.71,23808.4
2026-09-08 17:30:00,2490.7,2493.8,2486.42,2486.99,22901.684
2026-09-08 17:45:00,2487.0,2493.48,2486.7,2487.3,16280.306
2026-09-08 18:00:00,2487.31,2497.7,2487.0,2496.57,32325.55
2026-09-08 18:15:00,2496.58,2508.61,2496.57,2499.55,56124.64
2026-09-08 18:30:00,2499.54,2502.18,2493.35,2494.95,20337.61
2026-09-08 18:45:00,2494.95,2496.45,2473.21,2485.68,125630.505
2026-09-08 19:00:00,2485.68,2490.65,2483.18,2484.86,35901.361
2026-09-08 19:15:00,2484.87,2488.75,2480.96,2485.54,22778.845
2026-09-08 19:30:00,2485.55,2487.55,2478.0,2480.77,25000.78
2026-09-08 19:45:00,2480.78,2481.0,2475.0,2480.99,37265.433
2026-09-08 20:00:00,2480.99,2490.73,2479.19,2489.64,25110.493
2026-09-08 20:15:00,2489.64,2489.97,2481.66,2486.02,16844.778
2026-09-08 20:30:00,2486.03,2486.03,2479.38,2482.96,8363.456
2026-09-08 20:45:00,2482.96,2485.08,2481.62,2481.95,8631.147
2026-09-08 21:00:00,2481.96,2485.71,2481.41,2484.59,7293.409
2026-09-08 21:15:00,2484.59,2486.31,2481.24,2481.73,9820.259
2026-09-08 21:30:00,2481.73,2483.63,2479.11,2482.03,12010.18
2026-09-08 21:45:00,2482.03,2483.16,2477.47,2481.91,18646.096
2026-09-08 22:00:00,2481.9,2488.19,2480.55,2482.82,12567.836
2026-09-08 22:15:00,2482.82,2485.74,2482.25,2483.51,8122.534
2026-09-08 22:30:00,2483.51,2486.23,2481.5,2483.41,9777.914
2026-09-08 22:45:00,2483.4,2489.28,2483.4,2488.07,10085.199
2026-09-08 23:00:00,2488.08,2489.53,2482.81,2484.24,14744.228
2026-09-08 23:15:00,2484.25,2484.25,2481.67,2483.43,8232.97
2026-09-08 23:30:00,2483.42,2484.81,2483.29,2484.32,6453.373
2026-09-08 23:45:00,2484.33,2485.42,2482.8,2483.87,6259.042
2026-09-09 00:00:00,2483.87,2494.32,2483.87,2493.81,20868.839
2026-09-09 00:15:00,2493.82,2493.96,2488.12,2489.99,9441.21
2026-09-09 00:30:00,2490.0,2492.49,2486.69,2492.36,8406.376
2026-09-09 00:45:00,2492.35,2496.74,2492.16,2495.54,15571.521
2026-09-09 01:00:00,2495.54,2498.26,2491.56,2493.5,15918.393
2026-09-09 01:15:00,2493.5,2494.25,2488.08,2491.29,17865.87
2026-09-09 01:30:00,2491.28,2498.3,2489.52,2495.69,11717.081
2026-09-09 01:45:00,2495.69,2498.94,2495.0,2496.73,25523.311
2026-09-09 02:00:00,2496.72,2499.5,2493.25,2493.43,20023.963
2026-09-09 02:15:00,2493.43,2496.78,2488.55,2496.0,20972.636
2026-09-09 02:30:00,2496.0,2496.6,2493.47,2496.05,6368.016
2026-09-09 02:45:00,2496.04,2496.35,2492.64,2492.64,5714.365
2026-09-09 03:00:00,2492.64,2492.82,2485.68,2486.43,21489.643
2026-09-09 03:15:00,2486.43,2488.95,2485.55,2486.53,10624.361
2026-09-09 03:30:00,2486.52,2490.86,2486.41,2489.58,9437.922
2026-09-09 03:45:00,2489.58,2491.29,2485.2,2487.79,17466.706
2026-09-09 04:00:00,2487.78,2502.28,2487.78,2495.9,63566.96
2026-09-09 04:15:00,2495.89,2498.62,2493.35,2496.12,16327.503
2026-09-09 04:30:00,2496.12,2513.0,2495.52,2511.42,65268.716
2026-09-09 04:45:00,2511.42,2513.2,2504.53,2508.68,49803.752
2026-09-09 05:00:00,2508.68,2509.4,2501.82,2507.09,33142.742
2026-09-09 05:15:00,2507.09,2510.68,2501.33,2501.74,29463.046
2026-09-09 05:30:00,2501.75,2502.69,2492.08,2494.64,54417.454
2026-09-09 05:45:00,2494.63,2495.92,2490.0,2495.45,34412.932
2026-09-09 06:00:00,2495.46,2500.64,2491.45,2499.8,20715.512
2026-09-09 06:15:00,2499.81,2504.73,2498.7,2498.89,19450.37
2026-09-09 06:30:00,2498.9,2501.0,2497.02,2499.68,12978.275
2026-09-09 06:45:00,2499.68,2500.79,2498.0,2500.05,9963.68
2026-09-09 07:00:00,2500.06,2517.03,2498.7,2510.2,87720.884
2026-09-09 07:15:00,2510.2,2514.23,2508.47,2514.23,30785.723
2026-09-09 07:30:00,2514.22,2515.26,2509.62,2510.65,25603.958
2026-09-09 07:45:00,2510.64,2511.4,2507.64,2509.49,19595.549
2026-09-09 08:00:00,2509.5,2517.98,2509.39,2513.64,52240.26
2026-09-09 08:15:00,2513.65,2520.84,2513.09,2520.03,37944.252
2026-09-09 08:30:00,2520.03,2522.75,2515.17,2516.36,38108.567
2026-09-09 08:45:00,2516.36,2520.55,2514.53,2519.0,27053.461
2026-09-09 09:00:00,2519.0,2519.55,2509.0,2511.62,40374.503
2026-09-09 09:15:00,2511.61,2512.35,2507.64,2507.66,16723.035
2026-09-09 09:30:00,2507.67,2508.23,2490.23,2494.02,87932.142
2026-09-09 09:45:00,2494.02,2496.32,2489.0,2489.13,60701.616
2026-09-09 10:00:00,2489.13,2493.08,2488.0,2490.5,50511.3
2026-09-09 10:15:00,2490.5,2491.62,2485.36,2489.9,45062.874
2026-09-09 10:30:00,2489.89,2492.43,2488.22,2489.13,28818.204
2026-09-09 10:45:00,2489.13,2489.13,2480.52,2486.3,55389.55
2026-09-09 11:00:00,2486.31,2486.95,2480.79,2485.47,27309.488
2026-09-09 11:15:00,2485.47,2491.49,2482.61,2491.42,27854.518
2026-09-09 11:30:00,2491.41,2494.37,2489.41,2492.32,32271.006
2026-09-09 11:45:00,2492.32,2504.68,2492.32,2499.86,60889.704
2026-09-09 12:00:00,2499.86,2504.49,2497.48,2499.98,27853.738
2026-09-09 12:15:00,2499.97,2501.62,2497.8,2500.7,19716.737
2026-09-09 12:30:00,2500.71,2510.0,2500.41,2506.71,43871.772
2026-09-09 12:45:00,2506.71,2511.9,2506.71,2510.66,43844.882
2026-09-09 13:00:00,2510.65,2513.24,2507.01,2512.73,48298.57
2026-09-09 13:15:00,2512.72,2515.26,2510.08,2514.1,32329.045
2026-09-09 13:30:00,2514.1,2520.58,2498.39,2503.32,134421.428
2026-09-09 13:45:00,2503.33,2512.77,2498.78,2501.44,70860.739
2026-09-09 14:00:00,2501.44,2507.84,2493.12,2501.12,90331.244
2026-09-09 14:15:00,2501.13,2511.59,2494.0,2511.59,52464.481
2026-09-09 14:30:00,2511.59,2513.43,2499.15,2500.38,53533.079
2026-09-09 14:45:00,2500.37,2506.68,2495.13,2498.16,59596.175
2026-09-09 15:00:00,2498.16,2511.98,2477.28,2483.6,218058.485
2026-09-09 15:15:00,2483.59,2489.93,2469.1,2478.19,143798.616
2026-09-09 15:30:00,2478.19,2494.55,2477.34,2492.1,89094.405
2026-09-09 15:45:00,2492.1,2493.51,2488.79,2488.97,27527.872
2026-09-09 16:00:00,2488.96,2497.0,2485.63,2490.85,40653.864
2026-09-09 16:15:00,2490.85,2490.85,2483.65,2489.5,25099.178
2026-09-09 16:30:00,2489.5,2498.5,2489.5,2497.69,39999.834
2026-09-09 16:45:00,2497.69,2497.7,2493.57,2494.84,13557.366
2026-09-09 17:00:00,2494.83,2498.57,2491.53,2495.62,21800.967
2026-09-09 17:15:00,2495.62,2498.44,2493.68,2495.54,15107.714
2026-09-09 17:30:00,2495.54,2495.93,2489.0,2489.99,22722.266
2026-09-09 17:45:00,2489.99,2494.66,2487.03,2492.54,15387.555
2026-09-09 18:00:00,2492.54,2494.78,2487.82,2488.9,12845.854
2026-09-09 18:15:00,2488.91,2490.82,2486.62,2490.02,8435.904
2026-09-09 18:30:00,2490.01,2491.22,2486.28,2487.75,10247.77
2026-09-09 18:45:00,2487.74,2487.9,2480.0,2480.15,32817.71
2026-09-09 19:00:00,2480.15,2481.59,2475.0,2480.99,37537.33
2026-09-09 19:15:00,2480.98,2483.84,2480.55,2481.52,14563.359
2026-09-09 19:30:00,2481.52,2482.36,2470.14,2470.42,43256.515
2026-09-09 19:45:00,2470.43,2471.48,2460.5,2464.28,80313.44
2026-09-09 20:00:00,2464.28,2467.79,2462.83,2465.12,33438.116
2026-09-09 20:15:00,2465.13,2471.28,2452.51,2460.08,63614.936
2026-09-09 20:30:00,2460.08,2469.3,2459.28,2467.2,31499.257
2026-09-09 20:45:00,2467.21,2471.17,2458.97,2470.37,30847.942
2026-09-09 21:00:00,2470.37,2471.41,2466.0,2468.56,20682.824
2026-09-09 21:15:00,2468.58,2469.96,2462.63,2469.83,13379.185
2026-09-09 21:30:00,2469.82,2469.83,2462.58,2463.31,10002.663
2026-09-09 21:45:00,2463.3,2463.82,2455.15,2460.58,31454.297
2026-09-09 22:00:00,2460.58,2462.14,2442.6,2446.42,101751.722
2026-09-09 22:15:00,2446.41,2454.89,2440.09,2453.79,43979.309
2026-09-09 22:30:00,2453.79,2456.23,2450.76,2456.14,20468.394
2026-09-09 22:45:00,2456.15,2456.15,2448.66,2449.12,29865.718
2026-09-09 23:00:00,2449.13,2460.28,2448.87,2459.31,24729.443
2026-09-09 23:15:00,2459.32,2461.49,2457.6,2461.48,12573.968
2026-09-09 23:30:00,2461.49,2466.86,2461.04,2464.45,22082.584
2026-09-09 23:45:00,2464.46,2467.97,2464.05,2466.97,22376.272
2026-09-10 00:00:00,2466.96,2469.88,2465.5,2466.56,33486.599
2026-09-10 00:15:00,2466.57,2470.74,2464.0,2468.98,32199.984
2026-09-10 00:30:00,2468.98,2469.35,2462.73,2462.83,24620.18
2026-09-10 00:45:00,2462.84,2468.28,2461.55,2463.76,30446.108
2026-09-10 01:00:00,2463.76,2478.3,2463.41,2469.14,49443.16
2026-09-10 01:15:00,2469.14,2469.38,2462.68,2462.68,20355.05
2026-09-10 01:30:00,2462.68,2466.07,2454.32,2461.52,39871.766
2026-09-10 01:45:00,2461.52,2464.4,2456.76,2463.0,17090.607
2026-09-10 02:00:00,2463.0,2463.33,2459.74,2462.01,11703.173
2026-09-10 02:15:00,2462.0,2463.35,2459.0,2460.48,11006.276
2026-09-10 02:30:00,2460.47,2470.56,2459.73,2470.48,22017.334
2026-09-10 02:45:00,2470.47,2475.41,2470.3,2473.99,27521.536
2026-09-10 03:00:00,2473.99,2478.12,2473.99,2474.41,30464.914
2026-09-10 03:15:00,2474.41,2475.83,2470.38,2475.62,23788.109
2026-09-10 03:30:00,2475.62,2478.24,2471.16,2475.26,21608.849
2026-09-10 03:45:00,2475.26,2478.22,2472.34,2474.34,17858.508
2026-09-10 04:00:00,2474.34,2478.0,2473.81,2474.24,15402.203
2026-09-10 04:15:00,2474.23,2478.94,2473.94,2477.15,10540.146
2026-09-10 04:30:00,2477.15,2480.3,2475.73,2476.23,18569.482
2026-09-10 04:45:00,2476.23,2479.14,2474.7,2477.69,15527.186
2026-09-10 05:00:00,2477.7,2481.8,2472.79,2480.89,16277.846
2026-09-10 05:15:00,2480.89,2481.33,2476.6,2479.73,13039.304
2026-09-10 05:30:00,2479.73,2482.0,2478.16,2479.31,17234.243
2026-09-10 05:45:00,2479.32,2483.0,2479.11,2481.11,12526.554
2026-09-10 06:00:00,2481.11,2481.63,2474.2,2474.39,16536.951
2026-09-10 06:15:00,2474.39,2474.4,2470.56,2472.27,26986.409
2026-09-10 06:30:00,2472.27,2475.91,2470.83,2474.29,16782.004
2026-09-10 06:45:00,2474.3,2483.99,2474.29,2479.25,26085.119
2026-09-10 07:00:00,2479.26,2479.26,2472.01,2474.14,19377.871
2026-09-10 07:15:00,2474.15,2474.27,2466.3,2466.52,29203.348
2026-09-10 07:30:00,2466.51,2467.13,2462.59,2466.36,32167.671
2026-09-10 07:45:00,2466.37,2472.8,2466.11,2471.5,18298.573
2026-09-10 08:00:00,2471.49,2473.55,2468.06,2469.07,17315.428
2026-09-10 08:15:00,2469.07,2473.66,2467.85,2473.35,15959.862
2026-09-10 08:30:00,2473.36,2473.36,2468.0,2469.71,17277.064
2026-09-10 08:45:00,2469.71,2471.52,2469.12,2470.18,11622.414
2026-09-10 09:00:00,2470.19,2473.42,2469.99,2473.01,20515.813
2026-09-10 09:15:00,2473.02,2476.94,2472.72,2476.09,14734.019
2026-09-10 09:30:00,2476.09,2476.09,2463.33,2466.32,28677.3
2026-09-10 09:45:00,2466.32,2469.89,2465.49,2467.65,16799.18
2026-09-10 10:00:00,2467.65,2470.91,2466.6,2468.87,14896.448
2026-09-10 10:15:00,2468.88,2469.8,2464.85,2467.04,6788.005
2026-09-10 10:30:00,2467.04,2469.43,2461.61,2466.94,18623.345
2026-09-10 10:45:00,2466.94,2469.79,2463.08,2463.08,13877.013
2026-09-10 11:00:00,2463.08,2463.08,2457.15,2461.25,41816.764
2026-09-10 11:15:00,2461.25,2467.2,2461.24,2466.37,17199.323
2026-09-10 11:30:00,2466.36,2468.83,2466.03,2466.73,15463.212
2026-09-10 11:45:00,2466.72,2467.65,2460.0,2461.03,18117.117
2026-09-10 12:00:00,2461.04,2462.91,2455.28,2459.32,39531.202
2026-09-10 12:15:00,2459.31,2460.17,2454.21,2458.8,35952.466
2026-09-10 12:30:00,2458.84,2465.82,2428.48,2436.0,347500.562
2026-09-10 12:45:00,2436.0,2436.44,2406.21,2413.44,318145.224
2026-09-10 13:00:00,2413.44,2423.72,2403.33,2409.17,206463.672
2026-09-10 13:15:00,2409.17,2419.76,2407.0,2418.42,101630.715
2026-09-10 13:30:00,2418.42,2428.26,2415.4,2423.56,95886.914
2026-09-10 13:45:00,2423.56,2435.51,2423.0,2433.87,69271.841
2026-09-10 14:00:00,2433.86,2440.14,2424.11,2430.32,111022.922
2026-09-10 14:15:00,2430.32,2442.85,2426.5,2437.91,69026.796
2026-09-10 14:30:00,2437.91,2441.49,2436.78,2438.68,25467.726
2026-09-10 14:45:00,2438.69,2442.97,2436.31,2442.29,32729.28
2026-09-10 15:00:00,2442.29,2443.75,2436.69,2440.68,23411.924
2026-09-10 15:15:00,2440.67,2441.67,2430.66,2433.52,34881.495
2026-09-10 15:30:00,2433.52,2442.99,2433.52,2436.6,27893.92
2026-09-10 15:45:00,2436.61,2440.32,2434.0,2440.01,30349.358
2026-09-10 16:00:00,2440.01,2442.73,2432.8,2435.98,41056.576
2026-09-10 16:15:00,2435.99,2440.62,2431.0,2437.2,28370.173
2026-09-10 16:30:00,2437.2,2440.34,2430.56,2439.11,29786.677
2026-09-10 16:45:00,2439.11,2449.93,2439.11,2447.62,49015.824
2026-09-10 17:00:00,2447.62,2453.71,2445.88,2451.99,45521.516
2026-09-10 17:15:00,2451.99,2460.0,2450.91,2458.69,58293.283
2026-09-10 17:30:00,2458.69,2474.18,2458.63,2465.58,132822.111
2026-09-10 17:45:00,2465.59,2470.47,2462.59,2464.85,39459.419
2026-09-10 18:00:00,2464.85,2466.0,2454.34,2455.2,50844.061
2026-09-10 18:15:00,2455.2,2463.38,2453.51,2458.73,44818.114
2026-09-10 18:30:00,2458.74,2463.31,2455.22,2461.84,16337.596
2026-09-10 18:45:00,2461.85,2468.74,2458.75,2467.37,22476.999
2026-09-10 19:00:00,2467.37,2467.53,2461.39,2463.76,18697.427
2026-09-10 19:15:00,2463.76,2467.27,2461.3,2465.67,17314.517
2026-09-10 19:30:00,2465.67,2471.41,2459.11,2468.54,46197.973
2026-09-10 19:45:00,2468.54,2468.54,2459.33,2461.46,45231.21
2026-09-10 20:00:00,2461.47,2467.41,2460.0,2467.41,11908.397
2026-09-10 20:15:00,2467.41,2468.09,2463.67,2465.39,8887.41
2026-09-10 20:30:00,2465.39,2465.44,2461.8,2463.57,7059.451
2026-09-10 20:45:00,2463.57,2463.91,2460.37,2460.53,13162.915
2026-09-10 21:00:00,2460.53,2461.86,2459.12,2459.12,8606.809
2026-09-10 21:15:00,2459.12,2460.69,2458.4,2460.67,8544.638
2026-09-10 21:30:00,2460.67,2460.68,2456.8,2458.18,13223.696
2026-09-10 21:45:00,2458.18,2462.12,2457.42,2459.27,6540.808
2026-09-10 22:00:00,2459.28,2461.0,2455.34,2457.53,10682.032
2026-09-10 22:15:00,2457.53,2458.95,2452.4,2452.49,12666.899
2026-09-10 22:30:00,2452.5,2454.5,2443.85,2445.84,39105.388
2026-09-10 22:45:00,2445.85,2450.6,2442.5,2443.84,25695.642
2026-09-10 23:00:00,2443.85,2446.15,2433.42,2435.13,54439.73
2026-09-10 23:15:00,2435.14,2444.88,2433.35,2442.15,34889.467
2026-09-10 23:30:00,2442.14,2443.63,2439.22,2440.59,19842.842
2026-09-10 23:45:00,2440.59,2440.97,2435.02,2437.04,17496.019
2026-09-11 00:00:00,2437.03,2449.35,2436.25,2447.28,35402.738
2026-09-11 00:15:00,2447.28,2452.92,2446.0,2450.28,24506.412
2026-09-11 00:30:00,2450.29,2451.73,2443.31,2449.32,39531.115
2026-09-11 00:45:00,2449.32,2457.36,2448.95,2455.46,28673.283
2026-09-11 01:00:00,2455.45,2459.52,2454.34,2454.62,22640.681
2026-09-11 01:15:00,2454.62,2456.81,2449.2,2449.21,16251.3
2026-09-11 01:30:00,2449.2,2453.26,2444.89,2450.63,37472.8
2026-09-11 01:45:00,2450.63,2453.45,2447.78,2453.25,12992.782
2026-09-11 02:00:00,2453.25,2453.96,2450.09,2453.23,12917.823
2026-09-11 02:15:00,2453.23,2453.23,2444.34,2445.89,16574.346
2026-09-11 02:30:00,2445.89,2449.0,2444.39,2447.46,14146.274
2026-09-11 02:45:00,2447.46,2449.75,2443.09,2445.86,20125.064
2026-09-11 03:00:00,2445.86,2447.0,2440.15,2446.81,20957.797
2026-09-11 03:15:00,2446.8,2447.83,2440.22,2442.02,16497.496
2026-09-11 03:30:00,2442.01,2446.21,2439.01,2445.99,15454.178
2026-09-11 03:45:00,2446.0,2446.2,2441.7,2446.2,10813.102
2026-09-11 04:00:00,2446.2,2450.36,2445.22,2449.31,20150.059
2026-09-11 04:15:00,2449.3,2461.69,2447.91,2461.02,59373.187
2026-09-11 04:30:00,2461.03,2464.0,2455.19,2456.51,35918.283
2026-09-11 04:45:00,2456.52,2459.14,2455.72,2457.96,12685.49
2026-09-11 05:00:00,2457.95,2461.23,2456.4,2460.35,14928.484
2026-09-11 05:15:00,2460.36,2460.52,2456.84,2457.83,12361.734
2026-09-11 05:30:00,2457.83,2464.44,2457.35,2464.36,20313.087
2026-09-11 05:45:00,2464.35,2467.79,2462.68,2467.78,23893.221
2026-09-11 06:00:00,2467.78,2470.27,2465.7,2469.15,28272.721
2026-09-11 06:15:00,2469.15,2469.81,2464.54,2465.77,34327.511
2026-09-11 06:30:00,2465.77,2465.97,2462.2,2465.41,18285.289
2026-09-11 06:45:00,2465.41,2466.81,2465.25,2465.9,7114.209
2026-09-11 07:00:00,2465.9,2469.83,2465.24,2467.65,16522.868
2026-09-11 07:15:00,2467.66,2472.74,2467.65,2468.0,21539.139
2026-09-11 07:30:00,2468.0,2470.39,2465.9,2466.65,17102.477
2026-09-11 07:45:00,2466.65,2468.0,2465.21,2466.51,15714.225
2026-09-11 08:00:00,2466.5,2467.78,2462.56,2464.39,19147.168
2026-09-11 08:15:00,2464.38,2475.99,2464.38,2473.61,41286.872
2026-09-11 08:30:00,2473.61,2483.73,2473.43,2477.27,60533.844
2026-09-11 08:45:00,2477.28,2478.22,2474.09,2475.8,18621.517
2026-09-11 09:00:00,2475.81,2476.79,2472.68,2472.9,15224.751
2026-09-11 09:15:00,2472.89,2474.42,2471.71,2471.89,13486.515
2026-09-11 09:30:00,2471.89,2472.78,2460.54,2464.66,48934.441
2026-09-11 09:45:00,2464.65,2469.63,2464.56,2468.39,13767.638
2026-09-11 10:00:00,2468.39,2474.36,2464.38,2466.8,24295.514
2026-09-11 10:15:00,2466.8,2468.58,2463.38,2463.87,8945.518
2026-09-11 10:30:00,2463.86,2465.34,2461.33,2462.82,12438.461
2026-09-11 10:45:00,2462.82,2464.43,2461.05,2461.09,9613.106
2026-09-11 11:00:00,2461.09,2461.1,2450.75,2452.76,54292.139
2026-09-11 11:15:00,2452.76,2457.93,2451.55,2454.93,27887.015
2026-09-11 11:30:00,2454.92,2458.22,2453.0,2457.74,14147.561
2026-09-11 11:45:00,2457.73,2459.4,2454.93,2457.19,21122.139
2026-09-11 12:00:00,2457.19,2459.45,2448.67,2451.43,36963.193
2026-09-11 12:15:00,2451.43,2478.58,2450.29,2464.18,116111.314
2026-09-11 12:30:00,2464.18,2503.5,2433.04,2492.65,644123.598
2026-09-11 12:45:00,2492.65,2514.49,2492.4,2509.74,250029.337
2026-09-11 13:00:00,2509.74,2510.53,2494.2,2500.89,108376.501
2026-09-11 13:15:00,2500.88,2510.0,2497.0,2499.65,74859.333
2026-09-11 13:30:00,2499.65,2524.0,2488.76,2522.93,205192.817
2026-09-11 13:45:00,2522.94,2647.66,2518.19,2628.21,812627.02
2026-09-11 14:00:00,2628.22,2666.0,2596.66,2611.27,549466.598
2026-09-11 14:15:00,2611.27,2623.45,2602.59,2617.21,141195.932
2026-09-11 14:30:00,2617.21,2618.71,2600.39,2606.86,116460.661
2026-09-11 14:45:00,2606.87,2612.81,2590.85,2606.52,138301.021
2026-09-11 15:00:00,2606.53,2610.8,2598.09,2602.01,75024.664
2026-09-11 15:15:00,2602.02,2616.42,2601.12,2610.01,62379.835
2026-09-11 15:30:00,2610.01,2614.73,2605.64,2607.17,44754.954
2026-09-11 15:45:00,2607.17,2609.88,2541.39,2558.01,353051.655
2026-09-11 16:00:00,2558.01,2577.0,2556.01,2559.51,150082.848
2026-09-11 16:15:00,2559.51,2567.0,2542.55,2563.69,138378.521
2026-09-11 16:30:00,2563.69,2571.43,2558.4,2570.22,65354.608
2026-09-11 16:45:00,2570.22,2582.53,2568.66,2576.38,91988.741
2026-09-11 17:00:00,2576.38,2580.93,2569.16,2569.5,39078.128
2026-09-11 17:15:00,2569.5,2578.93,2569.29,2574.86,30598.25
2026-09-11 17:30:00,2574.86,2578.0,2566.0,2568.09,26858.229
2026-09-11 17:45:00,2568.08,2571.88,2562.11,2565.31,28834.109
2026-09-11 18:00:00,2565.32,2567.24,2527.2,2538.16,186322.917
2026-09-11 18:15:00,2538.17,2548.23,2534.66,2543.12,59153.509
2026-09-11 18:30:00,2543.11,2547.71,2539.12,2540.31,30803.195
2026-09-11 18:45:00,2540.31,2555.24,2529.04,2536.23,88888.989
2026-09-11 19:00:00,2536.24,2546.24,2531.6,2544.14,38801.348
2026-09-11 19:15:00,2544.14,2547.25,2537.06,2544.32,32367.955
2026-09-11 19:30:00,2544.32,2545.99,2540.59,2542.7,20038.34
2026-09-11 19:45:00,2542.69,2542.99,2536.67,2538.3,31239.594
2026-09-11 20:00:00,2538.3,2546.6,2536.6,2543.46,24808.38
2026-09-11 20:15:00,2543.46,2543.47,2534.39,2535.49,18554.808
2026-09-11 20:30:00,2535.5,2540.73,2522.01,2536.19,54399.815
2026-09-11 20:45:00,2536.19,2536.77,2521.57,2529.4,45692.18
2026-09-11 21:00:00,2529.4,2539.51,2529.19,2538.24,20803.919
2026-09-11 21:15:00,2538.24,2539.69,2534.75,2534.76,9411.577
2026-09-11 21:30:00,2534.76,2537.6,2532.93,2533.76,11309.983
2026-09-11 21:45:00,2533.76,2534.64,2512.12,2515.07,54101.013
2026-09-11 22:00:00,2515.07,2519.37,2504.57,2518.88,67576.499
2026-09-11 22:15:00,2518.88,2522.65,2515.53,2516.73,24560.253
2026-09-11 22:30:00,2516.72,2521.82,2508.74,2516.24,35539.051
2026-09-11 22:45:00,2516.24,2516.24,2505.46,2510.64,40857.678
2026-09-11 23:00:00,2510.64,2514.01,2507.4,2512.0,23231.97
2026-09-11 23:15:00,2512.0,2514.17,2508.24,2510.95,14647.556
2026-09-11 23:30:00,2510.95,2513.19,2509.78,2510.02,13495.978
2026-09-11 23:45:00,2510.01,2515.63,2510.0,2515.47,14504.034
2026-09-12 00:00:00,2515.47,2516.73,2510.26,2516.0,29685.753
2026-09-12 00:15:00,2515.99,2516.71,2513.96,2514.15,14132.553
2026-09-12 00:30:00,2514.16,2514.16,2511.56,2512.27,10073.563
2026-09-12 00:45:00,2512.27,2513.19,2509.49,2509.5,16007.333
2026-09-12 01:00:00,2509.49,2515.01,2508.3,2514.97,18221.446
2026-09-12 01:15:00,2514.96,2516.13,2511.04,2513.12,17434.667
2026-09-12 01:30:00,2513.11,2514.48,2510.5,2512.5,11404.766
2026-09-12 01:45:00,2512.5,2515.63,2511.51,2512.46,11919.012
2026-09-12 02:00:00,2512.47,2514.82,2511.6,2512.13,9212.761
2026-09-12 02:15:00,2512.13,2514.26,2511.68,2513.12,6636.303
2026-09-12 02:30:00,2513.12,2514.65,2511.43,2512.61,10073.873
2026-09-12 02:45:00,2512.61,2514.18,2511.02,2513.11,14124.191
2026-09-12 03:00:00,2513.1,2514.9,2510.36,2512.39,14069.479
2026-09-12 03:15:00,2512.38,2514.99,2508.1,2512.2,25988.753
2026-09-12 03:30:00,2512.2,2512.46,2510.54,2511.75,3693.508
2026-09-12 03:45:00,2511.75,2512.64,2510.36,2511.98,4753.031
2026-09-12 04:00:00,2511.99,2512.59,2511.39,2511.66,8164.199
2026-09-12 04:15:00,2511.66,2512.38,2508.58,2511.17,12565.283
2026-09-12 04:30:00,2511.17,2513.97,2511.17,2512.07,9542.835
2026-09-12 04:45:00,2512.08,2512.39,2510.89,2511.5,3914.995
2026-09-12 05:00:00,2511.51,2511.56,2509.3,2509.79,10871.352
2026-09-12 05:15:00,2509.79,2511.49,2508.08,2508.34,13470.397
2026-09-12 05:30:00,2508.33,2512.0,2507.6,2510.44,14304.863
2026-09-12 05:45:00,2510.44,2511.54,2510.37,2510.61,7997.92
2026-09-12 06:00:00,2510.61,2510.92,2509.21,2509.54,8719.635
2026-09-12 06:15:00,2509.54,2512.0,2509.4,2511.12,7431.345
2026-09-12 06:30:00,2511.11,2517.69,2511.11,2517.58,22839.984
2026-09-12 06:45:00,2517.58,2521.62,2517.0,2518.21,35788.802
2026-09-12 07:00:00,2518.21,2523.74,2518.2,2523.21,19947.203
2026-09-12 07:15:00,2523.21,2523.38,2521.0,2521.84,12278.305
2026-09-12 07:30:00,2521.83,2522.41,2521.06,2522.11,9147.215
2026-09-12 07:45:00,2522.12,2523.64,2521.16,2522.99,10426.237
2026-09-12 08:00:00,2523.0,2527.69,2522.01,2524.77,23946.457
2026-09-12 08:15:00,2524.78,2528.88,2524.6,2527.86,23400.431
2026-09-12 08:30:00,2527.86,2532.6,2526.4,2531.53,27079.703
2026-09-12 08:45:00,2531.52,2535.8,2530.72,2532.29,32141.163
2026-09-12 09:00:00,2532.29,2535.64,2531.0,2534.09,18882.82
2026-09-12 09:15:00,2534.09,2536.35,2531.5,2534.8,19510.495
2026-09-12 09:30:00,2534.79,2536.19,2530.57,2531.23,19437.642
2026-09-12 09:45:00,2531.23,2531.85,2528.17,2529.99,22112.077
2026-09-12 10:00:00,2530.0,2535.37,2529.99,2533.0,11156.603
2026-09-12 10:15:00,2533.0,2533.01,2530.83,2531.03,5144.69
2026-09-12 10:30:00,2531.02,2532.54,2530.28,2532.23,7677.757
2026-09-12 10:45:00,2532.23,2533.72,2530.33,2532.52,9692.16
2026-09-12 11:00:00,2532.52,2534.17,2530.06,2531.01,9473.696
2026-09-12 11:15:00,2531.0,2532.0,2529.51,2531.75,7205.618
2026-09-12 11:30:00,2531.75,2536.07,2531.74,2535.76,12883.626
2026-09-12 11:45:00,2535.76,2536.11,2534.34,2535.21,7115.449
2026-09-12 12:00:00,2535.21,2535.21,2532.09,2533.0,12766.699
2026-09-12 12:15:00,2532.99,2533.98,2531.88,2532.56,8251.001
2026-09-12 12:30:00,2532.55,2535.21,2532.01,2533.36,6391.535
2026-09-12 12:45:00,2533.37,2535.13,2530.72,2534.39,12883.977
2026-09-12 13:00:00,2534.39,2544.66,2532.34,2538.01,50301.748
2026-09-12 13:15:00,2538.0,2540.99,2535.42,2539.69,23224.837
2026-09-12 13:30:00,2539.69,2540.34,2536.6,2537.4,14621.104
2026-09-12 13:45:00,2537.39,2546.11,2536.37,2543.62,43398.277
2026-09-12 14:00:00,2543.63,2544.4,2539.49,2540.2,17770.942
2026-09-12 14:15:00,2540.2,2542.55,2539.73,2541.5,10366.008
2026-09-12 14:30:00,2541.51,2543.5,2538.05,2538.57,15408.83
2026-09-12 14:45:00,2538.56,2540.83,2538.21,2538.99,11401.75
2026-09-12 15:00:00,2539.0,2539.92,2536.36,2539.16,18976.507
2026-09-12 15:15:00,2539.16,2541.56,2538.08,2539.0,13901.557
2026-09-12 15:30:00,2539.0,2539.68,2530.4,2534.02,39355.535
2026-09-12 15:45:00,2534.01,2535.48,2531.05,2534.0,20226.551
2026-09-12 16:00:00,2533.99,2535.32,2531.38,2534.06,13028.766
2026-09-12 16:15:00,2534.06,2534.3,2531.36,2531.54,8197.0
2026-09-12 16:30:00,2531.55,2531.96,2529.18,2529.53,14701.725
2026-09-12 16:45:00,2529.52,2531.99,2529.18,2530.69,12465.465
2026-09-12 17:00:00,2530.68,2533.92,2529.7,2530.69,14557.7
2026-09-12 17:15:00,2530.69,2533.12,2526.14,2526.68,25446.62
2026-09-12 17:30:00,2526.67,2527.08,2523.51,2525.86,17063.94
2026-09-12 17:45:00,2525.86,2525.86,2524.05,2524.93,9272.584
2026-09-12 18:00:00,2524.94,2526.89,2522.0,2522.95,17980.855
2026-09-12 18:15:00,2522.94,2526.36,2521.23,2523.88,17348.089
2026-09-12 18:30:00,2523.87,2524.95,2520.16,2523.13,21515.699
2026-09-12 18:45:00,2523.12,2523.25,2518.48,2521.58,14691.462
2026-09-12 19:00:00,2521.57,2522.1,2517.58,2521.49,20210.989
2026-09-12 19:15:00,2521.5,2521.5,2518.24,2518.62,11438.962
2026-09-12 19:30:00,2518.62,2519.25,2513.51,2514.37,24566.837
2026-09-12 19:45:00,2514.37,2518.87,2514.18,2518.15,13265.924
2026-09-12 20:00:00,2518.15,2521.39,2518.14,2521.15,10672.738
2026-09-12 20:15:00,2521.15,2523.77,2519.78,2521.69,14725.364
2026-09-12 20:30:00,2521.68,2522.02,2519.93,2521.14,8130.653
2026-09-12 20:45:00,2521.12,2522.68,2519.12,2519.44,9139.652
2026-09-12 21:00:00,2519.44,2527.64,2518.81,2524.78,23735.533
2026-09-12 21:15:00,2524.78,2524.78,2522.03,2523.68,5140.502
2026-09-12 21:30:00,2523.68,2525.0,2522.3,2522.66,5666.347
2026-09-12 21:45:00,2522.66,2523.76,2521.26,2523.01,6966.81
2026-09-12 22:00:00,2523.01,2523.51,2520.24,2522.56,10051.42
2026-09-12 22:15:00,2522.56,2525.12,2519.66,2519.67,10098.635
2026-09-12 22:30:00,2519.66,2521.87,2519.04,2520.54,7378.771
2026-09-12 22:45:00,2520.53,2522.39,2520.53,2521.78,4373.001
2026-09-12 23:00:00,2521.79,2523.68,2521.33,2523.57,3849.523
2026-09-12 23:15:00,2523.57,2524.18,2522.65,2523.58,4898.515
2026-09-12 23:30:00,2523.59,2524.6,2523.06,2524.15,4703.252
2026-09-12 23:45:00,2524.15,2525.76,2524.14,2524.76,5538.905
2026-09-13 00:00:00,2524.77,2526.41,2523.83,2523.83,6824.802
2026-09-13 00:15:00,2523.83,2525.55,2523.81,2524.42,3897.811
2026-09-13 00:30:00,2524.42,2525.15,2522.11,2523.0,4786.695
2026-09-13 00:45:00,2523.01,2524.88,2523.01,2524.22,3731.682
2026-09-13 01:00:00,2524.22,2525.16,2522.62,2524.01,8047.182
2026-09-13 01:15:00,2524.01,2526.71,2522.41,2523.48,14285.308
2026-09-13 01:30:00,2523.48,2524.76,2521.29,2524.11,10058.747
2026-09-13 01:45:00,2524.11,2525.21,2523.82,2524.81,4614.599
2026-09-13 02:00:00,2524.81,2524.81,2521.7,2522.11,6183.62
2026-09-13 02:15:00,2522.11,2522.26,2520.7,2521.32,4619.084
2026-09-13 02:30:00,2521.32,2522.46,2520.01,2522.12,10680.69
2026-09-13 02:45:00,2522.13,2522.59,2520.31,2520.48,8658.535
2026-09-13 03:00:00,2520.49,2521.96,2519.0,2519.76,10303.488
2026-09-13 03:15:00,2519.76,2521.31,2519.13,2519.91,8085.419
2026-09-13 03:30:00,2519.92,2520.95,2518.23,2520.93,7275.59
2026-09-13 03:45:00,2520.93,2521.76,2518.83,2519.76,10423.611
2026-09-13 04:00:00,2519.76,2522.41,2519.13,2520.48,11869.92
2026-09-13 04:15:00,2520.48,2522.43,2520.47,2521.96,4207.769
2026-09-13 04:30:00,2521.97,2521.97,2517.44,2519.06,9074.053
2026-09-13 04:45:00,2519.07,2519.67,2518.47,2519.23,3022.388
2026-09-13 05:00:00,2519.23,2521.23,2519.22,2521.06,3187.681
2026-09-13 05:15:00,2521.05,2522.39,2520.02,2521.71,6655.644
2026-09-13 05:30:00,2521.71,2523.28,2521.6,2522.32,6130.103
2026-09-13 05:45:00,2522.33,2522.93,2521.5,2521.59,5002.485
2026-09-13 06:00:00,2521.59,2521.98,2521.25,2521.45,3836.454
2026-09-13 06:15:00,2521.46,2521.46,2520.05,2520.53,3747.082
2026-09-13 06:30:00,2520.52,2520.64,2517.28,2518.49,8725.28
2026-09-13 06:45:00,2518.48,2518.48,2508.38,2511.73,54443.783
2026-09-13 07:00:00,2511.72,2514.29,2510.65,2513.8,17452.328
2026-09-13 07:15:00,2513.79,2514.54,2512.36,2514.33,9256.439
2026-09-13 07:30:00,2514.32,2519.18,2512.75,2518.62,25572.693
2026-09-13 07:45:00,2518.61,2518.98,2516.0,2516.62,13358.643
2026-09-13 08:00:00,2516.61,2518.5,2511.0,2513.98,16392.827
2026-09-13 08:15:00,2513.98,2513.98,2509.01,2509.28,17095.023
2026-09-13 08:30:00,2509.28,2509.28,2486.49,2491.92,161272.587
2026-09-13 08:45:00,2491.92,2495.68,2490.89,2493.25,36865.611
2026-09-13 09:00:00,2493.25,2496.43,2491.52,2491.82,27919.07
2026-09-13 09:15:00,2491.83,2493.6,2474.08,2480.45,125893.605
2026-09-13 09:30:00,2480.45,2483.66,2468.0,2479.36,113972.68
2026-09-13 09:45:00,2479.37,2484.4,2478.24,2483.69,36536.284
2026-09-13 10:00:00,2483.68,2484.97,2480.63,2481.99,27682.538
2026-09-13 10:15:00,2482.0,2482.53,2478.41,2478.61,23560.072
2026-09-13 10:30:00,2478.62,2482.39,2472.04,2473.99,25058.193
2026-09-13 10:45:00,2473.99,2477.9,2466.37,2471.09,46583.769
2026-09-13 11:00:00,2471.09,2476.56,2466.5,2468.49,33865.585
2026-09-13 11:15:00,2468.49,2475.29,2468.49,2473.95,19012.771
2026-09-13 11:30:00,2473.96,2479.15,2472.31,2479.15,26557.426
2026-09-13 11:45:00,2479.15,2481.37,2478.03,2480.13,20830.989
2026-09-13 12:00:00,2480.13,2480.95,2477.61,2480.23,16146.386
2026-09-13 12:15:00,2480.24,2482.52,2479.36,2479.37,16480.188
2026-09-13 12:30:00,2479.37,2481.4,2473.7,2475.0,29398.458
2026-09-13 12:45:00,2475.01,2477.71,2473.62,2476.21,13056.419
2026-09-13 13:00:00,2476.21,2476.9,2471.46,2476.16,16590.897
2026-09-13 13:15:00,2476.15,2476.15,2460.3,2465.94,85822.304
2026-09-13 13:30:00,2465.95,2475.39,2465.75,2474.75,39297.482
2026-09-13 13:45:00,2474.76,2482.63,2474.75,2477.84,45456.04
2026-09-13 14:00:00,2477.83,2483.98,2477.49,2483.77,38545.684
2026-09-13 14:15:00,2483.78,2491.0,2483.77,2489.11,61557.361
2026-09-13 14:30:00,2489.11,2493.73,2487.54,2491.42,37241.534
2026-09-13 14:45:00,2491.42,2494.44,2488.82,2491.3,27564.674
2026-09-13 15:00:00,2491.3,2491.48,2484.0,2486.54,28235.393
2026-09-13 15:15:00,2486.54,2492.33,2480.58,2485.69,33036.735
2026-09-13 15:30:00,2485.68,2490.0,2485.68,2489.33,8892.777
2026-09-13 15:45:00,2489.34,2490.2,2487.92,2489.55,9105.564
2026-09-13 16:00:00,2489.56,2504.6,2489.16,2499.5,66994.584
2026-09-13 16:15:00,2499.5,2502.75,2496.75,2501.39,24110.376
2026-09-13 16:30:00,2501.38,2504.11,2498.79,2502.68,19642.251
2026-09-13 16:45:00,2502.69,2504.96,2500.93,2503.44,11409.048
2026-09-13 17:00:00,2503.45,2512.0,2502.68,2508.08,38378.7
2026-09-13 17:15:00,2508.08,2510.0,2504.19,2504.56,17076.022
2026-09-13 17:30:00,2504.56,2505.0,2501.65,2502.72,14481.712
2026-09-13 17:45:00,2502.71,2505.0,2502.71,2503.99,8467.274
2026-09-13 18:00:00,2503.98,2505.63,2503.3,2505.42,8658.472
2026-09-13 18:15:00,2505.41,2508.12,2504.68,2505.22,11836.598
2026-09-13 18:30:00,2505.21,2508.1,2505.21,2507.51,6433.137
2026-09-13 18:45:00,2507.52,2508.6,2507.23,2508.35,6042.468
2026-09-13 19:00:00,2508.35,2515.78,2507.7,2507.95,36130.711
2026-09-13 19:15:00,2507.95,2509.21,2505.21,2507.07,15178.654
2026-09-13 19:30:00,2507.07,2507.08,2502.31,2504.36,17247.014
2026-09-13 19:45:00,2504.36,2505.2,2503.28,2505.09,9741.459
2026-09-13 20:00:00,2505.09,2506.84,2505.09,2506.83,6302.221
2026-09-13 20:15:00,2506.83,2509.4,2506.58,2509.01,4797.202
2026-09-13 20:30:00,2509.01,2511.58,2507.9,2510.93,9224.823
2026-09-13 20:45:00,2510.92,2514.29,2510.92,2511.98,14904.395
2026-09-13 21:00:00,2511.98,2514.7,2510.62,2513.65,8805.599
2026-09-13 21:15:00,2513.65,2515.68,2512.46,2512.46,10084.4
2026-09-13 21:30:00,2512.47,2512.48,2509.71,2511.23,11344.22
2026-09-13 21:45:00,2511.23,2511.24,2507.34,2507.94,8880.57
2026-09-13 22:00:00,2507.94,2507.94,2482.48,2486.99,143567.863
2026-09-13 22:15:00,2486.99,2487.17,2473.3,2480.36,66680.644
2026-09-13 22:30:00,2480.36,2482.58,2472.15,2473.67,33291.865
2026-09-13 22:45:00,2473.68,2479.84,2470.11,2474.41,36835.073
2026-09-13 23:00:00,2474.4,2479.0,2472.22,2473.73,24724.33
2026-09-13 23:15:00,2473.73,2477.17,2468.97,2473.85,24257.789
2026-09-13 23:30:00,2473.84,2481.0,2473.41,2475.2,34146.563
2026-09-13 23:45:00,2475.2,2477.15,2472.74,2475.48,14390.441
2026-09-14 00:00:00,2475.49,2491.32,2475.0,2484.59,65749.573
2026-09-14 00:15:00,2484.59,2486.54,2461.1,2468.22,71657.126
2026-09-14 00:30:00,2468.22,2484.7,2466.9,2481.99,46957.622
2026-09-14 00:45:00,2481.98,2485.4,2481.15,2483.28,17521.623
2026-09-14 01:00:00,2483.27,2486.92,2478.81,2480.49,34997.866
2026-09-14 01:15:00,2480.5,2485.77,2475.11,2482.57,25123.887
2026-09-14 01:30:00,2482.56,2485.4,2472.23,2480.23,25108.826
2026-09-14 01:45:00,2480.23,2495.76,2478.72,2492.22,38986.208
2026-09-14 02:00:00,2492.22,2504.9,2489.52,2503.24,59541.163
2026-09-14 02:15:00,2503.24,2509.6,2497.21,2503.88,70251.339
2026-09-14 02:30:00,2503.87,2508.46,2498.63,2502.88,38293.255
2026-09-14 02:45:00,2502.87,2512.6,2502.87,2510.0,38327.689
2026-09-14 03:00:00,2509.99,2519.27,2509.59,2517.21,52812.823
2026-09-14 03:15:00,2517.21,2518.69,2514.26,2515.34,30589.407
2026-09-14 03:30:00,2515.34,2515.35,2506.66,2508.59,45284.465
2026-09-14 03:45:00,2508.58,2511.99,2508.22,2511.98,15631.663
2026-09-14 04:00:00,2511.99,2514.7,2510.32,2510.85,19870.096
2026-09-14 04:15:00,2510.86,2517.34,2510.03,2513.15,20195.979
2026-09-14 04:30:00,2513.16,2516.24,2510.75,2514.96,16009.031
2026-09-14 04:45:00,2514.95,2517.0,2511.9,2513.72,12934.131
2026-09-14 05:00:00,2513.73,2514.71,2510.22,2514.08,18123.519
2026-09-14 05:15:00,2514.08,2514.26,2509.65,2510.14,11105.486
2026-09-14 05:30:00,2510.14,2514.84,2509.26,2513.34,15183.803
2026-09-14 05:45:00,2513.34,2515.49,2509.73,2515.48,11750.706
2026-09-14 06:00:00,2515.49,2525.99,2514.29,2521.7,68631.532
2026-09-14 06:15:00,2521.7,2522.85,2513.42,2513.42,24652.752
2026-09-14 06:30:00,2513.42,2521.27,2506.14,2519.79,44685.144
2026-09-14 06:45:00,2519.78,2520.05,2513.01,2513.41,18664.825
2026-09-14 07:00:00,2513.42,2518.77,2510.09,2518.74,14973.983
2026-09-14 07:15:00,2518.74,2522.45,2518.0,2519.0,17412.732
2026-09-14 07:30:00,2519.0,2525.32,2517.2,2524.01,24315.93
2026-09-14 07:45:00,2524.0,2524.5,2519.1,2521.97,19586.597
2026-09-14 08:00:00,2521.98,2528.53,2515.26,2520.48,61169.186
2026-09-14 08:15:00,2520.49,2534.76,2517.58,2520.5,56814.527
2026-09-14 08:30:00,2520.5,2523.82,2518.46,2521.05,16796.715
2026-09-14 08:45:00,2521.05,2521.25,2515.11,2517.67,22431.346
2026-09-14 09:00:00,2517.67,2519.51,2513.31,2514.13,22329.919
2026-09-14 09:15:00,2514.13,2518.49,2510.09,2518.17,36732.218
2026-09-14 09:30:00,2518.17,2524.24,2517.69,2521.0,30110.187
2026-09-14 09:45:00,2521.0,2534.26,2520.69,2522.82,98245.508
2026-09-14 10:00:00,2522.82,2524.41,2517.74,2518.78,25557.359
2026-09-14 10:15:00,2518.77,2519.64,2515.07,2516.2,15932.995
2026-09-14 10:30:00,2516.2,2517.67,2514.63,2515.83,16029.803
2026-09-14 10:45:00,2515.83,2518.57,2512.14,2512.25,18465.032
2026-09-14 11:00:00,2512.26,2513.99,2505.22,2510.63,40228.441
2026-09-14 11:15:00,2510.63,2515.16,2510.4,2514.62,11340.052
2026-09-14 11:30:00,2514.62,2515.64,2509.84,2511.76,16318.488
2026-09-14 11:45:00,2511.77,2511.81,2504.3,2508.4,20659.73
2026-09-14 12:00:00,2508.39,2511.71,2505.55,2510.83,22319.031
2026-09-14 12:15:00,2510.84,2515.54,2510.1,2514.68,19155.565
2026-09-14 12:30:00,2514.67,2517.5,2504.4,2511.22,38256.023
2026-09-14 12:45:00,2511.22,2512.81,2502.0,2504.49,43604.886
2026-09-14 13:00:00,2504.49,2504.99,2485.77,2497.62,124537.256
2026-09-14 13:15:00,2497.62,2504.04,2497.61,2502.87,39184.398
2026-09-14 13:30:00,2502.88,2517.4,2494.26,2507.56,155674.332
2026-09-14 13:45:00,2507.56,2515.35,2495.0,2499.52,99296.02
2026-09-14 14:00:00,2499.51,2514.62,2498.75,2512.99,76053.485
2026-09-14 14:15:00,2512.99,2515.72,2493.36,2503.98,83340.051
2026-09-14 14:30:00,2503.99,2512.23,2495.2,2498.99,76190.549
2026-09-14 14:45:00,2498.99,2508.67,2498.4,2500.38,65184.892
2026-09-14 15:00:00,2500.37,2509.05,2494.82,2503.28,70686.367
2026-09-14 15:15:00,2503.28,2507.64,2498.14,2499.57,22206.79
2026-09-14 15:30:00,2499.58,2512.45,2497.41,2509.18,61608.645
2026-09-14 15:45:00,2509.18,2510.31,2502.49,2507.28,30024.841
2026-09-14 16:00:00,2507.28,2509.0,2502.91,2506.77,18181.811
2026-09-14 16:15:00,2506.77,2533.41,2506.77,2520.54,157356.641
2026-09-14 16:30:00,2520.54,2525.75,2519.65,2521.46,29176.663
2026-09-14 16:45:00,2521.47,2538.0,2521.47,2528.14,85392.189
2026-09-14 17:00:00,2528.14,2532.72,2524.24,2531.74,26791.649
2026-09-14 17:15:00,2531.74,2534.71,2528.33,2529.35,31130.616
2026-09-14 17:30:00,2529.35,2529.71,2521.36,2525.31,35098.388
2026-09-14 17:45:00,2525.31,2534.3,2525.16,2532.44,26652.107
2026-09-14 18:00:00,2532.43,2535.92,2529.41,2529.84,30200.425
2026-09-14 18:15:00,2529.84,2539.11,2528.49,2538.31,46415.882
2026-09-14 18:30:00,2538.32,2542.28,2533.29,2537.96,50091.358
2026-09-14 18:45:00,2537.96,2543.27,2535.18,2537.48,41793.163
2026-09-14 19:00:00,2537.49,2539.0,2533.08,2537.65,38829.772
2026-09-14 19:15:00,2537.64,2548.67,2537.0,2543.59,53061.644
2026-09-14 19:30:00,2543.58,2544.5,2534.34,2542.88,40399.104
2026-09-14 19:45:00,2542.87,2544.74,2537.28,2538.48,26464.243
2026-09-14 20:00:00,2538.49,2572.96,2538.46,2564.19,136695.33
2026-09-14 20:15:00,2564.2,2614.99,2564.19,2598.39,320257.577
2026-09-14 20:30:00,2598.39,2601.75,2585.27,2586.5,77685.867
2026-09-14 20:45:00,2586.51,2591.25,2566.02,2569.67,107953.008
2026-09-14 21:00:00,2569.67,2570.66,2537.52,2550.62,186794.154
2026-09-14 21:15:00,2550.61,2559.25,2546.95,2554.85,42391.327
2026-09-14 21:30:00,2554.86,2558.5,2541.27,2546.25,58435.74
2026-09-14 21:45:00,2546.26,2549.24,2543.61,2545.54,22806.995
2026-09-14 22:00:00,2545.54,2555.33,2541.01,2553.19,43290.64
2026-09-14 22:15:00,2553.18,2554.1,2540.3,2543.44,32932.202
2026-09-14 22:30:00,2543.45,2543.45,2535.21,2538.03,43995.016
2026-09-14 22:45:00,2538.03,2538.04,2530.51,2532.2,32194.051
2026-09-14 23:00:00,2532.2,2533.67,2523.08,2523.41,53411.073
2026-09-14 23:15:00,2523.41,2526.0,2521.47,2523.66,29193.951
2026-09-14 23:30:00,2523.67,2523.73,2513.21,2518.29,39179.564
2026-09-14 23:45:00,2518.3,2518.3,2511.53,2513.93,22962.596
2026-09-15 00:00:00,2513.92,2516.32,2508.6,2511.41,34474.904
2026-09-15 00:15:00,2511.41,2511.7,2505.74,2508.73,44130.493
2026-09-15 00:30:00,2508.72,2515.4,2508.65,2512.25,38193.733
2026-09-15 00:45:00,2512.25,2515.91,2511.16,2514.7,20654.276
2026-09-15 01:00:00,2514.7,2514.92,2506.61,2510.64,25237.43
2026-09-15 01:15:00,2510.63,2517.16,2506.63,2509.81,43198.285
2026-09-15 01:30:00,2509.81,2515.59,2508.48,2515.21,27809.569
2026-09-15 01:45:00,2515.22,2518.34,2512.19,2514.11,25620.046
2026-09-15 02:00:00,2514.1,2518.6,2513.22,2516.68,16691.163
2026-09-15 02:15:00,2516.68,2518.43,2514.5,2515.41,9587.821
2026-09-15 02:30:00,2515.4,2516.4,2509.7,2511.36,23388.917
2026-09-15 02:45:00,2511.35,2511.85,2507.78,2511.01,18065.53
2026-09-15 03:00:00,2511.01,2511.01,2493.79,2497.16,82896.549
2026-09-15 03:15:00,2497.16,2501.57,2495.58,2501.37,23274.531
2026-09-15 03:30:00,2501.38,2504.12,2500.0,2502.67,20062.446
2026-09-15 03:45:00,2502.66,2503.75,2496.2,2497.64,20412.173
2026-09-15 04:00:00,2497.63,2499.32,2494.3,2497.32,29217.081
2026-09-15 04:15:00,2497.33,2499.0,2491.55,2492.65,32276.572
2026-09-15 04:30:00,2492.65,2494.25,2488.08,2492.86,52187.346
2026-09-15 04:45:00,2492.86,2493.23,2489.21,2489.43,13336.719
2026-09-15 05:00:00,2489.42,2492.89,2476.6,2482.51,76510.751
2026-09-15 05:15:00,2482.51,2488.85,2478.03,2487.06,53748.513
2026-09-15 05:30:00,2487.06,2489.84,2484.22,2489.22,23566.866
2026-09-15 05:45:00,2489.23,2496.55,2489.15,2495.0,46088.93
2026-09-15 06:00:00,2495.0,2499.36,2494.49,2495.18,39172.393
2026-09-15 06:15:00,2495.17,2495.18,2487.06,2487.6,23263.115
2026-09-15 06:30:00,2487.6,2489.55,2485.37,2488.42,25528.418
2026-09-15 06:45:00,2488.43,2489.21,2480.14,2484.63,31046.122
2026-09-15 07:00:00,2484.63,2484.77,2478.0,2479.64,40486.141
2026-09-15 07:15:00,2479.63,2483.47,2475.66,2482.21,32314.631
2026-09-15 07:30:00,2482.21,2482.21,2473.64,2476.58,43098.241
2026-09-15 07:45:00,2476.58,2480.49,2469.0,2472.77,63209.153
2026-09-15 08:00:00,2472.77,2472.78,2463.0,2470.18,65797.399
2026-09-15 08:15:00,2470.17,2473.0,2465.52,2470.89,37331.37
2026-09-15 08:30:00,2470.9,2473.21,2468.55,2471.49,22017.32
2026-09-15 08:45:00,2471.48,2476.4,2471.48,2475.77,31078.197
2026-09-15 09:00:00,2475.77,2475.77,2471.52,2472.68,23019.354
2026-09-15 09:15:00,2472.68,2474.72,2471.98,2473.9,18019.105
2026-09-15 09:30:00,2473.9,2476.29,2472.74,2474.95,17266.987
2026-09-15 09:45:00,2474.95,2479.2,2472.19,2472.87,34769.688
2026-09-15 10:00:00,2472.87,2477.81,2470.26,2473.89,30152.562
2026-09-15 10:15:00,2473.89,2476.98,2472.65,2472.72,17108.525
2026-09-15 10:30:00,2472.73,2479.14,2472.09,2477.78,20635.255
2026-09-15 10:45:00,2477.77,2485.94,2477.69,2482.24,53161.409
2026-09-15 11:00:00,2482.25,2487.05,2480.13,2481.23,30636.349
2026-09-15 11:15:00,2481.23,2484.4,2478.67,2479.15,19133.568
2026-09-15 11:30:00,2479.16,2479.97,2472.35,2474.29,35282.811
2026-09-15 11:45:00,2474.29,2476.03,2471.57,2475.15,15309.946
2026-09-15 12:00:00,2475.15,2480.08,2473.74,2478.95,20029.07
2026-09-15 12:15:00,2478.94,2480.64,2476.0,2478.05,18985.416
2026-09-15 12:30:00,2478.04,2478.5,2473.44,2475.03,15382.125
2026-09-15 12:45:00,2475.03,2484.89,2473.8,2477.88,37256.044
2026-09-15 13:00:00,2477.88,2485.55,2475.37,2477.48,25802.592
2026-09-15 13:15:00,2477.48,2478.67,2476.22,2477.47,14312.456
2026-09-15 13:30:00,2477.48,2477.48,2431.05,2449.09,395927.18
2026-09-15 13:45:00,2449.09,2452.94,2438.4,2452.58,100652.936
2026-09-15 14:00:00,2452.58,2457.42,2444.23,2445.53,73651.156
2026-09-15 14:15:00,2445.52,2448.81,2433.78,2437.74,65591.468
2026-09-15 14:30:00,2437.75,2437.82,2409.76,2415.46,262208.261
2026-09-15 14:45:00,2415.46,2416.85,2388.0,2406.73,317951.251
2026-09-15 15:00:00,2406.74,2413.03,2396.23,2411.78,125705.13
2026-09-15 15:15:00,2411.77,2428.79,2409.25,2423.99,117468.832
2026-09-15 15:30:00,2423.99,2429.99,2422.27,2426.04,58988.535
2026-09-15 15:45:00,2426.04,2431.57,2421.44,2423.27,52750.15
2026-09-15 16:00:00,2423.28,2424.44,2411.34,2412.79,74635.755
2026-09-15 16:15:00,2412.8,2424.35,2412.8,2422.81,41612.255
2026-09-15 16:30:00,2422.81,2424.36,2416.14,2419.0,25959.604
2026-09-15 16:45:00,2418.99,2424.76,2418.7,2421.14,20427.279
2026-09-15 17:00:00,2421.14,2422.74,2411.44,2415.75,38852.847
2026-09-15 17:15:00,2415.74,2424.6,2414.13,2423.78,23112.712
2026-09-15 17:30:00,2423.78,2448.1,2422.35,2428.49,171248.806
2026-09-15 17:45:00,2428.5,2444.16,2428.49,2439.91,70974.013
2026-09-15 18:00:00,2439.91,2441.92,2431.91,2434.68,59259.895
2026-09-15 18:15:00,2434.69,2445.99,2421.78,2434.31,127066.855
2026-09-15 18:30:00,2434.29,2435.76,2371.5,2386.29,531844.768
2026-09-15 18:45:00,2386.29,2417.79,2357.0,2401.7,524153.615
2026-09-15 19:00:00,2401.7,2413.0,2396.31,2404.06,104111.277
2026-09-15 19:15:00,2404.06,2419.64,2400.33,2403.27,88984.083
2026-09-15 19:30:00,2403.26,2408.49,2398.0,2402.91,55169.494
2026-09-15 19:45:00,2402.92,2415.5,2401.74,2415.49,52219.516
2026-09-15 20:00:00,2415.5,2417.38,2404.18,2408.7,49142.21
2026-09-15 20:15:00,2408.71,2408.9,2397.11,2398.05,40903.948
2026-09-15 20:30:00,2398.06,2404.98,2393.22,2404.74,44203.721
2026-09-15 20:45:00,2404.74,2409.9,2404.18,2407.0,37093.628
2026-09-15 21:00:00,2407.01,2407.01,2398.1,2400.59,41080.1
2026-09-15 21:15:00,2400.59,2403.82,2395.0,2397.21,23788.105
2026-09-15 21:30:00,2397.22,2401.62,2394.69,2400.4,19249.914
2026-09-15 21:45:00,2400.41,2400.41,2388.13,2389.24,26657.156
2026-09-15 22:00:00,2389.24,2396.41,2385.32,2386.96,38896.497
2026-09-15 22:15:00,2386.96,2397.51,2380.3,2392.85,64033.021
2026-09-15 22:30:00,2392.86,2401.53,2392.72,2395.11,40436.009
2026-09-15 22:45:00,2395.11,2400.49,2394.76,2395.77,28901.003
2026-09-15 23:00:00,2395.76,2409.72,2395.39,2408.25,43956.259
2026-09-15 23:15:00,2408.26,2412.0,2404.55,2405.0,51423.509
2026-09-15 23:30:00,2405.0,2405.0,2396.2,2399.99,39108.116
2026-09-15 23:45:00,2400.0,2401.31,2396.82,2397.15,9975.487
2026-09-16 00:00:00,2397.15,2404.3,2396.29,2400.12,19026.367
2026-09-16 00:15:00,2400.12,2404.23,2399.53,2403.65,13066.909
2026-09-16 00:30:00,2403.66,2404.78,2400.72,2402.37,10753.047
2026-09-16 00:45:00,2402.37,2404.53,2397.35,2397.64,34063.253
2026-09-16 01:00:00,2397.64,2402.38,2393.41,2399.09,25922.559
2026-09-16 01:15:00,2399.09,2406.7,2397.32,2402.51,17183.346
2026-09-16 01:30:00,2402.51,2402.51,2392.1,2396.94,30164.932
2026-09-16 01:45:00,2396.94,2399.25,2389.25,2389.65,24355.717
2026-09-16 02:00:00,2389.66,2395.73,2386.92,2392.38,23152.442
2026-09-16 02:15:00,2392.38,2401.32,2391.86,2401.18,20814.1
2026-09-16 02:30:00,2401.17,2410.23,2401.08,2405.39,36345.576
2026-09-16 02:45:00,2405.38,2406.88,2398.44,2401.81,15512.406
2026-09-16 03:00:00,2401.82,2405.99,2399.51,2405.42,14658.195
2026-09-16 03:15:00,2405.43,2410.79,2403.34,2403.34,24913.26
2026-09-16 03:30:00,2403.35,2405.5,2399.0,2400.59,19861.533
2026-09-16 03:45:00,2400.6,2402.33,2399.27,2400.77,8506.442
2026-09-16 04:00:00,2400.77,2404.5,2400.67,2402.51,10018.868
2026-09-16 04:15:00,2402.52,2408.5,2400.73,2403.19,27005.622
2026-09-16 04:30:00,2403.18,2409.32,2401.0,2404.93,24217.045
2026-09-16 04:45:00,2404.93,2407.21,2401.57,2402.5,13150.178
2026-09-16 05:00:00,2402.51,2403.42,2391.75,2399.02,62326.444
2026-09-16 05:15:00,2399.03,2403.42,2398.71,2403.29,11355.222
2026-09-16 05:30:00,2403.29,2405.68,2401.51,2405.58,15353.873
2026-09-16 05:45:00,2405.59,2406.2,2402.76,2406.12,16244.951
2026-09-16 06:00:00,2406.12,2408.0,2402.34,2403.0,15555.509
2026-09-16 06:15:00,2403.0,2403.7,2399.4,2399.99,8954.758
2026-09-16 06:30:00,2400.0,2400.09,2392.05,2397.15,32303.648
2026-09-16 06:45:00,2397.16,2406.37,2397.15,2405.54,26111.506
2026-09-16 07:00:00,2405.53,2410.92,2397.87,2401.28,78343.497
2026-09-16 07:15:00,2401.28,2403.76,2397.21,2398.34,19686.808
2026-09-16 07:30:00,2398.33,2400.29,2397.01,2397.61,13604.392
2026-09-16 07:45:00,2397.61,2398.79,2395.01,2395.53,19772.737
2026-09-16 08:00:00,2395.52,2396.03,2381.0,2386.29,87426.741
2026-09-16 08:15:00,2386.28,2392.54,2383.6,2387.37,48908.507
2026-09-16 08:30:00,2387.38,2392.73,2387.19,2392.55,14776.471
2026-09-16 08:45:00,2392.54,2402.28,2391.93,2401.7,28212.215
2026-09-16 09:00:00,2401.69,2406.11,2399.88,2400.18,39199.037
2026-09-16 09:15:00,2400.17,2403.93,2397.83,2401.01,19597.716
2026-09-16 09:30:00,2401.0,2403.65,2400.0,2402.16,14040.12
2026-09-16 09:45:00,2402.16,2405.29,2400.48,2404.73,12839.459
2026-09-16 10:00:00,2404.72,2405.57,2396.88,2398.57,20277.613
2026-09-16 10:15:00,2398.56,2403.13,2398.33,2401.6,11059.403
2026-09-16 10:30:00,2401.6,2406.0,2400.7,2405.26,12974.276
2026-09-16 10:45:00,2405.25,2405.65,2400.68,2405.42,14572.853
2026-09-16 11:00:00,2405.42,2408.37,2403.41,2403.41,25926.71
2026-09-16 11:15:00,2403.41,2406.78,2401.46,2406.14,15663.669
2026-09-16 11:30:00,2406.13,2429.0,2405.76,2424.8,121132.21
2026-09-16 11:45:00,2424.8,2426.16,2418.36,2421.33,48395.568
2026-09-16 12:00:00,2421.32,2422.67,2411.71,2412.65,39690.203
2026-09-16 12:15:00,2412.64,2416.98,2404.15,2405.99,45664.763
2026-09-16 12:30:00,2406.0,2409.92,2401.78,2405.81,36789.744
2026-09-16 12:45:00,2405.8,2410.04,2402.3,2405.66,31998.047
2026-09-16 13:00:00,2405.65,2405.78,2393.72,2400.87,69469.159
2026-09-16 13:15:00,2400.87,2404.77,2397.04,2399.77,32379.959
2026-09-16 13:30:00,2399.76,2401.39,2388.61,2397.84,77102.823
2026-09-16 13:45:00,2397.83,2402.82,2390.8,2393.0,46309.293
2026-09-16 14:00:00,2393.0,2394.0,2381.6,2389.16,77917.526
2026-09-16 14:15:00,2389.15,2397.78,2386.71,2397.32,61762.154
2026-09-16 14:30:00,2397.32,2397.51,2383.44,2390.68,64570.521
2026-09-16 14:45:00,2390.67,2390.67,2375.08,2389.47,71961.729
2026-09-16 15:00:00,2389.47,2395.26,2385.33,2392.75,48965.242
2026-09-16 15:15:00,2392.75,2393.5,2385.86,2386.3,24444.485
2026-09-16 15:30:00,2386.31,2394.49,2382.73,2389.61,41889.867
2026-09-16 15:45:00,2389.62,2401.35,2389.33,2391.66,50213.624
2026-09-16 16:00:00,2391.67,2396.61,2387.4,2395.99,30032.562
2026-09-16 16:15:00,2395.99,2398.84,2391.77,2395.2,28524.48
2026-09-16 16:30:00,2395.19,2397.21,2386.08,2387.33,26675.753
2026-09-16 16:45:00,2387.32,2394.63,2387.18,2390.71,13235.132
2026-09-16 17:00:00,2390.71,2393.0,2385.57,2390.08,20127.464
2026-09-16 17:15:00,2390.08,2393.11,2385.79,2387.94,21770.239
2026-09-16 17:30:00,2387.93,2388.12,2368.03,2375.04,95860.481
2026-09-16 17:45:00,2375.04,2396.0,2368.89,2389.49,118388.638
2026-09-16 18:00:00,2389.47,2429.9,2365.0,2401.4,589961.302
2026-09-16 18:15:00,2401.39,2412.11,2395.11,2411.17,152343.692
2026-09-16 18:30:00,2411.18,2422.7,2366.67,2408.4,301164.91
2026-09-16 18:45:00,2408.39,2411.83,2388.39,2397.23,120878.393
2026-09-16 19:00:00,2397.24,2417.77,2397.24,2406.19,125803.237
2026-09-16 19:15:00,2406.19,2409.32,2375.51,2387.03,117904.127
2026-09-16 19:30:00,2387.04,2406.93,2380.57,2405.08,79036.705
2026-09-16 19:45:00,2405.07,2410.72,2404.55,2407.4,55073.776
2026-09-16 20:00:00,2407.4,2419.09,2404.0,2411.56,54793.66
2026-09-16 20:15:00,2411.55,2417.13,2406.45,2410.85,38206.684
2026-09-16 20:30:00,2410.84,2414.45,2403.64,2408.1,22798.714
2026-09-16 20:45:00,2408.1,2412.02,2406.1,2410.03,16248.416
2026-09-16 21:00:00,2410.02,2412.37,2406.8,2408.6,11856.15
2026-09-16 21:15:00,2408.6,2410.55,2404.12,2404.65,7922.72
2026-09-16 21:30:00,2404.66,2407.0,2398.67,2401.22,11444.648
2026-09-16 21:45:00,2401.23,2405.15,2400.47,2403.61,9857.505
2026-09-16 22:00:00,2403.61,2404.7,2386.78,2397.71,78783.242
2026-09-16 22:15:00,2397.7,2401.18,2391.69,2393.31,18721.506
2026-09-16 22:30:00,2393.31,2397.15,2390.63,2397.14,11010.27
2026-09-16 22:45:00,2397.14,2397.83,2390.06,2391.22,9133.387
2026-09-16 23:00:00,2391.22,2397.79,2388.64,2397.78,10212.84
2026-09-16 23:15:00,2397.79,2414.39,2397.79,2412.11,58576.669
2026-09-16 23:30:00,2412.11,2422.1,2410.82,2418.44,52986.745
2026-09-16 23:45:00,2418.44,2421.48,2414.73,2417.49,37253.118
2026-09-17 00:00:00,2417.5,2423.92,2414.79,2420.69,39198.461
2026-09-17 00:15:00,2420.69,2426.29,2419.68,2421.19,32335.225
2026-09-17 00:30:00,2421.19,2427.48,2420.16,2423.0,23573.097
2026-09-17 00:45:00,2423.01,2423.85,2417.58,2417.58,15092.099
2026-09-17 01:00:00,2417.58,2420.2,2412.55,2417.52,23974.374
2026-09-17 01:15:00,2417.53,2439.9,2415.75,2437.51,76011.48
2026-09-17 01:30:00,2437.52,2444.39,2429.04,2433.8,73986.416
2026-09-17 01:45:00,2433.81,2434.37,2426.03,2426.53,20430.436
2026-09-17 02:00:00,2426.53,2427.82,2416.8,2421.4,33222.799
2026-09-17 02:15:00,2421.4,2422.7,2414.99,2421.46,27042.332
2026-09-17 02:30:00,2421.46,2432.48,2419.6,2430.29,37041.559
2026-09-17 02:45:00,2430.29,2431.52,2426.16,2427.87,17501.969
2026-09-17 03:00:00,2427.88,2435.81,2427.87,2433.16,22205.765
2026-09-17 03:15:00,2433.16,2437.7,2431.0,2435.48,14566.747
2026-09-17 03:30:00,2435.49,2438.43,2433.72,2436.15,15755.846
2026-09-17 03:45:00,2436.15,2437.29,2432.78,2434.77,16165.566
2026-09-17 04:00:00,2434.77,2435.05,2429.62,2430.39,12002.365
2026-09-17 04:15:00,2430.39,2430.56,2424.53,2425.01,17096.061
2026-09-17 04:30:00,2425.0,2436.42,2423.63,2434.6,23064.253
2026-09-17 04:45:00,2434.6,2443.41,2433.69,2441.0,31338.593
2026-09-17 05:00:00,2441.0,2445.99,2439.12,2440.24,29647.07
2026-09-17 05:15:00,2440.24,2444.55,2437.22,2442.03,19045.145
2026-09-17 05:30:00,2442.04,2442.19,2436.06,2437.8,17089.559
2026-09-17 05:45:00,2437.81,2440.34,2434.64,2435.98,12065.393
2026-09-17 06:00:00,2435.98,2442.0,2434.89,2440.61,14216.756
2026-09-17 06:15:00,2440.62,2440.62,2434.61,2439.67,9789.674
2026-09-17 06:30:00,2439.66,2444.68,2438.7,2444.07,16723.021
2026-09-17 06:45:00,2444.07,2445.6,2439.67,2440.37,13733.08
2026-09-17 07:00:00,2440.37,2453.33,2439.93,2447.33,73545.649
2026-09-17 07:15:00,2447.32,2451.28,2445.8,2447.42,26365.434
2026-09-17 07:30:00,2447.41,2448.16,2445.52,2445.52,17584.03
2026-09-17 07:45:00,2445.51,2447.4,2441.78,2443.38,21795.651
2026-09-17 08:00:00,2443.38,2445.35,2436.99,2437.84,31717.88
2026-09-17 08:15:00,2437.83,2443.16,2435.9,2438.23,28314.3
2026-09-17 08:30:00,2438.23,2444.89,2436.23,2441.95,22786.674
2026-09-17 08:45:00,2441.94,2445.94,2441.14,2444.49,13939.575
2026-09-17 09:00:00,2444.49,2448.55,2444.0,2445.65,15127.376
2026-09-17 09:15:00,2445.64,2447.78,2444.01,2444.17,18934.496
2026-09-17 09:30:00,2444.16,2447.89,2440.73,2441.43,14781.071
2026-09-17 09:45:00,2441.42,2443.76,2436.56,2437.24,27053.552
2026-09-17 10:00:00,2437.23,2438.0,2430.18,2434.12,32108.628
2026-09-17 10:15:00,2434.12,2434.12,2430.32,2432.16,17688.879
2026-09-17 10:30:00,2432.16,2434.7,2430.8,2431.81,14058.453
2026-09-17 10:45:00,2431.8,2434.6,2428.88,2434.37,17961.346
2026-09-17 11:00:00,2434.36,2437.44,2432.8,2437.44,14798.982
2026-09-17 11:15:00,2437.44,2437.92,2433.1,2436.01,11526.511
2026-09-17 11:30:00,2436.01,2436.01,2426.52,2427.13,19016.096
2026-09-17 11:45:00,2427.13,2442.38,2427.12,2441.39,33150.37
2026-09-17 12:00:00,2441.39,2456.32,2437.85,2454.49,87848.049
2026-09-17 12:15:00,2454.49,2472.0,2453.2,2471.15,129154.688
2026-09-17 12:30:00,2471.15,2479.44,2460.72,2460.72,121302.932
2026-09-17 12:45:00,2460.72,2465.64,2457.56,2458.83,47685.355
2026-09-17 13:00:00,2458.82,2463.98,2453.5,2456.18,45404.693
2026-09-17 13:15:00,2456.17,2459.0,2450.1,2451.31,32924.182
2026-09-17 13:30:00,2451.31,2454.62,2431.12,2438.53,115762.092
2026-09-17 13:45:00,2438.54,2462.64,2435.37,2461.26,91575.319
2026-09-17 14:00:00,2461.25,2481.21,2449.08,2479.41,140817.851
2026-09-17 14:15:00,2479.41,2484.0,2466.75,2476.21,113412.458
2026-09-17 14:30:00,2476.2,2480.31,2463.09,2463.78,79440.312
2026-09-17 14:45:00,2463.78,2468.02,2460.17,2460.5,33034.018
2026-09-17 15:00:00,2460.51,2461.01,2447.09,2450.41,70112.86
2026-09-17 15:15:00,2450.4,2455.88,2447.85,2454.98,42074.52
2026-09-17 15:30:00,2454.99,2477.26,2453.86,2470.99,72937.316
2026-09-17 15:45:00,2470.99,2473.2,2465.69,2469.46,32743.206
2026-09-17 16:00:00,2469.47,2472.8,2467.0,2469.37,25715.687
2026-09-17 16:15:00,2469.37,2471.0,2465.33,2468.25,17143.175
2026-09-17 16:30:00,2468.24,2468.25,2453.68,2463.72,60783.068
2026-09-17 16:45:00,2463.73,2469.7,2458.78,2469.59,31607.554
2026-09-17 17:00:00,2469.59,2475.2,2467.7,2468.27,35194.673
2026-09-17 17:15:00,2468.27,2476.4,2466.04,2472.53,23626.278
2026-09-17 17:30:00,2472.53,2472.72,2463.8,2464.09,26070.626
2026-09-17 17:45:00,2464.09,2464.56,2459.0,2461.9,33743.643
2026-09-17 18:00:00,2461.9,2462.18,2458.12,2461.16,13812.515
2026-09-17 18:15:00,2461.15,2462.33,2459.31,2459.67,12502.121
2026-09-17 18:30:00,2459.68,2460.84,2448.48,2454.24,38137.27
2026-09-17 18:45:00,2454.25,2457.87,2450.76,2450.76,14986.574
2026-09-17 19:00:00,2450.76,2454.41,2450.19,2450.19,11397.19
2026-09-17 19:15:00,2450.2,2453.78,2448.58,2452.16,14007.431
2026-09-17 19:30:00,2452.17,2453.51,2447.2,2449.17,16489.041
2026-09-17 19:45:00,2449.17,2453.82,2443.62,2447.95,26085.727
2026-09-17 20:00:00,2447.94,2452.64,2446.11,2452.53,10074.813
2026-09-17 20:15:00,2452.54,2457.92,2451.38,2456.43,15451.988
2026-09-17 20:30:00,2456.44,2456.71,2448.26,2450.06,13068.453
2026-09-17 20:45:00,2450.07,2452.51,2447.17,2452.5,7513.754
2026-09-17 21:00:00,2452.51,2455.0,2449.0,2449.43,13743.451
2026-09-17 21:15:00,2449.44,2451.58,2449.43,2451.33,3396.441
2026-09-17 21:30:00,2451.33,2452.51,2449.07,2450.42,7407.116
2026-09-17 21:45:00,2450.43,2450.43,2446.31,2446.31,9901.214
2026-09-17 22:00:00,2446.32,2448.91,2441.0,2442.52,34525.022
2026-09-17 22:15:00,2442.52,2442.89,2436.51,2437.8,26375.226
2026-09-17 22:30:00,2437.8,2446.94,2436.09,2445.7,17972.109
2026-09-17 22:45:00,2445.71,2446.79,2440.68,2444.89,14167.2
2026-09-17 23:00:00,2444.88,2449.44,2443.24,2446.83,17020.937
2026-09-17 23:15:00,2446.82,2448.88,2446.45,2448.4,6403.109
2026-09-17 23:30:00,2448.4,2448.57,2444.86,2446.61,9719.493
2026-09-17 23:45:00,2446.62,2449.73,2445.32,2446.32,13115.938
2026-09-18 00:00:00,2446.33,2447.07,2441.61,2443.22,11205.896
2026-09-18 00:15:00,2443.22,2443.4,2435.39,2439.52,17327.525
2026-09-18 00:30:00,2439.52,2443.96,2438.19,2442.29,15860.086
2026-09-18 00:45:00,2442.3,2447.72,2439.82,2447.2,13710.24
2026-09-18 01:00:00,2447.19,2451.59,2444.7,2449.59,22768.461
2026-09-18 01:15:00,2449.59,2453.15,2447.41,2449.83,13402.077
2026-09-18 01:30:00,2449.84,2457.99,2449.52,2454.55,29722.305
2026-09-18 01:45:00,2454.55,2459.14,2454.04,2456.23,21060.454
2026-09-18 02:00:00,2456.24,2460.3,2451.37,2455.35,26631.489
2026-09-18 02:15:00,2455.36,2461.41,2454.99,2460.12,19017.167
2026-09-18 02:30:00,2460.11,2465.89,2460.11,2461.43,33188.751
2026-09-18 02:45:00,2461.42,2464.27,2460.33,2461.79,12145.625
2026-09-18 03:00:00,2461.8,2473.99,2460.52,2473.61,38340.834
2026-09-18 03:15:00,2473.61,2484.99,2467.29,2474.14,98318.988
2026-09-18 03:30:00,2474.14,2477.03,2468.5,2473.32,32994.92
2026-09-18 03:45:00,2473.32,2479.79,2473.31,2478.19,40284.778
2026-09-18 04:00:00,2478.19,2482.2,2472.12,2474.76,46079.176
2026-09-18 04:15:00,2474.77,2477.1,2469.6,2471.28,22477.456
2026-09-18 04:30:00,2471.28,2476.2,2469.0,2476.19,26550.642
2026-09-18 04:45:00,2476.2,2481.81,2473.71,2481.75,23096.931
2026-09-18 05:00:00,2481.74,2492.55,2476.13,2487.95,86897.586
2026-09-18 05:15:00,2487.96,2491.2,2479.67,2483.77,36583.479
2026-09-18 05:30:00,2483.77,2489.1,2481.39,2483.79,31357.564
2026-09-18 05:45:00,2483.79,2484.52,2477.52,2479.46,17426.068
2026-09-18 06:00:00,2479.45,2486.49,2479.45,2482.43,25856.286
2026-09-18 06:15:00,2482.44,2486.88,2481.5,2481.89,24530.764
2026-09-18 06:30:00,2481.89,2486.1,2480.9,2484.89,16878.505
2026-09-18 06:45:00,2484.9,2486.88,2481.0,2486.11,17716.006
2026-09-18 07:00:00,2486.12,2495.69,2484.51,2489.07,58590.175
2026-09-18 07:15:00,2489.07,2497.77,2487.79,2492.45,48498.529
2026-09-18 07:30:00,2492.45,2494.0,2487.78,2490.79,28379.873
2026-09-18 07:45:00,2490.78,2492.63,2486.61,2488.99,19370.61
2026-09-18 08:00:00,2488.99,2497.77,2484.35,2487.64,40813.664
2026-09-18 08:15:00,2487.64,2507.36,2486.57,2496.84,89131.097
2026-09-18 08:30:00,2496.84,2499.16,2492.5,2495.84,28559.809
2026-09-18 08:45:00,2495.85,2505.88,2494.2,2504.37,47458.483
2026-09-18 09:00:00,2504.36,2516.0,2503.18,2514.08,174243.315
2026-09-18 09:15:00,2514.09,2521.83,2505.53,2507.5,140296.299
2026-09-18 09:30:00,2507.5,2507.68,2501.25,2502.66,45429.058
2026-09-18 09:45:00,2502.65,2508.09,2501.36,2507.21,37129.758
2026-09-18 10:00:00,2507.2,2516.0,2506.87,2515.0,52320.614
2026-09-18 10:15:00,2514.99,2518.11,2510.33,2516.66,27555.751
2026-09-18 10:30:00,2516.66,2519.28,2513.75,2515.64,18246.12
2026-09-18 10:45:00,2515.64,2520.47,2512.0,2512.9,28939.081
2026-09-18 11:00:00,2512.89,2517.64,2498.58,2502.0,77979.818
2026-09-18 11:15:00,2502.0,2506.66,2500.48,2502.65,29887.615
2026-09-18 11:30:00,2502.65,2513.07,2501.9,2505.08,32560.746
2026-09-18 11:45:00,2505.07,2511.08,2505.07,2507.31,17414.369
2026-09-18 12:00:00,2507.32,2510.12,2499.76,2503.6,31409.114
2026-09-18 12:15:00,2503.6,2505.0,2498.77,2503.24,30640.575
2026-09-18 12:30:00,2503.23,2508.58,2499.66,2503.47,30316.472
2026-09-18 12:45:00,2503.46,2505.75,2499.9,2501.47,28046.431
2026-09-18 13:00:00,2501.47,2502.55,2492.3,2497.97,46510.937
2026-09-18 13:15:00,2497.96,2506.08,2497.07,2505.16,35293.354
2026-09-18 13:30:00,2505.16,2538.77,2503.18,2536.7,234551.702
2026-09-18 13:45:00,2536.7,2578.55,2531.73,2553.89,429685.293
2026-09-18 14:00:00,2553.88,2569.84,2553.8,2560.79,183345.125
2026-09-18 14:15:00,2560.8,2583.0,2559.06,2568.88,184388.941
2026-09-18 14:30:00,2568.89,2578.9,2562.39,2577.61,108423.483
2026-09-18 14:45:00,2577.62,2586.62,2573.55,2581.86,101250.079
2026-09-18 15:00:00,2581.86,2587.82,2564.91,2574.52,125071.868
2026-09-18 15:15:00,2574.53,2598.25,2574.26,2587.32,122891.484
2026-09-18 15:30:00,2587.32,2587.86,2572.56,2572.64,75938.119
2026-09-18 15:45:00,2572.64,2584.81,2568.26,2583.25,59909.914
2026-09-18 16:00:00,2583.24,2596.41,2577.75,2595.84,91527.8
2026-09-18 16:15:00,2595.83,2601.67,2590.99,2598.79,111591.906
2026-09-18 16:30:00,2598.8,2609.63,2597.23,2601.03,116269.491
2026-09-18 16:45:00,2601.02,2601.02,2588.71,2596.47,61785.523
2026-09-18 17:00:00,2596.47,2597.22,2587.39,2595.15,45649.001
2026-09-18 17:15:00,2595.15,2599.74,2584.04,2591.7,46613.666
2026-09-18 17:30:00,2591.69,2594.39,2584.5,2594.0,38049.869
2026-09-18 17:45:00,2594.01,2609.0,2593.81,2606.24,82890.425
2026-09-18 18:00:00,2606.24,2608.8,2600.22,2604.7,44851.257
2026-09-18 18:15:00,2604.7,2611.37,2602.13,2609.39,48909.376
2026-09-18 18:30:00,2609.39,2626.68,2605.47,2609.63,164558.408
2026-09-18 18:45:00,2609.64,2617.59,2608.82,2611.92,41898.694
2026-09-18 19:00:00,2611.93,2626.66,2610.79,2624.69,56366.308
2026-09-18 19:15:00,2624.69,2639.79,2623.86,2635.43,131901.76
2026-09-18 19:30:00,2635.43,2643.03,2626.3,2641.33,69369.723
2026-09-18 19:45:00,2641.33,2646.94,2634.36,2635.36,67245.698
2026-09-18 20:00:00,2635.37,2636.86,2627.26,2633.68,39079.724
2026-09-18 20:15:00,2633.68,2639.0,2624.02,2627.4,37540.509
2026-09-18 20:30:00,2627.4,2635.58,2623.33,2633.15,26123.842
2026-09-18 20:45:00,2633.16,2636.67,2629.01,2630.76,21738.878
2026-09-18 21:00:00,2630.77,2639.31,2629.41,2638.16,29010.849
2026-09-18 21:15:00,2638.17,2638.64,2630.07,2631.68,23443.345
2026-09-18 21:30:00,2631.69,2635.0,2626.49,2628.01,18835.875
2026-09-18 21:45:00,2628.01,2628.8,2623.9,2625.85,25909.084
2026-09-18 22:00:00,2625.85,2632.38,2624.46,2628.56,21666.688
2026-09-18 22:15:00,2628.56,2633.67,2628.56,2631.26,13125.461
2026-09-18 22:30:00,2631.25,2631.37,2616.36,2618.22,53365.685
2026-09-18 22:45:00,2618.22,2621.6,2616.71,2619.18,17349.018
2026-09-18 23:00:00,2619.18,2621.45,2611.69,2618.88,27315.667
2026-09-18 23:15:00,2618.89,2620.59,2612.01,2613.46,17945.612
2026-09-18 23:30:00,2613.47,2613.92,2608.76,2611.01,31493.842
2026-09-18 23:45:00,2611.02,2613.0,2607.07,2611.15,27276.856
2026-09-19 00:00:00,2611.14,2612.35,2605.5,2611.63,30007.83
2026-09-19 00:15:00,2611.63,2616.77,2611.52,2614.94,24586.937
2026-09-19 00:30:00,2614.94,2620.8,2614.73,2619.66,25840.611
2026-09-19 00:45:00,2619.68,2625.7,2618.0,2625.69,36474.09
2026-09-19 01:00:00,2625.69,2626.91,2611.57,2612.02,52700.132
2026-09-19 01:15:00,2612.03,2613.86,2600.72,2611.4,54896.089
2026-09-19 01:30:00,2611.4,2612.35,2603.01,2611.18,21310.358
2026-09-19 01:45:00,2611.18,2619.35,2611.17,2612.0,22105.032
2026-09-19 02:00:00,2612.0,2617.21,2611.0,2615.29,12833.812
2026-09-19 02:15:00,2615.29,2621.76,2613.18,2616.84,21711.266
2026-09-19 02:30:00,2616.83,2622.14,2616.11,2619.01,19111.666
2026-09-19 02:45:00,2619.0,2623.0,2617.54,2622.54,13049.36
2026-09-19 03:00:00,2622.53,2631.89,2621.08,2625.67,38019.736
2026-09-19 03:15:00,2625.67,2625.86,2619.48,2620.02,18954.693
2026-09-19 03:30:00,2620.02,2622.35,2618.32,2622.08,11649.783
2026-09-19 03:45:00,2622.07,2622.08,2619.08,2619.08,5441.064
2026-09-19 04:00:00,2619.08,2625.17,2619.08,2624.79,12272.875
2026-09-19 04:15:00,2624.79,2628.47,2620.88,2624.35,25586.854
2026-09-19 04:30:00,2624.34,2624.35,2610.84,2613.38,38504.376
2026-09-19 04:45:00,2613.39,2619.77,2612.0,2619.0,26339.22
2026-09-19 05:00:00,2619.0,2630.85,2618.73,2623.92,28046.156
2026-09-19 05:15:00,2623.93,2633.35,2622.73,2627.06,25073.852
2026-09-19 05:30:00,2627.06,2632.73,2625.69,2625.7,20918.949
2026-09-19 05:45:00,2625.69,2631.81,2625.12,2627.96,25743.168
2026-09-19 06:00:00,2627.96,2629.76,2624.2,2624.28,15042.854
2026-09-19 06:15:00,2624.27,2627.17,2619.24,2623.81,18226.58
2026-09-19 06:30:00,2623.81,2629.37,2622.26,2627.91,12091.446
2026-09-19 06:45:00,2627.9,2628.71,2625.65,2626.68,7628.257
2026-09-19 07:00:00,2626.67,2630.3,2624.83,2629.75,13276.165
2026-09-19 07:15:00,2629.75,2635.33,2626.02,2628.56,26066.557
2026-09-19 07:30:00,2628.55,2629.82,2623.36,2624.09,12699.5
2026-09-19 07:45:00,2624.08,2629.73,2622.4,2626.24,15636.224
2026-09-19 08:00:00,2626.24,2635.59,2623.14,2635.2,32520.135
2026-09-19 08:15:00,2635.2,2662.0,2631.72,2644.25,162943.851
2026-09-19 08:30:00,2644.25,2657.59,2641.71,2648.02,60965.84
2026-09-19 08:45:00,2648.01,2650.97,2642.11,2644.38,31541.883
2026-09-19 09:00:00,2644.37,2659.87,2643.5,2649.18,60195.1
2026-09-19 09:15:00,2649.18,2652.76,2644.45,2645.54,29961.818
2026-09-19 09:30:00,2645.53,2647.37,2631.1,2635.18,78184.37
2026-09-19 09:45:00,2635.18,2642.91,2635.17,2640.01,21851.867
2026-09-19 10:00:00,2640.0,2641.4,2637.5,2640.0,12939.776
2026-09-19 10:15:00,2640.01,2644.47,2638.96,2643.7,13552.037
2026-09-19 10:30:00,2643.7,2645.0,2641.59,2642.91,11800.98
2026-09-19 10:45:00,2642.92,2643.93,2636.61,2637.25,12166.075
2026-09-19 11:00:00,2637.25,2642.01,2636.48,2637.02,14297.496
2026-09-19 11:15:00,2637.03,2641.61,2635.56,2637.46,13575.815
2026-09-19 11:30:00,2637.46,2639.43,2635.09,2638.25,10751.707
2026-09-19 11:45:00,2638.26,2640.0,2637.74,2638.49,6360.398
2026-09-19 12:00:00,2638.5,2641.86,2632.5,2641.06,27272.067
2026-09-19 12:15:00,2641.05,2643.11,2638.54,2639.85,10969.716
2026-09-19 12:30:00,2639.84,2642.08,2638.31,2638.59,9035.772
2026-09-19 12:45:00,2638.6,2642.13,2636.54,2641.01,15068.78
2026-09-19 13:00:00,2641.01,2642.01,2631.8,2636.38,24364.646
2026-09-19 13:15:00,2636.38,2640.94,2632.0,2633.51,19097.693
2026-09-19 13:30:00,2633.52,2636.85,2626.3,2634.4,31477.464
2026-09-19 13:45:00,2634.39,2638.0,2632.42,2637.28,10620.413
2026-09-19 14:00:00,2637.27,2641.0,2635.33,2637.08,17091.017
2026-09-19 14:15:00,2637.08,2642.7,2637.08,2642.57,17134.039
2026-09-19 14:30:00,2642.57,2642.98,2634.21,2637.64,19384.384
2026-09-19 14:45:00,2637.63,2640.71,2635.5,2637.49,10367.104
2026-09-19 15:00:00,2637.48,2643.69,2637.48,2641.08,24215.814
2026-09-19 15:15:00,2641.07,2643.62,2635.76,2636.38,14590.427
2026-09-19 15:30:00,2636.38,2652.2,2636.38,2647.77,35209.552
2026-09-19 15:45:00,2647.76,2648.0,2639.24,2639.99,22866.912
2026-09-19 16:00:00,2639.99,2645.91,2634.65,2643.83,31277.067
2026-09-19 16:15:00,2643.83,2649.63,2641.43,2646.42,18868.422
2026-09-19 16:30:00,2646.42,2651.46,2645.49,2646.62,33657.728
2026-09-19 16:45:00,2646.61,2649.8,2645.18,2649.14,10141.041
2026-09-19 17:00:00,2649.14,2654.8,2647.59,2648.87,29790.344
2026-09-19 17:15:00,2648.88,2669.0,2641.0,2645.32,135815.215
2026-09-19 17:30:00,2645.32,2649.62,2640.76,2645.83,25078.864
2026-09-19 17:45:00,2645.83,2648.36,2643.63,2644.31,11963.22
2026-09-19 18:00:00,2644.31,2646.45,2635.51,2636.81,32287.174
2026-09-19 18:15:00,2636.81,2642.33,2633.67,2639.57,18599.72
2026-09-19 18:30:00,2639.56,2643.76,2633.81,2640.38,18110.178
2026-09-19 18:45:00,2640.38,2641.04,2635.29,2637.77,10439.799
2026-09-19 19:00:00,2637.77,2639.5,2632.23,2633.5,24349.485
2026-09-19 19:15:00,2633.5,2637.37,2631.0,2636.1,13980.624
2026-09-19 19:30:00,2636.11,2637.34,2633.78,2634.24,7090.982
2026-09-19 19:45:00,2634.25,2636.9,2631.83,2633.95,12644.154
2026-09-19 20:00:00,2633.95,2635.97,2632.02,2634.29,11379.779
2026-09-19 20:15:00,2634.29,2639.26,2631.0,2634.17,23760.18
2026-09-19 20:30:00,2634.17,2639.69,2634.16,2639.68,8359.906
2026-09-19 20:45:00,2639.68,2639.69,2630.63,2634.95,17908.906
2026-09-19 21:00:00,2634.96,2638.05,2621.0,2623.61,44761.939
2026-09-19 21:15:00,2623.61,2627.98,2615.0,2626.59,61423.487
2026-09-19 21:30:00,2626.6,2627.55,2619.52,2623.5,18408.659
2026-09-19 21:45:00,2623.51,2628.79,2623.23,2626.71,11556.981
2026-09-19 22:00:00,2626.71,2626.89,2619.0,2619.0,23696.343
2026-09-19 22:15:00,2619.01,2622.9,2618.03,2621.51,20623.656
2026-09-19 22:30:00,2621.52,2628.91,2620.88,2628.55,13816.936
2026-09-19 22:45:00,2628.55,2630.55,2627.8,2629.85,9604.115
2026-09-19 23:00:00,2629.85,2635.33,2629.61,2635.0,24766.429
2026-09-19 23:15:00,2635.01,2636.75,2628.18,2631.43,17994.166
2026-09-19 23:30:00,2631.43,2636.8,2630.0,2634.02,11534.186
2026-09-19 23:45:00,2634.02,2634.99,2631.44,2631.59,8046.582
2026-09-20 00:00:00,2631.58,2631.88,2625.35,2629.05,17241.168
2026-09-20 00:15:00,2629.06,2630.54,2625.79,2628.09,10104.617
2026-09-20 00:30:00,2628.09,2630.66,2625.8,2629.45,9401.198
2026-09-20 00:45:00,2629.44,2629.44,2624.63,2626.05,9296.3
2026-09-20 01:00:00,2626.04,2626.23,2619.32,2619.92,23544.292
2026-09-20 01:15:00,2619.92,2624.84,2619.19,2619.94,16865.455
2026-09-20 01:30:00,2619.95,2620.58,2612.02,2618.25,40252.762
2026-09-20 01:45:00,2618.26,2619.8,2614.69,2618.67,16616.01
2026-09-20 02:00:00,2618.67,2622.03,2617.15,2621.92,15781.872
2026-09-20 02:15:00,2621.92,2623.63,2612.75,2613.14,22464.529
2026-09-20 02:30:00,2613.14,2614.45,2584.91,2588.52,146650.668
2026-09-20 02:45:00,2588.52,2598.77,2565.01,2572.92,191483.174
2026-09-20 03:00:00,2572.93,2584.73,2562.31,2573.68,131869.488
2026-09-20 03:15:00,2573.67,2590.24,2568.36,2583.67,58983.69
2026-09-20 03:30:00,2583.67,2587.87,2577.52,2580.72,24605.897
2026-09-20 03:45:00,2580.72,2587.28,2578.53,2586.59,18301.454
2026-09-20 04:00:00,2586.58,2587.06,2579.49,2584.2,29297.881
2026-09-20 04:15:00,2584.21,2587.63,2578.17,2582.68,14010.865
2026-09-20 04:30:00,2582.67,2584.99,2579.5,2579.54,12154.436
2026-09-20 04:45:00,2579.54,2580.65,2575.02,2578.75,24808.318
2026-09-20 05:00:00,2578.75,2584.95,2575.79,2582.63,22533.115
2026-09-20 05:15:00,2582.63,2582.64,2573.69,2577.2,21969.904
2026-09-20 05:30:00,2577.21,2581.39,2572.42,2575.27,17425.095
2026-09-20 05:45:00,2575.28,2578.86,2574.18,2577.05,11823.468
2026-09-20 06:00:00,2577.06,2578.55,2573.24,2577.99,14300.402
2026-09-20 06:15:00,2578.0,2584.67,2577.58,2579.11,21544.843
2026-09-20 06:30:00,2579.11,2580.0,2568.38,2573.17,28403.06
2026-09-20 06:45:00,2573.17,2575.84,2570.0,2573.16,23923.988
2026-09-20 07:00:00,2573.17,2575.49,2571.32,2574.02,17142.292
2026-09-20 07:15:00,2574.01,2576.77,2570.01,2575.86,20728.972
2026-09-20 07:30:00,2575.85,2576.63,2570.77,2573.9,14721.51
2026-09-20 07:45:00,2573.91,2577.37,2573.65,2575.52,17881.343
2026-09-20 08:00:00,2575.52,2582.99,2574.47,2579.06,27601.827
2026-09-20 08:15:00,2579.06,2580.0,2575.5,2576.86,11370.486
2026-09-20 08:30:00,2576.86,2578.21,2571.7,2572.59,18677.539
2026-09-20 08:45:00,2572.59,2574.53,2568.68,2573.8,22531.161
2026-09-20 09:00:00,2573.8,2576.37,2573.48,2575.73,13198.647
2026-09-20 09:15:00,2575.72,2579.99,2575.17,2578.51,14477.28
2026-09-20 09:30:00,2578.51,2586.78,2578.5,2584.93,35047.765
2026-09-20 09:45:00,2584.93,2584.93,2578.58,2578.85,13166.072
2026-09-20 10:00:00,2578.84,2580.63,2571.0,2575.43,22552.799
2026-09-20 10:15:00,2575.44,2578.99,2573.11,2574.67,11181.766
2026-09-20 10:30:00,2574.67,2577.46,2571.8,2573.55,15089.02
2026-09-20 10:45:00,2573.56,2575.21,2569.78,2570.15,15128.347
2026-09-20 11:00:00,2570.15,2574.0,2565.66,2570.86,32544.089
2026-09-20 11:15:00,2570.85,2571.87,2567.55,2571.83,11891.013
2026-09-20 11:30:00,2571.82,2577.0,2571.35,2574.62,18940.938
2026-09-20 11:45:00,2574.62,2579.84,2573.87,2577.9,15961.845
2026-09-20 12:00:00,2577.9,2581.97,2574.53,2579.49,21659.708
2026-09-20 12:15:00,2579.49,2579.81,2573.5,2573.99,12080.626
2026-09-20 12:30:00,2573.99,2574.84,2570.56,2573.9,13671.093
2026-09-20 12:45:00,2573.91,2579.83,2573.65,2579.03,14142.964
2026-09-20 13:00:00,2579.04,2585.33,2578.86,2580.33,37333.455
2026-09-20 13:15:00,2580.34,2581.84,2577.37,2579.37,9527.234
2026-09-20 13:30:00,2579.37,2580.37,2575.17,2578.73,13638.883
2026-09-20 13:45:00,2578.73,2580.04,2577.41,2579.57,8384.437
2026-09-20 14:00:00,2579.56,2587.76,2578.77,2579.06,34614.699
2026-09-20 14:15:00,2579.06,2579.06,2572.03,2575.9,23424.138
2026-09-20 14:30:00,2575.89,2582.57,2574.71,2580.2,14542.354
2026-09-20 14:45:00,2580.19,2587.0,2579.27,2584.39,20880.493
2026-09-20 15:00:00,2584.39,2607.03,2584.38,2595.59,150262.255
2026-09-20 15:15:00,2595.6,2605.48,2591.81,2591.89,39566.718
2026-09-20 15:30:00,2591.88,2605.85,2591.88,2602.26,38365.49
2026-09-20 15:45:00,2602.27,2615.0,2602.11,2611.68,66944.902
2026-09-20 16:00:00,2611.68,2627.8,2605.36,2622.08,99595.052
2026-09-20 16:15:00,2622.07,2626.26,2614.61,2618.27,46129.256
2026-09-20 16:30:00,2618.27,2647.72,2618.0,2640.78,120227.66
2026-09-20 16:45:00,2640.77,2642.91,2630.33,2638.88,59455.153
2026-09-20 17:00:00,2638.88,2649.8,2632.23,2635.57,72884.876
2026-09-20 17:15:00,2635.58,2638.98,2617.16,2620.73,66919.037
2026-09-20 17:30:00,2620.73,2639.29,2620.6,2634.38,51179.371
2026-09-20 17:45:00,2634.38,2636.47,2620.86,2625.25,28118.339
2026-09-20 18:00:00,2625.24,2627.9,2620.61,2624.7,16842.785
2026-09-20 18:15:00,2624.7,2637.6,2624.12,2637.14,22023.299
2026-09-20 18:30:00,2637.14,2639.37,2629.28,2631.65,16522.275
2026-09-20 18:45:00,2631.66,2631.94,2621.37,2625.16,22589.696
2026-09-20 19:00:00,2625.17,2628.42,2624.54,2626.4,12332.492
2026-09-20 19:15:00,2626.4,2628.63,2625.17,2628.19,10168.136
2026-09-20 19:30:00,2628.19,2635.69,2628.08,2634.0,20812.509
2026-09-20 19:45:00,2634.0,2637.94,2630.45,2632.18,13616.868
2026-09-20 20:00:00,2632.19,2635.98,2630.37,2630.9,10428.433
2026-09-20 20:15:00,2630.89,2637.85,2628.69,2635.65,13348.517
2026-09-20 20:30:00,2635.65,2636.19,2629.52,2635.6,11080.363
2026-09-20 20:45:00,2635.59,2642.39,2630.93,2633.69,23090.383
2026-09-20 21:00:00,2633.69,2634.89,2607.13,2618.64,110159.375
2026-09-20 21:15:00,2618.64,2626.77,2617.11,2622.61,24019.472
2026-09-20 21:30:00,2622.61,2626.65,2619.56,2619.56,23647.959
2026-09-20 21:45:00,2619.56,2630.0,2619.44,2630.0,14245.836
2026-09-20 22:00:00,2629.99,2647.0,2622.82,2645.16,68082.269
2026-09-20 22:15:00,2645.16,2645.17,2633.97,2639.92,24755.955
2026-09-20 22:30:00,2639.92,2644.2,2635.0,2635.43,19596.207
2026-09-20 22:45:00,2635.44,2642.29,2633.63,2638.27,13491.933
2026-09-20 23:00:00,2638.27,2638.27,2630.55,2632.85,18363.589
2026-09-20 23:15:00,2632.85,2647.62,2632.17,2636.63,27971.422
2026-09-20 23:30:00,2636.64,2643.0,2635.74,2642.37,15642.619
2026-09-20 23:45:00,2642.38,2645.5,2636.92,2643.71,32257.465
2026-09-21 00:00:00,2643.71,2686.0,2642.66,2677.63,258181.904
2026-09-21 00:15:00,2677.63,2696.6,2670.67,2684.88,167799.756
2026-09-21 00:30:00,2684.87,2693.0,2681.0,2689.63,78754.162
2026-09-21 00:45:00,2689.64,2708.0,2686.32,2688.1,135671.981
2026-09-21 01:00:00,2688.1,2690.88,2679.35,2689.0,46758.542
2026-09-21 01:15:00,2689.0,2700.73,2670.01,2677.5,97440.509
2026-09-21 01:30:00,2677.5,2683.29,2668.13,2681.02,49561.458
2026-09-21 01:45:00,2681.02,2684.64,2642.37,2648.1,176886.644
2026-09-21 02:00:00,2648.1,2659.28,2642.6,2658.69,73782.324
2026-09-21 02:15:00,2658.69,2668.46,2656.58,2663.78,39258.566
2026-09-21 02:30:00,2663.78,2664.01,2651.6,2657.92,29696.731
2026-09-21 02:45:00,2657.91,2664.31,2654.82,2660.76,23150.464
2026-09-21 03:00:00,2660.76,2668.5,2656.81,2662.21,23846.416
2026-09-21 03:15:00,2662.21,2673.53,2662.07,2666.85,32147.247
2026-09-21 03:30:00,2666.86,2672.94,2663.12,2664.67,21832.439
2026-09-21 03:45:00,2664.67,2667.75,2661.38,2664.99,12022.101
2026-09-21 04:00:00,2665.0,2667.99,2657.24,2658.74,24816.187
2026-09-21 04:15:00,2658.74,2660.49,2654.34,2655.0,18761.586
2026-09-21 04:30:00,2655.0,2664.52,2652.55,2664.16,20513.988
2026-09-21 04:45:00,2664.15,2669.36,2661.9,2662.7,19251.47
2026-09-21 05:00:00,2662.71,2665.0,2657.49,2659.01,12777.022
2026-09-21 05:15:00,2659.02,2672.27,2659.01,2668.29,30473.178
2026-09-21 05:30:00,2668.3,2674.95,2664.55,2667.0,32300.689
2026-09-21 05:45:00,2667.0,2669.6,2663.05,2664.27,16422.838
2026-09-21 06:00:00,2664.27,2668.52,2662.39,2665.49,17166.592
2026-09-21 06:15:00,2665.5,2677.64,2665.49,2670.77,32697.032
2026-09-21 06:30:00,2670.78,2671.88,2653.0,2653.01,32871.826
2026-09-21 06:45:00,2653.01,2666.52,2653.0,2661.89,25190.828
2026-09-21 07:00:00,2661.89,2664.67,2654.45,2657.95,17590.948
2026-09-21 07:15:00,2657.95,2660.36,2656.0,2657.59,13130.571
2026-09-21 07:30:00,2657.59,2657.99,2645.73,2648.18,53425.098
2026-09-21 07:45:00,2648.18,2660.85,2645.38,2660.81,31270.913
2026-09-21 08:00:00,2660.8,2670.13,2660.04,2666.38,51251.708
2026-09-21 08:15:00,2666.38,2681.7,2665.91,2680.05,60024.955
2026-09-21 08:30:00,2680.04,2716.15,2678.47,2699.34,288553.166
2026-09-21 08:45:00,2699.34,2708.25,2691.0,2695.38,103581.41
2026-09-21 09:00:00,2695.38,2703.87,2691.1,2695.7,60763.84
2026-09-21 09:15:00,2695.7,2723.99,2694.18,2716.42,153979.288
2026-09-21 09:30:00,2716.41,2748.6,2714.0,2741.09,325392.46
2026-09-21 09:45:00,2741.1,2741.76,2716.12,2719.63,134597.785
2026-09-21 10:00:00,2719.64,2726.44,2714.28,2719.11,77560.279
2026-09-21 10:15:00,2719.12,2722.01,2710.69,2711.2,45791.007
2026-09-21 10:30:00,2711.2,2717.26,2706.0,2714.49,50916.455
2026-09-21 10:45:00,2714.49,2717.39,2709.32,2714.74,49012.995
2026-09-21 11:00:00,2714.74,2721.24,2712.19,2719.81,57852.247
2026-09-21 11:15:00,2719.81,2723.1,2714.59,2720.24,34530.485
2026-09-21 11:30:00,2720.24,2729.0,2718.36,2725.75,48948.875
2026-09-21 11:45:00,2725.75,2726.41,2719.6,2724.23,31965.22
2026-09-21 12:00:00,2724.23,2729.84,2717.42,2718.47,57257.181
2026-09-21 12:15:00,2718.48,2732.78,2717.1,2720.79,73440.816
2026-09-21 12:30:00,2720.8,2730.97,2719.24,2727.02,42413.165
2026-09-21 12:45:00,2727.03,2740.01,2722.19,2733.92,78386.18
2026-09-21 13:00:00,2733.92,2743.5,2727.99,2730.01,74349.534
2026-09-21 13:15:00,2730.0,2738.88,2727.76,2735.19,49799.062
2026-09-21 13:30:00,2735.19,2739.57,2717.06,2721.15,114397.27
2026-09-21 13:45:00,2721.14,2744.51,2719.87,2731.22,109698.62
2026-09-21 14:00:00,2731.23,2735.16,2710.71,2719.56,114049.237
2026-09-21 14:15:00,2719.56,2738.99,2717.2,2732.51,84367.104
2026-09-21 14:30:00,2732.51,2745.96,2725.6,2734.14,106983.763
2026-09-21 14:45:00,2734.14,2758.0,2731.0,2735.14,166133.498
2026-09-21 15:00:00,2735.13,2751.91,2734.45,2747.43,78368.125
2026-09-21 15:15:00,2747.44,2747.73,2727.0,2732.38,76338.689
2026-09-21 15:30:00,2732.37,2743.88,2726.85,2743.87,64703.689
2026-09-21 15:45:00,2743.87,2764.27,2743.39,2753.99,184336.505
2026-09-21 16:00:00,2753.99,2755.45,2741.03,2750.99,101952.197
2026-09-21 16:15:00,2750.99,2766.66,2750.19,2760.84,111849.53
2026-09-21 16:30:00,2760.83,2768.0,2747.65,2758.65,77966.456
2026-09-21 16:45:00,2758.64,2765.37,2752.41,2753.25,51841.352
2026-09-21 17:00:00,2753.25,2757.11,2747.72,2748.48,48008.63
2026-09-21 17:15:00,2748.47,2752.3,2742.0,2747.98,57409.429
2026-09-21 17:30:00,2747.97,2751.0,2742.62,2743.01,27807.68
2026-09-21 17:45:00,2743.0,2743.81,2733.53,2741.79,70601.163
2026-09-21 18:00:00,2741.78,2750.58,2736.67,2749.28,43995.875
2026-09-21 18:15:00,2749.28,2752.29,2745.32,2749.74,33795.854
2026-09-21 18:30:00,2749.74,2749.99,2743.2,2746.73,21039.072
2026-09-21 18:45:00,2746.72,2756.9,2745.9,2756.64,26359.502
2026-09-21 19:00:00,2756.65,2760.3,2753.9,2759.36,26118.293
2026-09-21 19:15:00,2759.36,2772.36,2758.08,2764.36,79905.171
2026-09-21 19:30:00,2764.36,2775.52,2761.0,2763.55,63250.86
2026-09-21 19:45:00,2763.56,2765.89,2753.26,2760.51,37719.83
2026-09-21 20:00:00,2760.51,2773.17,2760.46,2769.67,33243.23
2026-09-21 20:15:00,2769.67,2806.76,2769.19,2803.36,269724.714
2026-09-21 20:30:00,2803.36,2804.45,2778.4,2780.18,69888.114
2026-09-21 20:45:00,2780.18,2785.82,2775.0,2782.8,38290.446
2026-09-21 21:00:00,2782.81,2782.81,2767.46,2768.05,39296.723
2026-09-21 21:15:00,2768.05,2769.62,2762.56,2768.6,32931.76
2026-09-21 21:30:00,2768.61,2779.41,2768.23,2776.63,30863.998
2026-09-21 21:45:00,2776.64,2776.89,2767.18,2767.24,12731.984
2026-09-21 22:00:00,2767.24,2777.25,2767.19,2775.66,20471.856
2026-09-21 22:15:00,2775.66,2783.1,2766.19,2771.48,43656.376
2026-09-21 22:30:00,2771.49,2781.22,2770.35,2775.16,36268.584
2026-09-21 22:45:00,2775.16,2778.57,2769.64,2777.66,22666.703
2026-09-21 23:00:00,2777.67,2787.44,2776.42,2781.83,40055.884
2026-09-21 23:15:00,2781.84,2786.0,2772.04,2772.49,20668.103
2026-09-21 23:30:00,2772.49,2773.6,2765.5,2770.68,25321.499
2026-09-21 23:45:00,2770.69,2776.6,2768.13,2774.5,20444.604
2026-09-22 00:00:00,2774.5,2775.27,2766.21,2772.81,41299.089
2026-09-22 00:15:00,2772.81,2774.99,2765.69,2770.1,30120.296
2026-09-22 00:30:00,2770.09,2776.64,2762.02,2771.19,46206.167
2026-09-22 00:45:00,2771.19,2774.44,2751.28,2753.54,72725.49
2026-09-22 01:00:00,2753.54,2755.97,2736.62,2749.07,128896.828
2026-09-22 01:15:00,2749.08,2753.63,2735.17,2751.3,58146.366
2026-09-22 01:30:00,2751.29,2754.12,2745.29,2748.21,43784.385
2026-09-22 01:45:00,2748.21,2749.92,2741.68,2747.61,21286.977
2026-09-22 02:00:00,2747.61,2749.57,2734.62,2742.46,40950.981
2026-09-22 02:15:00,2742.45,2747.47,2735.61,2743.98,27166.901
2026-09-22 02:30:00,2743.99,2748.15,2738.35,2745.23,25650.907
2026-09-22 02:45:00,2745.23,2746.99,2737.0,2738.77,26060.318
2026-09-22 03:00:00,2738.77,2742.7,2723.23,2731.0,83040.87
2026-09-22 03:15:00,2731.0,2740.25,2726.75,2738.32,40748.994
2026-09-22 03:30:00,2738.33,2738.43,2730.96,2733.16,22339.42
2026-09-22 03:45:00,2733.17,2740.23,2732.0,2738.41,19715.858
2026-09-22 04:00:00,2738.4,2742.61,2736.16,2738.61,26151.284
2026-09-22 04:15:00,2738.62,2740.24,2734.17,2735.16,17338.711
2026-09-22 04:30:00,2735.15,2735.3,2725.79,2728.78,37495.076
2026-09-22 04:45:00,2728.77,2732.04,2725.0,2728.45,27132.649
2026-09-22 05:00:00,2728.45,2731.04,2725.29,2726.75,17681.507
2026-09-22 05:15:00,2726.75,2727.34,2715.86,2719.54,61550.069
2026-09-22 05:30:00,2719.54,2732.98,2714.77,2732.9,49198.176
2026-09-22 05:45:00,2732.9,2738.26,2731.84,2732.15,33736.487
2026-09-22 06:00:00,2732.15,2734.3,2723.65,2728.57,26867.16
2026-09-22 06:15:00,2728.57,2729.98,2724.28,2728.8,15067.091
2026-09-22 06:30:00,2728.8,2735.34,2727.0,2733.1,30173.639
2026-09-22 06:45:00,2733.1,2734.57,2728.03,2729.48,16458.68
2026-09-22 07:00:00,2729.49,2733.72,2726.64,2731.75,26597.272
2026-09-22 07:15:00,2731.75,2732.48,2722.59,2726.6,23952.65
2026-09-22 07:30:00,2726.61,2727.26,2721.42,2724.7,23357.539
2026-09-22 07:45:00,2724.71,2725.63,2721.8,2725.48,22173.017
2026-09-22 08:00:00,2725.48,2732.71,2725.0,2731.46,44371.301
2026-09-22 08:15:00,2731.46,2734.05,2722.34,2723.31,27683.288
2026-09-22 08:30:00,2723.32,2745.6,2720.2,2745.25,87690.417
2026-09-22 08:45:00,2745.25,2754.65,2742.73,2747.81,100277.126
2026-09-22 09:00:00,2747.8,2749.19,2729.01,2738.25,96155.755
2026-09-22 09:15:00,2738.24,2741.5,2734.9,2738.28,27190.744
2026-09-22 09:30:00,2738.28,2745.33,2736.0,2743.01,29687.765
2026-09-22 09:45:00,2743.0,2753.44,2742.05,2749.85,41330.362
2026-09-22 10:00:00,2749.86,2751.12,2743.5,2745.0,23562.287
2026-09-22 10:15:00,2745.0,2749.0,2737.33,2738.91,26254.445
2026-09-22 10:30:00,2738.91,2741.7,2734.58,2739.79,25903.165
2026-09-22 10:45:00,2739.78,2744.45,2738.12,2741.08,10779.812
2026-09-22 11:00:00,2741.11,2743.94,2733.01,2740.12,25460.456
2026-09-22 11:15:00,2740.11,2745.3,2737.8,2738.39,15677.189
2026-09-22 11:30:00,2738.38,2746.7,2736.65,2744.76,12300.058
2026-09-22 11:45:00,2744.75,2746.51,2736.72,2741.21,22204.488
2026-09-22 12:00:00,2741.2,2745.51,2739.84,2740.42,15728.471
2026-09-22 12:15:00,2740.42,2747.84,2735.0,2747.83,29824.034
2026-09-22 12:30:00,2747.83,2751.39,2745.52,2748.22,33367.97
2026-09-22 12:45:00,2748.22,2755.92,2748.21,2755.64,45949.232
2026-09-22 13:00:00,2755.64,2764.09,2753.07,2755.1,62883.184
2026-09-22 13:15:00,2755.1,2755.46,2738.96,2743.23,46170.592
2026-09-22 13:30:00,2743.22,2760.07,2737.26,2749.91,81530.643
2026-09-22 13:45:00,2749.9,2759.29,2746.0,2758.06,56987.193
2026-09-22 14:00:00,2758.06,2758.8,2747.15,2755.61,64247.985
2026-09-22 14:15:00,2755.61,2756.0,2738.31,2738.44,52634.64
2026-09-22 14:30:00,2738.44,2738.45,2714.41,2726.18,189872.113
2026-09-22 14:45:00,2726.18,2742.44,2726.17,2741.26,74170.929
2026-09-22 15:00:00,2741.27,2748.75,2738.59,2744.48,67226.393
2026-09-22 15:15:00,2744.47,2746.49,2735.52,2742.5,39527.954
2026-09-22 15:30:00,2742.49,2751.49,2739.5,2749.31,42298.771
2026-09-22 15:45:00,2749.3,2754.94,2741.07,2742.88,52540.715
2026-09-22 16:00:00,2742.89,2747.34,2730.41,2731.68,50337.437
2026-09-22 16:15:00,2731.68,2736.4,2727.82,2731.19,42044.85
2026-09-22 16:30:00,2731.2,2739.26,2729.5,2736.68,23348.426
2026-09-22 16:45:00,2736.68,2749.97,2734.59,2744.69,47806.194
2026-09-22 17:00:00,2744.68,2749.16,2742.36,2746.36,29098.171
2026-09-22 17:15:00,2746.38,2752.4,2743.33,2752.39,34022.516
2026-09-22 17:30:00,2752.38,2759.0,2748.17,2749.95,55919.79
2026-09-22 17:45:00,2749.95,2756.85,2745.61,2752.49,35664.227
2026-09-22 18:00:00,2752.48,2754.17,2746.46,2751.54,27539.334
2026-09-22 18:15:00,2751.54,2755.9,2741.63,2742.09,32802.85
2026-09-22 18:30:00,2742.1,2750.16,2741.71,2747.05,25306.3
2026-09-22 18:45:00,2747.05,2752.91,2747.05,2751.26,20251.856
2026-09-22 19:00:00,2751.27,2757.09,2750.8,2754.97,25188.03
2026-09-22 19:15:00,2754.97,2762.85,2754.96,2762.44,31430.91
2026-09-22 19:30:00,2762.45,2762.45,2748.0,2752.69,35440.255
2026-09-22 19:45:00,2752.69,2754.19,2743.64,2750.26,30061.942
2026-09-22 20:00:00,2750.26,2751.28,2746.0,2748.79,17702.88
2026-09-22 20:15:00,2748.8,2757.74,2747.59,2755.99,21226.942
2026-09-22 20:30:00,2755.99,2755.99,2750.96,2752.28,11714.11
2026-09-22 20:45:00,2752.28,2752.35,2747.24,2750.44,14528.173
2026-09-22 21:00:00,2750.44,2753.33,2745.67,2747.21,14304.379
2026-09-22 21:15:00,2747.21,2749.34,2746.2,2748.32,6091.548
2026-09-22 21:30:00,2748.33,2750.55,2745.55,2746.01,11872.024
2026-09-22 21:45:00,2746.02,2750.21,2745.77,2745.88,10137.154
2026-09-22 22:00:00,2745.87,2749.68,2735.25,2738.49,36682.163
2026-09-22 22:15:00,2738.49,2747.0,2737.56,2745.45,16275.879
2026-09-22 22:30:00,2745.45,2757.04,2745.2,2756.63,28749.726
2026-09-22 22:45:00,2756.64,2759.56,2751.41,2751.89,27351.693
2026-09-22 23:00:00,2751.89,2774.08,2751.88,2765.77,89052.971
2026-09-22 23:15:00,2765.76,2768.17,2754.64,2756.49,28533.923
2026-09-22 23:30:00,2756.49,2758.38,2747.8,2752.61,30295.131
2026-09-22 23:45:00,2752.6,2755.11,2750.14,2752.69,23526.12
2026-09-23 00:00:00,2752.7,2758.45,2748.42,2756.84,25106.487
2026-09-23 00:15:00,2756.84,2760.38,2755.22,2756.99,17398.885
2026-09-23 00:30:00,2756.99,2766.0,2756.99,2759.99,37949.434
2026-09-23 00:45:00,2760.0,2762.66,2758.35,2759.16,11500.405
2026-09-23 01:00:00,2759.16,2774.65,2758.33,2769.35,45241.331
2026-09-23 01:15:00,2769.34,2771.3,2764.96,2766.4,22811.82
2026-09-23 01:30:00,2766.39,2767.35,2751.15,2751.31,39963.352
2026-09-23 01:45:00,2751.32,2753.42,2744.63,2752.68,41247.71
2026-09-23 02:00:00,2752.69,2753.69,2744.41,2751.4,24169.566
2026-09-23 02:15:00,2751.4,2760.94,2750.6,2757.87,25206.102
2026-09-23 02:30:00,2757.86,2759.1,2755.3,2756.4,12090.796
2026-09-23 02:45:00,2756.4,2762.0,2756.33,2761.27,11312.352
2026-09-23 03:00:00,2761.28,2764.12,2757.03,2763.97,11633.972
2026-09-23 03:15:00,2763.97,2773.88,2762.0,2767.35,40223.852
2026-09-23 03:30:00,2767.35,2784.15,2764.65,2781.99,96446.531
2026-09-23 03:45:00,2782.0,2782.07,2772.34,2772.99,28927.455
2026-09-23 04:00:00,2773.0,2779.68,2766.3,2776.15,29070.008
2026-09-23 04:15:00,2776.15,2787.82,2773.06,2778.77,64042.329
2026-09-23 04:30:00,2778.77,2786.23,2778.65,2780.09,29791.925
2026-09-23 04:45:00,2780.1,2783.75,2778.05,2778.26,17701.361
2026-09-23 05:00:00,2778.27,2778.88,2766.53,2769.6,44889.551
2026-09-23 05:15:00,2769.59,2772.2,2763.47,2764.8,34080.465
2026-09-23 05:30:00,2764.8,2769.76,2763.16,2766.96,26769.236
2026-09-23 05:45:00,2766.95,2768.86,2753.75,2756.27,49136.339
2026-09-23 06:00:00,2756.27,2758.7,2753.24,2758.6,28613.808
2026-09-23 06:15:00,2758.59,2760.95,2754.52,2754.54,26354.798
2026-09-23 06:30:00,2754.55,2758.54,2751.43,2758.0,22323.797
2026-09-23 06:45:00,2757.99,2758.0,2750.4,2753.0,26891.171
2026-09-23 07:00:00,2753.01,2753.01,2745.33,2747.08,48980.776
2026-09-23 07:15:00,2747.09,2751.82,2746.0,2750.36,25388.232
2026-09-23 07:30:00,2750.36,2750.79,2733.95,2738.44,70738.224
2026-09-23 07:45:00,2738.43,2745.22,2736.46,2741.99,46814.874
2026-09-23 08:00:00,2741.99,2746.7,2737.31,2743.41,29895.743
2026-09-23 08:15:00,2743.42,2749.25,2743.42,2744.38,21719.942
2026-09-23 08:30:00,2744.37,2746.79,2741.35,2741.78,14643.859
2026-09-23 08:45:00,2741.79,2741.79,2725.1,2733.89,98631.5
2026-09-23 09:00:00,2733.88,2741.29,2733.88,2738.45,24308.778
2026-09-23 09:15:00,2738.44,2742.51,2734.81,2737.22,30868.886
2026-09-23 09:30:00,2737.23,2738.78,2733.47,2734.95,14666.229
2026-09-23 09:45:00,2734.95,2737.53,2729.64,2732.45,44727.262
2026-09-23 10:00:00,2732.44,2735.69,2730.08,2732.05,28073.538
2026-09-23 10:15:00,2732.04,2732.04,2724.38,2731.46,44249.155
2026-09-23 10:30:00,2731.46,2736.41,2728.12,2735.69,28257.828
2026-09-23 10:45:00,2735.69,2737.8,2728.54,2736.95,29018.535
2026-09-23 11:00:00,2736.95,2738.72,2729.78,2732.32,28021.123
2026-09-23 11:15:00,2732.32,2732.8,2718.29,2720.51,86089.209
2026-09-23 11:30:00,2720.52,2724.0,2715.88,2718.01,72594.798
2026-09-23 11:45:00,2718.0,2727.85,2717.27,2726.81,34619.259
2026-09-23 12:00:00,2726.8,2728.99,2718.68,2720.99,45169.202
2026-09-23 12:15:00,2721.0,2726.6,2708.0,2721.41,94279.237
2026-09-23 12:30:00,2721.41,2727.24,2721.22,2721.32,26252.212
2026-09-23 12:45:00,2721.32,2722.73,2716.5,2720.98,20117.855
2026-09-23 13:00:00,2720.98,2721.87,2706.0,2708.18,69620.46
2026-09-23 13:15:00,2708.17,2716.39,2708.17,2714.51,32312.752
2026-09-23 13:30:00,2714.51,2722.93,2710.1,2719.74,87490.363
2026-09-23 13:45:00,2719.73,2720.06,2707.2,2714.97,61851.38
2026-09-23 14:00:00,2714.96,2722.7,2654.2,2674.51,462637.633
2026-09-23 14:15:00,2674.49,2675.31,2645.99,2650.94,303617.86
2026-09-23 14:30:00,2650.94,2671.66,2647.0,2668.01,150250.321
2026-09-23 14:45:00,2668.01,2678.5,2660.64,2674.9,88698.332
2026-09-23 15:00:00,2674.9,2682.59,2672.11,2678.11,78430.981
2026-09-23 15:15:00,2678.11,2683.81,2672.84,2673.18,53845.603
2026-09-23 15:30:00,2673.19,2674.26,2660.0,2663.8,85684.553
2026-09-23 15:45:00,2663.8,2665.51,2653.16,2654.63,82193.632
2026-09-23 16:00:00,2654.62,2664.61,2633.7,2662.2,211392.096
2026-09-23 16:15:00,2662.19,2664.79,2657.49,2661.78,33921.16
2026-09-23 16:30:00,2661.77,2666.66,2654.54,2662.53,46323.921
2026-09-23 16:45:00,2662.52,2665.97,2652.86,2659.79,35196.765
2026-09-23 17:00:00,2659.78,2666.26,2646.53,2650.95,57220.797
2026-09-23 17:15:00,2650.93,2667.14,2649.16,2661.5,40331.889
2026-09-23 17:30:00,2661.5,2669.36,2656.31,2665.85,34514.79
2026-09-23 17:45:00,2665.84,2669.85,2663.93,2667.01,26277.503
2026-09-23 18:00:00,2667.01,2667.56,2660.45,2661.84,21963.252
2026-09-23 18:15:00,2661.84,2663.86,2658.1,2660.33,19736.185
2026-09-23 18:30:00,2660.34,2663.62,2658.09,2663.02,12587.668
2026-09-23 18:45:00,2663.01,2671.32,2661.4,2667.83,24816.524
2026-09-23 19:00:00,2667.83,2670.99,2663.07,2667.51,16090.342
2026-09-23 19:15:00,2667.5,2674.26,2664.12,2672.11,19744.223
2026-09-23 19:30:00,2672.11,2677.1,2671.08,2672.74,30218.339
2026-09-23 19:45:00,2672.74,2679.48,2672.38,2677.53,42960.095
2026-09-23 20:00:00,2677.53,2678.75,2669.4,2671.33,25891.837
2026-09-23 20:15:00,2671.32,2674.8,2667.72,2670.01,10812.036
2026-09-23 20:30:00,2670.01,2674.93,2669.87,2674.48,8849.796
2026-09-23 20:45:00,2674.49,2675.0,2669.01,2669.99,14845.537
2026-09-23 21:00:00,2669.99,2673.0,2667.12,2672.69,17585.62
2026-09-23 21:15:00,2672.69,2675.0,2670.46,2673.84,9223.577
2026-09-23 21:30:00,2673.84,2677.49,2673.67,2677.11,13528.35
2026-09-23 21:45:00,2677.11,2678.4,2675.71,2676.29,9665.696
2026-09-23 22:00:00,2676.29,2697.83,2675.0,2688.76,83799.801
2026-09-23 22:15:00,2688.77,2692.43,2685.76,2685.98,16061.513
2026-09-23 22:30:00,2685.99,2685.99,2681.35,2684.28,11601.65
2026-09-23 22:45:00,2684.28,2692.44,2684.28,2688.87,17710.283
2026-09-23 23:00:00,2688.87,2689.52,2684.47,2684.89,11670.7
2026-09-23 23:15:00,2684.88,2686.22,2682.39,2682.78,10379.046
2026-09-23 23:30:00,2682.78,2685.12,2680.18,2680.89,9701.605
2026-09-23 23:45:00,2680.89,2684.51,2679.76,2683.41,10618.088
2026-09-24 00:00:00,2683.41,2688.01,2681.66,2684.75,17399.259
2026-09-24 00:15:00,2684.75,2689.5,2684.22,2687.49,14237.611
2026-09-24 00:30:00,2687.5,2691.91,2682.12,2684.68,16576.881
2026-09-24 00:45:00,2684.68,2684.68,2677.89,2681.28,20310.687
2026-09-24 01:00:00,2681.28,2685.39,2679.0,2682.2,14222.695
2026-09-24 01:15:00,2682.2,2683.69,2677.19,2681.43,16240.57
2026-09-24 01:30:00,2681.43,2691.28,2674.13,2677.72,37190.52
2026-09-24 01:45:00,2677.73,2680.78,2673.14,2674.07,26425.17
2026-09-24 02:00:00,2674.07,2675.76,2662.76,2672.5,59451.958
2026-09-24 02:15:00,2672.49,2683.2,2672.49,2679.47,30418.204
2026-09-24 02:30:00,2679.47,2685.0,2677.47,2684.65,19731.003
2026-09-24 02:45:00,2684.64,2687.13,2683.56,2684.74,19553.078
2026-09-24 03:00:00,2684.75,2689.85,2677.81,2685.1,29423.507
2026-09-24 03:15:00,2685.09,2687.15,2672.92,2674.91,26050.677
2026-09-24 03:30:00,2674.9,2675.47,2670.05,2674.95,14078.336
2026-09-24 03:45:00,2674.95,2675.96,2672.29,2675.48,15998.697
2026-09-24 04:00:00,2675.48,2675.7,2669.11,2670.97,26438.427
2026-09-24 04:15:00,2670.97,2676.22,2668.24,2676.22,19643.614
2026-09-24 04:30:00,2676.22,2676.22,2673.23,2674.85,6414.875
2026-09-24 04:45:00,2674.86,2682.57,2671.91,2680.62,26689.203
2026-09-24 05:00:00,2680.61,2703.26,2680.61,2690.62,95137.07
2026-09-24 05:15:00,2690.61,2693.03,2688.69,2691.45,15948.024
2026-09-24 05:30:00,2691.45,2694.39,2687.15,2690.75,17834.703
2026-09-24 05:45:00,2690.76,2691.78,2680.3,2681.39,25388.045
2026-09-24 06:00:00,2681.38,2689.33,2677.78,2686.29,24302.193
2026-09-24 06:15:00,2686.28,2688.9,2683.62,2686.99,9772.748
2026-09-24 06:30:00,2687.0,2689.48,2685.13,2687.64,12934.421
2026-09-24 06:45:00,2687.64,2688.7,2683.69,2684.77,10020.642
2026-09-24 07:00:00,2684.76,2685.71,2678.24,2682.75,20594.417
2026-09-24 07:15:00,2682.75,2692.43,2681.01,2692.42,24463.945
2026-09-24 07:30:00,2692.42,2697.58,2691.66,2694.7,43495.892
2026-09-24 07:45:00,2694.69,2698.8,2691.53,2692.03,35899.832
2026-09-24 08:00:00,2692.02,2694.69,2685.79,2686.04,29916.759
2026-09-24 08:15:00,2686.03,2688.42,2668.4,2668.85,70117.266
2026-09-24 08:30:00,2668.85,2675.8,2663.38,2667.96,58491.622
2026-09-24 08:45:00,2667.96,2669.25,2653.0,2668.36,88409.253
2026-09-24 09:00:00,2668.36,2672.92,2657.1,2658.01,39488.12
2026-09-24 09:15:00,2658.0,2660.68,2650.02,2654.07,49360.37
2026-09-24 09:30:00,2654.07,2654.07,2626.01,2638.9,195066.106
2026-09-24 09:45:00,2638.91,2646.54,2635.36,2641.3,50130.324
2026-09-24 10:00:00,2641.31,2643.32,2633.69,2639.21,33496.855
2026-09-24 10:15:00,2639.22,2642.11,2632.44,2637.51,45312.377
2026-09-24 10:30:00,2637.51,2643.22,2632.49,2640.68,35334.971
2026-09-24 10:45:00,2640.68,2649.08,2639.81,2647.25,37214.976
2026-09-24 11:00:00,2647.24,2651.23,2647.05,2648.76,27821.289
2026-09-24 11:15:00,2648.75,2651.67,2647.08,2647.09,18855.308
2026-09-24 11:30:00,2647.08,2649.08,2641.85,2645.47,23111.339
2026-09-24 11:45:00,2645.47,2649.01,2642.32,2646.45,24304.318
2026-09-24 12:00:00,2646.45,2649.14,2641.61,2647.0,19007.636
2026-09-24 12:15:00,2647.0,2653.55,2646.5,2647.43,20281.338
2026-09-24 12:30:00,2647.43,2648.33,2638.2,2642.7,29309.863
2026-09-24 12:45:00,2642.7,2648.63,2639.91,2647.6,17562.389
2026-09-24 13:00:00,2647.6,2656.49,2647.6,2656.26,31587.188
2026-09-24 13:15:00,2656.25,2665.94,2655.02,2659.25,62806.096
2026-09-24 13:30:00,2659.25,2678.03,2658.1,2664.14,112353.976
2026-09-24 13:45:00,2664.13,2669.38,2659.37,2668.79,46529.465
2026-09-24 14:00:00,2668.79,2671.94,2663.29,2666.01,28358.05
2026-09-24 14:15:00,2666.01,2696.24,2664.0,2692.71,132110.04
2026-09-24 14:30:00,2692.71,2698.53,2678.5,2679.32,110456.771
2026-09-24 14:45:00,2679.31,2679.83,2642.0,2656.24,193326.431
2026-09-24 15:00:00,2656.24,2664.45,2651.06,2662.28,59790.106
2026-09-24 15:15:00,2662.28,2674.7,2661.15,2668.78,47282.853
2026-09-24 15:30:00,2668.77,2684.89,2667.62,2680.99,59804.408
2026-09-24 15:45:00,2680.99,2683.52,2676.38,2682.25,28616.343
2026-09-24 16:00:00,2682.25,2683.15,2664.46,2673.13,43683.745
2026-09-24 16:15:00,2673.12,2698.41,2673.12,2694.95,168981.604
2026-09-24 16:30:00,2694.96,2705.98,2684.42,2688.61,104252.493
2026-09-24 16:45:00,2688.6,2694.19,2680.6,2686.18,48926.334
2026-09-24 17:00:00,2686.18,2689.26,2679.41,2684.13,43391.551
2026-09-24 17:15:00,2684.13,2686.96,2675.45,2681.45,32691.424
2026-09-24 17:30:00,2681.44,2683.76,2668.05,2670.36,40788.695
2026-09-24 17:45:00,2670.36,2673.08,2664.75,2668.37,29118.437
2026-09-24 18:00:00,2668.36,2674.49,2658.09,2674.24,49589.861
2026-09-24 18:15:00,2674.23,2684.22,2673.13,2681.79,28944.475
2026-09-24 18:30:00,2681.79,2690.98,2677.96,2685.95,37183.626
2026-09-24 18:45:00,2685.96,2693.75,2684.58,2688.94,27592.765
2026-09-24 19:00:00,2688.95,2691.58,2681.28,2688.41,37006.353
2026-09-24 19:15:00,2688.41,2696.87,2688.41,2695.7,24008.922
2026-09-24 19:30:00,2695.7,2696.05,2690.24,2694.37,19014.061
2026-09-24 19:45:00,2694.37,2700.0,2691.23,2695.19,38414.663
2026-09-24 20:00:00,2695.18,2695.95,2686.63,2687.15,35783.672
2026-09-24 20:15:00,2687.16,2689.83,2680.18,2687.27,36316.939
2026-09-24 20:30:00,2687.28,2688.51,2682.29,2686.7,12541.017
2026-09-24 20:45:00,2686.7,2689.83,2683.56,2686.77,11393.002
2026-09-24 21:00:00,2686.78,2689.75,2684.0,2685.03,11043.015
2026-09-24 21:15:00,2685.02,2689.05,2685.02,2687.66,7028.531
2026-09-24 21:30:00,2687.66,2691.87,2687.27,2689.21,14151.644
2026-09-24 21:45:00,2689.21,2689.92,2684.68,2685.42,9586.701
2026-09-24 22:00:00,2685.42,2687.41,2682.0,2684.33,13668.367
2026-09-24 22:15:00,2684.33,2685.51,2673.91,2679.39,22979.171
2026-09-24 22:30:00,2679.4,2682.66,2678.49,2680.44,9234.652
2026-09-24 22:45:00,2680.44,2684.15,2680.24,2684.14,5603.277
2026-09-24 23:00:00,2684.14,2687.98,2683.65,2684.44,9520.788
2026-09-24 23:15:00,2684.45,2691.8,2684.04,2691.55,9725.642
2026-09-24 23:30:00,2691.54,2691.81,2687.6,2688.77,11788.101
2026-09-24 23:45:00,2688.77,2689.75,2685.77,2686.65,8979.383
2026-09-25 00:00:00,2686.65,2696.21,2686.64,2693.6,16286.254
2026-09-25 00:15:00,2693.61,2693.61,2689.34,2690.32,10330.9
2026-09-25 00:30:00,2690.31,2692.92,2687.07,2689.01,15187.412
2026-09-25 00:45:00,2689.01,2690.46,2687.31,2689.44,7291.49
2026-09-25 01:00:00,2689.44,2696.99,2688.01,2692.57,23597.755
2026-09-25 01:15:00,2692.57,2696.01,2687.36,2687.81,16111.334
2026-09-25 01:30:00,2687.81,2687.81,2681.12,2685.71,23543.958
2026-09-25 01:45:00,2685.7,2689.58,2685.35,2688.46,10910.741
2026-09-25 02:00:00,2688.46,2697.57,2687.82,2695.92,32567.004
2026-09-25 02:15:00,2695.91,2699.64,2687.4,2690.42,27019.564
2026-09-25 02:30:00,2690.42,2691.88,2679.12,2682.74,31570.118
2026-09-25 02:45:00,2682.73,2682.74,2673.22,2675.69,29788.111
2026-09-25 03:00:00,2675.69,2678.46,2671.87,2675.37,25936.487
2026-09-25 03:15:00,2675.37,2678.44,2673.82,2674.05,15986.058
2026-09-25 03:30:00,2674.06,2680.62,2671.53,2675.61,17834.024
2026-09-25 03:45:00,2675.61,2678.0,2673.06,2677.66,13605.087
2026-09-25 04:00:00,2677.67,2678.12,2671.42,2671.47,14108.2
2026-09-25 04:15:00,2671.47,2675.76,2670.71,2675.29,13866.379
2026-09-25 04:30:00,2675.3,2684.73,2675.29,2682.56,15943.207
2026-09-25 04:45:00,2682.57,2683.25,2677.46,2679.0,11396.702
2026-09-25 05:00:00,2679.0,2681.81,2675.66,2677.03,11542.08
2026-09-25 05:15:00,2677.04,2681.0,2674.0,2678.81,12296.733
2026-09-25 05:30:00,2678.81,2683.95,2675.5,2680.56,16926.315
2026-09-25 05:45:00,2680.56,2681.3,2678.64,2678.76,5205.698
2026-09-25 06:00:00,2678.76,2679.27,2669.39,2674.22,24085.951
2026-09-25 06:15:00,2674.23,2682.03,2671.78,2676.12,17371.665
2026-09-25 06:30:00,2676.11,2676.54,2668.34,2672.88,20960.263
2026-09-25 06:45:00,2672.88,2674.69,2670.73,2673.14,9441.087
2026-09-25 07:00:00,2673.14,2674.33,2666.35,2669.25,20746.878
2026-09-25 07:15:00,2669.26,2679.0,2669.26,2678.6,12396.233
2026-09-25 07:30:00,2678.59,2679.8,2666.0,2669.27,30499.926
2026-09-25 07:45:00,2669.28,2671.79,2668.16,2671.18,17365.411
2026-09-25 08:00:00,2671.17,2679.48,2671.17,2677.42,21147.753
2026-09-25 08:15:00,2677.41,2696.33,2677.41,2691.3,65659.802
2026-09-25 08:30:00,2691.3,2692.67,2685.22,2685.62,23192.063
2026-09-25 08:45:00,2685.62,2691.15,2683.36,2689.55,16551.835
2026-09-25 09:00:00,2689.54,2699.59,2689.48,2692.96,57678.401
2026-09-25 09:15:00,2692.95,2714.62,2692.72,2709.81,89753.911
2026-09-25 09:30:00,2709.8,2719.91,2704.0,2705.33,63903.179
2026-09-25 09:45:00,2705.32,2705.71,2700.67,2703.33,26817.983
2026-09-25 10:00:00,2703.33,2703.76,2691.35,2699.01,43002.706
2026-09-25 10:15:00,2699.0,2714.75,2696.74,2713.35,42435.573
2026-09-25 10:30:00,2713.36,2714.83,2707.74,2711.95,33145.501
2026-09-25 10:45:00,2711.95,2718.66,2711.36,2713.0,45833.968
2026-09-25 11:00:00,2712.99,2742.05,2711.83,2739.83,159566.781
2026-09-25 11:15:00,2739.84,2742.66,2720.57,2725.48,76535.092
2026-09-25 11:30:00,2725.48,2729.85,2720.27,2720.72,39092.969
2026-09-25 11:45:00,2720.73,2722.35,2715.29,2716.0,35979.584
2026-09-25 12:00:00,2716.0,2722.78,2703.47,2710.23,67691.938
2026-09-25 12:15:00,2710.23,2710.31,2685.0,2710.31,157030.591
2026-09-25 12:30:00,2710.3,2718.68,2709.0,2714.14,63628.93
2026-09-25 12:45:00,2714.14,2719.65,2709.03,2716.34,30846.163
2026-09-25 13:00:00,2716.33,2721.36,2708.59,2713.24,35309.19
2026-09-25 13:15:00,2713.25,2718.32,2695.38,2699.0,63352.183
2026-09-25 13:30:00,2699.0,2710.84,2686.53,2694.82,136505.752
2026-09-25 13:45:00,2694.82,2700.22,2678.49,2694.18,103809.245
2026-09-25 14:00:00,2694.18,2696.95,2670.26,2684.52,152904.818
2026-09-25 14:15:00,2684.52,2691.62,2679.5,2685.83,46410.685
2026-09-25 14:30:00,2685.83,2697.1,2682.21,2682.81,48401.567
2026-09-25 14:45:00,2682.8,2694.91,2677.8,2694.46,47295.741
2026-09-25 15:00:00,2694.46,2697.99,2687.7,2696.5,36269.374
2026-09-25 15:15:00,2696.5,2697.31,2686.02,2688.55,34679.024
2026-09-25 15:30:00,2688.55,2693.06,2671.5,2671.72,72751.109
2026-09-25 15:45:00,2671.72,2685.72,2667.3,2685.71,68966.413
2026-09-25 16:00:00,2685.71,2698.0,2684.9,2692.41,86987.838
2026-09-25 16:15:00,2692.41,2696.02,2685.37,2690.99,32870.764
2026-09-25 16:30:00,2691.0,2694.79,2683.04,2688.31,32041.795
2026-09-25 16:45:00,2688.31,2688.93,2680.33,2682.5,24366.174
2026-09-25 17:00:00,2682.49,2690.91,2682.24,2690.27,18200.734
2026-09-25 17:15:00,2690.28,2692.6,2678.26,2678.76,35434.776
2026-09-25 17:30:00,2678.75,2687.5,2676.39,2685.15,27644.41
2026-09-25 17:45:00,2685.16,2685.16,2679.85,2684.55,9882.192
2026-09-25 18:00:00,2684.55,2695.7,2684.55,2693.74,28034.325
2026-09-25 18:15:00,2693.74,2698.55,2689.38,2692.76,40041.42
2026-09-25 18:30:00,2692.77,2694.49,2689.89,2692.99,10847.756
2026-09-25 18:45:00,2692.99,2694.79,2691.27,2692.37,8214.383
2026-09-25 19:00:00,2692.37,2695.27,2689.18,2694.99,14316.689
2026-09-25 19:15:00,2695.0,2695.35,2689.55,2692.34,8958.609
2026-09-25 19:30:00,2692.34,2695.19,2689.14,2690.76,11650.934
2026-09-25 19:45:00,2690.77,2695.48,2690.77,2691.99,15722.871
2026-09-25 20:00:00,2691.99,2694.22,2688.27,2689.55,11384.731
2026-09-25 20:15:00,2689.55,2694.5,2689.18,2692.75,6510.663
2026-09-25 20:30:00,2692.76,2695.37,2689.21,2691.42,14274.994
2026-09-25 20:45:00,2691.42,2691.42,2682.47,2683.33,14903.292
2026-09-25 21:00:00,2683.33,2684.52,2675.45,2678.01,21036.131
2026-09-25 21:15:00,2678.01,2680.18,2675.84,2679.53,14261.548
2026-09-25 21:30:00,2679.54,2681.73,2676.0,2680.98,11036.051
2026-09-25 21:45:00,2680.98,2682.44,2678.78,2680.11,7832.449
2026-09-25 22:00:00,2680.11,2684.5,2678.81,2684.48,6804.708
2026-09-25 22:15:00,2684.49,2687.61,2684.48,2687.25,6348.004
2026-09-25 22:30:00,2687.26,2693.48,2687.26,2692.04,17136.391
2026-09-25 22:45:00,2692.03,2693.36,2690.63,2690.87,9169.197
2026-09-25 23:00:00,2690.88,2693.6,2690.87,2692.72,6453.454
2026-09-25 23:15:00,2692.72,2693.08,2690.17,2692.24,5388.056
2026-09-25 23:30:00,2692.25,2692.88,2691.56,2691.56,2997.183
2026-09-25 23:45:00,2691.56,2691.57,2689.49,2690.56,4979.728
2026-09-26 00:00:00,2690.56,2693.69,2688.25,2690.3,12591.066
2026-09-26 00:15:00,2690.31,2691.42,2685.56,2685.7,13673.827
2026-09-26 00:30:00,2685.7,2686.0,2679.71,2683.8,19915.175
2026-09-26 00:45:00,2683.81,2687.9,2683.8,2685.95,7356.761
2026-09-26 01:00:00,2685.95,2691.0,2685.65,2688.57,15010.84
2026-09-26 01:15:00,2688.57,2690.74,2687.32,2687.62,5001.474
2026-09-26 01:30:00,2687.63,2695.17,2687.2,2692.99,13371.031
2026-09-26 01:45:00,2692.98,2694.19,2690.61,2691.65,9339.56
2026-09-26 02:00:00,2691.66,2694.33,2687.75,2694.32,12867.25
2026-09-26 02:15:00,2694.33,2694.69,2691.33,2691.89,10286.709
2026-09-26 02:30:00,2691.88,2693.42,2690.01,2690.68,8184.735
2026-09-26 02:45:00,2690.69,2692.29,2689.48,2689.98,4104.01
2026-09-26 03:00:00,2689.98,2689.99,2684.67,2686.35,10102.207
2026-09-26 03:15:00,2686.34,2689.77,2685.93,2688.87,6030.857
2026-09-26 03:30:00,2688.87,2690.31,2687.12,2687.22,5524.47
2026-09-26 03:45:00,2687.23,2687.63,2686.43,2686.87,4086.288
2026-09-26 04:00:00,2686.87,2689.64,2686.87,2687.84,5976.026
2026-09-26 04:15:00,2687.84,2690.38,2684.7,2684.7,10961.718
2026-09-26 04:30:00,2684.7,2686.88,2683.5,2686.88,6736.816
