open,high,low,close,vol,timestamp
4.798,4.822,4.789,4.809,43377.1,2026-07-30 09:30:00
4.809,4.82,4.762,4.795,149984.4,2026-07-30 09:45:00
4.795,4.808,4.78,4.799,78914.4,2026-07-30 10:00:00
4.799,4.814,4.796,4.809,41119.4,2026-07-30 10:15:00
4.809,4.809,4.766,4.794,141026.4,2026-07-30 10:30:00
4.794,4.806,4.79,4.796,22598.2,2026-07-30 10:45:00
4.796,4.805,4.785,4.793,31154.6,2026-07-30 11:00:00
4.793,4.825,4.792,4.811,69930.7,2026-07-30 11:15:00
4.811,4.83,4.809,4.821,42811.6,2026-07-30 11:30:00
4.82,4.855,4.811,4.827,145222.6,2026-07-30 11:45:00
4.827,4.857,4.826,4.852,77859.4,2026-07-30 12:00:00
4.852,4.853,4.825,4.837,58743.6,2026-07-30 12:15:00
4.837,4.844,4.795,4.8,107318.8,2026-07-30 12:30:00
4.8,4.807,4.795,4.8,43259.2,2026-07-30 12:45:00
4.8,4.802,4.788,4.798,33543.2,2026-07-30 13:00:00
4.798,4.807,4.791,4.799,24788.1,2026-07-30 13:15:00
4.8,4.83,4.783,4.829,58935.5,2026-07-30 13:30:00
4.829,4.84,4.802,4.806,95949.3,2026-07-30 13:45:00
4.806,4.818,4.792,4.802,55165.8,2026-07-30 14:00:00
4.802,4.816,4.782,4.809,52990.0,2026-07-30 14:15:00
4.809,4.815,4.794,4.81,25738.3,2026-07-30 14:30:00
4.809,4.809,4.783,4.795,38520.2,2026-07-30 14:45:00
4.795,4.812,4.769,4.795,143695.1,2026-07-30 15:00:00
4.795,4.816,4.795,4.806,33175.7,2026-07-30 15:15:00
4.805,4.826,4.803,4.824,29908.9,2026-07-30 15:30:00
4.824,4.832,4.816,4.818,33342.7,2026-07-30 15:45:00
4.818,4.851,4.816,4.838,65543.8,2026-07-30 16:00:00
4.838,4.843,4.805,4.832,90334.0,2026-07-30 16:15:00
4.831,4.839,4.815,4.821,40178.8,2026-07-30 16:30:00
4.82,4.839,4.819,4.826,34346.5,2026-07-30 16:45:00
4.827,4.835,4.804,4.81,30746.3,2026-07-30 17:00:00
4.809,4.826,4.803,4.824,30787.0,2026-07-30 17:15:00
4.824,4.835,4.817,4.832,29711.0,2026-07-30 17:30:00
4.832,4.833,4.822,4.829,14493.6,2026-07-30 17:45:00
4.829,4.838,4.823,4.825,31837.2,2026-07-30 18:00:00
4.825,4.828,4.811,4.813,24351.8,2026-07-30 18:15:00
4.813,4.818,4.805,4.815,33309.6,2026-07-30 18:30:00
4.815,4.822,4.811,4.819,27315.7,2026-07-30 18:45:00
4.819,4.828,4.814,4.818,38177.3,2026-07-30 19:00:00
4.817,4.82,4.809,4.818,12480.3,2026-07-30 19:15:00
4.817,4.82,4.803,4.806,29662.2,2026-07-30 19:30:00
4.806,4.808,4.798,4.801,47867.0,2026-07-30 19:45:00
4.801,4.814,4.791,4.798,68649.2,2026-07-30 20:00:00
4.797,4.798,4.781,4.784,18428.2,2026-07-30 20:15:00
4.784,4.786,4.76,4.778,97725.4,2026-07-30 20:30:00
4.779,4.78,4.762,4.765,14429.6,2026-07-30 20:45:00
4.765,4.787,4.761,4.786,32860.4,2026-07-30 21:00:00
4.786,4.8,4.772,4.784,30921.1,2026-07-30 21:15:00
4.784,4.794,4.781,4.784,21863.8,2026-07-30 21:30:00
4.784,4.871,4.783,4.869,300684.8,2026-07-30 21:45:00
4.869,4.914,4.857,4.913,152281.7,2026-07-30 22:00:00
4.913,4.939,4.895,4.938,137975.3,2026-07-30 22:15:00
4.939,4.965,4.923,4.965,83395.5,2026-07-30 22:30:00
4.966,4.983,4.944,4.947,128557.5,2026-07-30 22:45:00
4.948,4.989,4.948,4.984,120258.4,2026-07-30 23:00:00
4.984,5.0,4.967,4.995,94866.0,2026-07-30 23:15:00
4.995,5.019,4.989,5.0,127930.1,2026-07-30 23:30:00
5.0,5.015,4.956,5.01,161870.9,2026-07-30 23:45:00
5.009,5.035,5.007,5.03,193014.2,2026-07-31 00:00:00
5.03,5.081,5.028,5.073,160694.3,2026-07-31 00:15:00
5.074,5.092,5.051,5.091,154562.1,2026-07-31 00:30:00
5.091,5.092,5.015,5.024,183644.2,2026-07-31 00:45:00
5.025,5.052,5.016,5.035,108892.9,2026-07-31 01:00:00
5.035,5.036,4.971,4.975,124624.6,2026-07-31 01:15:00
4.976,4.979,4.942,4.973,120632.5,2026-07-31 01:30:00
4.973,4.978,4.935,4.943,137501.4,2026-07-31 01:45:00
4.944,4.98,4.936,4.953,71082.5,2026-07-31 02:00:00
4.953,4.953,4.91,4.929,95669.6,2026-07-31 02:15:00
4.929,4.949,4.926,4.945,32988.4,2026-07-31 02:30:00
4.946,4.956,4.929,4.934,39006.7,2026-07-31 02:45:00
4.935,4.935,4.886,4.904,73800.2,2026-07-31 03:00:00
4.905,4.931,4.904,4.917,34942.8,2026-07-31 03:15:00
4.917,4.943,4.909,4.941,35885.9,2026-07-31 03:30:00
4.941,4.972,4.924,4.926,76102.1,2026-07-31 03:45:00
4.926,4.938,4.889,4.904,61287.9,2026-07-31 04:00:00
4.904,4.93,4.889,4.922,49253.0,2026-07-31 04:15:00
4.923,4.956,4.923,4.953,104244.3,2026-07-31 04:30:00
4.953,4.96,4.935,4.947,33012.2,2026-07-31 04:45:00
4.948,4.985,4.944,4.96,98019.6,2026-07-31 05:00:00
4.96,4.96,4.923,4.923,62048.4,2026-07-31 05:15:00
4.924,4.94,4.915,4.934,48671.9,2026-07-31 05:30:00
4.935,4.941,4.923,4.934,22638.6,2026-07-31 05:45:00
4.935,4.937,4.913,4.914,36138.9,2026-07-31 06:00:00
4.914,4.937,4.911,4.937,30600.3,2026-07-31 06:15:00
4.937,4.949,4.897,4.902,69079.6,2026-07-31 06:30:00
4.903,4.929,4.894,4.914,44268.5,2026-07-31 06:45:00
4.914,4.918,4.884,4.901,102338.9,2026-07-31 07:00:00
4.901,4.915,4.895,4.905,28786.2,2026-07-31 07:15:00
4.905,4.928,4.904,4.907,64360.1,2026-07-31 07:30:00
4.908,4.922,4.891,4.903,37636.0,2026-07-31 07:45:00
4.904,4.911,4.888,4.894,56417.7,2026-07-31 08:00:00
4.895,4.905,4.888,4.904,29803.4,2026-07-31 08:15:00
4.904,4.906,4.889,4.902,40582.5,2026-07-31 08:30:00
4.903,4.919,4.902,4.903,45408.0,2026-07-31 08:45:00
4.904,4.925,4.9,4.922,32580.6,2026-07-31 09:00:00
4.922,4.922,4.895,4.904,33976.7,2026-07-31 09:15:00
4.903,4.913,4.893,4.905,47670.3,2026-07-31 09:30:00
4.906,4.927,4.901,4.921,39239.9,2026-07-31 09:45:00
4.921,4.921,4.901,4.911,31573.4,2026-07-31 10:00:00
4.911,4.915,4.904,4.908,15556.5,2026-07-31 10:15:00
4.908,4.925,4.904,4.922,25791.3,2026-07-31 10:30:00
4.923,4.925,4.9,4.902,28519.1,2026-07-31 10:45:00
4.902,4.907,4.82,4.842,387945.4,2026-07-31 11:00:00
4.843,4.865,4.836,4.853,70866.6,2026-07-31 11:15:00
4.854,4.875,4.85,4.866,51194.2,2026-07-31 11:30:00
4.866,4.869,4.841,4.846,65866.2,2026-07-31 11:45:00
4.847,4.848,4.81,4.824,167772.8,2026-07-31 12:00:00
4.823,4.841,4.821,4.837,37039.6,2026-07-31 12:15:00
4.837,4.846,4.822,4.833,43696.1,2026-07-31 12:30:00
4.833,4.85,4.83,4.843,23890.8,2026-07-31 12:45:00
4.844,4.856,4.843,4.853,26818.8,2026-07-31 13:00:00
4.854,4.886,4.853,4.872,63475.4,2026-07-31 13:15:00
4.873,4.875,4.847,4.856,89114.4,2026-07-31 13:30:00
4.856,4.865,4.84,4.856,72489.0,2026-07-31 13:45:00
4.855,4.862,4.807,4.843,195230.1,2026-07-31 14:00:00
4.843,4.852,4.825,4.832,85640.4,2026-07-31 14:15:00
4.832,4.857,4.832,4.849,59177.2,2026-07-31 14:30:00
4.849,4.858,4.832,4.843,32266.0,2026-07-31 14:45:00
4.843,4.86,4.836,4.859,41414.1,2026-07-31 15:00:00
4.858,4.872,4.848,4.854,64924.7,2026-07-31 15:15:00
4.853,4.882,4.847,4.856,42848.1,2026-07-31 15:30:00
4.856,4.856,4.805,4.818,285360.2,2026-07-31 15:45:00
4.818,4.829,4.803,4.822,64360.6,2026-07-31 16:00:00
4.823,4.845,4.815,4.837,56738.4,2026-07-31 16:15:00
4.838,4.853,4.838,4.846,33078.8,2026-07-31 16:30:00
4.846,4.851,4.815,4.826,128807.0,2026-07-31 16:45:00
4.827,4.842,4.827,4.841,28486.2,2026-07-31 17:00:00
4.841,4.872,4.839,4.867,90007.8,2026-07-31 17:15:00
4.867,4.87,4.839,4.847,58961.5,2026-07-31 17:30:00
4.848,4.855,4.84,4.843,19394.5,2026-07-31 17:45:00
4.842,4.854,4.842,4.845,25316.9,2026-07-31 18:00:00
4.845,4.845,4.823,4.826,55149.0,2026-07-31 18:15:00
4.826,4.828,4.816,4.822,23842.8,2026-07-31 18:30:00
4.822,4.836,4.822,4.831,24542.6,2026-07-31 18:45:00
4.831,4.837,4.82,4.824,16374.6,2026-07-31 19:00:00
4.823,4.827,4.814,4.819,16136.2,2026-07-31 19:15:00
4.818,4.82,4.788,4.799,80842.2,2026-07-31 19:30:00
4.8,4.808,4.775,4.781,60116.4,2026-07-31 19:45:00
4.781,4.81,4.754,4.793,142702.9,2026-07-31 20:00:00
4.793,4.812,4.785,4.801,62114.4,2026-07-31 20:15:00
4.801,4.812,4.797,4.808,37283.6,2026-07-31 20:30:00
4.809,4.825,4.807,4.824,37662.6,2026-07-31 20:45:00
4.823,4.825,4.809,4.813,41741.9,2026-07-31 21:00:00
4.814,4.828,4.81,4.82,18251.2,2026-07-31 21:15:00
4.821,4.824,4.813,4.817,14567.0,2026-07-31 21:30:00
4.817,4.82,4.805,4.817,19384.0,2026-07-31 21:45:00
4.817,4.858,4.813,4.852,67730.9,2026-07-31 22:00:00
4.853,4.888,4.85,4.878,72723.6,2026-07-31 22:15:00
4.878,4.883,4.837,4.838,68858.5,2026-07-31 22:30:00
4.837,4.855,4.834,4.84,34212.3,2026-07-31 22:45:00
4.839,4.852,4.835,4.841,28943.7,2026-07-31 23:00:00
4.841,4.864,4.835,4.863,22937.5,2026-07-31 23:15:00
4.863,4.868,4.857,4.86,20368.3,2026-07-31 23:30:00
4.859,4.868,4.848,4.866,19900.5,2026-07-31 23:45:00
4.865,4.884,4.863,4.874,64285.1,2026-08-01 00:00:00
4.875,4.887,4.851,4.859,40492.4,2026-08-01 00:15:00
4.86,4.868,4.851,4.852,24070.1,2026-08-01 00:30:00
4.852,4.866,4.836,4.846,78003.5,2026-08-01 00:45:00
4.846,4.872,4.843,4.87,60857.5,2026-08-01 01:00:00
4.87,4.889,4.87,4.886,33853.2,2026-08-01 01:15:00
4.887,4.895,4.877,4.878,92940.5,2026-08-01 01:30:00
4.879,4.888,4.876,4.886,25313.9,2026-08-01 01:45:00
4.886,4.894,4.875,4.881,40331.2,2026-08-01 02:00:00
4.882,4.897,4.881,4.885,32088.0,2026-08-01 02:15:00
4.886,4.89,4.877,4.884,14488.9,2026-08-01 02:30:00
4.885,4.915,4.882,4.893,51118.0,2026-08-01 02:45:00
4.892,4.895,4.834,4.835,85079.3,2026-08-01 03:00:00
4.834,4.843,4.813,4.82,70511.5,2026-08-01 03:15:00
4.82,4.836,4.816,4.834,28021.5,2026-08-01 03:30:00
4.834,4.856,4.827,4.856,32755.2,2026-08-01 03:45:00
4.855,4.858,4.835,4.846,29733.6,2026-08-01 04:00:00
4.846,4.854,4.84,4.852,16218.2,2026-08-01 04:15:00
4.852,4.854,4.844,4.854,31220.9,2026-08-01 04:30:00
4.854,4.866,4.848,4.856,59279.3,2026-08-01 04:45:00
4.855,4.861,4.85,4.858,21228.2,2026-08-01 05:00:00
4.858,4.858,4.845,4.852,15118.5,2026-08-01 05:15:00
4.851,4.851,4.83,4.831,26763.6,2026-08-01 05:30:00
4.831,4.847,4.822,4.845,52058.6,2026-08-01 05:45:00
4.844,4.846,4.832,4.834,10546.6,2026-08-01 06:00:00
4.834,4.856,4.815,4.848,85997.3,2026-08-01 06:15:00
4.848,4.849,4.83,4.83,11505.5,2026-08-01 06:30:00
4.829,4.844,4.821,4.838,38965.1,2026-08-01 06:45:00
4.838,4.85,4.836,4.844,14842.1,2026-08-01 07:00:00
4.844,4.856,4.842,4.852,21224.6,2026-08-01 07:15:00
4.852,4.855,4.837,4.843,28673.4,2026-08-01 07:30:00
4.843,4.849,4.84,4.847,6382.2,2026-08-01 07:45:00
4.847,4.852,4.837,4.845,17193.5,2026-08-01 08:00:00
4.846,4.868,4.845,4.862,31403.9,2026-08-01 08:15:00
4.863,4.889,4.863,4.889,28893.8,2026-08-01 08:30:00
4.889,4.892,4.876,4.883,19266.0,2026-08-01 08:45:00
4.883,4.894,4.871,4.88,42719.6,2026-08-01 09:00:00
4.881,4.91,4.875,4.906,43844.4,2026-08-01 09:15:00
4.907,4.915,4.894,4.9,33681.7,2026-08-01 09:30:00
4.9,4.905,4.883,4.896,35219.7,2026-08-01 09:45:00
4.896,4.927,4.879,4.916,75588.2,2026-08-01 10:00:00
4.916,4.936,4.884,4.888,109530.4,2026-08-01 10:15:00
4.888,4.895,4.874,4.887,48241.3,2026-08-01 10:30:00
4.888,4.895,4.879,4.894,15591.8,2026-08-01 10:45:00
4.893,4.899,4.886,4.895,23433.2,2026-08-01 11:00:00
4.895,4.902,4.886,4.888,16217.2,2026-08-01 11:15:00
4.888,4.91,4.885,4.903,18378.9,2026-08-01 11:30:00
4.904,4.904,4.892,4.901,12015.9,2026-08-01 11:45:00
4.901,4.939,4.896,4.925,83913.5,2026-08-01 12:00:00
4.926,4.941,4.926,4.931,21731.7,2026-08-01 12:15:00
4.931,4.946,4.927,4.934,34425.2,2026-08-01 12:30:00
4.935,4.952,4.935,4.939,29321.1,2026-08-01 12:45:00
4.938,4.954,4.921,4.931,47899.5,2026-08-01 13:00:00
4.93,4.93,4.909,4.919,31266.6,2026-08-01 13:15:00
4.92,4.926,4.908,4.916,33612.4,2026-08-01 13:30:00
4.915,4.925,4.911,4.918,16369.4,2026-08-01 13:45:00
4.918,4.921,4.881,4.887,91187.8,2026-08-01 14:00:00
4.886,4.897,4.886,4.894,21435.6,2026-08-01 14:15:00
4.894,4.906,4.888,4.906,24359.9,2026-08-01 14:30:00
4.905,4.917,4.901,4.906,28269.7,2026-08-01 14:45:00
4.905,4.921,4.896,4.905,37346.1,2026-08-01 15:00:00
4.905,4.905,4.89,4.9,33185.8,2026-08-01 15:15:00
4.899,4.907,4.893,4.907,14071.0,2026-08-01 15:30:00
4.907,4.925,4.901,4.902,39331.9,2026-08-01 15:45:00
4.902,4.919,4.892,4.894,80244.1,2026-08-01 16:00:00
4.894,4.927,4.894,4.924,36736.6,2026-08-01 16:15:00
4.923,4.942,4.921,4.927,30532.1,2026-08-01 16:30:00
4.928,4.947,4.928,4.938,36552.4,2026-08-01 16:45:00
4.938,4.95,4.921,4.924,42795.4,2026-08-01 17:00:00
4.923,4.942,4.913,4.923,51237.0,2026-08-01 17:15:00
4.923,4.926,4.892,4.911,77552.3,2026-08-01 17:30:00
4.91,4.916,4.891,4.899,42506.9,2026-08-01 17:45:00
4.898,4.914,4.887,4.894,54279.2,2026-08-01 18:00:00
4.893,4.895,4.864,4.887,113540.2,2026-08-01 18:15:00
4.886,4.893,4.845,4.87,144367.2,2026-08-01 18:30:00
4.871,4.871,4.834,4.853,98309.6,2026-08-01 18:45:00
4.852,4.903,4.843,4.856,337907.8,2026-08-01 19:00:00
4.856,4.88,4.845,4.878,34189.2,2026-08-01 19:15:00
4.878,4.883,4.864,4.87,33347.3,2026-08-01 19:30:00
4.87,4.899,4.87,4.895,21182.5,2026-08-01 19:45:00
4.894,4.91,4.885,4.907,52278.2,2026-08-01 20:00:00
4.906,4.911,4.894,4.898,32588.4,2026-08-01 20:15:00
4.897,4.904,4.886,4.889,24939.8,2026-08-01 20:30:00
4.889,4.903,4.886,4.895,13513.6,2026-08-01 20:45:00
4.895,4.94,4.893,4.933,119964.1,2026-08-01 21:00:00
4.933,4.945,4.925,4.93,55704.8,2026-08-01 21:15:00
4.93,4.933,4.903,4.925,51376.4,2026-08-01 21:30:00
4.925,4.933,4.913,4.925,31133.1,2026-08-01 21:45:00
4.925,4.933,4.914,4.923,26766.8,2026-08-01 22:00:00
4.923,4.931,4.912,4.931,17261.2,2026-08-01 22:15:00
4.931,4.934,4.92,4.922,15637.0,2026-08-01 22:30:00
4.921,4.925,4.9,4.904,21446.1,2026-08-01 22:45:00
4.904,4.909,4.9,4.904,14865.5,2026-08-01 23:00:00
4.903,4.904,4.875,4.885,30365.5,2026-08-01 23:15:00
4.885,4.886,4.864,4.867,33713.8,2026-08-01 23:30:00
4.867,4.873,4.866,4.867,9253.2,2026-08-01 23:45:00
4.868,4.88,4.853,4.874,70104.2,2026-08-02 00:00:00
4.875,4.88,4.854,4.855,20241.4,2026-08-02 00:15:00
4.856,4.881,4.856,4.881,26236.1,2026-08-02 00:30:00
4.881,4.894,4.877,4.89,61372.0,2026-08-02 00:45:00
4.89,4.914,4.889,4.91,37825.4,2026-08-02 01:00:00
4.91,4.913,4.897,4.905,25273.0,2026-08-02 01:15:00
4.904,4.918,4.896,4.917,56305.0,2026-08-02 01:30:00
4.917,4.917,4.902,4.902,12726.0,2026-08-02 01:45:00
4.903,4.946,4.901,4.931,74770.0,2026-08-02 02:00:00
4.931,4.941,4.922,4.925,44998.3,2026-08-02 02:15:00
4.925,4.929,4.91,4.92,42180.0,2026-08-02 02:30:00
4.92,4.921,4.91,4.916,25611.7,2026-08-02 02:45:00
4.916,4.928,4.905,4.908,28885.2,2026-08-02 03:00:00
4.907,4.917,4.903,4.907,18408.3,2026-08-02 03:15:00
4.907,4.914,4.905,4.91,24416.4,2026-08-02 03:30:00
4.91,4.911,4.897,4.902,29550.1,2026-08-02 03:45:00
4.902,4.914,4.901,4.91,26042.5,2026-08-02 04:00:00
4.91,4.914,4.9,4.91,29781.6,2026-08-02 04:15:00
4.91,4.936,4.907,4.936,42036.0,2026-08-02 04:30:00
4.936,4.936,4.917,4.92,31345.3,2026-08-02 04:45:00
4.92,4.922,4.889,4.904,92699.4,2026-08-02 05:00:00
4.903,4.936,4.896,4.936,58406.3,2026-08-02 05:15:00
4.936,4.947,4.927,4.94,46709.1,2026-08-02 05:30:00
4.939,4.944,4.934,4.938,37489.9,2026-08-02 05:45:00
4.938,4.975,4.928,4.929,303390.9,2026-08-02 06:00:00
4.928,4.929,4.91,4.914,49016.6,2026-08-02 06:15:00
4.913,4.923,4.906,4.914,51286.8,2026-08-02 06:30:00
4.913,4.917,4.906,4.911,18343.1,2026-08-02 06:45:00
4.912,4.93,4.907,4.927,40185.2,2026-08-02 07:00:00
4.926,4.928,4.919,4.923,16313.0,2026-08-02 07:15:00
4.923,4.926,4.912,4.925,8722.3,2026-08-02 07:30:00
4.925,4.927,4.919,4.925,12462.2,2026-08-02 07:45:00
4.925,4.926,4.908,4.92,48079.1,2026-08-02 08:00:00
4.921,4.922,4.911,4.916,9627.6,2026-08-02 08:15:00
4.915,4.917,4.898,4.912,38863.1,2026-08-02 08:30:00
4.911,4.915,4.904,4.913,18176.3,2026-08-02 08:45:00
4.913,4.945,4.911,4.937,68151.4,2026-08-02 09:00:00
4.936,4.947,4.927,4.932,39906.5,2026-08-02 09:15:00
4.932,4.958,4.932,4.955,28002.3,2026-08-02 09:30:00
4.954,4.962,4.948,4.96,20491.1,2026-08-02 09:45:00
4.96,4.966,4.94,4.945,32455.4,2026-08-02 10:00:00
4.945,4.96,4.938,4.946,51188.2,2026-08-02 10:15:00
4.946,4.948,4.933,4.938,14094.2,2026-08-02 10:30:00
4.938,4.945,4.936,4.938,11543.3,2026-08-02 10:45:00
4.938,4.938,4.908,4.916,47446.9,2026-08-02 11:00:00
4.915,4.938,4.914,4.928,23872.6,2026-08-02 11:15:00
4.928,4.934,4.918,4.924,15721.7,2026-08-02 11:30:00
4.924,4.936,4.921,4.929,15536.7,2026-08-02 11:45:00
4.929,4.935,4.918,4.931,24565.9,2026-08-02 12:00:00
4.931,4.934,4.916,4.919,19549.2,2026-08-02 12:15:00
4.918,4.923,4.903,4.921,28218.2,2026-08-02 12:30:00
4.92,4.928,4.917,4.928,18264.8,2026-08-02 12:45:00
4.928,4.942,4.924,4.935,39930.0,2026-08-02 13:00:00
4.934,4.935,4.922,4.924,14733.4,2026-08-02 13:15:00
4.923,4.961,4.918,4.946,122269.8,2026-08-02 13:30:00
4.947,4.99,4.945,4.952,114952.3,2026-08-02 13:45:00
4.951,4.96,4.94,4.96,41688.6,2026-08-02 14:00:00
4.96,4.98,4.956,4.959,59859.2,2026-08-02 14:15:00
4.96,5.0,4.96,4.977,108663.4,2026-08-02 14:30:00
4.978,4.982,4.957,4.966,49301.2,2026-08-02 14:45:00
4.966,4.986,4.964,4.981,46479.3,2026-08-02 15:00:00
4.981,5.006,4.972,4.992,114611.8,2026-08-02 15:15:00
4.993,5.01,4.983,4.987,50727.5,2026-08-02 15:30:00
4.988,4.988,4.972,4.984,44071.0,2026-08-02 15:45:00
4.984,5.016,4.977,4.99,94562.8,2026-08-02 16:00:00
4.989,4.998,4.976,4.988,31681.1,2026-08-02 16:15:00
4.987,5.002,4.987,4.991,84610.9,2026-08-02 16:30:00
4.992,4.994,4.984,4.987,10065.7,2026-08-02 16:45:00
4.987,4.995,4.98,4.994,20867.4,2026-08-02 17:00:00
4.994,5.016,4.993,4.996,28660.7,2026-08-02 17:15:00
4.996,5.005,4.992,4.996,12616.4,2026-08-02 17:30:00
4.995,4.997,4.983,4.984,14575.6,2026-08-02 17:45:00
4.983,5.006,4.981,5.001,32508.1,2026-08-02 18:00:00
5.001,5.012,5.0,5.004,18612.4,2026-08-02 18:15:00
5.004,5.077,5.001,5.073,257892.4,2026-08-02 18:30:00
5.073,5.074,5.054,5.063,41007.5,2026-08-02 18:45:00
5.064,5.087,5.062,5.065,79865.2,2026-08-02 19:00:00
5.065,5.071,5.05,5.055,34710.8,2026-08-02 19:15:00
5.055,5.09,5.042,5.089,103185.6,2026-08-02 19:30:00
5.09,5.162,5.081,5.152,232758.7,2026-08-02 19:45:00
5.153,5.156,5.124,5.15,88611.6,2026-08-02 20:00:00
5.15,5.15,5.116,5.13,61612.9,2026-08-02 20:15:00
5.129,5.155,5.127,5.137,53006.5,2026-08-02 20:30:00
5.137,5.144,5.111,5.123,63046.0,2026-08-02 20:45:00
5.124,5.15,5.117,5.124,58152.1,2026-08-02 21:00:00
5.124,5.131,5.097,5.103,44023.7,2026-08-02 21:15:00
5.104,5.115,5.098,5.104,21704.2,2026-08-02 21:30:00
5.105,5.114,5.097,5.108,18983.1,2026-08-02 21:45:00
5.109,5.114,5.094,5.094,41743.2,2026-08-02 22:00:00
5.095,5.097,5.081,5.083,22849.5,2026-08-02 22:15:00
5.084,5.086,5.059,5.066,53279.1,2026-08-02 22:30:00
5.066,5.073,5.061,5.069,17390.3,2026-08-02 22:45:00
5.07,5.076,5.06,5.06,31349.8,2026-08-02 23:00:00
5.061,5.072,5.058,5.066,18683.7,2026-08-02 23:15:00
5.066,5.084,5.064,5.069,27520.0,2026-08-02 23:30:00
5.07,5.079,5.065,5.069,16752.4,2026-08-02 23:45:00
5.07,5.08,5.055,5.066,62101.3,2026-08-03 00:00:00
5.066,5.07,5.042,5.056,61174.7,2026-08-03 00:15:00
5.056,5.075,5.048,5.061,19357.7,2026-08-03 00:30:00
5.061,5.071,5.055,5.066,20619.2,2026-08-03 00:45:00
5.066,5.067,5.034,5.037,71398.7,2026-08-03 01:00:00
5.037,5.04,5.019,5.024,72902.5,2026-08-03 01:15:00
5.023,5.033,5.02,5.032,28926.7,2026-08-03 01:30:00
5.032,5.033,5.019,5.024,19653.8,2026-08-03 01:45:00
5.024,5.025,5.009,5.025,49244.1,2026-08-03 02:00:00
5.025,5.03,5.014,5.019,14535.1,2026-08-03 02:15:00
5.018,5.024,5.007,5.013,20737.6,2026-08-03 02:30:00
5.013,5.016,5.002,5.015,21348.4,2026-08-03 02:45:00
5.015,5.023,5.01,5.017,28684.3,2026-08-03 03:00:00
5.018,5.021,5.008,5.018,18091.7,2026-08-03 03:15:00
5.019,5.026,5.012,5.014,33075.8,2026-08-03 03:30:00
5.015,5.035,4.987,5.027,97188.4,2026-08-03 03:45:00
5.027,5.042,5.02,5.033,48007.9,2026-08-03 04:00:00
5.033,5.042,5.022,5.033,33347.2,2026-08-03 04:15:00
5.033,5.037,5.027,5.031,19741.1,2026-08-03 04:30:00
5.032,5.042,5.03,5.032,21922.7,2026-08-03 04:45:00
5.033,5.04,5.031,5.033,20555.2,2026-08-03 05:00:00
5.033,5.039,5.024,5.026,24887.6,2026-08-03 05:15:00
5.026,5.028,5.016,5.025,18541.7,2026-08-03 05:30:00
5.026,5.038,5.025,5.037,13232.4,2026-08-03 05:45:00
5.037,5.041,5.015,5.016,48542.6,2026-08-03 06:00:00
5.016,5.017,4.963,4.966,165248.1,2026-08-03 06:15:00
4.967,4.988,4.963,4.973,105305.2,2026-08-03 06:30:00
4.973,4.978,4.952,4.961,72200.8,2026-08-03 06:45:00
4.962,4.973,4.954,4.957,49323.6,2026-08-03 07:00:00
4.957,4.968,4.943,4.965,100449.7,2026-08-03 07:15:00
4.966,4.968,4.916,4.925,101718.0,2026-08-03 07:30:00
4.925,4.931,4.914,4.917,45216.3,2026-08-03 07:45:00
4.917,4.924,4.912,4.915,38533.9,2026-08-03 08:00:00
4.916,4.923,4.901,4.908,64128.3,2026-08-03 08:15:00
4.909,4.923,4.904,4.911,49966.8,2026-08-03 08:30:00
4.911,4.923,4.905,4.919,32937.4,2026-08-03 08:45:00
4.92,4.921,4.907,4.911,45826.9,2026-08-03 09:00:00
4.911,4.92,4.908,4.917,25789.2,2026-08-03 09:15:00
4.917,4.933,4.911,4.926,36120.4,2026-08-03 09:30:00
4.927,4.952,4.926,4.946,84815.2,2026-08-03 09:45:00
4.947,4.98,4.941,4.947,239117.5,2026-08-03 10:00:00
4.947,4.963,4.94,4.947,116418.5,2026-08-03 10:15:00
4.947,4.947,4.932,4.936,40281.9,2026-08-03 10:30:00
4.936,4.963,4.932,4.954,78907.5,2026-08-03 10:45:00
4.955,4.955,4.944,4.949,35421.3,2026-08-03 11:00:00
4.949,4.966,4.942,4.943,62798.6,2026-08-03 11:15:00
4.943,4.948,4.94,4.944,13573.0,2026-08-03 11:30:00
4.944,4.946,4.935,4.936,21361.6,2026-08-03 11:45:00
4.937,4.939,4.928,4.935,30320.2,2026-08-03 12:00:00
4.936,4.947,4.931,4.934,109225.0,2026-08-03 12:15:00
4.934,4.938,4.92,4.938,30309.6,2026-08-03 12:30:00
4.939,4.946,4.935,4.946,16127.8,2026-08-03 12:45:00
4.946,4.949,4.94,4.948,28096.8,2026-08-03 13:00:00
4.948,4.976,4.948,4.952,108085.4,2026-08-03 13:15:00
4.952,4.98,4.944,4.977,64732.3,2026-08-03 13:30:00
4.977,4.997,4.961,4.991,126568.7,2026-08-03 13:45:00
4.991,4.993,4.966,4.968,51950.1,2026-08-03 14:00:00
4.967,4.99,4.966,4.983,73184.4,2026-08-03 14:15:00
4.983,4.983,4.968,4.973,30734.1,2026-08-03 14:30:00
4.973,4.98,4.967,4.979,38521.2,2026-08-03 14:45:00
4.98,4.983,4.964,4.982,38253.5,2026-08-03 15:00:00
4.982,4.987,4.975,4.979,37405.9,2026-08-03 15:15:00
4.979,4.986,4.969,4.98,22022.6,2026-08-03 15:30:00
4.979,4.986,4.971,4.977,37957.1,2026-08-03 15:45:00
4.977,4.988,4.972,4.977,42517.4,2026-08-03 16:00:00
4.976,4.993,4.972,4.979,65175.3,2026-08-03 16:15:00
4.978,4.994,4.969,4.978,45498.3,2026-08-03 16:30:00
4.977,4.985,4.969,4.975,38765.3,2026-08-03 16:45:00
4.975,4.994,4.969,4.98,88684.2,2026-08-03 17:00:00
4.98,4.991,4.971,4.973,17534.6,2026-08-03 17:15:00
4.973,4.989,4.972,4.986,17551.9,2026-08-03 17:30:00
4.985,5.009,4.985,5.001,107998.6,2026-08-03 17:45:00
5.0,5.006,4.992,5.0,24578.8,2026-08-03 18:00:00
4.999,5.0,4.985,4.988,47372.5,2026-08-03 18:15:00
4.988,4.997,4.986,4.997,26596.2,2026-08-03 18:30:00
4.997,5.005,4.984,5.0,34858.0,2026-08-03 18:45:00
4.999,5.02,4.999,5.016,45221.7,2026-08-03 19:00:00
5.016,5.028,5.015,5.025,19481.2,2026-08-03 19:15:00
5.025,5.027,5.016,5.023,21234.5,2026-08-03 19:30:00
5.023,5.026,5.015,5.023,15651.4,2026-08-03 19:45:00
5.022,5.022,5.001,5.015,36005.5,2026-08-03 20:00:00
5.014,5.024,5.012,5.021,14254.3,2026-08-03 20:15:00
5.02,5.043,5.019,5.029,159570.3,2026-08-03 20:30:00
5.029,5.033,5.024,5.027,17506.3,2026-08-03 20:45:00
5.027,5.029,5.006,5.01,41523.9,2026-08-03 21:00:00
5.009,5.009,4.964,4.972,75388.9,2026-08-03 21:15:00
4.972,4.977,4.964,4.967,37775.4,2026-08-03 21:30:00
4.967,4.968,4.955,4.963,25681.9,2026-08-03 21:45:00
4.962,4.963,4.93,4.948,100844.9,2026-08-03 22:00:00
4.947,4.962,4.947,4.953,45720.0,2026-08-03 22:15:00
4.953,4.956,4.947,4.948,20018.0,2026-08-03 22:30:00
4.948,4.962,4.947,4.96,18225.2,2026-08-03 22:45:00
4.959,4.962,4.947,4.949,41255.1,2026-08-03 23:00:00
4.949,4.955,4.944,4.953,13216.2,2026-08-03 23:15:00
4.953,4.953,4.943,4.949,13209.1,2026-08-03 23:30:00
4.948,4.954,4.946,4.953,6852.2,2026-08-03 23:45:00
4.953,4.958,4.943,4.947,44026.8,2026-08-04 00:00:00
4.946,4.947,4.933,4.94,16670.5,2026-08-04 00:15:00
4.94,4.94,4.922,4.932,42580.2,2026-08-04 00:30:00
4.932,4.938,4.92,4.93,21622.2,2026-08-04 00:45:00
4.929,4.934,4.924,4.932,21716.3,2026-08-04 01:00:00
4.932,4.947,4.93,4.939,15465.4,2026-08-04 01:15:00
4.938,4.972,4.938,4.963,76760.3,2026-08-04 01:30:00
4.963,4.996,4.963,4.988,53603.6,2026-08-04 01:45:00
4.989,5.0,4.988,4.997,26946.2,2026-08-04 02:00:00
4.998,5.006,4.988,4.992,67873.9,2026-08-04 02:15:00
4.991,5.024,4.991,5.02,45094.0,2026-08-04 02:30:00
5.02,5.027,5.005,5.015,26698.5,2026-08-04 02:45:00
5.015,5.024,5.004,5.01,28377.5,2026-08-04 03:00:00
5.009,5.021,4.998,5.021,27560.8,2026-08-04 03:15:00
5.02,5.036,5.017,5.028,39584.9,2026-08-04 03:30:00
5.028,5.028,5.019,5.022,17397.1,2026-08-04 03:45:00
5.022,5.023,5.005,5.006,27287.2,2026-08-04 04:00:00
5.007,5.015,5.007,5.008,11044.7,2026-08-04 04:15:00
5.007,5.013,4.997,5.007,39691.2,2026-08-04 04:30:00
5.006,5.022,5.005,5.007,17451.4,2026-08-04 04:45:00
5.007,5.017,5.003,5.01,19431.1,2026-08-04 05:00:00
5.009,5.026,5.005,5.013,24411.7,2026-08-04 05:15:00
5.012,5.031,5.012,5.029,43601.4,2026-08-04 05:30:00
5.028,5.032,5.026,5.03,15292.4,2026-08-04 05:45:00
5.03,5.032,5.013,5.015,22037.1,2026-08-04 06:00:00
5.015,5.027,5.01,5.012,17308.3,2026-08-04 06:15:00
5.012,5.012,4.986,4.989,33321.0,2026-08-04 06:30:00
4.989,5.0,4.98,5.0,46489.7,2026-08-04 06:45:00
4.999,5.0,4.983,4.985,19319.2,2026-08-04 07:00:00
4.985,4.987,4.973,4.981,20734.0,2026-08-04 07:15:00
4.981,5.007,4.981,5.0,27522.1,2026-08-04 07:30:00
5.001,5.011,4.998,4.998,13181.3,2026-08-04 07:45:00
4.999,5.015,4.988,4.989,35437.0,2026-08-04 08:00:00
4.989,4.992,4.981,4.983,18434.7,2026-08-04 08:15:00
4.983,4.986,4.972,4.977,29812.5,2026-08-04 08:30:00
4.977,4.979,4.963,4.97,17155.1,2026-08-04 08:45:00
4.97,4.981,4.968,4.976,21094.2,2026-08-04 09:00:00
4.976,4.978,4.967,4.969,18825.3,2026-08-04 09:15:00
4.969,4.977,4.965,4.97,17504.7,2026-08-04 09:30:00
4.97,4.971,4.965,4.967,9001.0,2026-08-04 09:45:00
4.967,4.968,4.951,4.951,24278.1,2026-08-04 10:00:00
4.951,4.958,4.943,4.945,23828.4,2026-08-04 10:15:00
4.945,4.963,4.943,4.963,19750.9,2026-08-04 10:30:00
4.962,4.979,4.962,4.963,36246.3,2026-08-04 10:45:00
4.962,4.966,4.956,4.96,31377.1,2026-08-04 11:00:00
4.959,4.959,4.947,4.951,15349.3,2026-08-04 11:15:00
4.95,4.954,4.939,4.953,16050.1,2026-08-04 11:30:00
4.952,4.956,4.94,4.946,21334.3,2026-08-04 11:45:00
4.945,4.95,4.936,4.946,24816.3,2026-08-04 12:00:00
4.946,4.951,4.942,4.947,14246.1,2026-08-04 12:15:00
4.947,4.954,4.938,4.949,34993.1,2026-08-04 12:30:00
4.949,4.952,4.921,4.923,64906.6,2026-08-04 12:45:00
4.922,4.933,4.909,4.931,76256.8,2026-08-04 13:00:00
4.93,4.939,4.922,4.926,35907.0,2026-08-04 13:15:00
4.926,4.947,4.923,4.941,52740.1,2026-08-04 13:30:00
4.94,4.94,4.918,4.924,39915.4,2026-08-04 13:45:00
4.923,4.929,4.9,4.92,72224.7,2026-08-04 14:00:00
4.921,4.934,4.907,4.933,58180.2,2026-08-04 14:15:00
4.933,4.941,4.926,4.941,30180.1,2026-08-04 14:30:00
4.941,4.944,4.933,4.936,14128.2,2026-08-04 14:45:00
4.935,4.943,4.93,4.936,14275.3,2026-08-04 15:00:00
4.936,4.937,4.914,4.918,26669.1,2026-08-04 15:15:00
4.918,4.926,4.908,4.926,27563.7,2026-08-04 15:30:00
4.926,4.938,4.92,4.925,46212.2,2026-08-04 15:45:00
4.924,4.934,4.911,4.917,59809.4,2026-08-04 16:00:00
4.917,4.918,4.885,4.89,64361.8,2026-08-04 16:15:00
4.889,4.9,4.882,4.895,35122.3,2026-08-04 16:30:00
4.895,4.899,4.882,4.894,29298.8,2026-08-04 16:45:00
4.894,4.919,4.894,4.908,35310.7,2026-08-04 17:00:00
4.907,4.919,4.902,4.918,21766.6,2026-08-04 17:15:00
4.918,4.922,4.908,4.913,15427.1,2026-08-04 17:30:00
4.913,4.916,4.901,4.902,10371.6,2026-08-04 17:45:00
4.901,4.927,4.9,4.926,29827.2,2026-08-04 18:00:00
4.927,4.94,4.925,4.936,29816.1,2026-08-04 18:15:00
4.936,4.943,4.924,4.931,32900.0,2026-08-04 18:30:00
4.931,4.934,4.922,4.923,6653.9,2026-08-04 18:45:00
4.923,4.938,4.92,4.936,28432.4,2026-08-04 19:00:00
4.936,4.945,4.928,4.932,14926.0,2026-08-04 19:15:00
4.932,4.94,4.929,4.938,16288.8,2026-08-04 19:30:00
4.938,4.94,4.924,4.928,23471.6,2026-08-04 19:45:00
4.927,4.941,4.92,4.932,26000.4,2026-08-04 20:00:00
4.931,4.933,4.914,4.924,16303.0,2026-08-04 20:15:00
4.924,4.941,4.917,4.937,14609.7,2026-08-04 20:30:00
4.936,4.939,4.929,4.935,15899.2,2026-08-04 20:45:00
4.934,4.937,4.918,4.926,29147.3,2026-08-04 21:00:00
4.925,4.933,4.909,4.927,44557.6,2026-08-04 21:15:00
4.926,4.926,4.905,4.908,31895.4,2026-08-04 21:30:00
4.908,4.911,4.899,4.911,13389.2,2026-08-04 21:45:00
4.91,4.919,4.9,4.914,14595.2,2026-08-04 22:00:00
4.914,4.929,4.91,4.929,11081.5,2026-08-04 22:15:00
4.928,4.948,4.926,4.945,70458.8,2026-08-04 22:30:00
4.946,4.951,4.924,4.929,47760.5,2026-08-04 22:45:00
4.928,4.929,4.916,4.92,21931.9,2026-08-04 23:00:00
4.92,4.926,4.892,4.893,46045.8,2026-08-04 23:15:00
4.892,4.895,4.884,4.89,22555.8,2026-08-04 23:30:00
4.889,4.892,4.875,4.883,31587.3,2026-08-04 23:45:00
4.884,4.888,4.838,4.846,185138.5,2026-08-05 00:00:00
4.845,4.867,4.845,4.86,60900.1,2026-08-05 00:15:00
4.86,4.87,4.847,4.859,32438.8,2026-08-05 00:30:00
4.86,4.861,4.834,4.848,70907.9,2026-08-05 00:45:00
4.847,4.851,4.824,4.841,105040.4,2026-08-05 01:00:00
4.842,4.86,4.834,4.853,33476.3,2026-08-05 01:15:00
4.852,4.854,4.84,4.841,16044.9,2026-08-05 01:30:00
4.841,4.843,4.831,4.835,23203.4,2026-08-05 01:45:00
4.834,4.841,4.826,4.832,42045.8,2026-08-05 02:00:00
4.831,4.853,4.827,4.85,53063.7,2026-08-05 02:15:00
4.849,4.852,4.832,4.85,33303.5,2026-08-05 02:30:00
4.85,4.872,4.849,4.859,37498.5,2026-08-05 02:45:00
4.858,4.866,4.849,4.852,34710.5,2026-08-05 03:00:00
4.852,4.861,4.809,4.813,117095.1,2026-08-05 03:15:00
4.812,4.824,4.81,4.821,22935.5,2026-08-05 03:30:00
4.821,4.827,4.818,4.819,12249.7,2026-08-05 03:45:00
4.819,4.836,4.814,4.834,46699.0,2026-08-05 04:00:00
4.835,4.845,4.83,4.836,28126.1,2026-08-05 04:15:00
4.836,4.852,4.833,4.842,26446.9,2026-08-05 04:30:00
4.841,4.861,4.841,4.848,33188.1,2026-08-05 04:45:00
4.848,4.871,4.847,4.868,38331.1,2026-08-05 05:00:00
4.868,4.873,4.859,4.861,21281.5,2026-08-05 05:15:00
4.861,4.884,4.86,4.879,30764.8,2026-08-05 05:30:00
4.879,4.887,4.87,4.877,28833.2,2026-08-05 05:45:00
4.876,4.881,4.863,4.875,39839.2,2026-08-05 06:00:00
4.875,4.885,4.874,4.882,17103.9,2026-08-05 06:15:00
4.881,4.883,4.873,4.878,22454.0,2026-08-05 06:30:00
4.878,4.881,4.87,4.877,14808.1,2026-08-05 06:45:00
4.876,4.908,4.872,4.887,69216.1,2026-08-05 07:00:00
4.886,4.887,4.864,4.874,28617.4,2026-08-05 07:15:00
4.875,4.88,4.871,4.875,14715.7,2026-08-05 07:30:00
4.876,4.905,4.876,4.894,47654.6,2026-08-05 07:45:00
4.894,4.895,4.877,4.881,33387.9,2026-08-05 08:00:00
4.88,4.891,4.875,4.891,17970.5,2026-08-05 08:15:00
4.889,4.889,4.861,4.861,32866.6,2026-08-05 08:30:00
4.861,4.864,4.849,4.853,49987.9,2026-08-05 08:45:00
4.852,4.862,4.851,4.862,21119.6,2026-08-05 09:00:00
4.862,4.871,4.861,4.865,16074.9,2026-08-05 09:15:00
4.865,4.869,4.864,4.866,15676.3,2026-08-05 09:30:00
4.867,4.871,4.862,4.863,19943.4,2026-08-05 09:45:00
4.862,4.89,4.858,4.872,94103.6,2026-08-05 10:00:00
4.871,4.899,4.87,4.892,40900.6,2026-08-05 10:15:00
4.892,4.902,4.884,4.888,23220.5,2026-08-05 10:30:00
4.889,4.901,4.877,4.898,29793.2,2026-08-05 10:45:00
4.897,4.898,4.89,4.893,15303.3,2026-08-05 11:00:00
4.894,4.898,4.882,4.889,34363.1,2026-08-05 11:15:00
4.888,4.891,4.879,4.888,19655.5,2026-08-05 11:30:00
4.888,4.895,4.886,4.89,13006.7,2026-08-05 11:45:00
4.89,4.904,4.885,4.895,31235.0,2026-08-05 12:00:00
4.895,4.91,4.893,4.898,57507.9,2026-08-05 12:15:00
4.899,4.899,4.889,4.89,27920.8,2026-08-05 12:30:00
4.89,4.89,4.88,4.885,21673.7,2026-08-05 12:45:00
4.885,4.89,4.869,4.879,28169.5,2026-08-05 13:00:00
4.879,4.885,4.866,4.867,34191.4,2026-08-05 13:15:00
4.868,4.889,4.846,4.881,110173.0,2026-08-05 13:30:00
4.881,4.91,4.877,4.903,59062.3,2026-08-05 13:45:00
4.903,4.982,4.899,4.968,414466.3,2026-08-05 14:00:00
4.969,4.973,4.946,4.948,103488.3,2026-08-05 14:15:00
4.948,4.949,4.895,4.902,157544.0,2026-08-05 14:30:00
4.902,4.919,4.902,4.913,36633.4,2026-08-05 14:45:00
4.914,4.926,4.909,4.922,41177.2,2026-08-05 15:00:00
4.922,4.926,4.911,4.917,47215.3,2026-08-05 15:15:00
4.916,4.925,4.906,4.919,40097.2,2026-08-05 15:30:00
4.919,4.923,4.912,4.914,24416.6,2026-08-05 15:45:00
4.914,4.932,4.912,4.931,40885.4,2026-08-05 16:00:00
4.932,4.952,4.924,4.949,42047.7,2026-08-05 16:15:00
4.95,4.964,4.941,4.956,37336.3,2026-08-05 16:30:00
4.957,4.964,4.945,4.958,34455.6,2026-08-05 16:45:00
4.957,4.968,4.957,4.964,36446.5,2026-08-05 17:00:00
4.964,4.971,4.938,4.945,71796.5,2026-08-05 17:15:00
4.945,4.958,4.938,4.943,24900.3,2026-08-05 17:30:00
4.943,4.956,4.941,4.947,26559.6,2026-08-05 17:45:00
4.946,4.948,4.93,4.936,30464.2,2026-08-05 18:00:00
4.936,4.942,4.923,4.927,23353.8,2026-08-05 18:15:00
4.926,4.93,4.922,4.93,12927.8,2026-08-05 18:30:00
4.93,4.931,4.923,4.927,13660.1,2026-08-05 18:45:00
4.927,4.936,4.921,4.925,25090.1,2026-08-05 19:00:00
4.924,4.931,4.922,4.928,15068.5,2026-08-05 19:15:00
4.927,4.927,4.915,4.92,13846.0,2026-08-05 19:30:00
4.921,4.921,4.901,4.909,34005.0,2026-08-05 19:45:00
4.908,4.923,4.899,4.923,39380.3,2026-08-05 20:00:00
4.923,4.926,4.917,4.923,22965.3,2026-08-05 20:15:00
4.922,4.927,4.917,4.925,17455.4,2026-08-05 20:30:00
4.925,4.929,4.913,4.915,20457.7,2026-08-05 20:45:00
4.914,4.918,4.904,4.907,25611.2,2026-08-05 21:00:00
4.906,4.907,4.895,4.897,18364.6,2026-08-05 21:15:00
4.897,4.902,4.895,4.896,12424.6,2026-08-05 21:30:00
4.896,4.907,4.894,4.895,8649.9,2026-08-05 21:45:00
4.895,4.899,4.875,4.877,58622.0,2026-08-05 22:00:00
4.877,4.89,4.855,4.869,98412.4,2026-08-05 22:15:00
4.868,4.869,4.86,4.864,33083.9,2026-08-05 22:30:00
4.863,4.868,4.852,4.856,32530.2,2026-08-05 22:45:00
4.856,4.863,4.837,4.857,71822.9,2026-08-05 23:00:00
4.856,4.859,4.851,4.853,18116.8,2026-08-05 23:15:00
4.852,4.862,4.851,4.859,23199.8,2026-08-05 23:30:00
4.858,4.862,4.851,4.856,22670.5,2026-08-05 23:45:00
4.856,4.868,4.853,4.864,36574.6,2026-08-06 00:00:00
4.864,4.88,4.864,4.873,28610.3,2026-08-06 00:15:00
4.874,4.884,4.865,4.88,45463.3,2026-08-06 00:30:00
4.881,4.885,4.853,4.854,48710.6,2026-08-06 00:45:00
4.853,4.856,4.808,4.82,122823.5,2026-08-06 01:00:00
4.819,4.823,4.807,4.811,36703.9,2026-08-06 01:15:00
4.811,4.811,4.766,4.78,186311.4,2026-08-06 01:30:00
4.781,4.785,4.761,4.763,51513.5,2026-08-06 01:45:00
4.763,4.79,4.762,4.773,65109.3,2026-08-06 02:00:00
4.772,4.777,4.76,4.77,41988.9,2026-08-06 02:15:00
4.769,4.785,4.765,4.776,27322.9,2026-08-06 02:30:00
4.777,4.782,4.766,4.771,23177.7,2026-08-06 02:45:00
4.772,4.772,4.729,4.738,152802.1,2026-08-06 03:00:00
4.738,4.741,4.724,4.737,39282.4,2026-08-06 03:15:00
4.737,4.737,4.724,4.724,27058.0,2026-08-06 03:30:00
4.725,4.727,4.693,4.714,114793.0,2026-08-06 03:45:00
4.715,4.717,4.699,4.714,76392.9,2026-08-06 04:00:00
4.714,4.735,4.714,4.734,55342.2,2026-08-06 04:15:00
4.735,4.738,4.712,4.722,99819.8,2026-08-06 04:30:00
4.722,4.722,4.71,4.717,26808.4,2026-08-06 04:45:00
4.717,4.739,4.715,4.721,48347.8,2026-08-06 05:00:00
4.721,4.731,4.715,4.715,38501.4,2026-08-06 05:15:00
4.715,4.715,4.7,4.707,39303.5,2026-08-06 05:30:00
4.707,4.71,4.679,4.686,73141.7,2026-08-06 05:45:00
4.686,4.721,4.676,4.691,102913.4,2026-08-06 06:00:00
4.691,4.722,4.691,4.713,42376.7,2026-08-06 06:15:00
4.714,4.719,4.707,4.717,28402.9,2026-08-06 06:30:00
4.717,4.729,4.717,4.719,38180.8,2026-08-06 06:45:00
4.719,4.725,4.714,4.723,33533.9,2026-08-06 07:00:00
4.723,4.751,4.722,4.745,62015.1,2026-08-06 07:15:00
4.745,4.75,4.732,4.739,26770.4,2026-08-06 07:30:00
4.739,4.743,4.735,4.736,17085.6,2026-08-06 07:45:00
4.736,4.736,4.727,4.733,37522.0,2026-08-06 08:00:00
4.734,4.741,4.727,4.727,25091.2,2026-08-06 08:15:00
4.728,4.735,4.713,4.726,43321.6,2026-08-06 08:30:00
4.726,4.734,4.72,4.723,31905.7,2026-08-06 08:45:00
4.723,4.724,4.658,4.661,252551.6,2026-08-06 09:00:00
4.661,4.67,4.595,4.612,487010.2,2026-08-06 09:15:00
4.612,4.694,4.595,4.661,213946.0,2026-08-06 09:30:00
4.661,4.673,4.651,4.658,61367.7,2026-08-06 09:45:00
4.658,4.672,4.649,4.665,67965.1,2026-08-06 10:00:00
4.665,4.684,4.662,4.676,68790.3,2026-08-06 10:15:00
4.676,4.681,4.649,4.651,66951.0,2026-08-06 10:30:00
4.651,4.652,4.641,4.648,33950.6,2026-08-06 10:45:00
4.649,4.659,4.644,4.657,25386.2,2026-08-06 11:00:00
4.657,4.666,4.654,4.657,15769.9,2026-08-06 11:15:00
4.657,4.672,4.657,4.663,27078.9,2026-08-06 11:30:00
4.663,4.668,4.661,4.667,20649.2,2026-08-06 11:45:00
4.667,4.67,4.656,4.656,25632.6,2026-08-06 12:00:00
4.656,4.666,4.651,4.658,26251.1,2026-08-06 12:15:00
4.658,4.667,4.653,4.659,19060.3,2026-08-06 12:30:00
4.659,4.664,4.655,4.66,24237.0,2026-08-06 12:45:00
4.66,4.675,4.653,4.668,46515.1,2026-08-06 13:00:00
4.669,4.682,4.669,4.673,42072.6,2026-08-06 13:15:00
4.674,4.682,4.666,4.668,47525.9,2026-08-06 13:30:00
4.668,4.67,4.64,4.651,70197.3,2026-08-06 13:45:00
4.65,4.658,4.618,4.653,276221.1,2026-08-06 14:00:00
4.653,4.655,4.64,4.641,38574.2,2026-08-06 14:15:00
4.64,4.657,4.632,4.653,57490.1,2026-08-06 14:30:00
4.654,4.656,4.645,4.651,33201.7,2026-08-06 14:45:00
4.651,4.658,4.647,4.65,37121.3,2026-08-06 15:00:00
4.65,4.656,4.649,4.654,26831.6,2026-08-06 15:15:00
4.655,4.658,4.649,4.653,31772.0,2026-08-06 15:30:00
4.653,4.666,4.642,4.642,56277.8,2026-08-06 15:45:00
4.642,4.647,4.607,4.615,120214.5,2026-08-06 16:00:00
4.615,4.618,4.596,4.609,51044.5,2026-08-06 16:15:00
4.61,4.639,4.609,4.615,92545.3,2026-08-06 16:30:00
4.615,4.629,4.61,4.623,52817.1,2026-08-06 16:45:00
4.623,4.633,4.622,4.629,34975.0,2026-08-06 17:00:00
4.629,4.634,4.624,4.633,56835.7,2026-08-06 17:15:00
4.634,4.664,4.628,4.637,121365.8,2026-08-06 17:30:00
4.637,4.65,4.637,4.646,29843.5,2026-08-06 17:45:00
4.646,4.647,4.624,4.628,60471.3,2026-08-06 18:00:00
4.629,4.642,4.627,4.634,21489.4,2026-08-06 18:15:00
4.635,4.637,4.624,4.624,19936.9,2026-08-06 18:30:00
4.624,4.629,4.609,4.619,29466.1,2026-08-06 18:45:00
4.619,4.621,4.613,4.617,23181.3,2026-08-06 19:00:00
4.617,4.617,4.601,4.607,27100.9,2026-08-06 19:15:00
4.606,4.613,4.597,4.606,44045.8,2026-08-06 19:30:00
4.606,4.619,4.605,4.612,23839.5,2026-08-06 19:45:00
4.612,4.628,4.611,4.619,53906.2,2026-08-06 20:00:00
4.619,4.623,4.611,4.615,24064.7,2026-08-06 20:15:00
4.615,4.615,4.599,4.612,38271.4,2026-08-06 20:30:00
4.611,4.614,4.597,4.605,35349.2,2026-08-06 20:45:00
4.604,4.613,4.6,4.61,30693.9,2026-08-06 21:00:00
4.611,4.62,4.601,4.613,37030.5,2026-08-06 21:15:00
4.612,4.628,4.606,4.627,39608.6,2026-08-06 21:30:00
4.628,4.636,4.624,4.631,22361.0,2026-08-06 21:45:00
4.631,4.636,4.599,4.609,59424.4,2026-08-06 22:00:00
4.608,4.61,4.582,4.596,85090.2,2026-08-06 22:15:00
4.595,4.598,4.555,4.565,100284.5,2026-08-06 22:30:00
4.564,4.571,4.556,4.561,39566.8,2026-08-06 22:45:00
4.56,4.581,4.556,4.57,42829.9,2026-08-06 23:00:00
4.569,4.574,4.561,4.566,35740.5,2026-08-06 23:15:00
4.565,4.576,4.564,4.569,30357.1,2026-08-06 23:30:00
4.569,4.576,4.566,4.574,30525.9,2026-08-06 23:45:00
4.574,4.576,4.546,4.554,166942.0,2026-08-07 00:00:00
4.554,4.554,4.523,4.525,94185.2,2026-08-07 00:15:00
4.525,4.526,4.505,4.521,86566.6,2026-08-07 00:30:00
4.521,4.525,4.512,4.519,43437.4,2026-08-07 00:45:00
4.518,4.524,4.506,4.511,57705.7,2026-08-07 01:00:00
4.511,4.523,4.506,4.516,28868.7,2026-08-07 01:15:00
4.516,4.519,4.5,4.508,51592.4,2026-08-07 01:30:00
4.507,4.51,4.481,4.489,113629.4,2026-08-07 01:45:00
4.488,4.514,4.482,4.513,81036.7,2026-08-07 02:00:00
4.513,4.538,4.508,4.514,75355.2,2026-08-07 02:15:00
4.513,4.524,4.51,4.511,31793.1,2026-08-07 02:30:00
4.51,4.511,4.495,4.497,30879.3,2026-08-07 02:45:00
4.496,4.507,4.49,4.497,36537.5,2026-08-07 03:00:00
4.496,4.498,4.49,4.494,39981.8,2026-08-07 03:15:00
4.493,4.509,4.486,4.508,57441.0,2026-08-07 03:30:00
4.507,4.511,4.491,4.495,56718.2,2026-08-07 03:45:00
4.494,4.503,4.461,4.473,188630.7,2026-08-07 04:00:00
4.473,4.49,4.445,4.453,155269.7,2026-08-07 04:15:00
4.452,4.471,4.417,4.456,300366.2,2026-08-07 04:30:00
4.455,4.492,4.454,4.491,76883.6,2026-08-07 04:45:00
4.49,4.527,4.483,4.487,111752.9,2026-08-07 05:00:00
4.486,4.493,4.473,4.473,52770.0,2026-08-07 05:15:00
4.472,4.474,4.462,4.467,53116.3,2026-08-07 05:30:00
4.467,4.484,4.464,4.472,40118.5,2026-08-07 05:45:00
4.471,4.476,4.458,4.474,55518.9,2026-08-07 06:00:00
4.474,4.515,4.472,4.509,70400.2,2026-08-07 06:15:00
4.51,4.515,4.492,4.506,52664.0,2026-08-07 06:30:00
4.506,4.507,4.492,4.496,37747.8,2026-08-07 06:45:00
4.496,4.524,4.49,4.512,61291.9,2026-08-07 07:00:00
4.512,4.518,4.509,4.51,19281.9,2026-08-07 07:15:00
4.51,4.516,4.495,4.497,34353.1,2026-08-07 07:30:00
4.497,4.522,4.488,4.497,95903.7,2026-08-07 07:45:00
4.497,4.52,4.481,4.509,113444.7,2026-08-07 08:00:00
4.509,4.525,4.502,4.524,27162.2,2026-08-07 08:15:00
4.524,4.542,4.521,4.539,87049.3,2026-08-07 08:30:00
4.539,4.546,4.523,4.525,60130.4,2026-08-07 08:45:00
4.525,4.525,4.512,4.518,73521.0,2026-08-07 09:00:00
4.518,4.528,4.514,4.522,33225.2,2026-08-07 09:15:00
4.522,4.526,4.511,4.52,35244.2,2026-08-07 09:30:00
4.52,4.527,4.501,4.522,50605.3,2026-08-07 09:45:00
4.522,4.531,4.521,4.528,34792.4,2026-08-07 10:00:00
4.528,4.53,4.499,4.506,54087.0,2026-08-07 10:15:00
4.506,4.507,4.497,4.497,17468.8,2026-08-07 10:30:00
4.497,4.5,4.492,4.495,24082.4,2026-08-07 10:45:00
4.494,4.507,4.494,4.499,31671.4,2026-08-07 11:00:00
4.5,4.529,4.498,4.518,31996.7,2026-08-07 11:15:00
4.519,4.534,4.513,4.528,33982.3,2026-08-07 11:30:00
4.529,4.535,4.521,4.523,26509.0,2026-08-07 11:45:00
4.523,4.542,4.523,4.537,51669.9,2026-08-07 12:00:00
4.537,4.539,4.516,4.523,42807.4,2026-08-07 12:15:00
4.523,4.55,4.506,4.516,81260.8,2026-08-07 12:30:00
4.517,4.523,4.514,4.517,24063.9,2026-08-07 12:45:00
4.517,4.518,4.499,4.502,37924.8,2026-08-07 13:00:00
4.503,4.513,4.493,4.513,25693.3,2026-08-07 13:15:00
4.513,4.532,4.509,4.527,33813.7,2026-08-07 13:30:00
4.527,4.528,4.507,4.51,26536.0,2026-08-07 13:45:00
4.51,4.512,4.492,4.509,52381.6,2026-08-07 14:00:00
4.508,4.525,4.505,4.52,45695.7,2026-08-07 14:15:00
4.52,4.522,4.51,4.511,21085.7,2026-08-07 14:30:00
4.511,4.521,4.496,4.515,61100.3,2026-08-07 14:45:00
4.515,4.538,4.509,4.535,64746.6,2026-08-07 15:00:00
4.534,4.536,4.517,4.517,28708.1,2026-08-07 15:15:00
4.517,4.537,4.517,4.533,23603.8,2026-08-07 15:30:00
4.534,4.535,4.508,4.51,24300.0,2026-08-07 15:45:00
4.511,4.534,4.507,4.519,49442.4,2026-08-07 16:00:00
4.52,4.52,4.501,4.502,19487.9,2026-08-07 16:15:00
4.502,4.506,4.494,4.501,28738.1,2026-08-07 16:30:00
4.502,4.505,4.486,4.492,45346.4,2026-08-07 16:45:00
4.491,4.52,4.49,4.5,84180.0,2026-08-07 17:00:00
4.499,4.508,4.496,4.501,28310.8,2026-08-07 17:15:00
4.5,4.501,4.489,4.497,25466.0,2026-08-07 17:30:00
4.497,4.497,4.466,4.479,284654.4,2026-08-07 17:45:00
4.478,4.486,4.475,4.477,30891.5,2026-08-07 18:00:00
4.478,4.481,4.462,4.467,35518.4,2026-08-07 18:15:00
4.467,4.476,4.465,4.472,38097.5,2026-08-07 18:30:00
4.473,4.477,4.467,4.474,16467.3,2026-08-07 18:45:00
4.473,4.486,4.471,4.486,23806.0,2026-08-07 19:00:00
4.486,4.49,4.476,4.483,25969.1,2026-08-07 19:15:00
4.483,4.483,4.467,4.468,19012.6,2026-08-07 19:30:00
4.467,4.474,4.465,4.472,23565.8,2026-08-07 19:45:00
4.472,4.483,4.47,4.48,29888.9,2026-08-07 20:00:00
4.479,4.484,4.476,4.48,16068.9,2026-08-07 20:15:00
4.479,4.484,4.469,4.479,15659.4,2026-08-07 20:30:00
4.479,4.485,4.478,4.485,11594.1,2026-08-07 20:45:00
4.485,4.517,4.481,4.51,81243.7,2026-08-07 21:00:00
4.51,4.517,4.497,4.498,40558.9,2026-08-07 21:15:00
4.497,4.501,4.489,4.489,16775.4,2026-08-07 21:30:00
4.49,4.492,4.485,4.486,13566.3,2026-08-07 21:45:00
4.485,4.493,4.473,4.49,30224.6,2026-08-07 22:00:00
4.49,4.491,4.481,4.488,14279.0,2026-08-07 22:15:00
4.488,4.489,4.471,4.476,28220.4,2026-08-07 22:30:00
4.475,4.481,4.469,4.475,30308.1,2026-08-07 22:45:00
4.474,4.497,4.472,4.495,19697.7,2026-08-07 23:00:00
4.496,4.503,4.484,4.493,33941.8,2026-08-07 23:15:00
4.493,4.501,4.49,4.499,12200.9,2026-08-07 23:30:00
4.5,4.509,4.497,4.509,30035.0,2026-08-07 23:45:00
4.508,4.525,4.506,4.521,63880.9,2026-08-08 00:00:00
4.521,4.53,4.519,4.528,34204.9,2026-08-08 00:15:00
4.529,4.536,4.524,4.527,18339.7,2026-08-08 00:30:00
4.527,4.565,4.518,4.564,53061.9,2026-08-08 00:45:00
4.565,4.573,4.538,4.543,59033.3,2026-08-08 01:00:00
4.544,4.554,4.535,4.54,24779.3,2026-08-08 01:15:00
4.541,4.555,4.54,4.544,22088.1,2026-08-08 01:30:00
4.545,4.545,4.531,4.536,20154.3,2026-08-08 01:45:00
4.536,4.537,4.521,4.522,25966.5,2026-08-08 02:00:00
4.522,4.522,4.513,4.516,17468.6,2026-08-08 02:15:00
4.516,4.524,4.51,4.523,31547.4,2026-08-08 02:30:00
4.523,4.527,4.517,4.517,14817.2,2026-08-08 02:45:00
4.517,4.53,4.516,4.522,24620.1,2026-08-08 03:00:00
4.523,4.53,4.521,4.529,12759.5,2026-08-08 03:15:00
4.529,4.536,4.527,4.528,18599.1,2026-08-08 03:30:00
4.528,4.536,4.527,4.531,16983.2,2026-08-08 03:45:00
4.532,4.549,4.531,4.532,23428.0,2026-08-08 04:00:00
4.531,4.533,4.521,4.531,14638.4,2026-08-08 04:15:00
4.531,4.535,4.527,4.53,12337.3,2026-08-08 04:30:00
4.529,4.53,4.515,4.519,15257.4,2026-08-08 04:45:00
4.518,4.52,4.509,4.52,29953.2,2026-08-08 05:00:00
4.519,4.524,4.515,4.522,14011.3,2026-08-08 05:15:00
4.522,4.533,4.513,4.52,43449.6,2026-08-08 05:30:00
4.519,4.519,4.485,4.487,75585.2,2026-08-08 05:45:00
4.486,4.491,4.481,4.483,26880.7,2026-08-08 06:00:00
4.483,4.486,4.47,4.476,45002.0,2026-08-08 06:15:00
4.475,4.475,4.457,4.471,49894.2,2026-08-08 06:30:00
4.47,4.476,4.467,4.474,19697.8,2026-08-08 06:45:00
4.473,4.479,4.469,4.473,29049.3,2026-08-08 07:00:00
4.472,4.476,4.471,4.476,9672.6,2026-08-08 07:15:00
4.475,4.485,4.466,4.479,40471.1,2026-08-08 07:30:00
4.479,4.485,4.476,4.482,11829.8,2026-08-08 07:45:00
4.481,4.482,4.465,4.479,33193.6,2026-08-08 08:00:00
4.478,4.5,4.478,4.491,57025.8,2026-08-08 08:15:00
4.492,4.502,4.484,4.488,32821.4,2026-08-08 08:30:00
4.488,4.489,4.48,4.487,15639.0,2026-08-08 08:45:00
4.486,4.489,4.476,4.482,39082.8,2026-08-08 09:00:00
4.481,4.488,4.474,4.488,20660.9,2026-08-08 09:15:00
4.487,4.497,4.477,4.478,29958.8,2026-08-08 09:30:00
4.477,4.48,4.472,4.476,13550.1,2026-08-08 09:45:00
4.475,4.477,4.422,4.445,199054.2,2026-08-08 10:00:00
4.445,4.457,4.441,4.452,30262.3,2026-08-08 10:15:00
4.451,4.455,4.443,4.446,22603.6,2026-08-08 10:30:00
4.445,4.455,4.432,4.435,51457.3,2026-08-08 10:45:00
4.434,4.437,4.342,4.397,601310.2,2026-08-08 11:00:00
4.396,4.397,4.381,4.388,56536.9,2026-08-08 11:15:00
4.387,4.398,4.382,4.393,33489.8,2026-08-08 11:30:00
4.393,4.395,4.389,4.392,31053.8,2026-08-08 11:45:00
4.391,4.406,4.39,4.402,33477.4,2026-08-08 12:00:00
4.402,4.408,4.396,4.404,37691.6,2026-08-08 12:15:00
4.403,4.404,4.385,4.39,37913.5,2026-08-08 12:30:00
4.389,4.399,4.387,4.391,27230.9,2026-08-08 12:45:00
4.39,4.405,4.387,4.402,41416.0,2026-08-08 13:00:00
4.401,4.407,4.399,4.403,18085.6,2026-08-08 13:15:00
4.403,4.404,4.365,4.376,57535.6,2026-08-08 13:30:00
4.376,4.381,4.359,4.377,59457.5,2026-08-08 13:45:00
4.377,4.391,4.376,4.378,41586.1,2026-08-08 14:00:00
4.378,4.393,4.377,4.386,39347.9,2026-08-08 14:15:00
4.387,4.405,4.386,4.4,72581.6,2026-08-08 14:30:00
4.401,4.414,4.398,4.408,87845.0,2026-08-08 14:45:00
4.408,4.417,4.402,4.402,93230.6,2026-08-08 15:00:00
4.402,4.411,4.395,4.406,53092.4,2026-08-08 15:15:00
4.407,4.457,4.397,4.434,257100.5,2026-08-08 15:30:00
4.434,4.44,4.425,4.429,81461.9,2026-08-08 15:45:00
4.43,4.459,4.426,4.456,129879.0,2026-08-08 16:00:00
4.456,4.463,4.439,4.44,86013.8,2026-08-08 16:15:00
4.44,4.457,4.44,4.452,30691.1,2026-08-08 16:30:00
4.453,4.458,4.445,4.454,53190.6,2026-08-08 16:45:00
4.454,4.458,4.447,4.449,36764.6,2026-08-08 17:00:00
4.448,4.453,4.431,4.434,95713.7,2026-08-08 17:15:00
4.434,4.441,4.38,4.395,276557.2,2026-08-08 17:30:00
4.395,4.413,4.392,4.406,40332.9,2026-08-08 17:45:00
4.406,4.423,4.406,4.423,34441.8,2026-08-08 18:00:00
4.422,4.427,4.419,4.424,20971.3,2026-08-08 18:15:00
4.424,4.429,4.411,4.429,29802.5,2026-08-08 18:30:00
4.429,4.43,4.413,4.416,18525.6,2026-08-08 18:45:00
4.415,4.418,4.408,4.412,21871.2,2026-08-08 19:00:00
4.411,4.415,4.4,4.401,24492.4,2026-08-08 19:15:00
4.401,4.403,4.397,4.402,22378.9,2026-08-08 19:30:00
4.401,4.413,4.399,4.403,19988.9,2026-08-08 19:45:00
4.402,4.411,4.401,4.411,21746.7,2026-08-08 20:00:00
4.411,4.428,4.411,4.427,38622.6,2026-08-08 20:15:00
4.427,4.433,4.424,4.43,25706.7,2026-08-08 20:30:00
4.429,4.435,4.427,4.428,11618.4,2026-08-08 20:45:00
4.427,4.431,4.426,4.43,20052.0,2026-08-08 21:00:00
4.43,4.432,4.428,4.431,8171.7,2026-08-08 21:15:00
4.432,4.434,4.411,4.416,22402.4,2026-08-08 21:30:00
4.416,4.423,4.413,4.419,18109.0,2026-08-08 21:45:00
4.418,4.42,4.402,4.406,39685.0,2026-08-08 22:00:00
4.405,4.41,4.401,4.409,13784.2,2026-08-08 22:15:00
4.408,4.413,4.397,4.407,44681.3,2026-08-08 22:30:00
4.406,4.407,4.398,4.4,12386.8,2026-08-08 22:45:00
4.399,4.404,4.391,4.394,21562.8,2026-08-08 23:00:00
4.393,4.405,4.388,4.403,28839.0,2026-08-08 23:15:00
4.402,4.408,4.396,4.401,14984.7,2026-08-08 23:30:00
4.401,4.41,4.398,4.409,14102.2,2026-08-08 23:45:00
4.409,4.41,4.392,4.404,87293.0,2026-08-09 00:00:00
4.404,4.424,4.403,4.42,23242.7,2026-08-09 00:15:00
4.421,4.432,4.419,4.429,25224.5,2026-08-09 00:30:00
4.43,4.44,4.422,4.435,20872.7,2026-08-09 00:45:00
4.436,4.44,4.421,4.422,29549.1,2026-08-09 01:00:00
4.423,4.424,4.401,4.402,21504.7,2026-08-09 01:15:00
4.402,4.409,4.393,4.409,31701.7,2026-08-09 01:30:00
4.408,4.413,4.397,4.4,20568.4,2026-08-09 01:45:00
4.4,4.405,4.392,4.405,34664.0,2026-08-09 02:00:00
4.405,4.408,4.396,4.408,14924.8,2026-08-09 02:15:00
4.408,4.416,4.4,4.401,23034.8,2026-08-09 02:30:00
4.4,4.404,4.393,4.397,10362.4,2026-08-09 02:45:00
4.397,4.397,4.356,4.38,121616.3,2026-08-09 03:00:00
4.379,4.406,4.375,4.403,50842.6,2026-08-09 03:15:00
4.403,4.405,4.394,4.4,22397.3,2026-08-09 03:30:00
4.4,4.41,4.396,4.398,17262.6,2026-08-09 03:45:00
4.397,4.419,4.393,4.409,43374.3,2026-08-09 04:00:00
4.409,4.424,4.407,4.421,21022.4,2026-08-09 04:15:00
4.42,4.424,4.398,4.404,20388.0,2026-08-09 04:30:00
4.403,4.405,4.397,4.398,10452.1,2026-08-09 04:45:00
4.397,4.397,4.387,4.394,26224.3,2026-08-09 05:00:00
4.393,4.395,4.385,4.385,16851.4,2026-08-09 05:15:00
4.385,4.389,4.376,4.376,31863.2,2026-08-09 05:30:00
4.376,4.386,4.375,4.386,14238.5,2026-08-09 05:45:00
4.386,4.386,4.371,4.383,27287.4,2026-08-09 06:00:00
4.384,4.392,4.382,4.391,15013.9,2026-08-09 06:15:00
4.392,4.434,4.39,4.431,77842.0,2026-08-09 06:30:00
4.432,4.447,4.422,4.434,62933.2,2026-08-09 06:45:00
4.435,4.439,4.415,4.432,39765.5,2026-08-09 07:00:00
4.433,4.438,4.421,4.437,26265.1,2026-08-09 07:15:00
4.437,4.453,4.434,4.444,33335.9,2026-08-09 07:30:00
4.444,4.448,4.434,4.439,31514.9,2026-08-09 07:45:00
4.439,4.444,4.425,4.435,55972.0,2026-08-09 08:00:00
4.435,4.44,4.416,4.419,43883.6,2026-08-09 08:15:00
4.419,4.42,4.412,4.414,19713.3,2026-08-09 08:30:00
4.414,4.425,4.413,4.422,15403.2,2026-08-09 08:45:00
4.422,4.426,4.413,4.423,18896.7,2026-08-09 09:00:00
4.424,4.424,4.404,4.407,17401.1,2026-08-09 09:15:00
4.407,4.419,4.403,4.417,24541.7,2026-08-09 09:30:00
4.417,4.43,4.414,4.424,16743.2,2026-08-09 09:45:00
4.423,4.43,4.416,4.423,15846.6,2026-08-09 10:00:00
4.423,4.46,4.418,4.457,56363.7,2026-08-09 10:15:00
4.458,4.474,4.451,4.472,66201.2,2026-08-09 10:30:00
4.473,4.473,4.429,4.436,57637.0,2026-08-09 10:45:00
4.436,4.439,4.428,4.432,32776.1,2026-08-09 11:00:00
4.433,4.443,4.43,4.435,18349.5,2026-08-09 11:15:00
4.435,4.445,4.428,4.439,19193.6,2026-08-09 11:30:00
4.439,4.456,4.436,4.453,36850.0,2026-08-09 11:45:00
4.453,4.457,4.441,4.446,24695.8,2026-08-09 12:00:00
4.447,4.462,4.446,4.452,26448.6,2026-08-09 12:15:00
4.452,4.452,4.442,4.447,23910.3,2026-08-09 12:30:00
4.447,4.458,4.444,4.454,10865.5,2026-08-09 12:45:00
4.454,4.467,4.444,4.444,86749.1,2026-08-09 13:00:00
4.445,4.455,4.443,4.452,17649.3,2026-08-09 13:15:00
4.453,4.458,4.444,4.447,30620.0,2026-08-09 13:30:00
4.447,4.466,4.443,4.461,16199.1,2026-08-09 13:45:00
4.461,4.472,4.457,4.464,32358.0,2026-08-09 14:00:00
4.465,4.468,4.459,4.463,21870.7,2026-08-09 14:15:00
4.463,4.471,4.45,4.451,31537.0,2026-08-09 14:30:00
4.451,4.46,4.441,4.458,24546.7,2026-08-09 14:45:00
4.458,4.465,4.455,4.458,19239.4,2026-08-09 15:00:00
4.459,4.46,4.442,4.45,17825.4,2026-08-09 15:15:00
4.45,4.462,4.446,4.458,21439.2,2026-08-09 15:30:00
4.457,4.458,4.448,4.448,13701.5,2026-08-09 15:45:00
4.449,4.46,4.423,4.43,92754.5,2026-08-09 16:00:00
4.43,4.447,4.424,4.44,43672.7,2026-08-09 16:15:00
4.44,4.444,4.434,4.437,14899.1,2026-08-09 16:30:00
4.437,4.438,4.424,4.429,21195.5,2026-08-09 16:45:00
4.428,4.435,4.42,4.433,37699.6,2026-08-09 17:00:00
4.432,4.432,4.422,4.425,15466.8,2026-08-09 17:15:00
4.425,4.427,4.417,4.425,15872.8,2026-08-09 17:30:00
4.425,4.436,4.422,4.433,13053.3,2026-08-09 17:45:00
4.432,4.441,4.43,4.431,23611.2,2026-08-09 18:00:00
4.43,4.436,4.426,4.434,10928.2,2026-08-09 18:15:00
4.434,4.434,4.418,4.428,12553.9,2026-08-09 18:30:00
4.428,4.432,4.406,4.415,43362.3,2026-08-09 18:45:00
4.414,4.418,4.412,4.415,20383.1,2026-08-09 19:00:00
4.414,4.419,4.413,4.418,9753.2,2026-08-09 19:15:00
4.417,4.427,4.414,4.425,9356.6,2026-08-09 19:30:00
4.425,4.431,4.422,4.426,12119.6,2026-08-09 19:45:00
4.426,4.43,4.417,4.425,19181.1,2026-08-09 20:00:00
4.424,4.429,4.422,4.425,12679.2,2026-08-09 20:15:00
4.424,4.425,4.418,4.42,8406.8,2026-08-09 20:30:00
4.42,4.428,4.418,4.427,5979.9,2026-08-09 20:45:00
4.427,4.427,4.414,4.416,12634.6,2026-08-09 21:00:00
4.415,4.423,4.414,4.423,9439.7,2026-08-09 21:15:00
4.423,4.431,4.422,4.431,13338.8,2026-08-09 21:30:00
4.431,4.433,4.424,4.432,12254.6,2026-08-09 21:45:00
4.432,4.451,4.424,4.444,35223.6,2026-08-09 22:00:00
4.443,4.446,4.424,4.426,23681.6,2026-08-09 22:15:00
4.426,4.427,4.375,4.386,143503.8,2026-08-09 22:30:00
4.385,4.386,4.326,4.369,250356.9,2026-08-09 22:45:00
4.369,4.374,4.359,4.36,53221.6,2026-08-09 23:00:00
4.359,4.359,4.301,4.312,185530.3,2026-08-09 23:15:00
4.311,4.315,4.278,4.294,179767.7,2026-08-09 23:30:00
4.294,4.306,4.287,4.295,79588.6,2026-08-09 23:45:00
4.295,4.334,4.282,4.324,154705.0,2026-08-10 00:00:00
4.324,4.326,4.308,4.311,32717.6,2026-08-10 00:15:00
4.311,4.319,4.307,4.315,37763.8,2026-08-10 00:30:00
4.315,4.342,4.311,4.323,43674.4,2026-08-10 00:45:00
4.323,4.337,4.306,4.308,47682.0,2026-08-10 01:00:00
4.308,4.316,4.303,4.305,28275.2,2026-08-10 01:15:00
4.304,4.31,4.292,4.298,27785.3,2026-08-10 01:30:00
4.299,4.33,4.297,4.317,58853.0,2026-08-10 01:45:00
4.317,4.326,4.306,4.321,33906.2,2026-08-10 02:00:00
4.321,4.321,4.292,4.3,70869.4,2026-08-10 02:15:00
4.3,4.333,4.298,4.332,34043.0,2026-08-10 02:30:00
4.332,4.336,4.324,4.336,25039.4,2026-08-10 02:45:00
4.335,4.366,4.324,4.341,116988.7,2026-08-10 03:00:00
4.34,4.37,4.34,4.352,42760.7,2026-08-10 03:15:00
4.351,4.361,4.339,4.341,49329.5,2026-08-10 03:30:00
4.342,4.352,4.335,4.342,18559.7,2026-08-10 03:45:00
4.342,4.349,4.334,4.345,30202.2,2026-08-10 04:00:00
4.345,4.354,4.345,4.346,14497.4,2026-08-10 04:15:00
4.347,4.372,4.347,4.363,59874.4,2026-08-10 04:30:00
4.363,4.385,4.36,4.368,41108.8,2026-08-10 04:45:00
4.369,4.377,4.361,4.367,42108.4,2026-08-10 05:00:00
4.367,4.427,4.367,4.408,130134.7,2026-08-10 05:15:00
4.409,4.437,4.403,4.432,82900.4,2026-08-10 05:30:00
4.433,4.433,4.408,4.419,48626.0,2026-08-10 05:45:00
4.42,4.443,4.419,4.422,72380.3,2026-08-10 06:00:00
4.422,4.435,4.414,4.433,34939.2,2026-08-10 06:15:00
4.434,4.44,4.42,4.433,37348.7,2026-08-10 06:30:00
4.434,4.445,4.429,4.441,31884.9,2026-08-10 06:45:00
4.442,4.466,4.429,4.448,76688.9,2026-08-10 07:00:00
4.449,4.458,4.441,4.447,28213.4,2026-08-10 07:15:00
4.447,4.45,4.434,4.443,37112.7,2026-08-10 07:30:00
4.443,4.451,4.438,4.444,18862.6,2026-08-10 07:45:00
4.444,4.459,4.431,4.443,61506.9,2026-08-10 08:00:00
4.443,4.453,4.437,4.444,12603.2,2026-08-10 08:15:00
4.444,4.447,4.434,4.438,23781.9,2026-08-10 08:30:00
4.439,4.451,4.426,4.444,23931.2,2026-08-10 08:45:00
4.444,4.444,4.424,4.437,28824.1,2026-08-10 09:00:00
4.438,4.44,4.421,4.432,19304.4,2026-08-10 09:15:00
4.431,4.464,4.425,4.455,93274.4,2026-08-10 09:30:00
4.456,4.46,4.445,4.448,36015.9,2026-08-10 09:45:00
4.448,4.458,4.445,4.448,23805.5,2026-08-10 10:00:00
4.448,4.46,4.444,4.455,26654.0,2026-08-10 10:15:00
4.455,4.463,4.45,4.46,29754.3,2026-08-10 10:30:00
4.46,4.463,4.455,4.46,13216.6,2026-08-10 10:45:00
4.461,4.471,4.45,4.456,51773.8,2026-08-10 11:00:00
4.457,4.467,4.45,4.462,22698.6,2026-08-10 11:15:00
4.463,4.485,4.46,4.478,50498.9,2026-08-10 11:30:00
4.478,4.481,4.457,4.46,31286.6,2026-08-10 11:45:00
4.461,4.472,4.457,4.458,37173.4,2026-08-10 12:00:00
4.458,4.481,4.453,4.472,25859.0,2026-08-10 12:15:00
4.473,4.475,4.459,4.471,23912.4,2026-08-10 12:30:00
4.471,4.471,4.433,4.435,52699.4,2026-08-10 12:45:00
4.435,4.453,4.423,4.44,74960.1,2026-08-10 13:00:00
4.44,4.45,4.44,4.444,13532.7,2026-08-10 13:15:00
4.443,4.445,4.421,4.429,64411.2,2026-08-10 13:30:00
4.429,4.447,4.414,4.437,88224.7,2026-08-10 13:45:00
4.437,4.45,4.435,4.444,37632.3,2026-08-10 14:00:00
4.444,4.471,4.44,4.454,54975.3,2026-08-10 14:15:00
4.454,4.464,4.447,4.457,51246.0,2026-08-10 14:30:00
4.458,4.465,4.445,4.448,18303.4,2026-08-10 14:45:00
4.448,4.455,4.429,4.443,56428.6,2026-08-10 15:00:00
4.443,4.459,4.435,4.443,47584.4,2026-08-10 15:15:00
4.442,4.456,4.432,4.453,24274.9,2026-08-10 15:30:00
4.453,4.458,4.441,4.456,22997.5,2026-08-10 15:45:00
4.455,4.481,4.45,4.465,80623.6,2026-08-10 16:00:00
4.464,4.478,4.443,4.446,90717.8,2026-08-10 16:15:00
4.446,4.455,4.431,4.434,70959.9,2026-08-10 16:30:00
4.433,4.433,4.399,4.416,149562.2,2026-08-10 16:45:00
4.416,4.432,4.408,4.428,36689.4,2026-08-10 17:00:00
4.427,4.429,4.414,4.416,17474.7,2026-08-10 17:15:00
4.415,4.445,4.412,4.436,47348.7,2026-08-10 17:30:00
4.435,4.463,4.428,4.462,25880.5,2026-08-10 17:45:00
4.462,4.483,4.454,4.455,91876.7,2026-08-10 18:00:00
4.455,4.464,4.451,4.451,18850.4,2026-08-10 18:15:00
4.451,4.452,4.435,4.443,19492.7,2026-08-10 18:30:00
4.442,4.459,4.435,4.447,48987.1,2026-08-10 18:45:00
4.447,4.459,4.445,4.458,21152.3,2026-08-10 19:00:00
4.458,4.509,4.456,4.498,109891.8,2026-08-10 19:15:00
4.497,4.532,4.494,4.501,155064.7,2026-08-10 19:30:00
4.501,4.508,4.472,4.481,42921.0,2026-08-10 19:45:00
4.482,4.482,4.465,4.469,40400.3,2026-08-10 20:00:00
4.469,4.482,4.466,4.466,18900.3,2026-08-10 20:15:00
4.467,4.477,4.463,4.466,21112.4,2026-08-10 20:30:00
4.466,4.474,4.463,4.466,11939.4,2026-08-10 20:45:00
4.467,4.467,4.423,4.43,68476.6,2026-08-10 21:00:00
4.43,4.433,4.415,4.432,36886.2,2026-08-10 21:15:00
4.432,4.439,4.426,4.429,15879.4,2026-08-10 21:30:00
4.428,4.428,4.409,4.41,24107.0,2026-08-10 21:45:00
4.411,4.421,4.371,4.413,155743.8,2026-08-10 22:00:00
4.413,4.414,4.399,4.404,18187.6,2026-08-10 22:15:00
4.404,4.404,4.392,4.395,12102.8,2026-08-10 22:30:00
4.394,4.407,4.394,4.397,9929.4,2026-08-10 22:45:00
4.396,4.399,4.361,4.383,102095.6,2026-08-10 23:00:00
4.382,4.389,4.378,4.387,25809.0,2026-08-10 23:15:00
4.387,4.391,4.38,4.386,8721.3,2026-08-10 23:30:00
4.387,4.392,4.379,4.381,15331.3,2026-08-10 23:45:00
4.381,4.399,4.375,4.398,64932.0,2026-08-11 00:00:00
4.399,4.424,4.395,4.403,91217.8,2026-08-11 00:15:00
4.403,4.412,4.389,4.397,32296.1,2026-08-11 00:30:00
4.397,4.4,4.38,4.38,24304.8,2026-08-11 00:45:00
4.381,4.385,4.361,4.383,46821.8,2026-08-11 01:00:00
4.384,4.392,4.368,4.38,42392.8,2026-08-11 01:15:00
4.381,4.381,4.361,4.363,24147.0,2026-08-11 01:30:00
4.364,4.402,4.363,4.4,49551.1,2026-08-11 01:45:00
4.401,4.415,4.398,4.41,36903.6,2026-08-11 02:00:00
4.411,4.429,4.406,4.424,30808.5,2026-08-11 02:15:00
4.425,4.444,4.423,4.438,25702.1,2026-08-11 02:30:00
4.439,4.458,4.435,4.452,33285.2,2026-08-11 02:45:00
4.453,4.458,4.421,4.428,54433.1,2026-08-11 03:00:00
4.429,4.448,4.423,4.443,17609.6,2026-08-11 03:15:00
4.443,4.455,4.432,4.441,39947.0,2026-08-11 03:30:00
4.441,4.445,4.436,4.44,19378.1,2026-08-11 03:45:00
4.441,4.446,4.423,4.434,30198.3,2026-08-11 04:00:00
4.435,4.458,4.432,4.441,21061.3,2026-08-11 04:15:00
4.441,4.447,4.43,4.431,20575.8,2026-08-11 04:30:00
4.432,4.453,4.43,4.448,24517.9,2026-08-11 04:45:00
4.449,4.457,4.437,4.451,33371.7,2026-08-11 05:00:00
4.452,4.466,4.452,4.456,26252.9,2026-08-11 05:15:00
4.455,4.477,4.451,4.465,47778.1,2026-08-11 05:30:00
4.466,4.467,4.454,4.46,26393.6,2026-08-11 05:45:00
4.461,4.474,4.449,4.462,113822.9,2026-08-11 06:00:00
4.463,4.493,4.462,4.48,84709.9,2026-08-11 06:15:00
4.48,4.5,4.478,4.491,42902.1,2026-08-11 06:30:00
4.492,4.492,4.469,4.475,33007.7,2026-08-11 06:45:00
4.475,4.485,4.468,4.47,33063.0,2026-08-11 07:00:00
4.471,4.476,4.453,4.457,46281.7,2026-08-11 07:15:00
4.458,4.48,4.457,4.473,21602.5,2026-08-11 07:30:00
4.474,4.486,4.469,4.473,31201.3,2026-08-11 07:45:00
4.473,4.489,4.458,4.46,92911.1,2026-08-11 08:00:00
4.461,4.478,4.457,4.474,25345.1,2026-08-11 08:15:00
4.475,4.49,4.46,4.463,49237.9,2026-08-11 08:30:00
4.464,4.473,4.456,4.465,31025.7,2026-08-11 08:45:00
4.466,4.467,4.447,4.453,36771.5,2026-08-11 09:00:00
4.454,4.476,4.45,4.464,24650.6,2026-08-11 09:15:00
4.464,4.473,4.453,4.472,29834.4,2026-08-11 09:30:00
4.473,4.478,4.464,4.469,43513.1,2026-08-11 09:45:00
4.469,4.514,4.462,4.487,169710.0,2026-08-11 10:00:00
4.487,4.489,4.469,4.485,52995.1,2026-08-11 10:15:00
4.485,4.489,4.477,4.479,37613.3,2026-08-11 10:30:00
4.48,4.496,4.475,4.478,43462.1,2026-08-11 10:45:00
4.478,4.485,4.475,4.479,43928.5,2026-08-11 11:00:00
4.48,4.497,4.478,4.491,39108.5,2026-08-11 11:15:00
4.492,4.494,4.484,4.485,16011.2,2026-08-11 11:30:00
4.485,4.512,4.483,4.501,68321.7,2026-08-11 11:45:00
4.502,4.509,4.49,4.492,49334.1,2026-08-11 12:00:00
4.492,4.502,4.486,4.49,28685.8,2026-08-11 12:15:00
4.49,4.498,4.476,4.478,54972.3,2026-08-11 12:30:00
4.479,4.494,4.475,4.48,32227.9,2026-08-11 12:45:00
4.481,4.491,4.48,4.482,29580.3,2026-08-11 13:00:00
4.482,4.494,4.479,4.494,43132.4,2026-08-11 13:15:00
4.495,4.514,4.486,4.51,85787.2,2026-08-11 13:30:00
4.511,4.517,4.497,4.509,61547.8,2026-08-11 13:45:00
4.51,4.521,4.507,4.52,48559.1,2026-08-11 14:00:00
4.521,4.521,4.486,4.496,74471.3,2026-08-11 14:15:00
4.497,4.497,4.473,4.489,77601.7,2026-08-11 14:30:00
4.489,4.494,4.443,4.457,227369.3,2026-08-11 14:45:00
4.457,4.468,4.445,4.445,61919.4,2026-08-11 15:00:00
4.445,4.5,4.445,4.495,61882.7,2026-08-11 15:15:00
4.494,4.495,4.454,4.479,61697.7,2026-08-11 15:30:00
4.478,4.508,4.475,4.495,82584.7,2026-08-11 15:45:00
4.496,4.519,4.484,4.498,121948.3,2026-08-11 16:00:00
4.498,4.526,4.488,4.503,155977.3,2026-08-11 16:15:00
4.502,4.506,4.456,4.468,113987.4,2026-08-11 16:30:00
4.468,4.48,4.46,4.463,39718.3,2026-08-11 16:45:00
4.462,4.473,4.462,4.463,28842.4,2026-08-11 17:00:00
4.465,4.485,4.464,4.478,40869.0,2026-08-11 17:15:00
4.479,4.486,4.464,4.476,67368.5,2026-08-11 17:30:00
4.476,4.48,4.458,4.459,25954.7,2026-08-11 17:45:00
4.459,4.464,4.429,4.448,91044.2,2026-08-11 18:00:00
4.448,4.461,4.446,4.45,19768.7,2026-08-11 18:15:00
4.451,4.459,4.439,4.446,31406.3,2026-08-11 18:30:00
4.446,4.463,4.445,4.459,34346.8,2026-08-11 18:45:00
4.459,4.46,4.439,4.445,20905.2,2026-08-11 19:00:00
4.445,4.478,4.444,4.474,36702.6,2026-08-11 19:15:00
4.474,4.476,4.462,4.469,17413.6,2026-08-11 19:30:00
4.469,4.479,4.463,4.475,15590.6,2026-08-11 19:45:00
4.475,4.576,4.471,4.537,416059.8,2026-08-11 20:00:00
4.538,4.599,4.528,4.593,300726.0,2026-08-11 20:15:00
4.593,4.608,4.577,4.595,173290.5,2026-08-11 20:30:00
4.595,4.609,4.593,4.606,78995.2,2026-08-11 20:45:00
4.607,4.614,4.59,4.608,98153.4,2026-08-11 21:00:00
4.607,4.621,4.603,4.618,113112.8,2026-08-11 21:15:00
4.618,4.625,4.607,4.61,61830.0,2026-08-11 21:30:00
4.609,4.63,4.607,4.615,84891.0,2026-08-11 21:45:00
4.614,4.634,4.606,4.62,83273.0,2026-08-11 22:00:00
4.62,4.642,4.612,4.631,120889.0,2026-08-11 22:15:00
4.631,4.64,4.624,4.63,70294.4,2026-08-11 22:30:00
4.63,4.645,4.613,4.645,64224.1,2026-08-11 22:45:00
4.644,4.644,4.605,4.633,89784.9,2026-08-11 23:00:00
4.633,4.653,4.631,4.648,61256.5,2026-08-11 23:15:00
4.647,4.668,4.644,4.667,49531.7,2026-08-11 23:30:00
4.667,4.671,4.657,4.662,59185.0,2026-08-11 23:45:00
4.661,4.673,4.647,4.659,113433.2,2026-08-12 00:00:00
4.658,4.669,4.646,4.654,62530.6,2026-08-12 00:15:00
4.654,4.672,4.65,4.658,48602.9,2026-08-12 00:30:00
4.658,4.69,4.657,4.671,149905.8,2026-08-12 00:45:00
4.671,4.698,4.67,4.69,62285.9,2026-08-12 01:00:00
4.69,4.697,4.675,4.684,35986.5,2026-08-12 01:15:00
4.684,4.685,4.614,4.659,244388.4,2026-08-12 01:30:00
4.659,4.668,4.639,4.643,73491.2,2026-08-12 01:45:00
4.643,4.648,4.61,4.628,103689.9,2026-08-12 02:00:00
4.628,4.628,4.607,4.623,35532.4,2026-08-12 02:15:00
4.623,4.628,4.609,4.613,61607.2,2026-08-12 02:30:00
4.614,4.635,4.61,4.619,35202.2,2026-08-12 02:45:00
4.618,4.619,4.574,4.596,183608.7,2026-08-12 03:00:00
4.596,4.599,4.581,4.583,49578.6,2026-08-12 03:15:00
4.583,4.584,4.571,4.58,33793.8,2026-08-12 03:30:00
4.58,4.582,4.568,4.572,27820.9,2026-08-12 03:45:00
4.572,4.61,4.57,4.61,71426.8,2026-08-12 04:00:00
4.61,4.628,4.607,4.612,43005.5,2026-08-12 04:15:00
4.612,4.628,4.609,4.618,31095.3,2026-08-12 04:30:00
4.618,4.624,4.603,4.605,34539.7,2026-08-12 04:45:00
4.605,4.614,4.584,4.596,60729.2,2026-08-12 05:00:00
4.596,4.612,4.594,4.608,51642.4,2026-08-12 05:15:00
4.608,4.618,4.607,4.614,19800.9,2026-08-12 05:30:00
4.614,4.655,4.609,4.643,123460.0,2026-08-12 05:45:00
4.642,4.651,4.614,4.621,76427.0,2026-08-12 06:00:00
4.621,4.634,4.615,4.632,26993.1,2026-08-12 06:15:00
4.631,4.631,4.592,4.602,88400.8,2026-08-12 06:30:00
4.602,4.619,4.598,4.608,42118.8,2026-08-12 06:45:00
4.607,4.623,4.606,4.621,61294.1,2026-08-12 07:00:00
4.621,4.624,4.609,4.622,33692.7,2026-08-12 07:15:00
4.622,4.634,4.609,4.616,48592.5,2026-08-12 07:30:00
4.615,4.623,4.607,4.617,31097.0,2026-08-12 07:45:00
4.616,4.622,4.609,4.612,29825.9,2026-08-12 08:00:00
4.612,4.615,4.591,4.595,85449.2,2026-08-12 08:15:00
4.595,4.635,4.595,4.62,74882.0,2026-08-12 08:30:00
4.62,4.622,4.609,4.611,17870.8,2026-08-12 08:45:00
4.61,4.633,4.605,4.632,29961.5,2026-08-12 09:00:00
4.632,4.645,4.631,4.641,37158.7,2026-08-12 09:15:00
4.641,4.644,4.631,4.639,35633.1,2026-08-12 09:30:00
4.639,4.642,4.615,4.618,30572.9,2026-08-12 09:45:00
4.619,4.631,4.618,4.62,33303.4,2026-08-12 10:00:00
4.62,4.621,4.596,4.601,58065.2,2026-08-12 10:15:00
4.601,4.603,4.593,4.598,24917.6,2026-08-12 10:30:00
4.597,4.61,4.595,4.596,26653.7,2026-08-12 10:45:00
4.596,4.603,4.593,4.599,28548.5,2026-08-12 11:00:00
4.599,4.603,4.593,4.597,19457.6,2026-08-12 11:15:00
4.597,4.611,4.594,4.608,19788.6,2026-08-12 11:30:00
4.608,4.616,4.581,4.591,51500.5,2026-08-12 11:45:00
4.592,4.598,4.579,4.585,124568.0,2026-08-12 12:00:00
4.584,4.594,4.563,4.582,84566.4,2026-08-12 12:15:00
4.583,4.599,4.554,4.559,133249.0,2026-08-12 12:30:00
4.558,4.564,4.524,4.547,203081.5,2026-08-12 12:45:00
4.548,4.548,4.536,4.538,36529.5,2026-08-12 13:00:00
4.537,4.557,4.537,4.54,36631.0,2026-08-12 13:15:00
4.54,4.557,4.54,4.55,37377.1,2026-08-12 13:30:00
4.549,4.555,4.521,4.525,72472.6,2026-08-12 13:45:00
4.524,4.53,4.513,4.517,67828.1,2026-08-12 14:00:00
4.516,4.524,4.507,4.516,44053.1,2026-08-12 14:15:00
4.515,4.533,4.51,4.531,63429.7,2026-08-12 14:30:00
4.531,4.544,4.527,4.531,34223.9,2026-08-12 14:45:00
4.531,4.57,4.528,4.56,72414.0,2026-08-12 15:00:00
4.56,4.571,4.558,4.565,38869.4,2026-08-12 15:15:00
4.566,4.584,4.553,4.574,51793.8,2026-08-12 15:30:00
4.575,4.576,4.555,4.566,40954.3,2026-08-12 15:45:00
4.567,4.567,4.553,4.559,36478.4,2026-08-12 16:00:00
4.56,4.582,4.559,4.561,68855.3,2026-08-12 16:15:00
4.561,4.561,4.542,4.552,29110.6,2026-08-12 16:30:00
4.552,4.578,4.551,4.575,37494.2,2026-08-12 16:45:00
4.576,4.594,4.575,4.593,29197.7,2026-08-12 17:00:00
4.594,4.6,4.586,4.597,42602.0,2026-08-12 17:15:00
4.597,4.609,4.589,4.604,46500.5,2026-08-12 17:30:00
4.605,4.613,4.603,4.605,19690.3,2026-08-12 17:45:00
4.606,4.614,4.6,4.608,58031.2,2026-08-12 18:00:00
4.609,4.611,4.603,4.607,39328.4,2026-08-12 18:15:00
4.608,4.619,4.607,4.61,30215.3,2026-08-12 18:30:00
4.609,4.615,4.607,4.61,24594.2,2026-08-12 18:45:00
4.611,4.614,4.598,4.602,36462.2,2026-08-12 19:00:00
4.603,4.609,4.598,4.606,20476.4,2026-08-12 19:15:00
4.605,4.61,4.6,4.603,13804.3,2026-08-12 19:30:00
4.603,4.623,4.601,4.621,20787.1,2026-08-12 19:45:00
4.621,4.633,4.611,4.615,69628.8,2026-08-12 20:00:00
4.616,4.616,4.602,4.613,32518.4,2026-08-12 20:15:00
4.614,4.642,4.613,4.64,50304.9,2026-08-12 20:30:00
4.64,4.658,4.634,4.64,85742.2,2026-08-12 20:45:00
4.641,4.65,4.631,4.64,35885.4,2026-08-12 21:00:00
4.64,4.64,4.61,4.616,41030.6,2026-08-12 21:15:00
4.616,4.631,4.603,4.631,29045.4,2026-08-12 21:30:00
4.631,4.633,4.589,4.595,42230.2,2026-08-12 21:45:00
4.595,4.599,4.577,4.592,51543.9,2026-08-12 22:00:00
4.592,4.596,4.581,4.585,20420.4,2026-08-12 22:15:00
4.585,4.606,4.582,4.606,36943.1,2026-08-12 22:30:00
4.605,4.619,4.6,4.619,21428.2,2026-08-12 22:45:00
4.619,4.626,4.608,4.625,32972.7,2026-08-12 23:00:00
4.625,4.629,4.611,4.623,23915.2,2026-08-12 23:15:00
4.624,4.634,4.619,4.629,47271.4,2026-08-12 23:30:00
4.629,4.637,4.615,4.623,17775.1,2026-08-12 23:45:00
4.622,4.663,4.622,4.643,114574.4,2026-08-13 00:00:00
4.643,4.654,4.637,4.649,28172.5,2026-08-13 00:15:00
4.649,4.658,4.644,4.652,26449.3,2026-08-13 00:30:00
4.652,4.666,4.643,4.658,24837.3,2026-08-13 00:45:00
4.659,4.667,4.653,4.665,24184.7,2026-08-13 01:00:00
4.665,4.666,4.646,4.655,26512.9,2026-08-13 01:15:00
4.656,4.663,4.655,4.655,12573.2,2026-08-13 01:30:00
4.655,4.676,4.653,4.654,47877.9,2026-08-13 01:45:00
4.653,4.664,4.642,4.663,32644.5,2026-08-13 02:00:00
4.664,4.672,4.662,4.666,15688.7,2026-08-13 02:15:00
4.667,4.667,4.651,4.659,17498.7,2026-08-13 02:30:00
4.66,4.673,4.659,4.673,9845.1,2026-08-13 02:45:00
4.673,4.677,4.657,4.665,36999.7,2026-08-13 03:00:00
4.666,4.684,4.661,4.679,63737.7,2026-08-13 03:15:00
4.679,4.682,4.669,4.677,23872.6,2026-08-13 03:30:00
4.677,4.684,4.676,4.681,22219.9,2026-08-13 03:45:00
4.681,4.685,4.667,4.675,32829.4,2026-08-13 04:00:00
4.675,4.677,4.653,4.661,43449.4,2026-08-13 04:15:00
4.661,4.686,4.659,4.678,35734.1,2026-08-13 04:30:00
4.678,4.681,4.667,4.668,23281.5,2026-08-13 04:45:00
4.668,4.668,4.626,4.629,78690.2,2026-08-13 05:00:00
4.629,4.634,4.623,4.634,23376.0,2026-08-13 05:15:00
4.633,4.633,4.622,4.626,17868.2,2026-08-13 05:30:00
4.626,4.628,4.617,4.62,11540.3,2026-08-13 05:45:00
4.621,4.621,4.602,4.614,41895.2,2026-08-13 06:00:00
4.613,4.613,4.606,4.608,6465.1,2026-08-13 06:15:00
4.608,4.625,4.606,4.621,29625.3,2026-08-13 06:30:00
4.621,4.629,4.608,4.615,37343.2,2026-08-13 06:45:00
4.616,4.625,4.613,4.619,17613.7,2026-08-13 07:00:00
4.62,4.638,4.617,4.637,29737.3,2026-08-13 07:15:00
4.636,4.64,4.603,4.61,20935.6,2026-08-13 07:30:00
4.61,4.612,4.585,4.594,71914.4,2026-08-13 07:45:00
4.594,4.594,4.556,4.565,88623.3,2026-08-13 08:00:00
4.564,4.58,4.564,4.57,51906.1,2026-08-13 08:15:00
4.57,4.571,4.565,4.569,13117.7,2026-08-13 08:30:00
4.568,4.569,4.557,4.567,17939.9,2026-08-13 08:45:00
4.568,4.568,4.542,4.545,46774.1,2026-08-13 09:00:00
4.545,4.551,4.539,4.541,32883.9,2026-08-13 09:15:00
4.542,4.56,4.541,4.558,30773.1,2026-08-13 09:30:00
4.558,4.58,4.558,4.576,41960.3,2026-08-13 09:45:00
4.577,4.591,4.575,4.59,31665.8,2026-08-13 10:00:00
4.591,4.608,4.588,4.605,30399.5,2026-08-13 10:15:00
4.605,4.609,4.557,4.57,155356.9,2026-08-13 10:30:00
4.57,4.586,4.568,4.573,141618.7,2026-08-13 10:45:00
4.573,4.578,4.565,4.569,20708.2,2026-08-13 11:00:00
4.569,4.577,4.558,4.573,22481.6,2026-08-13 11:15:00
4.572,4.576,4.534,4.536,85190.4,2026-08-13 11:30:00
4.536,4.56,4.535,4.556,30025.2,2026-08-13 11:45:00
4.555,4.578,4.545,4.57,69581.0,2026-08-13 12:00:00
4.57,4.6,4.568,4.591,70949.9,2026-08-13 12:15:00
4.591,4.6,4.588,4.593,28986.4,2026-08-13 12:30:00
4.593,4.599,4.591,4.596,11378.0,2026-08-13 12:45:00
4.597,4.602,4.591,4.591,36685.2,2026-08-13 13:00:00
4.592,4.603,4.586,4.587,38880.1,2026-08-13 13:15:00
4.586,4.596,4.578,4.595,53459.4,2026-08-13 13:30:00
4.595,4.614,4.59,4.607,57265.4,2026-08-13 13:45:00
4.607,4.622,4.605,4.619,46166.3,2026-08-13 14:00:00
4.62,4.641,4.619,4.63,49509.0,2026-08-13 14:15:00
4.631,4.647,4.624,4.63,54254.7,2026-08-13 14:30:00
4.63,4.64,4.626,4.631,22535.3,2026-08-13 14:45:00
4.632,4.641,4.62,4.633,36972.3,2026-08-13 15:00:00
4.632,4.643,4.621,4.628,42214.3,2026-08-13 15:15:00
4.628,4.644,4.624,4.643,31414.7,2026-08-13 15:30:00
4.642,4.643,4.623,4.626,30770.4,2026-08-13 15:45:00
4.625,4.635,4.615,4.628,52764.1,2026-08-13 16:00:00
4.627,4.634,4.606,4.614,85099.0,2026-08-13 16:15:00
4.614,4.615,4.577,4.597,110861.2,2026-08-13 16:30:00
4.596,4.608,4.588,4.594,31983.1,2026-08-13 16:45:00
4.594,4.609,4.59,4.602,18617.1,2026-08-13 17:00:00
4.602,4.621,4.602,4.618,24603.7,2026-08-13 17:15:00
4.617,4.629,4.617,4.628,20977.8,2026-08-13 17:30:00
4.628,4.634,4.619,4.627,31153.8,2026-08-13 17:45:00
4.627,4.634,4.612,4.613,21708.6,2026-08-13 18:00:00
4.613,4.627,4.612,4.615,18053.9,2026-08-13 18:15:00
4.614,4.627,4.613,4.627,14756.8,2026-08-13 18:30:00
4.626,4.634,4.621,4.622,25737.1,2026-08-13 18:45:00
4.622,4.638,4.622,4.625,23357.6,2026-08-13 19:00:00
4.624,4.628,4.612,4.62,24531.2,2026-08-13 19:15:00
4.619,4.623,4.614,4.622,9812.9,2026-08-13 19:30:00
4.622,4.623,4.606,4.61,25080.3,2026-08-13 19:45:00
4.609,4.618,4.607,4.614,16765.0,2026-08-13 20:00:00
4.613,4.616,4.604,4.613,17734.2,2026-08-13 20:15:00
4.613,4.623,4.608,4.622,21042.3,2026-08-13 20:30:00
4.621,4.627,4.618,4.622,12056.6,2026-08-13 20:45:00
4.623,4.63,4.609,4.615,18669.0,2026-08-13 21:00:00
4.615,4.617,4.609,4.616,9917.7,2026-08-13 21:15:00
4.615,4.619,4.61,4.614,8103.3,2026-08-13 21:30:00
4.613,4.617,4.61,4.612,6946.1,2026-08-13 21:45:00
4.612,4.62,4.605,4.62,16568.3,2026-08-13 22:00:00
4.62,4.632,4.616,4.632,14606.5,2026-08-13 22:15:00
4.631,4.636,4.629,4.631,20246.7,2026-08-13 22:30:00
4.63,4.632,4.621,4.623,21670.1,2026-08-13 22:45:00
4.623,4.629,4.62,4.627,11081.8,2026-08-13 23:00:00
4.627,4.629,4.621,4.623,9443.6,2026-08-13 23:15:00
4.624,4.627,4.619,4.623,11547.8,2026-08-13 23:30:00
4.622,4.622,4.606,4.608,18647.7,2026-08-13 23:45:00
4.608,4.617,4.604,4.606,34956.7,2026-08-14 00:00:00
4.606,4.611,4.593,4.597,21154.8,2026-08-14 00:15:00
4.597,4.598,4.588,4.589,21935.2,2026-08-14 00:30:00
4.589,4.59,4.58,4.583,23224.8,2026-08-14 00:45:00
4.582,4.6,4.577,4.591,25318.4,2026-08-14 01:00:00
4.591,4.594,4.578,4.579,17157.9,2026-08-14 01:15:00
4.579,4.583,4.575,4.58,20528.0,2026-08-14 01:30:00
4.58,4.581,4.551,4.56,53933.1,2026-08-14 01:45:00
4.561,4.569,4.555,4.56,45923.4,2026-08-14 02:00:00
4.56,4.573,4.551,4.556,66739.2,2026-08-14 02:15:00
4.555,4.568,4.555,4.566,19139.7,2026-08-14 02:30:00
4.566,4.573,4.56,4.561,12803.0,2026-08-14 02:45:00
4.561,4.567,4.547,4.552,33340.5,2026-08-14 03:00:00
4.552,4.563,4.546,4.553,42052.3,2026-08-14 03:15:00
4.554,4.561,4.54,4.557,37281.5,2026-08-14 03:30:00
4.558,4.558,4.524,4.533,47198.8,2026-08-14 03:45:00
4.533,4.544,4.524,4.535,24912.6,2026-08-14 04:00:00
4.536,4.551,4.536,4.549,21942.2,2026-08-14 04:15:00
4.548,4.559,4.547,4.549,39869.2,2026-08-14 04:30:00
4.549,4.55,4.541,4.542,14625.0,2026-08-14 04:45:00
4.542,4.548,4.529,4.545,67184.0,2026-08-14 05:00:00
4.546,4.574,4.545,4.57,33501.9,2026-08-14 05:15:00
4.57,4.579,4.561,4.566,32259.7,2026-08-14 05:30:00
4.566,4.572,4.562,4.567,7758.7,2026-08-14 05:45:00
4.568,4.57,4.544,4.554,38822.7,2026-08-14 06:00:00
4.555,4.555,4.546,4.549,22225.6,2026-08-14 06:15:00
4.549,4.557,4.546,4.546,10730.1,2026-08-14 06:30:00
4.547,4.557,4.545,4.55,15495.8,2026-08-14 06:45:00
4.551,4.562,4.548,4.555,15159.9,2026-08-14 07:00:00
4.555,4.555,4.534,4.534,30410.8,2026-08-14 07:15:00
4.535,4.537,4.513,4.518,68938.2,2026-08-14 07:30:00
4.519,4.527,4.484,4.495,120977.5,2026-08-14 07:45:00
4.496,4.507,4.487,4.5,52126.8,2026-08-14 08:00:00
4.501,4.513,4.497,4.512,34596.6,2026-08-14 08:15:00
4.512,4.536,4.503,4.517,83748.2,2026-08-14 08:30:00
4.517,4.521,4.508,4.512,23416.0,2026-08-14 08:45:00
4.513,4.526,4.506,4.521,46642.8,2026-08-14 09:00:00
4.521,4.524,4.498,4.498,24184.7,2026-08-14 09:15:00
4.498,4.5,4.487,4.492,38427.7,2026-08-14 09:30:00
4.492,4.498,4.489,4.491,11651.6,2026-08-14 09:45:00
4.491,4.499,4.485,4.49,39498.8,2026-08-14 10:00:00
4.49,4.494,4.486,4.491,24426.1,2026-08-14 10:15:00
4.492,4.494,4.486,4.486,14525.3,2026-08-14 10:30:00
4.486,4.49,4.482,4.485,20030.4,2026-08-14 10:45:00
4.486,4.486,4.433,4.445,188006.6,2026-08-14 11:00:00
4.446,4.448,4.405,4.414,112201.5,2026-08-14 11:15:00
4.414,4.44,4.409,4.428,98110.4,2026-08-14 11:30:00
4.428,4.436,4.423,4.424,29548.5,2026-08-14 11:45:00
4.425,4.43,4.405,4.419,118863.3,2026-08-14 12:00:00
4.419,4.42,4.396,4.398,52469.8,2026-08-14 12:15:00
4.398,4.424,4.382,4.395,134240.1,2026-08-14 12:30:00
4.395,4.398,4.384,4.397,29136.4,2026-08-14 12:45:00
4.397,4.412,4.395,4.412,50275.6,2026-08-14 13:00:00
4.412,4.417,4.402,4.41,22211.7,2026-08-14 13:15:00
4.41,4.419,4.405,4.412,22141.3,2026-08-14 13:30:00
4.411,4.418,4.406,4.412,24060.5,2026-08-14 13:45:00
4.413,4.424,4.409,4.41,45494.8,2026-08-14 14:00:00
4.411,4.412,4.4,4.408,21250.7,2026-08-14 14:15:00
4.409,4.413,4.405,4.41,16635.6,2026-08-14 14:30:00
4.411,4.423,4.215,4.229,1030623.9,2026-08-14 14:45:00
4.229,4.246,4.154,4.173,522265.6,2026-08-14 15:00:00
4.173,4.198,4.155,4.197,227182.7,2026-08-14 15:15:00
4.197,4.273,4.181,4.231,452055.5,2026-08-14 15:30:00
4.232,4.259,4.212,4.221,203105.8,2026-08-14 15:45:00
4.221,4.249,4.213,4.247,200184.2,2026-08-14 16:00:00
4.248,4.28,4.215,4.276,153308.9,2026-08-14 16:15:00
4.275,4.295,4.266,4.284,117585.2,2026-08-14 16:30:00
4.284,4.297,4.262,4.283,116585.0,2026-08-14 16:45:00
4.284,4.32,4.284,4.309,121744.5,2026-08-14 17:00:00
4.31,4.331,4.294,4.302,105442.0,2026-08-14 17:15:00
4.302,4.304,4.265,4.274,101190.8,2026-08-14 17:30:00
4.275,4.289,4.256,4.287,81630.8,2026-08-14 17:45:00
4.288,4.314,4.288,4.299,71138.4,2026-08-14 18:00:00
4.3,4.337,4.299,4.336,73090.5,2026-08-14 18:15:00
4.337,4.347,4.291,4.309,158737.4,2026-08-14 18:30:00
4.31,4.313,4.23,4.26,431083.7,2026-08-14 18:45:00
4.26,4.26,4.243,4.243,54861.4,2026-08-14 19:00:00
4.243,4.293,4.243,4.283,79201.7,2026-08-14 19:15:00
4.283,4.294,4.276,4.283,51763.9,2026-08-14 19:30:00
4.284,4.294,4.283,4.287,20968.3,2026-08-14 19:45:00
4.288,4.298,4.285,4.289,29472.8,2026-08-14 20:00:00
4.289,4.302,4.284,4.295,31898.2,2026-08-14 20:15:00
4.295,4.298,4.286,4.287,24255.1,2026-08-14 20:30:00
4.286,4.288,4.265,4.266,19446.7,2026-08-14 20:45:00
4.265,4.271,4.256,4.258,29201.6,2026-08-14 21:00:00
4.258,4.258,4.24,4.243,16801.9,2026-08-14 21:15:00
4.243,4.25,4.232,4.237,36349.2,2026-08-14 21:30:00
4.237,4.239,4.221,4.227,34785.8,2026-08-14 21:45:00
4.226,4.229,4.208,4.208,49285.7,2026-08-14 22:00:00
4.208,4.217,4.201,4.212,31306.4,2026-08-14 22:15:00
4.212,4.214,4.206,4.211,20895.9,2026-08-14 22:30:00
4.21,4.213,4.193,4.21,35839.2,2026-08-14 22:45:00
4.209,4.228,4.204,4.223,57001.9,2026-08-14 23:00:00
4.224,4.252,4.211,4.251,38850.7,2026-08-14 23:15:00
4.251,4.267,4.237,4.267,45710.1,2026-08-14 23:30:00
4.267,4.283,4.26,4.271,44408.6,2026-08-14 23:45:00
4.271,4.29,4.264,4.283,96847.5,2026-08-15 00:00:00
4.283,4.286,4.269,4.284,25669.5,2026-08-15 00:15:00
4.283,4.285,4.271,4.272,24504.4,2026-08-15 00:30:00
4.272,4.278,4.266,4.267,23236.2,2026-08-15 00:45:00
4.266,4.274,4.25,4.26,52595.9,2026-08-15 01:00:00
4.259,4.259,4.238,4.255,42967.3,2026-08-15 01:15:00
4.255,4.255,4.237,4.242,39320.2,2026-08-15 01:30:00
4.242,4.255,4.238,4.248,50790.8,2026-08-15 01:45:00
4.247,4.26,4.234,4.239,38176.4,2026-08-15 02:00:00
4.239,4.249,4.237,4.239,23412.7,2026-08-15 02:15:00
4.239,4.249,4.237,4.241,20645.0,2026-08-15 02:30:00
4.241,4.246,4.232,4.245,63813.6,2026-08-15 02:45:00
4.244,4.26,4.244,4.246,39886.9,2026-08-15 03:00:00
4.246,4.25,4.226,4.227,28555.0,2026-08-15 03:15:00
4.228,4.234,4.222,4.233,36157.3,2026-08-15 03:30:00
4.232,4.24,4.232,4.236,14270.5,2026-08-15 03:45:00
4.235,4.245,4.235,4.242,27926.3,2026-08-15 04:00:00
4.243,4.246,4.231,4.242,54013.9,2026-08-15 04:15:00
4.242,4.243,4.231,4.243,18900.5,2026-08-15 04:30:00
4.243,4.244,4.224,4.226,25602.5,2026-08-15 04:45:00
4.225,4.227,4.215,4.216,29569.8,2026-08-15 05:00:00
4.217,4.22,4.206,4.206,34951.4,2026-08-15 05:15:00
4.205,4.218,4.201,4.213,42687.3,2026-08-15 05:30:00
4.212,4.217,4.205,4.211,23291.0,2026-08-15 05:45:00
4.21,4.215,4.195,4.199,85442.8,2026-08-15 06:00:00
4.198,4.207,4.183,4.186,47732.8,2026-08-15 06:15:00
4.185,4.189,4.175,4.181,44126.0,2026-08-15 06:30:00
4.181,4.191,4.18,4.186,25867.7,2026-08-15 06:45:00
4.186,4.195,4.174,4.184,81743.5,2026-08-15 07:00:00
4.183,4.194,4.182,4.194,71305.3,2026-08-15 07:15:00
4.194,4.199,4.173,4.176,68955.9,2026-08-15 07:30:00
4.177,4.186,4.162,4.181,118231.6,2026-08-15 07:45:00
4.181,4.195,4.162,4.195,97207.5,2026-08-15 08:00:00
4.194,4.215,4.189,4.204,65411.7,2026-08-15 08:15:00
4.204,4.205,4.186,4.19,43086.2,2026-08-15 08:30:00
4.19,4.192,4.184,4.185,19503.7,2026-08-15 08:45:00
4.185,4.188,4.178,4.186,44569.5,2026-08-15 09:00:00
4.186,4.19,4.179,4.182,24202.8,2026-08-15 09:15:00
4.183,4.196,4.183,4.19,21185.0,2026-08-15 09:30:00
4.19,4.192,4.183,4.187,14299.5,2026-08-15 09:45:00
4.187,4.189,4.179,4.187,21466.5,2026-08-15 10:00:00
4.187,4.205,4.186,4.201,24418.2,2026-08-15 10:15:00
4.201,4.203,4.193,4.201,29136.7,2026-08-15 10:30:00
4.202,4.204,4.192,4.2,29068.1,2026-08-15 10:45:00
4.2,4.204,4.182,4.186,45493.5,2026-08-15 11:00:00
4.187,4.19,4.18,4.18,21036.6,2026-08-15 11:15:00
4.18,4.185,4.176,4.183,35070.2,2026-08-15 11:30:00
4.183,4.184,4.168,4.172,48419.8,2026-08-15 11:45:00
4.172,4.182,4.168,4.172,43201.0,2026-08-15 12:00:00
4.172,4.177,4.168,4.173,21352.3,2026-08-15 12:15:00
4.173,4.176,4.166,4.168,27702.5,2026-08-15 12:30:00
4.169,4.196,4.167,4.196,105642.1,2026-08-15 12:45:00
4.196,4.205,4.188,4.191,48855.7,2026-08-15 13:00:00
4.192,4.192,4.177,4.177,21798.9,2026-08-15 13:15:00
4.177,4.181,4.172,4.176,27099.3,2026-08-15 13:30:00
4.176,4.177,4.172,4.176,20098.1,2026-08-15 13:45:00
4.176,4.194,4.176,4.187,60106.4,2026-08-15 14:00:00
4.187,4.191,4.107,4.126,435635.5,2026-08-15 14:15:00
4.126,4.141,4.123,4.138,84806.0,2026-08-15 14:30:00
4.139,4.152,4.134,4.148,63039.4,2026-08-15 14:45:00
4.148,4.171,4.143,4.161,69064.1,2026-08-15 15:00:00
4.162,4.167,4.154,4.157,49492.5,2026-08-15 15:15:00
4.157,4.187,4.157,4.179,42992.6,2026-08-15 15:30:00
4.18,4.198,4.177,4.196,63077.3,2026-08-15 15:45:00
4.196,4.218,4.194,4.213,111549.8,2026-08-15 16:00:00
4.212,4.238,4.202,4.203,128057.7,2026-08-15 16:15:00
4.203,4.206,4.187,4.194,41266.3,2026-08-15 16:30:00
4.195,4.195,4.187,4.187,18834.0,2026-08-15 16:45:00
4.187,4.203,4.186,4.199,29324.8,2026-08-15 17:00:00
4.199,4.202,4.186,4.189,23308.7,2026-08-15 17:15:00
4.19,4.201,4.184,4.199,15764.0,2026-08-15 17:30:00
4.199,4.203,4.188,4.201,25540.3,2026-08-15 17:45:00
4.201,4.204,4.191,4.194,37290.6,2026-08-15 18:00:00
4.195,4.197,4.183,4.188,25469.0,2026-08-15 18:15:00
4.187,4.193,4.183,4.19,16066.4,2026-08-15 18:30:00
4.19,4.191,4.173,4.176,36396.7,2026-08-15 18:45:00
4.176,4.177,4.17,4.171,11147.9,2026-08-15 19:00:00
4.171,4.187,4.17,4.18,20907.9,2026-08-15 19:15:00
4.18,4.185,4.178,4.182,12088.5,2026-08-15 19:30:00
4.183,4.189,4.181,4.184,16623.9,2026-08-15 19:45:00
4.184,4.188,4.177,4.177,15612.5,2026-08-15 20:00:00
4.178,4.179,4.171,4.176,15340.7,2026-08-15 20:15:00
4.176,4.182,4.174,4.18,13802.4,2026-08-15 20:30:00
4.18,4.18,4.167,4.175,19931.5,2026-08-15 20:45:00
4.175,4.181,4.175,4.178,13002.9,2026-08-15 21:00:00
4.179,4.183,4.175,4.181,12104.6,2026-08-15 21:15:00
4.182,4.182,4.171,4.176,13692.6,2026-08-15 21:30:00
4.176,4.181,4.163,4.172,25723.5,2026-08-15 21:45:00
4.172,4.177,4.169,4.176,27206.0,2026-08-15 22:00:00
4.177,4.178,4.168,4.17,17223.6,2026-08-15 22:15:00
4.171,4.174,4.159,4.162,28087.7,2026-08-15 22:30:00
4.163,4.165,4.137,4.145,76911.8,2026-08-15 22:45:00
4.144,4.166,4.139,4.165,40949.3,2026-08-15 23:00:00
4.165,4.167,4.157,4.16,16107.5,2026-08-15 23:15:00
4.161,4.169,4.16,4.165,16862.5,2026-08-15 23:30:00
4.166,4.169,4.165,4.168,7577.5,2026-08-15 23:45:00
4.169,4.183,4.168,4.179,72951.6,2026-08-16 00:00:00
4.179,4.213,4.175,4.209,62001.2,2026-08-16 00:15:00
4.209,4.219,4.205,4.212,35706.1,2026-08-16 00:30:00
4.213,4.217,4.207,4.213,24989.9,2026-08-16 00:45:00
4.213,4.219,4.185,4.19,42753.4,2026-08-16 01:00:00
4.19,4.194,4.178,4.18,23914.6,2026-08-16 01:15:00
4.18,4.181,4.167,4.181,57591.9,2026-08-16 01:30:00
4.181,4.181,4.176,4.179,13632.3,2026-08-16 01:45:00
4.178,4.181,4.171,4.181,18612.3,2026-08-16 02:00:00
4.181,4.181,4.17,4.178,19883.1,2026-08-16 02:15:00
4.178,4.183,4.158,4.163,27459.0,2026-08-16 02:30:00
4.164,4.166,4.157,4.164,16110.4,2026-08-16 02:45:00
4.164,4.173,4.159,4.164,20951.0,2026-08-16 03:00:00
4.164,4.165,4.16,4.162,12326.6,2026-08-16 03:15:00
4.163,4.175,4.162,4.166,15204.6,2026-08-16 03:30:00
4.167,4.169,4.155,4.16,13622.1,2026-08-16 03:45:00
4.159,4.161,4.155,4.16,14973.5,2026-08-16 04:00:00
4.159,4.174,4.159,4.169,33872.1,2026-08-16 04:15:00
4.169,4.177,4.163,4.177,16496.7,2026-08-16 04:30:00
4.177,4.186,4.172,4.186,14034.9,2026-08-16 04:45:00
4.186,4.187,4.173,4.173,23416.1,2026-08-16 05:00:00
4.174,4.179,4.174,4.177,7985.7,2026-08-16 05:15:00
4.178,4.178,4.167,4.167,30511.7,2026-08-16 05:30:00
4.168,4.171,4.164,4.166,10148.4,2026-08-16 05:45:00
4.166,4.171,4.157,4.158,15752.4,2026-08-16 06:00:00
4.159,4.16,4.056,4.094,519434.8,2026-08-16 06:15:00
4.093,4.112,4.089,4.103,109254.4,2026-08-16 06:30:00
4.102,4.106,4.084,4.091,48070.5,2026-08-16 06:45:00
4.091,4.113,4.088,4.107,49587.0,2026-08-16 07:00:00
4.108,4.12,4.105,4.118,35358.6,2026-08-16 07:15:00
4.119,4.127,4.114,4.12,47458.5,2026-08-16 07:30:00
4.121,4.13,4.121,4.129,10902.7,2026-08-16 07:45:00
4.128,4.132,4.115,4.116,33041.2,2026-08-16 08:00:00
4.117,4.124,4.109,4.116,43074.3,2026-08-16 08:15:00
4.116,4.118,4.109,4.111,16415.2,2026-08-16 08:30:00
4.111,4.112,4.104,4.106,24211.4,2026-08-16 08:45:00
4.106,4.107,4.089,4.091,65491.0,2026-08-16 09:00:00
4.09,4.105,4.089,4.104,66070.5,2026-08-16 09:15:00
4.105,4.107,4.098,4.099,26803.8,2026-08-16 09:30:00
4.099,4.109,4.099,4.103,24207.5,2026-08-16 09:45:00
4.103,4.106,4.097,4.097,26733.3,2026-08-16 10:00:00
4.098,4.098,4.052,4.066,162241.6,2026-08-16 10:15:00
4.066,4.069,4.06,4.06,50490.5,2026-08-16 10:30:00
4.06,4.072,4.06,4.069,28263.8,2026-08-16 10:45:00
4.069,4.089,4.067,4.088,37785.5,2026-08-16 11:00:00
4.089,4.103,4.089,4.1,34704.6,2026-08-16 11:15:00
4.101,4.108,4.098,4.1,25151.8,2026-08-16 11:30:00
4.101,4.107,4.101,4.103,15442.3,2026-08-16 11:45:00
4.103,4.109,4.101,4.104,25457.0,2026-08-16 12:00:00
4.105,4.118,4.104,4.11,26331.4,2026-08-16 12:15:00
4.111,4.12,4.107,4.117,35844.9,2026-08-16 12:30:00
4.117,4.118,4.112,4.112,8714.8,2026-08-16 12:45:00
4.112,4.12,4.11,4.111,20257.0,2026-08-16 13:00:00
4.111,4.117,4.11,4.11,9362.3,2026-08-16 13:15:00
4.11,4.117,4.103,4.106,47402.1,2026-08-16 13:30:00
4.105,4.109,4.103,4.104,10703.9,2026-08-16 13:45:00
4.103,4.112,4.102,4.11,15197.0,2026-08-16 14:00:00
4.11,4.117,4.108,4.112,24596.0,2026-08-16 14:15:00
4.112,4.12,4.112,4.117,21188.7,2026-08-16 14:30:00
4.117,4.13,4.116,4.124,47416.2,2026-08-16 14:45:00
4.124,4.126,4.118,4.12,18704.9,2026-08-16 15:00:00
4.119,4.128,4.119,4.128,11552.9,2026-08-16 15:15:00
4.128,4.136,4.122,4.124,25153.1,2026-08-16 15:30:00
4.125,4.133,4.125,4.131,13015.8,2026-08-16 15:45:00
4.131,4.132,4.12,4.125,29555.1,2026-08-16 16:00:00
4.124,4.145,4.123,4.136,71204.0,2026-08-16 16:15:00
4.136,4.138,4.104,4.108,54037.6,2026-08-16 16:30:00
4.107,4.108,4.098,4.1,44837.4,2026-08-16 16:45:00
4.099,4.115,4.085,4.096,195808.3,2026-08-16 17:00:00
4.095,4.137,4.095,4.126,301555.5,2026-08-16 17:15:00
4.127,4.153,4.127,4.144,96545.0,2026-08-16 17:30:00
4.145,4.147,4.134,4.137,74925.4,2026-08-16 17:45:00
4.137,4.141,4.122,4.129,42107.2,2026-08-16 18:00:00
4.128,4.131,4.117,4.12,24511.6,2026-08-16 18:15:00
4.119,4.13,4.111,4.116,35725.6,2026-08-16 18:30:00
4.116,4.122,4.1,4.106,35940.2,2026-08-16 18:45:00
4.105,4.12,4.105,4.11,41566.3,2026-08-16 19:00:00
4.109,4.117,4.104,4.112,19878.2,2026-08-16 19:15:00
4.112,4.113,4.1,4.1,15442.9,2026-08-16 19:30:00
4.101,4.106,4.1,4.105,14335.2,2026-08-16 19:45:00
4.104,4.108,4.095,4.101,35486.3,2026-08-16 20:00:00
4.101,4.104,4.091,4.092,24639.3,2026-08-16 20:15:00
4.091,4.097,4.073,4.08,62217.3,2026-08-16 20:30:00
4.08,4.082,4.066,4.069,51144.4,2026-08-16 20:45:00
4.069,4.073,4.046,4.056,152878.2,2026-08-16 21:00:00
4.055,4.069,4.052,4.066,32201.2,2026-08-16 21:15:00
4.065,4.078,4.035,4.051,142032.1,2026-08-16 21:30:00
4.05,4.059,4.031,4.043,52372.3,2026-08-16 21:45:00
4.043,4.051,4.032,4.045,54801.5,2026-08-16 22:00:00
4.045,4.064,4.045,4.059,62839.1,2026-08-16 22:15:00
4.058,4.078,4.055,4.078,64877.9,2026-08-16 22:30:00
4.077,4.079,4.066,4.074,24355.0,2026-08-16 22:45:00
4.073,4.079,4.068,4.069,18509.5,2026-08-16 23:00:00
4.068,4.078,4.064,4.071,62909.8,2026-08-16 23:15:00
4.07,4.086,4.069,4.079,68410.8,2026-08-16 23:30:00
4.079,4.082,4.074,4.08,20459.9,2026-08-16 23:45:00
4.08,4.086,4.074,4.076,59048.2,2026-08-17 00:00:00
4.077,4.087,4.073,4.084,32674.1,2026-08-17 00:15:00
4.083,4.089,4.065,4.078,23526.9,2026-08-17 00:30:00
4.077,4.078,4.068,4.078,16646.5,2026-08-17 00:45:00
4.077,4.092,4.074,4.077,60392.4,2026-08-17 01:00:00
4.077,4.095,4.072,4.093,81752.2,2026-08-17 01:15:00
4.093,4.098,4.083,4.089,37422.1,2026-08-17 01:30:00
4.09,4.091,4.073,4.074,28352.7,2026-08-17 01:45:00
4.075,4.077,4.069,4.075,22309.6,2026-08-17 02:00:00
4.075,4.088,4.074,4.082,28326.3,2026-08-17 02:15:00
4.082,4.105,4.077,4.1,67323.3,2026-08-17 02:30:00
4.101,4.15,4.101,4.142,164604.1,2026-08-17 02:45:00
4.143,4.152,4.134,4.15,38679.8,2026-08-17 03:00:00
4.15,4.151,4.134,4.139,30496.5,2026-08-17 03:15:00
4.139,4.146,4.137,4.14,22086.9,2026-08-17 03:30:00
4.139,4.16,4.136,4.148,44765.1,2026-08-17 03:45:00
4.148,4.161,4.148,4.157,41153.0,2026-08-17 04:00:00
4.157,4.168,4.156,4.164,29652.1,2026-08-17 04:15:00
4.165,4.175,4.146,4.168,62571.3,2026-08-17 04:30:00
4.169,4.172,4.154,4.16,49450.1,2026-08-17 04:45:00
4.16,4.175,4.156,4.174,25405.1,2026-08-17 05:00:00
4.174,4.175,4.159,4.169,27789.3,2026-08-17 05:15:00
4.169,4.172,4.155,4.169,37238.8,2026-08-17 05:30:00
4.169,4.169,4.155,4.164,40672.6,2026-08-17 05:45:00
4.164,4.185,4.162,4.18,84079.5,2026-08-17 06:00:00
4.18,4.183,4.162,4.165,70912.7,2026-08-17 06:15:00
4.166,4.174,4.149,4.156,43115.3,2026-08-17 06:30:00
4.155,4.172,4.152,4.164,55622.1,2026-08-17 06:45:00
4.164,4.172,4.155,4.159,52527.7,2026-08-17 07:00:00
4.159,4.159,4.151,4.156,29879.5,2026-08-17 07:15:00
4.157,4.189,4.157,4.182,123673.1,2026-08-17 07:30:00
4.182,4.183,4.168,4.171,25562.2,2026-08-17 07:45:00
4.171,4.174,4.072,4.082,484151.0,2026-08-17 08:00:00
4.081,4.084,4.062,4.077,163873.8,2026-08-17 08:15:00
4.076,4.097,4.075,4.089,66330.6,2026-08-17 08:30:00
4.089,4.098,4.085,4.085,54486.6,2026-08-17 08:45:00
4.086,4.098,4.085,4.09,44682.1,2026-08-17 09:00:00
4.09,4.099,4.086,4.097,31537.6,2026-08-17 09:15:00
4.098,4.101,4.093,4.094,23276.1,2026-08-17 09:30:00
4.094,4.1,4.089,4.099,24904.4,2026-08-17 09:45:00
4.099,4.103,4.098,4.102,27608.4,2026-08-17 10:00:00
4.102,4.112,4.095,4.112,22177.1,2026-08-17 10:15:00
4.111,4.118,4.106,4.113,29058.9,2026-08-17 10:30:00
4.113,4.115,4.103,4.112,20251.1,2026-08-17 10:45:00
4.112,4.116,4.109,4.111,20132.7,2026-08-17 11:00:00
4.112,4.115,4.101,4.108,36352.9,2026-08-17 11:15:00
4.108,4.121,4.102,4.114,49336.2,2026-08-17 11:30:00
4.113,4.118,4.099,4.101,22857.6,2026-08-17 11:45:00
4.1,4.106,4.083,4.099,75979.4,2026-08-17 12:00:00
4.098,4.103,4.093,4.102,31874.1,2026-08-17 12:15:00
4.102,4.108,4.095,4.101,39297.9,2026-08-17 12:30:00
4.101,4.119,4.097,4.119,40272.3,2026-08-17 12:45:00
4.119,4.126,4.099,4.109,51239.3,2026-08-17 13:00:00
4.109,4.115,4.096,4.114,36824.0,2026-08-17 13:15:00
4.114,4.132,4.106,4.111,58026.2,2026-08-17 13:30:00
4.11,4.123,4.11,4.114,21716.8,2026-08-17 13:45:00
4.113,4.117,4.105,4.112,20331.6,2026-08-17 14:00:00
4.112,4.115,4.106,4.112,20983.6,2026-08-17 14:15:00
4.112,4.115,4.105,4.106,11517.0,2026-08-17 14:30:00
4.106,4.12,4.098,4.115,37339.0,2026-08-17 14:45:00
4.115,4.116,4.09,4.094,82472.9,2026-08-17 15:00:00
4.094,4.103,4.077,4.1,48984.9,2026-08-17 15:15:00
4.1,4.103,4.091,4.099,25745.0,2026-08-17 15:30:00
4.099,4.137,4.098,4.134,83987.1,2026-08-17 15:45:00
4.135,4.138,4.123,4.127,56065.7,2026-08-17 16:00:00
4.126,4.148,4.124,4.143,71053.5,2026-08-17 16:15:00
4.144,4.149,4.13,4.132,45889.9,2026-08-17 16:30:00
4.133,4.144,4.111,4.112,31427.9,2026-08-17 16:45:00
4.111,4.117,4.102,4.109,63964.9,2026-08-17 17:00:00
4.109,4.135,4.109,4.122,24056.5,2026-08-17 17:15:00
4.122,4.125,4.111,4.114,31186.1,2026-08-17 17:30:00
4.113,4.121,4.113,4.119,11867.9,2026-08-17 17:45:00
4.119,4.125,4.113,4.118,18034.2,2026-08-17 18:00:00
4.117,4.127,4.111,4.121,34922.0,2026-08-17 18:15:00
4.121,4.128,4.118,4.124,9149.5,2026-08-17 18:30:00
4.123,4.13,4.12,4.127,15867.1,2026-08-17 18:45:00
4.127,4.135,4.119,4.121,39629.2,2026-08-17 19:00:00
4.121,4.129,4.121,4.125,15998.1,2026-08-17 19:15:00
4.125,4.132,4.119,4.129,11133.8,2026-08-17 19:30:00
4.129,4.129,4.115,4.125,9993.6,2026-08-17 19:45:00
4.125,4.125,4.117,4.119,14592.1,2026-08-17 20:00:00
4.118,4.124,4.108,4.111,18585.9,2026-08-17 20:15:00
4.11,4.112,4.101,4.108,41386.4,2026-08-17 20:30:00
4.107,4.11,4.1,4.101,22241.7,2026-08-17 20:45:00
4.101,4.105,4.098,4.1,19986.0,2026-08-17 21:00:00
4.099,4.101,4.094,4.096,20487.3,2026-08-17 21:15:00
4.095,4.097,4.089,4.092,32309.8,2026-08-17 21:30:00
4.091,4.092,4.06,4.076,58326.8,2026-08-17 21:45:00
4.076,4.079,4.062,4.067,31071.0,2026-08-17 22:00:00
4.066,4.067,4.056,4.059,32236.0,2026-08-17 22:15:00
4.058,4.067,4.04,4.051,82901.8,2026-08-17 22:30:00
4.05,4.061,4.049,4.052,36481.4,2026-08-17 22:45:00
4.052,4.057,4.044,4.054,40580.0,2026-08-17 23:00:00
4.054,4.073,4.042,4.072,52767.8,2026-08-17 23:15:00
4.072,4.08,4.068,4.074,32501.2,2026-08-17 23:30:00
4.074,4.08,4.07,4.078,13470.8,2026-08-17 23:45:00
4.078,4.082,4.063,4.073,36684.0,2026-08-18 00:00:00
4.073,4.083,4.07,4.074,62695.2,2026-08-18 00:15:00
4.074,4.079,4.061,4.073,28550.4,2026-08-18 00:30:00
4.072,4.073,4.053,4.065,44797.2,2026-08-18 00:45:00
4.064,4.076,4.058,4.071,55307.7,2026-08-18 01:00:00
4.07,4.08,4.065,4.07,41731.4,2026-08-18 01:15:00
4.07,4.071,4.05,4.059,42289.9,2026-08-18 01:30:00
4.058,4.059,4.044,4.056,45729.7,2026-08-18 01:45:00
4.055,4.055,4.008,4.018,213133.8,2026-08-18 02:00:00
4.017,4.04,4.012,4.023,90405.4,2026-08-18 02:15:00
4.022,4.027,4.009,4.017,61957.8,2026-08-18 02:30:00
4.016,4.02,3.948,3.994,367502.1,2026-08-18 02:45:00
3.993,4.03,3.989,4.029,75445.1,2026-08-18 03:00:00
4.029,4.034,4.022,4.026,41055.0,2026-08-18 03:15:00
4.025,4.038,4.024,4.036,36058.1,2026-08-18 03:30:00
4.037,4.038,4.021,4.029,18449.2,2026-08-18 03:45:00
4.029,4.039,4.023,4.032,21223.6,2026-08-18 04:00:00
4.033,4.045,4.029,4.044,21089.6,2026-08-18 04:15:00
4.044,4.048,4.039,4.044,22515.8,2026-08-18 04:30:00
4.044,4.05,4.038,4.05,17097.2,2026-08-18 04:45:00
4.05,4.054,4.044,4.053,28173.2,2026-08-18 05:00:00
4.052,4.053,4.039,4.04,17477.2,2026-08-18 05:15:00
4.041,4.041,4.009,4.025,126824.8,2026-08-18 05:30:00
4.025,4.025,4.008,4.011,32084.0,2026-08-18 05:45:00
4.01,4.041,4.002,4.035,125728.7,2026-08-18 06:00:00
4.036,4.058,4.036,4.055,63199.8,2026-08-18 06:15:00
4.055,4.065,4.043,4.059,142137.1,2026-08-18 06:30:00
4.06,4.064,4.045,4.055,47486.5,2026-08-18 06:45:00
4.055,4.059,4.045,4.053,19718.1,2026-08-18 07:00:00
4.053,4.055,4.038,4.042,27822.1,2026-08-18 07:15:00
4.041,4.041,4.025,4.026,34072.9,2026-08-18 07:30:00
4.026,4.027,4.016,4.02,27532.7,2026-08-18 07:45:00
4.019,4.023,4.001,4.017,76389.9,2026-08-18 08:00:00
4.018,4.024,4.009,4.02,34401.3,2026-08-18 08:15:00
4.02,4.024,4.014,4.02,43601.1,2026-08-18 08:30:00
4.02,4.022,4.01,4.01,58473.8,2026-08-18 08:45:00
4.01,4.024,4.005,4.022,51994.5,2026-08-18 09:00:00
4.023,4.024,4.016,4.016,19628.0,2026-08-18 09:15:00
4.016,4.019,4.013,4.017,23692.0,2026-08-18 09:30:00
4.018,4.027,4.016,4.022,32036.9,2026-08-18 09:45:00
4.022,4.038,4.022,4.031,34793.7,2026-08-18 10:00:00
4.03,4.044,4.03,4.043,16872.7,2026-08-18 10:15:00
4.042,4.049,4.037,4.041,66819.8,2026-08-18 10:30:00
4.04,4.05,4.035,4.049,24536.8,2026-08-18 10:45:00
4.049,4.059,4.044,4.058,29369.8,2026-08-18 11:00:00
4.057,4.073,4.054,4.064,61965.9,2026-08-18 11:15:00
4.065,4.066,4.055,4.059,31654.4,2026-08-18 11:30:00
4.06,4.072,4.058,4.068,62841.6,2026-08-18 11:45:00
4.068,4.083,4.063,4.069,66432.1,2026-08-18 12:00:00
4.068,4.071,4.058,4.061,20386.2,2026-08-18 12:15:00
4.061,4.071,4.057,4.064,28201.7,2026-08-18 12:30:00
4.064,4.076,4.057,4.074,33222.3,2026-08-18 12:45:00
4.075,4.085,4.064,4.085,72110.8,2026-08-18 13:00:00
4.085,4.089,4.07,4.072,48902.9,2026-08-18 13:15:00
4.072,4.079,4.063,4.066,57340.7,2026-08-18 13:30:00
4.066,4.068,4.052,4.059,24282.5,2026-08-18 13:45:00
4.059,4.065,4.047,4.048,26232.7,2026-08-18 14:00:00
4.048,4.08,4.031,4.078,124710.3,2026-08-18 14:15:00
4.079,4.08,4.054,4.055,62792.6,2026-08-18 14:30:00
4.054,4.056,4.039,4.04,74453.5,2026-08-18 14:45:00
4.04,4.051,4.037,4.046,25211.2,2026-08-18 15:00:00
4.046,4.056,4.043,4.055,12154.0,2026-08-18 15:15:00
4.054,4.066,4.054,4.056,27331.8,2026-08-18 15:30:00
4.057,4.066,4.056,4.062,13218.2,2026-08-18 15:45:00
4.062,4.07,4.051,4.052,31278.1,2026-08-18 16:00:00
4.052,4.052,4.037,4.038,28935.7,2026-08-18 16:15:00
4.037,4.052,4.035,4.047,21116.7,2026-08-18 16:30:00
4.047,4.059,4.046,4.057,45039.3,2026-08-18 16:45:00
4.057,4.058,4.046,4.05,31353.9,2026-08-18 17:00:00
4.05,4.053,4.048,4.051,13436.4,2026-08-18 17:15:00
4.051,4.056,4.044,4.056,19839.4,2026-08-18 17:30:00
4.055,4.057,4.045,4.052,20441.6,2026-08-18 17:45:00
4.051,4.056,4.048,4.05,12016.1,2026-08-18 18:00:00
4.049,4.053,4.041,4.052,22576.2,2026-08-18 18:15:00
4.051,4.077,4.051,4.065,72585.2,2026-08-18 18:30:00
4.064,4.071,4.064,4.067,20186.0,2026-08-18 18:45:00
4.066,4.069,4.057,4.067,22303.1,2026-08-18 19:00:00
4.066,4.076,4.063,4.075,14226.3,2026-08-18 19:15:00
4.074,4.078,4.052,4.06,48590.7,2026-08-18 19:30:00
4.059,4.061,4.044,4.049,29828.5,2026-08-18 19:45:00
4.048,4.052,4.039,4.051,27177.0,2026-08-18 20:00:00
4.05,4.051,4.039,4.044,9647.0,2026-08-18 20:15:00
4.044,4.056,4.044,4.052,14672.4,2026-08-18 20:30:00
4.052,4.055,4.044,4.048,21567.3,2026-08-18 20:45:00
4.048,4.066,4.045,4.061,21097.6,2026-08-18 21:00:00
4.061,4.072,4.059,4.07,26172.4,2026-08-18 21:15:00
4.07,4.074,4.065,4.067,26211.6,2026-08-18 21:30:00
4.067,4.078,4.066,4.078,17721.7,2026-08-18 21:45:00
4.077,4.086,4.065,4.076,44016.3,2026-08-18 22:00:00
4.076,4.097,4.076,4.083,44353.2,2026-08-18 22:15:00
4.083,4.087,4.063,4.067,33440.6,2026-08-18 22:30:00
4.067,4.067,4.053,4.057,17494.5,2026-08-18 22:45:00
4.057,4.066,4.056,4.065,28472.4,2026-08-18 23:00:00
4.065,4.072,4.061,4.068,16700.6,2026-08-18 23:15:00
4.067,4.075,4.067,4.069,10436.5,2026-08-18 23:30:00
4.07,4.082,4.07,4.082,14953.3,2026-08-18 23:45:00
4.082,4.083,4.059,4.06,54345.9,2026-08-19 00:00:00
4.059,4.081,4.055,4.076,18712.4,2026-08-19 00:15:00
4.075,4.093,4.073,4.089,48055.0,2026-08-19 00:30:00
4.089,4.119,4.089,4.101,91072.0,2026-08-19 00:45:00
4.101,4.109,4.094,4.097,64112.3,2026-08-19 01:00:00
4.097,4.111,4.09,4.109,23744.7,2026-08-19 01:15:00
4.109,4.141,4.106,4.139,118235.9,2026-08-19 01:30:00
4.139,4.143,4.131,4.133,80867.4,2026-08-19 01:45:00
4.134,4.142,4.129,4.134,62416.2,2026-08-19 02:00:00
4.134,4.138,4.129,4.131,34056.1,2026-08-19 02:15:00
4.131,4.14,4.131,4.138,39727.4,2026-08-19 02:30:00
4.139,4.143,4.132,4.138,20425.5,2026-08-19 02:45:00
4.138,4.148,4.132,4.139,60852.7,2026-08-19 03:00:00
4.139,4.148,4.137,4.146,38980.6,2026-08-19 03:15:00
4.146,4.148,4.138,4.142,35257.4,2026-08-19 03:30:00
4.141,4.144,4.134,4.14,29963.4,2026-08-19 03:45:00
4.14,4.142,4.131,4.135,24195.2,2026-08-19 04:00:00
4.135,4.148,4.135,4.142,21940.2,2026-08-19 04:15:00
4.141,4.157,4.138,4.155,35314.7,2026-08-19 04:30:00
4.156,4.163,4.141,4.15,59935.7,2026-08-19 04:45:00
4.15,4.152,4.141,4.145,31627.2,2026-08-19 05:00:00
4.145,4.149,4.137,4.148,38488.0,2026-08-19 05:15:00
4.148,4.158,4.144,4.153,52215.3,2026-08-19 05:30:00
4.154,4.158,4.148,4.15,27569.9,2026-08-19 05:45:00
4.149,4.157,4.138,4.154,44382.0,2026-08-19 06:00:00
4.154,4.184,4.153,4.164,82213.6,2026-08-19 06:15:00
4.163,4.187,4.162,4.177,66240.6,2026-08-19 06:30:00
4.177,4.27,4.174,4.241,450591.1,2026-08-19 06:45:00
4.241,4.247,4.203,4.205,306513.1,2026-08-19 07:00:00
4.206,4.233,4.198,4.218,101175.2,2026-08-19 07:15:00
4.219,4.27,4.219,4.257,223281.7,2026-08-19 07:30:00
4.257,4.258,4.231,4.239,121889.2,2026-08-19 07:45:00
4.239,4.25,4.23,4.234,73034.7,2026-08-19 08:00:00
4.234,4.247,4.203,4.209,128238.6,2026-08-19 08:15:00
4.209,4.228,4.206,4.216,71514.9,2026-08-19 08:30:00
4.215,4.234,4.211,4.232,47710.9,2026-08-19 08:45:00
4.231,4.241,4.224,4.228,39094.0,2026-08-19 09:00:00
4.228,4.23,4.219,4.224,33698.2,2026-08-19 09:15:00
4.223,4.223,4.208,4.209,34101.8,2026-08-19 09:30:00
4.209,4.213,4.202,4.205,44792.1,2026-08-19 09:45:00
4.206,4.218,4.199,4.212,49868.8,2026-08-19 10:00:00
4.212,4.217,4.209,4.213,30290.4,2026-08-19 10:15:00
4.212,4.232,4.204,4.221,46444.1,2026-08-19 10:30:00
4.222,4.235,4.222,4.232,23936.9,2026-08-19 10:45:00
4.233,4.244,4.225,4.23,58653.2,2026-08-19 11:00:00
4.23,4.233,4.215,4.218,64300.0,2026-08-19 11:15:00
4.217,4.235,4.21,4.229,31410.7,2026-08-19 11:30:00
4.23,4.262,4.23,4.242,99574.5,2026-08-19 11:45:00
4.243,4.253,4.232,4.241,49460.7,2026-08-19 12:00:00
4.241,4.25,4.232,4.249,19804.8,2026-08-19 12:15:00
4.249,4.252,4.237,4.241,40179.0,2026-08-19 12:30:00
4.241,4.243,4.223,4.238,47273.5,2026-08-19 12:45:00
4.239,4.242,4.225,4.24,39378.7,2026-08-19 13:00:00
4.241,4.265,4.24,4.258,88086.9,2026-08-19 13:15:00
4.258,4.259,4.241,4.242,61343.3,2026-08-19 13:30:00
4.243,4.249,4.233,4.24,47779.2,2026-08-19 13:45:00
4.241,4.259,4.235,4.253,173415.6,2026-08-19 14:00:00
4.254,4.302,4.253,4.286,391095.5,2026-08-19 14:15:00
4.286,4.299,4.282,4.296,117544.6,2026-08-19 14:30:00
4.296,4.307,4.284,4.296,131952.8,2026-08-19 14:45:00
4.296,4.38,4.296,4.357,506159.8,2026-08-19 15:00:00
4.358,4.428,4.339,4.406,661378.4,2026-08-19 15:15:00
4.407,4.421,4.385,4.393,291394.0,2026-08-19 15:30:00
4.392,4.392,4.313,4.321,238365.8,2026-08-19 15:45:00
4.321,4.371,4.318,4.367,247845.2,2026-08-19 16:00:00
4.367,4.405,4.359,4.395,191612.0,2026-08-19 16:15:00
4.395,4.395,4.375,4.382,101506.9,2026-08-19 16:30:00
4.383,4.395,4.376,4.386,117965.8,2026-08-19 16:45:00
4.386,4.388,4.358,4.368,76107.6,2026-08-19 17:00:00
4.367,4.384,4.347,4.378,73632.0,2026-08-19 17:15:00
4.378,4.395,4.365,4.391,124228.8,2026-08-19 17:30:00
4.39,4.425,4.39,4.42,104374.2,2026-08-19 17:45:00
4.421,4.422,4.385,4.404,87933.9,2026-08-19 18:00:00
4.404,4.409,4.39,4.401,40918.4,2026-08-19 18:15:00
4.4,4.407,4.391,4.395,51920.0,2026-08-19 18:30:00
4.395,4.417,4.375,4.413,74702.1,2026-08-19 18:45:00
4.412,4.459,4.403,4.444,256410.7,2026-08-19 19:00:00
4.444,4.452,4.43,4.442,111515.4,2026-08-19 19:15:00
4.441,4.496,4.44,4.491,134231.8,2026-08-19 19:30:00
4.491,4.55,4.487,4.52,270894.8,2026-08-19 19:45:00
4.52,4.548,4.508,4.532,174683.0,2026-08-19 20:00:00
4.532,4.581,4.52,4.531,326239.5,2026-08-19 20:15:00
4.532,4.58,4.53,4.561,104161.3,2026-08-19 20:30:00
4.562,4.613,4.543,4.544,307474.4,2026-08-19 20:45:00
4.544,4.587,4.535,4.585,285858.2,2026-08-19 21:00:00
4.586,4.586,4.541,4.557,134513.7,2026-08-19 21:15:00
4.557,4.611,4.556,4.609,145312.7,2026-08-19 21:30:00
4.61,4.661,4.606,4.621,164856.6,2026-08-19 21:45:00
4.621,4.63,4.582,4.585,222830.7,2026-08-19 22:00:00
4.585,4.599,4.533,4.573,203317.2,2026-08-19 22:15:00
4.573,4.582,4.555,4.57,76946.7,2026-08-19 22:30:00
4.57,4.585,4.554,4.58,55707.7,2026-08-19 22:45:00
4.579,4.596,4.573,4.593,52801.1,2026-08-19 23:00:00
4.593,4.617,4.592,4.606,63765.4,2026-08-19 23:15:00
4.605,4.611,4.575,4.588,116904.6,2026-08-19 23:30:00
4.588,4.59,4.565,4.579,35163.0,2026-08-19 23:45:00
4.578,4.592,4.546,4.55,110880.4,2026-08-20 00:00:00
4.55,4.581,4.539,4.579,108558.9,2026-08-20 00:15:00
4.579,4.615,4.579,4.614,90937.6,2026-08-20 00:30:00
4.614,4.638,4.61,4.631,85023.7,2026-08-20 00:45:00
4.631,4.633,4.594,4.605,74960.7,2026-08-20 01:00:00
4.605,4.654,4.596,4.652,76830.1,2026-08-20 01:15:00
4.651,4.656,4.629,4.654,84407.3,2026-08-20 01:30:00
4.653,4.658,4.618,4.618,106098.0,2026-08-20 01:45:00
4.619,4.666,4.618,4.623,99259.5,2026-08-20 02:00:00
4.623,4.64,4.605,4.612,62524.3,2026-08-20 02:15:00
4.612,4.624,4.592,4.623,49489.6,2026-08-20 02:30:00
4.622,4.623,4.588,4.604,104885.6,2026-08-20 02:45:00
4.604,4.605,4.545,4.56,185549.5,2026-08-20 03:00:00
4.559,4.576,4.555,4.569,49998.8,2026-08-20 03:15:00
4.569,4.599,4.567,4.597,53101.4,2026-08-20 03:30:00
4.597,4.612,4.596,4.609,37485.9,2026-08-20 03:45:00
4.608,4.634,4.599,4.63,61730.5,2026-08-20 04:00:00
4.629,4.645,4.624,4.642,65228.5,2026-08-20 04:15:00
4.642,4.655,4.632,4.644,57337.2,2026-08-20 04:30:00
4.643,4.69,4.635,4.662,148408.1,2026-08-20 04:45:00
4.661,4.687,4.656,4.679,73972.8,2026-08-20 05:00:00
4.678,4.687,4.663,4.67,42311.6,2026-08-20 05:15:00
4.669,4.68,4.656,4.665,61234.8,2026-08-20 05:30:00
4.665,4.668,4.644,4.661,58373.2,2026-08-20 05:45:00
4.661,4.662,4.639,4.642,61701.4,2026-08-20 06:00:00
4.641,4.653,4.634,4.638,29234.4,2026-08-20 06:15:00
4.637,4.661,4.628,4.655,75826.1,2026-08-20 06:30:00
4.655,4.657,4.637,4.639,36923.8,2026-08-20 06:45:00
4.638,4.648,4.633,4.636,48941.5,2026-08-20 07:00:00
4.637,4.64,4.608,4.611,52418.9,2026-08-20 07:15:00
4.611,4.621,4.596,4.61,74958.1,2026-08-20 07:30:00
4.61,4.629,4.606,4.617,32224.8,2026-08-20 07:45:00
4.617,4.688,4.615,4.683,147934.0,2026-08-20 08:00:00
4.683,4.73,4.675,4.698,162174.8,2026-08-20 08:15:00
4.698,4.762,4.696,4.728,161621.5,2026-08-20 08:30:00
4.728,4.77,4.716,4.762,106283.1,2026-08-20 08:45:00
4.763,4.789,4.753,4.784,125677.9,2026-08-20 09:00:00
4.783,4.803,4.769,4.771,90885.6,2026-08-20 09:15:00
4.772,4.824,4.768,4.802,141071.2,2026-08-20 09:30:00
4.801,4.804,4.763,4.769,102621.6,2026-08-20 09:45:00
4.769,4.825,4.767,4.813,128015.2,2026-08-20 10:00:00
4.813,4.86,4.811,4.832,202174.9,2026-08-20 10:15:00
4.833,4.86,4.822,4.855,106308.6,2026-08-20 10:30:00
4.855,4.882,4.852,4.868,154636.6,2026-08-20 10:45:00
4.869,4.886,4.858,4.882,90221.0,2026-08-20 11:00:00
4.882,4.885,4.828,4.833,102351.5,2026-08-20 11:15:00
4.833,4.869,4.824,4.857,143598.9,2026-08-20 11:30:00
4.857,4.883,4.837,4.861,166652.0,2026-08-20 11:45:00
4.86,4.881,4.824,4.863,181681.2,2026-08-20 12:00:00
4.862,4.884,4.811,4.834,136587.2,2026-08-20 12:15:00
4.835,4.855,4.76,4.773,360739.3,2026-08-20 12:30:00
4.774,4.795,4.7,4.758,951913.7,2026-08-20 12:45:00
4.759,4.803,4.73,4.753,285951.6,2026-08-20 13:00:00
4.752,4.835,4.738,4.814,422884.3,2026-08-20 13:15:00
4.814,4.819,4.768,4.794,208475.9,2026-08-20 13:30:00
4.793,4.796,4.743,4.746,92157.4,2026-08-20 13:45:00
4.747,4.755,4.725,4.741,99475.3,2026-08-20 14:00:00
4.74,4.759,4.697,4.701,168148.2,2026-08-20 14:15:00
4.701,4.723,4.699,4.71,79654.4,2026-08-20 14:30:00
4.71,4.718,4.663,4.714,158262.3,2026-08-20 14:45:00
4.714,4.772,4.706,4.741,169692.2,2026-08-20 15:00:00
4.741,4.778,4.738,4.763,64926.5,2026-08-20 15:15:00
4.763,4.774,4.733,4.743,128943.8,2026-08-20 15:30:00
4.742,4.761,4.733,4.758,70592.5,2026-08-20 15:45:00
4.758,4.758,4.726,4.729,71157.4,2026-08-20 16:00:00
4.728,4.77,4.719,4.752,157405.3,2026-08-20 16:15:00
4.751,4.76,4.718,4.758,87867.7,2026-08-20 16:30:00
4.758,4.773,4.745,4.77,66992.3,2026-08-20 16:45:00
4.77,4.781,4.758,4.779,87320.5,2026-08-20 17:00:00
4.778,4.78,4.746,4.762,66803.2,2026-08-20 17:15:00
4.762,4.766,4.751,4.761,33238.9,2026-08-20 17:30:00
4.761,4.771,4.74,4.747,58295.8,2026-08-20 17:45:00
4.747,4.752,4.704,4.718,94452.0,2026-08-20 18:00:00
4.717,4.722,4.701,4.707,60557.4,2026-08-20 18:15:00
4.706,4.709,4.684,4.691,68162.9,2026-08-20 18:30:00
4.692,4.708,4.687,4.7,39949.8,2026-08-20 18:45:00
4.699,4.742,4.692,4.723,116991.4,2026-08-20 19:00:00
4.723,4.759,4.723,4.738,86691.8,2026-08-20 19:15:00
4.737,4.737,4.714,4.715,39654.9,2026-08-20 19:30:00
4.714,4.724,4.705,4.714,48377.4,2026-08-20 19:45:00
4.714,4.77,4.708,4.752,57645.9,2026-08-20 20:00:00
4.752,4.768,4.752,4.762,40775.7,2026-08-20 20:15:00
4.761,4.766,4.755,4.763,20821.1,2026-08-20 20:30:00
4.763,4.774,4.733,4.762,129654.2,2026-08-20 20:45:00
4.762,4.773,4.756,4.764,57497.9,2026-08-20 21:00:00
4.763,4.777,4.741,4.757,37839.1,2026-08-20 21:15:00
4.756,4.777,4.754,4.771,30126.2,2026-08-20 21:30:00
4.771,4.772,4.742,4.76,25995.7,2026-08-20 21:45:00
4.76,4.774,4.75,4.771,42069.0,2026-08-20 22:00:00
4.771,4.778,4.762,4.764,25409.6,2026-08-20 22:15:00
4.764,4.771,4.756,4.763,79626.9,2026-08-20 22:30:00
4.763,4.77,4.755,4.757,58430.6,2026-08-20 22:45:00
4.757,4.768,4.754,4.761,32803.7,2026-08-20 23:00:00
4.76,4.772,4.752,4.768,59681.2,2026-08-20 23:15:00
4.767,4.77,4.754,4.761,20992.2,2026-08-20 23:30:00
4.76,4.775,4.754,4.769,50377.7,2026-08-20 23:45:00
4.769,4.773,4.757,4.769,53881.9,2026-08-21 00:00:00
4.768,4.777,4.753,4.754,32049.4,2026-08-21 00:15:00
4.754,4.762,4.725,4.73,58425.5,2026-08-21 00:30:00
4.731,4.755,4.726,4.753,42072.3,2026-08-21 00:45:00
4.753,4.77,4.746,4.767,38044.5,2026-08-21 01:00:00
4.767,4.785,4.735,4.741,105372.0,2026-08-21 01:15:00
4.74,4.752,4.727,4.747,57269.7,2026-08-21 01:30:00
4.748,4.775,4.744,4.768,80129.5,2026-08-21 01:45:00
4.768,4.777,4.751,4.762,53868.4,2026-08-21 02:00:00
4.763,4.778,4.756,4.77,43881.9,2026-08-21 02:15:00
4.77,4.774,4.75,4.763,47601.9,2026-08-21 02:30:00
4.762,4.765,4.749,4.764,32254.8,2026-08-21 02:45:00
4.763,4.766,4.746,4.747,25625.3,2026-08-21 03:00:00
4.746,4.773,4.743,4.764,39297.7,2026-08-21 03:15:00
4.764,4.77,4.751,4.757,28871.2,2026-08-21 03:30:00
4.756,4.772,4.75,4.751,16510.3,2026-08-21 03:45:00
4.751,4.761,4.741,4.749,54426.9,2026-08-21 04:00:00
4.748,4.755,4.726,4.746,194953.4,2026-08-21 04:15:00
4.745,4.768,4.741,4.755,94253.9,2026-08-21 04:30:00
4.754,4.783,4.754,4.768,73562.1,2026-08-21 04:45:00
4.768,4.774,4.747,4.763,63425.0,2026-08-21 05:00:00
4.762,4.774,4.754,4.769,47352.2,2026-08-21 05:15:00
4.768,4.791,4.762,4.789,52530.0,2026-08-21 05:30:00
4.789,4.814,4.782,4.811,114990.0,2026-08-21 05:45:00
4.811,4.826,4.795,4.808,150304.3,2026-08-21 06:00:00
4.808,4.821,4.791,4.8,91162.3,2026-08-21 06:15:00
4.799,4.813,4.794,4.8,73481.4,2026-08-21 06:30:00
4.8,4.854,4.796,4.839,139693.5,2026-08-21 06:45:00
4.839,4.861,4.83,4.856,106083.8,2026-08-21 07:00:00
4.856,4.874,4.811,4.842,225213.8,2026-08-21 07:15:00
4.842,4.854,4.802,4.848,268709.6,2026-08-21 07:30:00
4.848,4.912,4.839,4.889,323606.3,2026-08-21 07:45:00
4.889,4.902,4.86,4.898,200424.7,2026-08-21 08:00:00
4.898,4.977,4.897,4.963,221359.0,2026-08-21 08:15:00
4.963,4.998,4.957,4.982,152982.7,2026-08-21 08:30:00
4.981,5.028,4.978,5.004,221292.7,2026-08-21 08:45:00
5.004,5.015,4.83,4.886,700567.0,2026-08-21 09:00:00
4.886,4.887,4.841,4.875,231406.9,2026-08-21 09:15:00
4.875,4.912,4.87,4.909,114020.0,2026-08-21 09:30:00
4.908,4.942,4.88,4.922,136605.9,2026-08-21 09:45:00
4.922,4.926,4.886,4.899,56246.8,2026-08-21 10:00:00
4.898,4.93,4.892,4.93,66635.3,2026-08-21 10:15:00
4.929,4.935,4.878,4.905,151381.8,2026-08-21 10:30:00
4.905,4.943,4.905,4.927,100744.4,2026-08-21 10:45:00
4.926,4.935,4.879,4.898,114537.2,2026-08-21 11:00:00
4.898,4.918,4.885,4.904,93789.1,2026-08-21 11:15:00
4.905,4.908,4.845,4.871,152202.5,2026-08-21 11:30:00
4.87,4.876,4.839,4.863,125723.2,2026-08-21 11:45:00
4.863,4.885,4.849,4.875,58737.4,2026-08-21 12:00:00
4.874,4.939,4.867,4.924,172963.8,2026-08-21 12:15:00
4.924,4.98,4.92,4.976,138350.7,2026-08-21 12:30:00
4.975,4.991,4.945,4.983,189119.6,2026-08-21 12:45:00
4.983,5.025,4.966,5.012,227104.2,2026-08-21 13:00:00
5.012,5.05,4.989,5.0,129053.1,2026-08-21 13:15:00
5.0,5.014,4.95,4.998,152434.5,2026-08-21 13:30:00
4.998,5.013,4.974,4.986,106741.1,2026-08-21 13:45:00
4.987,5.004,4.952,4.98,137814.7,2026-08-21 14:00:00
4.981,5.058,4.981,5.026,192410.5,2026-08-21 14:15:00
5.027,5.037,4.982,4.997,106724.9,2026-08-21 14:30:00
4.998,5.006,4.98,4.984,72940.0,2026-08-21 14:45:00
4.985,5.004,4.975,4.997,93367.0,2026-08-21 15:00:00
4.997,5.008,4.957,4.979,148138.4,2026-08-21 15:15:00
4.98,5.002,4.962,4.996,83498.3,2026-08-21 15:30:00
4.996,5.021,4.965,4.969,85869.5,2026-08-21 15:45:00
4.969,5.014,4.963,4.968,131371.9,2026-08-21 16:00:00
4.967,5.019,4.965,5.013,94754.1,2026-08-21 16:15:00
5.014,5.014,4.995,5.003,34964.9,2026-08-21 16:30:00
5.002,5.019,4.979,4.994,81175.7,2026-08-21 16:45:00
4.995,5.0,4.969,4.978,67405.0,2026-08-21 17:00:00
4.977,4.977,4.92,4.956,174330.0,2026-08-21 17:15:00
4.957,4.957,4.924,4.951,135056.7,2026-08-21 17:30:00
4.951,4.96,4.944,4.951,41445.5,2026-08-21 17:45:00
4.952,4.967,4.942,4.955,43631.1,2026-08-21 18:00:00
4.955,4.967,4.953,4.959,38799.0,2026-08-21 18:15:00
4.959,4.963,4.927,4.937,54347.1,2026-08-21 18:30:00
4.937,4.938,4.887,4.903,147239.4,2026-08-21 18:45:00
4.902,4.907,4.855,4.901,208882.3,2026-08-21 19:00:00
4.9,4.902,4.875,4.892,33140.7,2026-08-21 19:15:00
4.892,4.894,4.857,4.859,150388.6,2026-08-21 19:30:00
4.859,4.873,4.857,4.866,42011.3,2026-08-21 19:45:00
4.866,4.907,4.853,4.899,71716.2,2026-08-21 20:00:00
4.899,4.919,4.896,4.917,83942.8,2026-08-21 20:15:00
4.916,4.928,4.907,4.912,41782.2,2026-08-21 20:30:00
4.912,4.932,4.912,4.925,42969.6,2026-08-21 20:45:00
4.924,4.962,4.921,4.954,68172.7,2026-08-21 21:00:00
4.954,4.984,4.95,4.981,79576.5,2026-08-21 21:15:00
4.982,5.008,4.964,5.008,115886.6,2026-08-21 21:30:00
5.007,5.021,5.001,5.009,80358.5,2026-08-21 21:45:00
5.008,5.046,5.003,5.034,90443.8,2026-08-21 22:00:00
5.033,5.04,5.015,5.025,95945.7,2026-08-21 22:15:00
5.025,5.046,4.983,5.042,86201.2,2026-08-21 22:30:00
5.041,5.066,5.03,5.062,95920.9,2026-08-21 22:45:00
5.061,5.086,5.047,5.083,103810.0,2026-08-21 23:00:00
5.082,5.107,5.069,5.104,123135.3,2026-08-21 23:15:00
5.104,5.129,5.055,5.08,92535.2,2026-08-21 23:30:00
5.08,5.082,5.038,5.061,45774.4,2026-08-21 23:45:00
5.061,5.096,5.015,5.043,173226.2,2026-08-22 00:00:00
5.043,5.072,5.036,5.044,53578.7,2026-08-22 00:15:00
5.043,5.067,5.039,5.06,47515.3,2026-08-22 00:30:00
5.06,5.094,5.039,5.09,95376.2,2026-08-22 00:45:00
5.089,5.124,5.087,5.097,126400.3,2026-08-22 01:00:00
5.097,5.114,5.053,5.057,83374.8,2026-08-22 01:15:00
5.056,5.078,5.047,5.053,89439.7,2026-08-22 01:30:00
5.053,5.072,5.028,5.045,86444.0,2026-08-22 01:45:00
5.046,5.154,5.046,5.149,172099.8,2026-08-22 02:00:00
5.148,5.198,5.135,5.191,159276.5,2026-08-22 02:15:00
5.19,5.212,5.166,5.195,112274.6,2026-08-22 02:30:00
5.194,5.199,5.172,5.178,116166.1,2026-08-22 02:45:00
5.178,5.226,5.171,5.171,97679.7,2026-08-22 03:00:00
5.171,5.248,5.17,5.244,153518.6,2026-08-22 03:15:00
5.243,5.27,5.204,5.223,191641.5,2026-08-22 03:30:00
5.222,5.236,5.191,5.193,137029.9,2026-08-22 03:45:00
5.193,5.273,5.192,5.268,188113.6,2026-08-22 04:00:00
5.268,5.279,5.227,5.257,108378.4,2026-08-22 04:15:00
5.257,5.309,5.232,5.306,220229.8,2026-08-22 04:30:00
5.306,5.334,5.276,5.296,190426.4,2026-08-22 04:45:00
5.296,5.311,4.5,4.93,1250383.2,2026-08-22 05:00:00
4.931,4.966,4.697,4.945,683761.8,2026-08-22 05:15:00
4.945,4.983,4.89,4.906,318545.6,2026-08-22 05:30:00
4.905,5.0,4.894,4.963,164530.0,2026-08-22 05:45:00
4.963,4.972,4.897,4.917,111833.0,2026-08-22 06:00:00
4.917,4.965,4.904,4.915,114217.9,2026-08-22 06:15:00
4.914,4.971,4.864,4.953,153506.2,2026-08-22 06:30:00
4.953,4.991,4.952,4.986,102192.4,2026-08-22 06:45:00
4.985,5.0,4.921,4.945,158928.5,2026-08-22 07:00:00
4.944,4.977,4.925,4.974,86285.1,2026-08-22 07:15:00
4.973,4.99,4.937,4.944,111613.0,2026-08-22 07:30:00
4.944,4.968,4.93,4.938,66188.4,2026-08-22 07:45:00
4.939,4.962,4.899,4.96,125157.4,2026-08-22 08:00:00
4.959,4.963,4.868,4.882,125171.9,2026-08-22 08:15:00
4.884,4.887,4.839,4.883,238862.1,2026-08-22 08:30:00
4.882,4.889,4.859,4.88,124740.0,2026-08-22 08:45:00
4.879,4.894,4.811,4.888,173048.5,2026-08-22 09:00:00
4.888,4.889,4.86,4.876,60986.6,2026-08-22 09:15:00
4.875,4.88,4.859,4.867,41747.8,2026-08-22 09:30:00
4.866,4.868,4.81,4.838,94789.0,2026-08-22 09:45:00
4.837,4.842,4.75,4.764,232118.5,2026-08-22 10:00:00
4.763,4.78,4.711,4.767,163031.5,2026-08-22 10:15:00
4.768,4.826,4.759,4.814,79347.2,2026-08-22 10:30:00
4.813,4.819,4.773,4.791,68392.7,2026-08-22 10:45:00
4.79,4.792,4.763,4.771,50634.8,2026-08-22 11:00:00
4.77,4.775,4.754,4.769,40731.3,2026-08-22 11:15:00
4.768,4.81,4.761,4.81,60890.7,2026-08-22 11:30:00
4.809,4.813,4.793,4.811,41950.0,2026-08-22 11:45:00
4.81,4.824,4.794,4.819,50161.6,2026-08-22 12:00:00
4.819,4.843,4.817,4.838,89657.0,2026-08-22 12:15:00
4.836,4.837,4.811,4.825,42375.2,2026-08-22 12:30:00
4.824,4.829,4.787,4.789,64372.8,2026-08-22 12:45:00
4.788,4.803,4.759,4.795,78886.6,2026-08-22 13:00:00
4.795,4.801,4.762,4.779,65051.7,2026-08-22 13:15:00
4.779,4.791,4.757,4.79,49819.9,2026-08-22 13:30:00
4.79,4.82,4.783,4.807,74323.4,2026-08-22 13:45:00
4.806,4.839,4.708,4.792,429804.5,2026-08-22 14:00:00
4.792,4.825,4.787,4.817,75835.2,2026-08-22 14:15:00
4.817,4.864,4.811,4.819,83061.2,2026-08-22 14:30:00
4.821,4.822,4.792,4.812,52332.7,2026-08-22 14:45:00
4.812,4.825,4.783,4.784,47038.9,2026-08-22 15:00:00
4.783,4.797,4.767,4.793,60314.0,2026-08-22 15:15:00
4.794,4.834,4.793,4.815,91414.1,2026-08-22 15:30:00
4.815,4.823,4.793,4.803,34037.1,2026-08-22 15:45:00
4.802,4.832,4.798,4.824,38922.8,2026-08-22 16:00:00
4.823,4.877,4.82,4.865,95879.1,2026-08-22 16:15:00
4.865,4.896,4.858,4.891,59213.8,2026-08-22 16:30:00
4.891,4.98,4.883,4.899,305017.9,2026-08-22 16:45:00
4.898,4.92,4.884,4.889,70962.0,2026-08-22 17:00:00
4.889,4.911,4.877,4.88,50382.8,2026-08-22 17:15:00
4.88,4.941,4.878,4.936,42625.7,2026-08-22 17:30:00
4.936,5.0,4.933,4.972,162207.5,2026-08-22 17:45:00
4.971,4.981,4.919,4.926,105547.0,2026-08-22 18:00:00
4.926,4.983,4.926,4.958,88348.1,2026-08-22 18:15:00
4.958,4.969,4.939,4.944,28654.5,2026-08-22 18:30:00
4.943,4.981,4.924,4.977,39242.9,2026-08-22 18:45:00
4.977,4.977,4.934,4.96,35900.2,2026-08-22 19:00:00
4.961,4.973,4.935,4.957,45195.6,2026-08-22 19:15:00
4.956,4.979,4.949,4.976,20956.4,2026-08-22 19:30:00
4.976,4.992,4.954,4.956,55069.0,2026-08-22 19:45:00
4.956,4.999,4.948,4.991,55966.3,2026-08-22 20:00:00
4.991,4.994,4.96,4.962,48616.6,2026-08-22 20:15:00
4.961,4.968,4.929,4.958,48677.3,2026-08-22 20:30:00
4.958,4.958,4.926,4.943,24282.4,2026-08-22 20:45:00
4.943,4.943,4.902,4.91,56727.7,2026-08-22 21:00:00
4.91,4.96,4.91,4.93,41221.8,2026-08-22 21:15:00
4.929,4.933,4.866,4.894,52396.2,2026-08-22 21:30:00
4.893,4.895,4.861,4.878,52991.8,2026-08-22 21:45:00
4.877,4.977,4.857,4.976,99407.5,2026-08-22 22:00:00
4.977,4.99,4.943,4.976,67895.8,2026-08-22 22:15:00
4.976,4.983,4.946,4.969,36949.4,2026-08-22 22:30:00
4.97,4.989,4.947,4.955,32272.8,2026-08-22 22:45:00
4.955,4.964,4.92,4.927,39584.3,2026-08-22 23:00:00
4.927,4.951,4.915,4.928,31710.0,2026-08-22 23:15:00
4.929,4.935,4.898,4.923,61323.5,2026-08-22 23:30:00
4.922,4.95,4.92,4.936,13513.6,2026-08-22 23:45:00
4.935,4.953,4.9,4.908,69594.5,2026-08-23 00:00:00
4.908,4.934,4.904,4.932,42151.3,2026-08-23 00:15:00
4.932,4.958,4.927,4.927,53167.1,2026-08-23 00:30:00
4.928,4.964,4.926,4.937,52229.9,2026-08-23 00:45:00
4.937,4.95,4.914,4.948,40350.0,2026-08-23 01:00:00
4.948,4.948,4.921,4.93,31599.7,2026-08-23 01:15:00
4.933,4.947,4.921,4.941,33846.9,2026-08-23 01:30:00
4.94,4.949,4.905,4.916,23244.8,2026-08-23 01:45:00
4.915,4.925,4.891,4.896,40245.0,2026-08-23 02:00:00
4.896,4.939,4.887,4.917,60983.0,2026-08-23 02:15:00
4.916,4.984,4.91,4.912,91841.4,2026-08-23 02:30:00
4.911,4.959,4.907,4.917,42271.7,2026-08-23 02:45:00
4.916,4.923,4.874,4.889,47532.7,2026-08-23 03:00:00
4.888,4.894,4.841,4.846,58852.0,2026-08-23 03:15:00
4.845,4.846,4.79,4.822,252881.7,2026-08-23 03:30:00
4.823,4.865,4.82,4.838,49066.9,2026-08-23 03:45:00
4.837,4.89,4.82,4.89,48850.7,2026-08-23 04:00:00
4.89,4.914,4.852,4.864,66583.8,2026-08-23 04:15:00
4.864,4.867,4.81,4.818,33122.2,2026-08-23 04:30:00
4.818,4.82,4.773,4.779,121852.3,2026-08-23 04:45:00
4.778,4.802,4.729,4.741,252303.0,2026-08-23 05:00:00
4.742,4.851,4.734,4.81,219517.0,2026-08-23 05:15:00
4.809,4.825,4.8,4.807,51175.7,2026-08-23 05:30:00
4.808,4.814,4.788,4.789,24948.9,2026-08-23 05:45:00
4.788,4.814,4.782,4.808,57509.4,2026-08-23 06:00:00
4.808,4.843,4.807,4.822,42765.7,2026-08-23 06:15:00
4.822,4.853,4.816,4.827,39168.4,2026-08-23 06:30:00
4.826,4.83,4.805,4.82,17294.9,2026-08-23 06:45:00
4.819,4.865,4.81,4.859,34289.7,2026-08-23 07:00:00
4.859,4.883,4.849,4.867,67237.0,2026-08-23 07:15:00
4.867,4.868,4.837,4.844,25228.9,2026-08-23 07:30:00
4.843,4.854,4.811,4.818,70539.1,2026-08-23 07:45:00
4.817,4.864,4.805,4.858,47968.5,2026-08-23 08:00:00
4.857,4.862,4.843,4.855,35232.5,2026-08-23 08:15:00
4.855,4.876,4.838,4.871,31076.6,2026-08-23 08:30:00
4.871,4.884,4.865,4.884,23359.2,2026-08-23 08:45:00
4.883,4.933,4.879,4.921,66035.3,2026-08-23 09:00:00
4.921,4.94,4.909,4.929,42946.5,2026-08-23 09:15:00
4.929,4.929,4.908,4.923,33203.8,2026-08-23 09:30:00
4.923,4.957,4.895,4.935,123312.7,2026-08-23 09:45:00
4.934,4.98,4.934,4.944,126888.9,2026-08-23 10:00:00
4.944,4.99,4.94,4.96,122598.4,2026-08-23 10:15:00
4.96,5.049,4.956,5.035,155513.3,2026-08-23 10:30:00
5.035,5.053,5.012,5.027,180316.1,2026-08-23 10:45:00
5.026,5.036,4.999,5.005,62468.7,2026-08-23 11:00:00
5.005,5.048,4.995,5.026,118365.6,2026-08-23 11:15:00
5.026,5.092,5.02,5.089,122655.3,2026-08-23 11:30:00
5.088,5.096,5.044,5.063,130041.3,2026-08-23 11:45:00
5.063,5.086,5.027,5.062,137663.0,2026-08-23 12:00:00
5.062,5.073,5.034,5.04,58670.3,2026-08-23 12:15:00
5.04,5.067,5.018,5.041,124886.1,2026-08-23 12:30:00
5.04,5.062,5.028,5.05,46960.5,2026-08-23 12:45:00
5.05,5.11,5.048,5.082,112360.5,2026-08-23 13:00:00
5.083,5.136,5.082,5.103,160798.0,2026-08-23 13:15:00
5.104,5.142,5.094,5.136,66780.7,2026-08-23 13:30:00
5.137,5.148,5.12,5.132,63137.3,2026-08-23 13:45:00
5.132,5.19,5.132,5.174,147744.0,2026-08-23 14:00:00
5.175,5.187,5.141,5.169,125035.1,2026-08-23 14:15:00
5.169,5.199,4.964,5.099,475472.9,2026-08-23 14:30:00
5.098,5.165,5.098,5.151,240228.4,2026-08-23 14:45:00
5.15,5.17,5.11,5.123,117471.8,2026-08-23 15:00:00
5.123,5.193,5.114,5.19,98223.4,2026-08-23 15:15:00
5.19,5.235,5.183,5.212,136043.3,2026-08-23 15:30:00
5.211,5.25,5.198,5.222,90591.3,2026-08-23 15:45:00
5.221,5.297,5.205,5.283,264091.8,2026-08-23 16:00:00
5.283,5.303,5.234,5.279,221373.6,2026-08-23 16:15:00
5.279,5.315,5.269,5.307,139787.3,2026-08-23 16:30:00
5.307,5.342,5.255,5.274,200275.0,2026-08-23 16:45:00
5.273,5.342,5.219,5.317,296045.7,2026-08-23 17:00:00
5.318,5.321,5.24,5.254,181029.6,2026-08-23 17:15:00
5.253,5.285,5.224,5.258,164704.1,2026-08-23 17:30:00
5.258,5.281,5.228,5.243,78421.1,2026-08-23 17:45:00
5.242,5.278,5.226,5.264,78957.8,2026-08-23 18:00:00
5.263,5.331,5.247,5.33,107840.2,2026-08-23 18:15:00
5.33,5.344,5.296,5.327,85119.5,2026-08-23 18:30:00
5.327,5.34,5.309,5.336,62066.6,2026-08-23 18:45:00
5.336,5.358,5.3,5.337,103485.6,2026-08-23 19:00:00
5.337,5.372,5.311,5.334,159618.3,2026-08-23 19:15:00
5.334,5.356,5.319,5.336,48514.7,2026-08-23 19:30:00
5.337,5.355,5.302,5.305,49051.9,2026-08-23 19:45:00
5.304,5.307,5.256,5.302,91351.3,2026-08-23 20:00:00
5.301,5.31,5.275,5.279,34892.4,2026-08-23 20:15:00
5.279,5.306,5.275,5.302,33087.0,2026-08-23 20:30:00
5.301,5.349,5.287,5.329,44438.7,2026-08-23 20:45:00
5.328,5.389,5.328,5.373,158312.5,2026-08-23 21:00:00
5.373,5.393,5.364,5.383,83057.9,2026-08-23 21:15:00
5.383,5.383,5.315,5.323,70470.2,2026-08-23 21:30:00
5.323,5.386,5.322,5.372,47749.0,2026-08-23 21:45:00
5.372,5.381,5.331,5.371,71981.0,2026-08-23 22:00:00
5.37,5.429,5.347,5.419,108788.4,2026-08-23 22:15:00
5.42,5.436,5.39,5.397,69081.0,2026-08-23 22:30:00
5.398,5.409,5.37,5.386,61899.4,2026-08-23 22:45:00
5.385,5.397,5.35,5.358,68880.2,2026-08-23 23:00:00
5.358,5.38,5.344,5.357,59246.8,2026-08-23 23:15:00
5.357,5.465,5.339,5.343,314775.1,2026-08-23 23:30:00
5.342,5.377,5.338,5.356,73963.2,2026-08-23 23:45:00
5.356,5.368,5.302,5.341,181847.9,2026-08-24 00:00:00
5.34,5.382,5.324,5.379,69539.9,2026-08-24 00:15:00
5.38,5.406,5.311,5.32,117260.7,2026-08-24 00:30:00
5.319,5.363,5.268,5.358,171032.1,2026-08-24 00:45:00
5.358,5.396,5.329,5.374,81688.3,2026-08-24 01:00:00
5.373,5.389,5.321,5.382,81265.5,2026-08-24 01:15:00
5.383,5.405,5.349,5.391,94869.0,2026-08-24 01:30:00
5.391,5.405,5.322,5.343,127017.6,2026-08-24 01:45:00
5.342,5.363,5.297,5.346,176297.6,2026-08-24 02:00:00
5.346,5.408,5.346,5.393,103203.2,2026-08-24 02:15:00
5.393,5.425,5.355,5.358,102011.3,2026-08-24 02:30:00
5.358,5.362,5.263,5.301,209536.4,2026-08-24 02:45:00
5.301,5.312,5.286,5.294,85734.6,2026-08-24 03:00:00
5.294,5.344,5.287,5.298,43215.3,2026-08-24 03:15:00
5.298,5.31,5.261,5.267,125402.6,2026-08-24 03:30:00
5.268,5.312,5.267,5.271,31367.1,2026-08-24 03:45:00
5.27,5.298,5.231,5.271,122486.1,2026-08-24 04:00:00
5.27,5.305,5.27,5.284,74113.9,2026-08-24 04:15:00
5.285,5.293,5.265,5.269,49556.7,2026-08-24 04:30:00
5.27,5.282,5.202,5.22,150499.1,2026-08-24 04:45:00
5.22,5.29,5.191,5.289,129958.1,2026-08-24 05:00:00
5.289,5.297,5.238,5.24,55003.7,2026-08-24 05:15:00
5.24,5.314,5.217,5.306,119551.6,2026-08-24 05:30:00
5.306,5.328,5.27,5.311,98219.0,2026-08-24 05:45:00
5.311,5.367,5.286,5.348,123214.7,2026-08-24 06:00:00
5.348,5.356,5.32,5.341,77029.6,2026-08-24 06:15:00
5.339,5.344,5.273,5.279,90028.2,2026-08-24 06:30:00
5.279,5.332,5.266,5.301,83485.2,2026-08-24 06:45:00
5.301,5.375,5.285,5.374,101140.1,2026-08-24 07:00:00
5.374,5.391,5.344,5.385,95437.9,2026-08-24 07:15:00
5.385,5.393,5.343,5.344,98304.6,2026-08-24 07:30:00
5.344,5.368,5.333,5.354,65351.8,2026-08-24 07:45:00
5.354,5.37,5.33,5.344,83322.3,2026-08-24 08:00:00
5.344,5.345,5.288,5.291,93354.0,2026-08-24 08:15:00
5.291,5.347,5.277,5.347,98964.7,2026-08-24 08:30:00
5.347,5.35,5.318,5.349,72083.0,2026-08-24 08:45:00
5.349,5.399,5.342,5.395,103189.8,2026-08-24 09:00:00
5.396,5.416,5.384,5.384,113325.7,2026-08-24 09:15:00
5.384,5.4,5.363,5.368,85435.8,2026-08-24 09:30:00
5.369,5.404,5.354,5.391,69509.4,2026-08-24 09:45:00
5.391,5.417,5.372,5.382,74749.5,2026-08-24 10:00:00
5.383,5.407,5.374,5.383,58477.6,2026-08-24 10:15:00
5.383,5.387,5.346,5.354,76540.9,2026-08-24 10:30:00
5.355,5.401,5.355,5.358,53168.8,2026-08-24 10:45:00
5.358,5.398,5.322,5.391,174983.7,2026-08-24 11:00:00
5.39,5.465,5.377,5.413,308669.7,2026-08-24 11:15:00
5.414,5.493,5.407,5.47,229731.9,2026-08-24 11:30:00
5.47,5.472,5.423,5.462,121872.9,2026-08-24 11:45:00
5.461,5.466,5.392,5.397,100755.1,2026-08-24 12:00:00
5.397,5.405,5.345,5.389,130305.7,2026-08-24 12:15:00
5.389,5.439,5.371,5.436,98891.5,2026-08-24 12:30:00
5.436,5.508,5.434,5.497,224082.6,2026-08-24 12:45:00
5.497,5.518,5.47,5.502,195449.1,2026-08-24 13:00:00
5.503,5.516,5.464,5.502,131830.1,2026-08-24 13:15:00
5.503,5.511,5.427,5.489,240331.8,2026-08-24 13:30:00
5.488,5.5,5.438,5.485,187570.3,2026-08-24 13:45:00
5.485,5.593,5.481,5.585,339963.1,2026-08-24 14:00:00
5.586,5.735,5.574,5.725,545274.7,2026-08-24 14:15:00
5.725,5.788,5.682,5.71,483833.1,2026-08-24 14:30:00
5.711,5.761,5.656,5.731,255510.6,2026-08-24 14:45:00
5.73,5.762,5.685,5.724,260028.9,2026-08-24 15:00:00
5.724,5.78,5.724,5.75,190573.5,2026-08-24 15:15:00
5.751,5.802,5.692,5.712,263366.6,2026-08-24 15:30:00
5.711,5.738,5.645,5.669,300235.0,2026-08-24 15:45:00
5.67,5.757,5.661,5.738,233370.0,2026-08-24 16:00:00
5.739,5.838,5.727,5.834,238958.1,2026-08-24 16:15:00
5.834,5.933,5.829,5.924,605315.2,2026-08-24 16:30:00
5.925,5.995,5.855,5.901,900269.8,2026-08-24 16:45:00
5.902,6.009,5.87,5.96,443404.4,2026-08-24 17:00:00
5.959,5.984,5.813,5.831,768511.1,2026-08-24 17:15:00
5.831,5.908,5.821,5.842,331823.2,2026-08-24 17:30:00
5.842,5.872,5.754,5.76,362305.2,2026-08-24 17:45:00
5.76,5.825,5.713,5.816,331161.8,2026-08-24 18:00:00
5.817,5.877,5.808,5.836,321240.0,2026-08-24 18:15:00
5.837,5.839,5.764,5.805,204153.8,2026-08-24 18:30:00
5.806,5.84,5.776,5.827,122594.8,2026-08-24 18:45:00
5.828,5.831,5.743,5.76,178307.0,2026-08-24 19:00:00
5.76,5.763,5.676,5.714,272440.5,2026-08-24 19:15:00
5.715,5.716,5.673,5.684,109410.1,2026-08-24 19:30:00
5.684,5.687,5.568,5.596,659579.0,2026-08-24 19:45:00
5.596,5.692,5.582,5.672,203398.8,2026-08-24 20:00:00
5.672,5.702,5.657,5.683,118901.8,2026-08-24 20:15:00
5.684,5.728,5.659,5.707,146637.6,2026-08-24 20:30:00
5.708,5.718,5.677,5.694,60153.7,2026-08-24 20:45:00
5.694,5.747,5.673,5.701,87688.0,2026-08-24 21:00:00
5.7,5.723,5.651,5.673,59706.3,2026-08-24 21:15:00
5.674,5.711,5.665,5.697,50810.0,2026-08-24 21:30:00
5.698,5.713,5.662,5.69,44728.3,2026-08-24 21:45:00
5.69,5.711,5.665,5.666,39956.8,2026-08-24 22:00:00
5.666,5.68,5.645,5.649,38216.1,2026-08-24 22:15:00
5.649,5.691,5.644,5.645,44922.5,2026-08-24 22:30:00
5.644,5.65,5.612,5.628,52074.2,2026-08-24 22:45:00
5.628,5.665,5.604,5.646,50498.1,2026-08-24 23:00:00
5.645,5.67,5.626,5.652,43877.9,2026-08-24 23:15:00
5.652,5.661,5.628,5.652,52235.8,2026-08-24 23:30:00
5.651,5.701,5.648,5.691,101627.2,2026-08-24 23:45:00
5.691,5.749,5.68,5.723,199354.2,2026-08-25 00:00:00
5.722,5.776,5.686,5.729,146289.8,2026-08-25 00:15:00
5.729,5.774,5.722,5.77,89527.0,2026-08-25 00:30:00
5.77,5.819,5.764,5.797,180280.7,2026-08-25 00:45:00
5.796,5.817,5.737,5.751,134853.6,2026-08-25 01:00:00
5.751,5.812,5.739,5.796,91805.1,2026-08-25 01:15:00
5.796,5.828,5.781,5.808,70733.0,2026-08-25 01:30:00
5.809,5.838,5.794,5.827,61082.0,2026-08-25 01:45:00
5.827,5.869,5.823,5.835,91958.6,2026-08-25 02:00:00
5.835,5.951,5.824,5.948,307260.5,2026-08-25 02:15:00
5.948,5.998,5.929,5.968,212070.0,2026-08-25 02:30:00
5.969,5.992,5.933,5.956,127805.8,2026-08-25 02:45:00
5.956,5.977,5.88,5.923,157462.5,2026-08-25 03:00:00
5.922,5.98,5.919,5.958,97629.9,2026-08-25 03:15:00
5.958,5.977,5.91,5.926,158854.2,2026-08-25 03:30:00
5.926,5.936,5.871,5.912,128584.9,2026-08-25 03:45:00
5.913,5.974,5.858,5.967,267867.5,2026-08-25 04:00:00
5.968,5.988,5.911,5.927,138371.8,2026-08-25 04:15:00
5.927,5.964,5.902,5.941,101208.1,2026-08-25 04:30:00
5.941,6.005,5.934,5.944,194774.4,2026-08-25 04:45:00
5.944,5.963,5.922,5.943,76891.4,2026-08-25 05:00:00
5.943,5.998,5.928,5.966,125400.0,2026-08-25 05:15:00
5.967,5.968,5.927,5.929,71448.3,2026-08-25 05:30:00
5.93,5.973,5.918,5.932,79696.5,2026-08-25 05:45:00
5.932,5.942,5.836,5.921,341724.8,2026-08-25 06:00:00
5.922,5.989,5.919,5.958,163618.7,2026-08-25 06:15:00
5.958,5.992,5.946,5.985,138062.9,2026-08-25 06:30:00
5.986,5.986,5.855,5.869,249428.4,2026-08-25 06:45:00
5.869,5.96,5.857,5.953,133734.5,2026-08-25 07:00:00
5.953,5.999,5.951,5.973,99884.9,2026-08-25 07:15:00
5.973,5.973,5.925,5.933,79181.8,2026-08-25 07:30:00
5.934,5.954,5.82,5.9,260743.6,2026-08-25 07:45:00
5.9,5.94,5.89,5.931,156240.2,2026-08-25 08:00:00
5.931,6.067,5.924,5.958,612530.6,2026-08-25 08:15:00
5.959,5.989,5.917,5.962,140477.8,2026-08-25 08:30:00
5.963,5.965,5.893,5.907,132832.6,2026-08-25 08:45:00
5.907,5.936,5.9,5.921,63089.0,2026-08-25 09:00:00
5.921,5.929,5.882,5.894,85428.3,2026-08-25 09:15:00
5.895,5.923,5.875,5.885,69413.4,2026-08-25 09:30:00
5.886,5.897,5.796,5.808,226575.7,2026-08-25 09:45:00
5.809,5.836,5.713,5.741,256340.1,2026-08-25 10:00:00
5.742,5.81,5.742,5.79,181887.5,2026-08-25 10:15:00
5.79,5.849,5.78,5.835,83385.3,2026-08-25 10:30:00
5.835,5.901,5.823,5.832,159547.8,2026-08-25 10:45:00
5.833,5.85,5.801,5.815,84218.5,2026-08-25 11:00:00
5.815,5.885,5.811,5.873,80916.1,2026-08-25 11:15:00
5.874,5.924,5.853,5.911,158680.7,2026-08-25 11:30:00
5.912,5.915,5.871,5.886,70846.9,2026-08-25 11:45:00
5.887,5.911,5.833,5.886,130622.2,2026-08-25 12:00:00
5.885,5.911,5.832,5.865,102515.4,2026-08-25 12:15:00
5.864,5.864,5.811,5.823,81215.4,2026-08-25 12:30:00
5.823,5.957,5.821,5.937,192122.1,2026-08-25 12:45:00
5.937,5.98,5.892,5.895,248803.5,2026-08-25 13:00:00
5.895,5.9,5.829,5.855,346564.3,2026-08-25 13:15:00
5.856,5.927,5.843,5.852,160643.0,2026-08-25 13:30:00
5.854,5.875,5.782,5.867,273588.6,2026-08-25 13:45:00
5.866,5.866,5.775,5.784,217537.1,2026-08-25 14:00:00
5.784,5.791,5.687,5.732,430986.3,2026-08-25 14:15:00
5.733,5.75,5.702,5.734,255834.1,2026-08-25 14:30:00
5.734,5.771,5.718,5.738,121686.0,2026-08-25 14:45:00
5.739,5.74,5.674,5.685,104437.2,2026-08-25 15:00:00
5.685,5.724,5.664,5.704,98286.1,2026-08-25 15:15:00
5.704,5.72,5.686,5.703,52430.0,2026-08-25 15:30:00
5.704,5.772,5.69,5.766,70545.4,2026-08-25 15:45:00
5.767,5.791,5.749,5.76,151964.0,2026-08-25 16:00:00
5.759,5.788,5.725,5.754,151115.7,2026-08-25 16:15:00
5.754,5.786,5.719,5.748,95337.4,2026-08-25 16:30:00
5.749,5.766,5.731,5.745,44015.2,2026-08-25 16:45:00
5.746,5.756,5.695,5.712,76954.4,2026-08-25 17:00:00
5.713,5.718,5.624,5.651,192744.1,2026-08-25 17:15:00
5.651,5.705,5.641,5.697,52153.8,2026-08-25 17:30:00
5.697,5.712,5.688,5.708,28019.5,2026-08-25 17:45:00
5.709,5.715,5.687,5.696,40154.6,2026-08-25 18:00:00
5.696,5.708,5.667,5.67,41277.7,2026-08-25 18:15:00
5.67,5.687,5.648,5.66,84269.5,2026-08-25 18:30:00
5.66,5.682,5.653,5.658,37569.3,2026-08-25 18:45:00
5.659,5.669,5.632,5.643,49165.9,2026-08-25 19:00:00
5.643,5.653,5.615,5.62,71856.7,2026-08-25 19:15:00
5.62,5.634,5.605,5.612,56328.6,2026-08-25 19:30:00
5.612,5.656,5.612,5.638,41574.0,2026-08-25 19:45:00
5.639,5.646,5.559,5.596,226270.8,2026-08-25 20:00:00
5.595,5.631,5.589,5.598,61207.6,2026-08-25 20:15:00
5.598,5.603,5.421,5.457,522766.0,2026-08-25 20:30:00
5.458,5.499,5.404,5.43,374991.8,2026-08-25 20:45:00
5.429,5.461,5.345,5.451,384903.1,2026-08-25 21:00:00
5.45,5.478,5.428,5.477,86925.3,2026-08-25 21:15:00
5.477,5.533,5.456,5.522,180821.2,2026-08-25 21:30:00
5.521,5.564,5.516,5.556,56821.7,2026-08-25 21:45:00
5.555,5.635,5.554,5.63,161316.3,2026-08-25 22:00:00
5.63,5.66,5.599,5.603,92648.7,2026-08-25 22:15:00
5.603,5.664,5.601,5.618,60210.9,2026-08-25 22:30:00
5.617,5.657,5.615,5.639,67785.5,2026-08-25 22:45:00
5.64,5.66,5.619,5.63,94174.3,2026-08-25 23:00:00
5.63,5.645,5.56,5.606,157246.0,2026-08-25 23:15:00
5.605,5.608,5.558,5.578,123004.6,2026-08-25 23:30:00
5.577,5.58,5.537,5.566,53740.5,2026-08-25 23:45:00
5.566,5.568,5.523,5.54,122882.0,2026-08-26 00:00:00
5.541,5.572,5.54,5.567,28063.6,2026-08-26 00:15:00
5.567,5.578,5.532,5.54,33847.4,2026-08-26 00:30:00
5.54,5.594,5.533,5.572,51127.1,2026-08-26 00:45:00
5.572,5.594,5.566,5.567,38296.4,2026-08-26 01:00:00
5.567,5.577,5.535,5.536,48869.8,2026-08-26 01:15:00
5.537,5.607,5.537,5.576,73228.1,2026-08-26 01:30:00
5.576,5.588,5.566,5.586,23654.3,2026-08-26 01:45:00
5.587,5.619,5.581,5.608,29696.2,2026-08-26 02:00:00
5.609,5.68,5.607,5.671,81985.3,2026-08-26 02:15:00
5.672,5.673,5.617,5.636,100497.5,2026-08-26 02:30:00
5.637,5.646,5.61,5.612,30020.4,2026-08-26 02:45:00
5.612,5.622,5.576,5.576,38356.9,2026-08-26 03:00:00
5.576,5.589,5.56,5.578,58323.2,2026-08-26 03:15:00
5.578,5.58,5.553,5.56,43229.5,2026-08-26 03:30:00
5.561,5.572,5.54,5.551,48392.0,2026-08-26 03:45:00
5.551,5.572,5.545,5.553,51414.8,2026-08-26 04:00:00
5.554,5.627,5.548,5.627,69806.7,2026-08-26 04:15:00
5.627,5.63,5.595,5.605,47039.1,2026-08-26 04:30:00
5.604,5.604,5.555,5.573,41212.7,2026-08-26 04:45:00
5.572,5.575,5.495,5.523,100847.6,2026-08-26 05:00:00
5.522,5.557,5.507,5.542,35069.6,2026-08-26 05:15:00
5.541,5.573,5.533,5.547,71289.9,2026-08-26 05:30:00
5.547,5.55,5.503,5.517,46902.9,2026-08-26 05:45:00
5.516,5.556,5.504,5.522,48276.7,2026-08-26 06:00:00
5.521,5.533,5.506,5.511,21376.7,2026-08-26 06:15:00
5.51,5.524,5.495,5.509,52902.7,2026-08-26 06:30:00
5.509,5.548,5.507,5.548,29211.9,2026-08-26 06:45:00
5.547,5.549,5.518,5.535,39580.1,2026-08-26 07:00:00
5.535,5.548,5.527,5.528,17399.4,2026-08-26 07:15:00
5.528,5.528,5.513,5.523,29473.5,2026-08-26 07:30:00
5.522,5.545,5.519,5.53,46095.6,2026-08-26 07:45:00
5.531,5.571,5.518,5.558,40222.4,2026-08-26 08:00:00
5.557,5.585,5.546,5.562,36219.9,2026-08-26 08:15:00
5.562,5.569,5.539,5.539,29567.3,2026-08-26 08:30:00
5.54,5.541,5.491,5.497,75285.8,2026-08-26 08:45:00
5.498,5.531,5.497,5.505,37096.1,2026-08-26 09:00:00
5.505,5.508,5.475,5.498,59895.0,2026-08-26 09:15:00
5.498,5.519,5.488,5.494,30955.1,2026-08-26 09:30:00
5.494,5.515,5.484,5.496,35450.4,2026-08-26 09:45:00
5.495,5.499,5.449,5.461,277155.8,2026-08-26 10:00:00
5.461,5.488,5.458,5.485,32113.6,2026-08-26 10:15:00
5.485,5.503,5.478,5.491,36201.1,2026-08-26 10:30:00
5.491,5.504,5.484,5.485,25561.4,2026-08-26 10:45:00
5.485,5.491,5.47,5.471,40322.6,2026-08-26 11:00:00
5.471,5.476,5.45,5.452,28580.4,2026-08-26 11:15:00
5.452,5.452,5.415,5.443,92180.8,2026-08-26 11:30:00
5.444,5.444,5.401,5.414,80668.0,2026-08-26 11:45:00
5.415,5.45,5.415,5.447,68211.7,2026-08-26 12:00:00
5.447,5.56,5.446,5.535,221415.2,2026-08-26 12:15:00
5.536,5.536,5.429,5.451,286647.5,2026-08-26 12:30:00
5.451,5.483,5.444,5.468,67467.7,2026-08-26 12:45:00
5.468,5.475,5.383,5.396,151395.3,2026-08-26 13:00:00
5.396,5.407,5.383,5.39,74851.1,2026-08-26 13:15:00
5.391,5.444,5.391,5.434,97246.8,2026-08-26 13:30:00
5.434,5.445,5.353,5.378,130677.3,2026-08-26 13:45:00
5.378,5.414,5.355,5.387,79311.7,2026-08-26 14:00:00
5.387,5.407,5.359,5.365,87936.2,2026-08-26 14:15:00
5.364,5.379,5.33,5.33,140932.9,2026-08-26 14:30:00
5.331,5.347,5.314,5.325,84391.2,2026-08-26 14:45:00
5.325,5.339,5.29,5.315,210717.7,2026-08-26 15:00:00
5.314,5.356,5.295,5.353,134464.4,2026-08-26 15:15:00
5.352,5.371,5.333,5.339,60241.6,2026-08-26 15:30:00
5.339,5.355,5.318,5.32,49610.4,2026-08-26 15:45:00
5.32,5.33,5.266,5.324,171039.8,2026-08-26 16:00:00
5.324,5.327,5.268,5.273,77126.7,2026-08-26 16:15:00
5.272,5.298,5.254,5.279,95871.8,2026-08-26 16:30:00
5.279,5.313,5.276,5.283,38076.5,2026-08-26 16:45:00
5.284,5.317,5.28,5.305,38253.6,2026-08-26 17:00:00
5.306,5.355,5.306,5.352,36453.7,2026-08-26 17:15:00
5.352,5.374,5.344,5.344,51433.7,2026-08-26 17:30:00
5.345,5.345,5.319,5.325,30966.1,2026-08-26 17:45:00
5.326,5.343,5.308,5.329,39629.1,2026-08-26 18:00:00
5.33,5.371,5.324,5.361,88271.8,2026-08-26 18:15:00
5.362,5.377,5.334,5.343,61261.0,2026-08-26 18:30:00
5.343,5.408,5.341,5.388,56209.9,2026-08-26 18:45:00
5.388,5.397,5.36,5.378,53547.0,2026-08-26 19:00:00
5.378,5.429,5.375,5.429,63732.5,2026-08-26 19:15:00
5.429,5.458,5.404,5.433,113174.9,2026-08-26 19:30:00
5.433,5.455,5.428,5.451,49411.9,2026-08-26 19:45:00
5.45,5.471,5.403,5.412,79331.6,2026-08-26 20:00:00
5.413,5.422,5.346,5.386,109384.4,2026-08-26 20:15:00
5.386,5.396,5.364,5.378,38707.5,2026-08-26 20:30:00
5.378,5.404,5.374,5.404,29289.0,2026-08-26 20:45:00
5.405,5.455,5.391,5.446,79888.7,2026-08-26 21:00:00
5.447,5.469,5.438,5.458,63173.1,2026-08-26 21:15:00
5.458,5.459,5.39,5.417,141678.5,2026-08-26 21:30:00
5.418,5.435,5.412,5.426,18090.2,2026-08-26 21:45:00
5.426,5.447,5.422,5.434,51181.7,2026-08-26 22:00:00
5.434,5.488,5.43,5.487,76494.5,2026-08-26 22:15:00
5.487,5.487,5.44,5.455,53810.9,2026-08-26 22:30:00
5.455,5.455,5.434,5.442,26358.3,2026-08-26 22:45:00
5.443,5.462,5.433,5.454,52295.1,2026-08-26 23:00:00
5.454,5.548,5.441,5.501,225687.1,2026-08-26 23:15:00
5.501,5.54,5.484,5.537,67951.4,2026-08-26 23:30:00
5.536,5.556,5.524,5.551,65772.1,2026-08-26 23:45:00
5.551,5.599,5.53,5.585,180290.8,2026-08-27 00:00:00
5.585,5.591,5.541,5.582,61503.7,2026-08-27 00:15:00
5.582,5.589,5.557,5.579,57156.4,2026-08-27 00:30:00
5.579,5.608,5.511,5.532,138724.2,2026-08-27 00:45:00
5.531,5.586,5.523,5.55,66529.3,2026-08-27 01:00:00
5.55,5.577,5.548,5.571,29631.9,2026-08-27 01:15:00
5.57,5.577,5.54,5.548,35695.4,2026-08-27 01:30:00
5.548,5.592,5.546,5.556,62195.1,2026-08-27 01:45:00
5.555,5.567,5.504,5.521,68237.4,2026-08-27 02:00:00
5.52,5.528,5.476,5.492,65566.6,2026-08-27 02:15:00
5.492,5.495,5.436,5.441,93547.2,2026-08-27 02:30:00
5.441,5.458,5.431,5.457,34577.5,2026-08-27 02:45:00
5.457,5.512,5.452,5.464,57108.5,2026-08-27 03:00:00
5.464,5.496,5.445,5.494,37577.4,2026-08-27 03:15:00
5.493,5.493,5.453,5.456,19500.4,2026-08-27 03:30:00
5.457,5.465,5.439,5.449,22994.8,2026-08-27 03:45:00
5.449,5.462,5.434,5.445,20178.3,2026-08-27 04:00:00
5.445,5.452,5.392,5.4,99462.4,2026-08-27 04:15:00
5.4,5.405,5.386,5.4,40154.1,2026-08-27 04:30:00
5.4,5.405,5.383,5.398,22753.5,2026-08-27 04:45:00
5.398,5.423,5.392,5.407,32512.3,2026-08-27 05:00:00
5.406,5.412,5.362,5.363,67152.6,2026-08-27 05:15:00
5.363,5.376,5.33,5.364,100695.1,2026-08-27 05:30:00
5.363,5.406,5.361,5.387,23725.4,2026-08-27 05:45:00
5.386,5.386,5.338,5.345,18605.8,2026-08-27 06:00:00
5.345,5.35,5.322,5.329,62047.9,2026-08-27 06:15:00
5.329,5.376,5.328,5.37,41455.3,2026-08-27 06:30:00
5.369,5.409,5.369,5.4,63736.6,2026-08-27 06:45:00
5.4,5.41,5.39,5.405,32715.5,2026-08-27 07:00:00
5.405,5.416,5.398,5.416,28105.5,2026-08-27 07:15:00
5.415,5.463,5.412,5.455,95562.9,2026-08-27 07:30:00
5.455,5.485,5.451,5.473,49110.2,2026-08-27 07:45:00
5.473,5.51,5.45,5.496,130532.4,2026-08-27 08:00:00
5.496,5.567,5.474,5.562,103428.1,2026-08-27 08:15:00
5.562,5.583,5.53,5.546,86055.4,2026-08-27 08:30:00
5.547,5.557,5.522,5.536,66238.2,2026-08-27 08:45:00
5.535,5.54,5.518,5.525,57297.4,2026-08-27 09:00:00
5.525,5.576,5.517,5.574,50352.1,2026-08-27 09:15:00
5.573,5.573,5.513,5.523,49679.9,2026-08-27 09:30:00
5.522,5.538,5.487,5.496,61642.3,2026-08-27 09:45:00
5.498,5.553,5.493,5.526,220373.2,2026-08-27 10:00:00
5.526,5.537,5.478,5.517,113988.5,2026-08-27 10:15:00
5.517,5.518,5.415,5.444,209852.9,2026-08-27 10:30:00
5.443,5.445,5.421,5.437,39755.8,2026-08-27 10:45:00
5.437,5.49,5.43,5.48,38677.9,2026-08-27 11:00:00
5.481,5.487,5.431,5.472,44689.2,2026-08-27 11:15:00
5.472,5.517,5.451,5.462,115458.1,2026-08-27 11:30:00
5.462,5.462,5.403,5.428,127262.2,2026-08-27 11:45:00
5.429,5.483,5.429,5.471,40338.6,2026-08-27 12:00:00
5.472,5.484,5.451,5.464,50869.8,2026-08-27 12:15:00
5.465,5.476,5.428,5.439,47801.9,2026-08-27 12:30:00
5.439,5.458,5.434,5.443,34931.4,2026-08-27 12:45:00
5.442,5.468,5.439,5.45,47536.2,2026-08-27 13:00:00
5.451,5.486,5.445,5.461,59251.8,2026-08-27 13:15:00
5.461,5.461,5.405,5.417,100523.3,2026-08-27 13:30:00
5.418,5.466,5.361,5.459,225322.0,2026-08-27 13:45:00
5.46,5.491,5.425,5.434,103291.2,2026-08-27 14:00:00
5.435,5.488,5.422,5.477,81820.7,2026-08-27 14:15:00
5.478,5.505,5.462,5.502,88946.8,2026-08-27 14:30:00
5.502,5.561,5.477,5.54,199479.7,2026-08-27 14:45:00
5.541,5.623,5.533,5.596,327168.5,2026-08-27 15:00:00
5.595,5.625,5.533,5.572,381395.1,2026-08-27 15:15:00
5.571,5.576,5.52,5.541,167134.5,2026-08-27 15:30:00
5.541,5.572,5.516,5.542,114980.0,2026-08-27 15:45:00
5.542,5.568,5.493,5.539,304649.6,2026-08-27 16:00:00
5.539,5.559,5.526,5.544,253955.7,2026-08-27 16:15:00
5.544,5.554,5.498,5.541,242158.0,2026-08-27 16:30:00
5.542,5.549,5.501,5.505,224281.6,2026-08-27 16:45:00
5.506,5.544,5.493,5.539,166988.1,2026-08-27 17:00:00
5.539,5.565,5.534,5.547,70195.3,2026-08-27 17:15:00
5.548,5.559,5.535,5.538,33001.4,2026-08-27 17:30:00
5.539,5.541,5.516,5.522,39832.4,2026-08-27 17:45:00
5.522,5.523,5.451,5.465,100838.2,2026-08-27 18:00:00
5.464,5.481,5.416,5.426,148598.9,2026-08-27 18:15:00
5.425,5.444,5.418,5.432,46503.3,2026-08-27 18:30:00
5.433,5.48,5.427,5.477,40747.9,2026-08-27 18:45:00
5.478,5.49,5.466,5.48,39107.5,2026-08-27 19:00:00
5.481,5.497,5.46,5.468,39417.9,2026-08-27 19:15:00
5.468,5.476,5.45,5.457,30589.5,2026-08-27 19:30:00
5.457,5.498,5.457,5.48,34800.9,2026-08-27 19:45:00
5.479,5.484,5.451,5.455,30418.9,2026-08-27 20:00:00
5.455,5.508,5.455,5.49,36191.4,2026-08-27 20:15:00
5.489,5.499,5.485,5.493,22224.7,2026-08-27 20:30:00
5.494,5.501,5.482,5.496,18556.1,2026-08-27 20:45:00
5.496,5.501,5.482,5.482,52709.3,2026-08-27 21:00:00
5.482,5.482,5.436,5.445,66809.6,2026-08-27 21:15:00
5.446,5.456,5.429,5.446,24390.4,2026-08-27 21:30:00
5.446,5.48,5.445,5.479,13313.3,2026-08-27 21:45:00
5.479,5.497,5.479,5.481,24197.1,2026-08-27 22:00:00
5.481,5.507,5.472,5.473,28980.8,2026-08-27 22:15:00
5.473,5.479,5.465,5.473,20121.6,2026-08-27 22:30:00
5.473,5.474,5.456,5.466,14542.7,2026-08-27 22:45:00
5.466,5.481,5.461,5.465,26604.3,2026-08-27 23:00:00
5.464,5.49,5.462,5.489,12649.7,2026-08-27 23:15:00
5.489,5.518,5.489,5.513,19188.4,2026-08-27 23:30:00
5.513,5.513,5.49,5.492,18344.9,2026-08-27 23:45:00
5.492,5.505,5.461,5.473,42017.2,2026-08-28 00:00:00
5.472,5.518,5.472,5.497,86572.8,2026-08-28 00:15:00
5.497,5.525,5.484,5.514,66284.5,2026-08-28 00:30:00
5.513,5.514,5.466,5.485,38567.8,2026-08-28 00:45:00
5.484,5.5,5.482,5.486,26064.9,2026-08-28 01:00:00
5.485,5.58,5.483,5.554,93330.5,2026-08-28 01:15:00
5.555,5.575,5.49,5.497,106863.1,2026-08-28 01:30:00
5.498,5.499,5.429,5.435,87669.1,2026-08-28 01:45:00
5.436,5.445,5.396,5.405,110214.4,2026-08-28 02:00:00
5.405,5.413,5.311,5.321,493533.3,2026-08-28 02:15:00
5.32,5.341,5.289,5.326,104077.7,2026-08-28 02:30:00
5.325,5.331,5.267,5.317,233569.7,2026-08-28 02:45:00
5.318,5.319,5.286,5.311,99183.6,2026-08-28 03:00:00
5.312,5.337,5.312,5.328,27851.9,2026-08-28 03:15:00
5.328,5.339,5.322,5.329,42371.0,2026-08-28 03:30:00
5.329,5.345,5.323,5.344,43191.5,2026-08-28 03:45:00
5.344,5.355,5.301,5.335,56289.1,2026-08-28 04:00:00
5.334,5.346,5.31,5.317,71375.5,2026-08-28 04:15:00
5.318,5.329,5.292,5.328,57103.5,2026-08-28 04:30:00
5.327,5.352,5.325,5.341,33709.5,2026-08-28 04:45:00
5.342,5.343,5.317,5.333,27800.4,2026-08-28 05:00:00
5.333,5.337,5.304,5.335,23643.2,2026-08-28 05:15:00
5.335,5.368,5.331,5.363,37902.3,2026-08-28 05:30:00
5.362,5.369,5.333,5.336,27217.9,2026-08-28 05:45:00
5.336,5.356,5.336,5.353,25270.2,2026-08-28 06:00:00
5.353,5.354,5.335,5.341,16151.9,2026-08-28 06:15:00
5.341,5.353,5.336,5.344,18376.8,2026-08-28 06:30:00
5.344,5.385,5.344,5.364,34761.8,2026-08-28 06:45:00
5.365,5.369,5.313,5.317,42125.8,2026-08-28 07:00:00
5.318,5.333,5.316,5.325,23508.4,2026-08-28 07:15:00
5.326,5.329,5.317,5.318,25510.7,2026-08-28 07:30:00
5.319,5.355,5.314,5.35,37312.4,2026-08-28 07:45:00
5.35,5.363,5.318,5.321,43721.9,2026-08-28 08:00:00
5.321,5.33,5.314,5.314,33243.1,2026-08-28 08:15:00
5.314,5.323,5.301,5.301,23854.5,2026-08-28 08:30:00
5.302,5.304,5.281,5.294,47381.6,2026-08-28 08:45:00
5.295,5.325,5.291,5.32,45268.2,2026-08-28 09:00:00
5.32,5.335,5.293,5.296,35226.9,2026-08-28 09:15:00
5.297,5.297,5.272,5.274,61397.7,2026-08-28 09:30:00
5.274,5.291,5.274,5.289,28090.7,2026-08-28 09:45:00
5.29,5.293,5.243,5.289,91608.4,2026-08-28 10:00:00
5.29,5.317,5.29,5.312,63370.6,2026-08-28 10:15:00
5.312,5.343,5.312,5.333,74494.4,2026-08-28 10:30:00
5.333,5.379,5.332,5.378,44144.5,2026-08-28 10:45:00
5.379,5.393,5.365,5.376,39074.8,2026-08-28 11:00:00
5.377,5.391,5.352,5.353,49994.2,2026-08-28 11:15:00
5.354,5.369,5.348,5.362,22811.6,2026-08-28 11:30:00
5.363,5.366,5.351,5.363,15518.8,2026-08-28 11:45:00
5.363,5.378,5.357,5.375,38223.5,2026-08-28 12:00:00
5.375,5.416,5.375,5.385,47179.4,2026-08-28 12:15:00
5.384,5.394,5.362,5.39,43943.8,2026-08-28 12:30:00
5.391,5.407,5.378,5.387,20580.6,2026-08-28 12:45:00
5.387,5.431,5.383,5.42,105703.5,2026-08-28 13:00:00
5.421,5.421,5.362,5.383,70183.8,2026-08-28 13:15:00
5.382,5.41,5.373,5.379,46778.6,2026-08-28 13:30:00
5.379,5.418,5.368,5.397,42207.4,2026-08-28 13:45:00
5.397,5.457,5.306,5.326,307514.6,2026-08-28 14:00:00
5.325,5.381,5.321,5.374,93572.1,2026-08-28 14:15:00
5.373,5.458,5.354,5.43,109604.8,2026-08-28 14:30:00
5.431,5.435,5.386,5.43,65831.6,2026-08-28 14:45:00
5.43,5.453,5.371,5.38,80947.4,2026-08-28 15:00:00
5.38,5.41,5.362,5.376,61305.6,2026-08-28 15:15:00
5.376,5.381,5.329,5.33,62088.1,2026-08-28 15:30:00
5.33,5.344,5.274,5.28,97853.3,2026-08-28 15:45:00
5.28,5.29,5.129,5.182,697928.6,2026-08-28 16:00:00
5.182,5.223,5.131,5.207,219527.0,2026-08-28 16:15:00
5.205,5.246,5.19,5.219,110881.1,2026-08-28 16:30:00
5.219,5.244,5.199,5.2,40903.5,2026-08-28 16:45:00
5.2,5.211,5.167,5.206,98692.1,2026-08-28 17:00:00
5.206,5.21,5.175,5.19,41958.9,2026-08-28 17:15:00
5.19,5.2,5.156,5.161,51678.7,2026-08-28 17:30:00
5.161,5.198,5.157,5.182,46699.9,2026-08-28 17:45:00
5.181,5.181,5.155,5.161,55629.7,2026-08-28 18:00:00
5.161,5.162,5.117,5.148,175037.7,2026-08-28 18:15:00
5.148,5.151,5.092,5.103,130164.8,2026-08-28 18:30:00
5.103,5.115,5.083,5.107,111364.4,2026-08-28 18:45:00
5.107,5.129,5.104,5.118,41088.5,2026-08-28 19:00:00
5.117,5.133,5.107,5.125,24800.3,2026-08-28 19:15:00
5.124,5.13,5.117,5.119,21134.9,2026-08-28 19:30:00
5.12,5.128,5.104,5.12,20676.4,2026-08-28 19:45:00
5.119,5.169,5.117,5.155,130017.2,2026-08-28 20:00:00
5.155,5.172,5.141,5.17,23747.7,2026-08-28 20:15:00
5.17,5.17,5.147,5.158,30380.4,2026-08-28 20:30:00
5.158,5.162,5.14,5.153,15776.2,2026-08-28 20:45:00
5.153,5.155,5.113,5.124,48845.1,2026-08-28 21:00:00
5.124,5.15,5.109,5.13,67206.3,2026-08-28 21:15:00
5.13,5.155,5.13,5.136,28474.2,2026-08-28 21:30:00
5.135,5.135,5.081,5.099,66809.6,2026-08-28 21:45:00
5.099,5.147,5.093,5.147,46569.1,2026-08-28 22:00:00
5.146,5.147,5.121,5.13,20533.0,2026-08-28 22:15:00
5.129,5.145,5.123,5.144,24015.5,2026-08-28 22:30:00
5.143,5.172,5.142,5.168,36948.3,2026-08-28 22:45:00
5.168,5.171,5.154,5.17,27984.0,2026-08-28 23:00:00
5.171,5.174,5.164,5.169,23616.8,2026-08-28 23:15:00
5.168,5.168,5.154,5.157,12981.3,2026-08-28 23:30:00
5.156,5.159,5.135,5.147,24290.8,2026-08-28 23:45:00
5.147,5.182,5.144,5.162,111026.8,2026-08-29 00:00:00
5.161,5.181,5.154,5.176,20811.5,2026-08-29 00:15:00
5.176,5.192,5.169,5.172,40724.5,2026-08-29 00:30:00
5.173,5.175,5.144,5.152,47178.0,2026-08-29 00:45:00
5.151,5.153,5.131,5.139,21888.8,2026-08-29 01:00:00
5.139,5.145,5.133,5.145,12317.7,2026-08-29 01:15:00
5.145,5.153,5.137,5.144,25123.9,2026-08-29 01:30:00
5.143,5.157,5.132,5.143,17015.1,2026-08-29 01:45:00
5.143,5.154,5.131,5.131,20020.8,2026-08-29 02:00:00
5.132,5.133,5.092,5.107,36231.0,2026-08-29 02:15:00
5.107,5.124,5.1,5.113,23563.6,2026-08-29 02:30:00
5.113,5.127,5.109,5.12,15933.1,2026-08-29 02:45:00
5.119,5.126,5.09,5.098,56511.9,2026-08-29 03:00:00
5.099,5.123,5.094,5.107,29195.4,2026-08-29 03:15:00
5.106,5.108,5.034,5.061,205343.5,2026-08-29 03:30:00
5.061,5.063,5.031,5.036,54777.0,2026-08-29 03:45:00
5.036,5.077,5.032,5.071,70596.2,2026-08-29 04:00:00
5.071,5.086,5.066,5.071,41837.7,2026-08-29 04:15:00
5.071,5.074,5.044,5.07,37539.5,2026-08-29 04:30:00
5.07,5.099,5.069,5.087,29257.0,2026-08-29 04:45:00
5.088,5.091,5.078,5.084,22408.4,2026-08-29 05:00:00
5.085,5.086,5.073,5.082,12136.9,2026-08-29 05:15:00
5.082,5.098,5.076,5.095,20565.1,2026-08-29 05:30:00
5.095,5.096,5.084,5.093,9479.9,2026-08-29 05:45:00
5.094,5.096,5.066,5.068,29086.7,2026-08-29 06:00:00
5.068,5.072,5.049,5.062,28758.0,2026-08-29 06:15:00
5.063,5.074,5.058,5.066,18009.4,2026-08-29 06:30:00
5.067,5.07,5.043,5.048,22196.0,2026-08-29 06:45:00
5.049,5.087,5.047,5.065,49979.0,2026-08-29 07:00:00
5.065,5.065,5.041,5.056,38184.2,2026-08-29 07:15:00
5.057,5.064,5.047,5.05,13681.6,2026-08-29 07:30:00
5.051,5.056,5.038,5.04,34875.9,2026-08-29 07:45:00
5.039,5.04,5.018,5.026,57981.3,2026-08-29 08:00:00
5.027,5.036,5.019,5.034,21038.7,2026-08-29 08:15:00
5.035,5.035,5.018,5.019,20522.2,2026-08-29 08:30:00
5.019,5.03,5.013,5.018,34869.2,2026-08-29 08:45:00
5.019,5.03,5.015,5.029,18510.8,2026-08-29 09:00:00
5.03,5.041,5.022,5.031,47521.7,2026-08-29 09:15:00
5.032,5.056,5.03,5.036,38933.6,2026-08-29 09:30:00
5.036,5.046,5.028,5.04,21132.7,2026-08-29 09:45:00
5.041,5.041,5.016,5.028,50368.5,2026-08-29 10:00:00
5.028,5.05,5.028,5.036,35101.7,2026-08-29 10:15:00
5.036,5.038,5.021,5.025,46733.3,2026-08-29 10:30:00
5.025,5.033,5.017,5.019,16077.9,2026-08-29 10:45:00
5.019,5.032,5.017,5.029,15242.5,2026-08-29 11:00:00
5.03,5.031,5.011,5.011,14871.5,2026-08-29 11:15:00
5.011,5.015,4.999,5.004,66218.2,2026-08-29 11:30:00
5.004,5.055,5.002,5.035,103162.5,2026-08-29 11:45:00
5.036,5.04,5.022,5.039,42848.3,2026-08-29 12:00:00
5.039,5.05,5.013,5.021,36106.1,2026-08-29 12:15:00
5.022,5.024,5.007,5.017,22468.1,2026-08-29 12:30:00
5.018,5.019,5.005,5.013,34861.0,2026-08-29 12:45:00
5.014,5.014,4.993,5.008,39676.2,2026-08-29 13:00:00
5.008,5.02,5.003,5.007,20057.0,2026-08-29 13:15:00
5.008,5.011,4.995,4.999,24905.8,2026-08-29 13:30:00
5.0,5.023,4.995,5.013,22935.4,2026-08-29 13:45:00
5.014,5.024,5.005,5.019,25053.1,2026-08-29 14:00:00
5.019,5.046,5.017,5.039,45221.0,2026-08-29 14:15:00
5.04,5.081,5.029,5.068,72139.5,2026-08-29 14:30:00
5.069,5.109,5.068,5.094,121515.5,2026-08-29 14:45:00
5.095,5.096,5.063,5.068,68492.6,2026-08-29 15:00:00
5.067,5.073,5.05,5.056,36076.7,2026-08-29 15:15:00
5.055,5.062,5.04,5.052,114989.8,2026-08-29 15:30:00
5.053,5.072,5.049,5.07,170239.2,2026-08-29 15:45:00
5.071,5.11,5.066,5.082,413390.2,2026-08-29 16:00:00
5.083,5.095,5.07,5.081,142385.0,2026-08-29 16:15:00
5.081,5.089,5.07,5.078,50298.9,2026-08-29 16:30:00
5.078,5.096,5.073,5.08,113058.6,2026-08-29 16:45:00
5.081,5.09,5.079,5.08,25189.3,2026-08-29 17:00:00
5.081,5.082,5.064,5.066,31720.2,2026-08-29 17:15:00
5.067,5.076,5.051,5.059,56444.9,2026-08-29 17:30:00
5.06,5.068,5.06,5.064,17341.6,2026-08-29 17:45:00
5.064,5.07,5.053,5.065,28392.6,2026-08-29 18:00:00
5.065,5.082,5.05,5.056,80897.2,2026-08-29 18:15:00
5.056,5.079,5.053,5.075,26148.1,2026-08-29 18:30:00
5.075,5.086,5.067,5.072,29115.1,2026-08-29 18:45:00
5.073,5.099,5.07,5.097,108527.7,2026-08-29 19:00:00
5.097,5.123,5.094,5.11,138494.9,2026-08-29 19:15:00
5.111,5.124,5.093,5.112,54703.5,2026-08-29 19:30:00
5.113,5.117,5.1,5.11,27514.3,2026-08-29 19:45:00
5.111,5.186,5.103,5.158,212813.2,2026-08-29 20:00:00
5.157,5.202,5.151,5.197,71252.5,2026-08-29 20:15:00
5.197,5.202,5.175,5.19,44562.7,2026-08-29 20:30:00
5.191,5.191,5.153,5.167,34352.0,2026-08-29 20:45:00
5.168,5.188,5.143,5.156,53419.7,2026-08-29 21:00:00
5.157,5.16,5.139,5.142,22407.8,2026-08-29 21:15:00
5.142,5.175,5.142,5.167,18437.0,2026-08-29 21:30:00
5.167,5.184,5.147,5.149,16495.6,2026-08-29 21:45:00
5.149,5.166,5.144,5.144,24294.6,2026-08-29 22:00:00
5.145,5.15,5.137,5.144,19035.2,2026-08-29 22:15:00
5.145,5.165,5.144,5.161,42179.2,2026-08-29 22:30:00
5.162,5.169,5.149,5.151,27049.7,2026-08-29 22:45:00
5.152,5.157,5.144,5.147,33614.9,2026-08-29 23:00:00
5.147,5.155,5.132,5.153,35941.9,2026-08-29 23:15:00
5.154,5.168,5.15,5.155,28369.1,2026-08-29 23:30:00
5.156,5.175,5.155,5.164,23694.5,2026-08-29 23:45:00
5.164,5.168,5.147,5.156,64161.5,2026-08-30 00:00:00
5.156,5.179,5.153,5.154,15538.1,2026-08-30 00:15:00
5.154,5.169,5.15,5.155,17163.5,2026-08-30 00:30:00
5.154,5.157,5.134,5.138,17960.0,2026-08-30 00:45:00
5.137,5.137,5.116,5.119,32682.9,2026-08-30 01:00:00
5.119,5.127,5.111,5.115,24822.8,2026-08-30 01:15:00
5.114,5.121,5.107,5.118,27889.4,2026-08-30 01:30:00
5.118,5.123,5.11,5.115,13948.5,2026-08-30 01:45:00
5.115,5.126,5.112,5.126,19281.1,2026-08-30 02:00:00
5.126,5.13,5.117,5.123,14335.8,2026-08-30 02:15:00
5.123,5.13,5.113,5.125,13961.9,2026-08-30 02:30:00
5.124,5.134,5.114,5.116,15518.1,2026-08-30 02:45:00
5.115,5.122,5.107,5.109,25248.6,2026-08-30 03:00:00
5.109,5.114,5.103,5.114,14210.0,2026-08-30 03:15:00
5.114,5.115,5.1,5.104,21380.0,2026-08-30 03:30:00
5.103,5.104,5.09,5.099,25984.1,2026-08-30 03:45:00
5.098,5.114,5.098,5.113,19070.7,2026-08-30 04:00:00
5.113,5.122,5.108,5.112,13018.0,2026-08-30 04:15:00
5.111,5.111,5.091,5.091,18878.8,2026-08-30 04:30:00
5.091,5.104,5.073,5.104,29860.0,2026-08-30 04:45:00
5.103,5.142,5.098,5.131,51323.5,2026-08-30 05:00:00
5.13,5.144,5.118,5.141,59565.0,2026-08-30 05:15:00
5.141,5.197,5.141,5.168,134786.9,2026-08-30 05:30:00
5.168,5.171,5.144,5.151,74295.8,2026-08-30 05:45:00
5.152,5.155,5.134,5.144,23225.5,2026-08-30 06:00:00
5.144,5.179,5.135,5.176,35126.0,2026-08-30 06:15:00
5.177,5.182,5.154,5.156,31780.8,2026-08-30 06:30:00
5.156,5.176,5.156,5.175,18102.4,2026-08-30 06:45:00
5.175,5.176,5.157,5.164,19943.9,2026-08-30 07:00:00
5.164,5.188,5.156,5.175,19882.3,2026-08-30 07:15:00
5.175,5.186,5.168,5.175,20914.6,2026-08-30 07:30:00
5.174,5.208,5.162,5.186,36225.6,2026-08-30 07:45:00
5.186,5.207,5.167,5.201,56639.3,2026-08-30 08:00:00
5.202,5.218,5.182,5.197,46682.1,2026-08-30 08:15:00
5.198,5.215,5.17,5.18,53903.2,2026-08-30 08:30:00
5.18,5.18,5.158,5.177,35569.3,2026-08-30 08:45:00
5.177,5.207,5.174,5.194,43520.8,2026-08-30 09:00:00
5.193,5.213,5.173,5.175,23574.7,2026-08-30 09:15:00
5.176,5.197,5.174,5.186,22203.3,2026-08-30 09:30:00
5.187,5.187,5.175,5.18,12890.1,2026-08-30 09:45:00
5.18,5.183,5.151,5.162,47558.5,2026-08-30 10:00:00
5.163,5.176,5.161,5.166,16714.5,2026-08-30 10:15:00
5.167,5.175,5.16,5.172,31881.0,2026-08-30 10:30:00
5.172,5.198,5.172,5.192,32919.6,2026-08-30 10:45:00
5.192,5.205,5.174,5.202,44186.8,2026-08-30 11:00:00
5.203,5.266,5.195,5.25,164920.9,2026-08-30 11:15:00
5.25,5.25,5.214,5.223,50316.7,2026-08-30 11:30:00
5.224,5.26,5.221,5.258,36729.2,2026-08-30 11:45:00
5.259,5.292,5.249,5.29,153921.2,2026-08-30 12:00:00
5.29,5.3,5.25,5.259,80300.4,2026-08-30 12:15:00
5.26,5.285,5.246,5.262,55829.0,2026-08-30 12:30:00
5.263,5.297,5.25,5.287,82354.5,2026-08-30 12:45:00
5.287,5.319,5.273,5.305,121478.9,2026-08-30 13:00:00
5.306,5.328,5.3,5.305,65580.2,2026-08-30 13:15:00
5.306,5.359,5.305,5.355,106841.3,2026-08-30 13:30:00
5.355,5.36,5.33,5.33,65669.4,2026-08-30 13:45:00
5.33,5.356,5.322,5.327,62865.3,2026-08-30 14:00:00
5.327,5.358,5.312,5.32,104862.2,2026-08-30 14:15:00
5.32,5.327,5.288,5.291,79028.2,2026-08-30 14:30:00
5.291,5.301,5.277,5.287,39812.1,2026-08-30 14:45:00
5.288,5.308,5.257,5.262,126534.0,2026-08-30 15:00:00
5.262,5.287,5.252,5.272,104460.1,2026-08-30 15:15:00
5.272,5.306,5.271,5.282,41316.3,2026-08-30 15:30:00
5.282,5.285,5.258,5.268,32438.6,2026-08-30 15:45:00
5.268,5.302,5.262,5.298,80412.7,2026-08-30 16:00:00
5.298,5.311,5.282,5.29,62278.4,2026-08-30 16:15:00
5.29,5.309,5.288,5.3,75566.1,2026-08-30 16:30:00
5.3,5.341,5.296,5.333,74153.9,2026-08-30 16:45:00
5.333,5.333,5.308,5.311,60862.7,2026-08-30 17:00:00
5.312,5.323,5.274,5.285,66839.3,2026-08-30 17:15:00
5.285,5.315,5.273,5.313,37501.4,2026-08-30 17:30:00
5.314,5.327,5.298,5.317,51544.9,2026-08-30 17:45:00
5.318,5.326,5.254,5.272,78656.1,2026-08-30 18:00:00
5.272,5.291,5.269,5.288,24450.3,2026-08-30 18:15:00
5.288,5.304,5.287,5.295,26701.3,2026-08-30 18:30:00
5.296,5.304,5.284,5.286,20477.7,2026-08-30 18:45:00
5.287,5.289,5.272,5.287,25230.2,2026-08-30 19:00:00
5.287,5.288,5.271,5.276,14837.9,2026-08-30 19:15:00
5.275,5.283,5.235,5.239,68417.9,2026-08-30 19:30:00
5.239,5.248,5.221,5.242,31909.4,2026-08-30 19:45:00
5.242,5.262,5.242,5.251,21790.7,2026-08-30 20:00:00
5.251,5.259,5.233,5.236,25651.2,2026-08-30 20:15:00
5.235,5.257,5.2,5.213,74298.4,2026-08-30 20:30:00
5.214,5.248,5.214,5.238,37916.5,2026-08-30 20:45:00
5.239,5.239,5.122,5.201,421689.2,2026-08-30 21:00:00
5.2,5.224,5.188,5.224,23650.6,2026-08-30 21:15:00
5.223,5.247,5.21,5.212,33333.2,2026-08-30 21:30:00
5.212,5.22,5.19,5.219,18795.4,2026-08-30 21:45:00
5.218,5.248,5.182,5.185,42442.6,2026-08-30 22:00:00
5.184,5.184,5.148,5.155,58626.9,2026-08-30 22:15:00
5.154,5.172,5.13,5.157,54978.7,2026-08-30 22:30:00
5.156,5.158,5.117,5.127,53778.5,2026-08-30 22:45:00
5.127,5.129,5.092,5.098,74486.1,2026-08-30 23:00:00
5.098,5.1,4.961,5.002,769183.0,2026-08-30 23:15:00
5.001,5.016,4.946,4.969,187931.3,2026-08-30 23:30:00
4.969,4.993,4.913,4.981,152235.4,2026-08-30 23:45:00
4.981,5.004,4.949,4.961,205287.3,2026-08-31 00:00:00
4.962,4.99,4.94,4.971,106591.5,2026-08-31 00:15:00
4.97,5.0,4.968,4.991,36959.2,2026-08-31 00:30:00
4.99,4.998,4.973,4.981,23111.2,2026-08-31 00:45:00
4.981,4.991,4.946,4.966,72843.9,2026-08-31 01:00:00
4.965,4.986,4.924,4.932,100347.0,2026-08-31 01:15:00
4.931,4.939,4.876,4.91,246081.6,2026-08-31 01:30:00
4.909,4.923,4.881,4.887,54125.8,2026-08-31 01:45:00
4.887,4.933,4.874,4.931,49715.6,2026-08-31 02:00:00
4.93,4.937,4.919,4.927,26606.9,2026-08-31 02:15:00
4.927,4.937,4.914,4.917,40014.5,2026-08-31 02:30:00
4.916,4.922,4.888,4.907,37770.0,2026-08-31 02:45:00
4.906,4.952,4.894,4.943,77239.2,2026-08-31 03:00:00
4.943,4.968,4.93,4.955,43882.3,2026-08-31 03:15:00
4.954,4.972,4.937,4.968,62231.0,2026-08-31 03:30:00
4.969,4.974,4.96,4.965,15041.6,2026-08-31 03:45:00
4.966,4.969,4.927,4.931,39533.6,2026-08-31 04:00:00
4.931,4.934,4.911,4.917,13851.3,2026-08-31 04:15:00
4.918,4.941,4.911,4.932,32891.8,2026-08-31 04:30:00
4.932,4.951,4.92,4.944,50400.4,2026-08-31 04:45:00
4.944,4.96,4.929,4.949,33731.2,2026-08-31 05:00:00
4.95,5.019,4.948,5.009,116816.9,2026-08-31 05:15:00
5.01,5.011,4.981,5.007,55550.0,2026-08-31 05:30:00
5.007,5.057,5.007,5.023,130823.8,2026-08-31 05:45:00
5.024,5.044,5.01,5.037,52048.9,2026-08-31 06:00:00
5.038,5.057,5.015,5.027,106282.2,2026-08-31 06:15:00
5.027,5.031,5.007,5.013,41423.5,2026-08-31 06:30:00
5.013,5.027,5.009,5.024,19293.9,2026-08-31 06:45:00
5.024,5.047,5.015,5.042,38398.6,2026-08-31 07:00:00
5.042,5.059,5.036,5.037,30596.5,2026-08-31 07:15:00
5.037,5.041,5.024,5.036,17905.2,2026-08-31 07:30:00
5.036,5.038,5.012,5.015,19568.1,2026-08-31 07:45:00
5.016,5.031,4.991,5.01,36948.1,2026-08-31 08:00:00
5.01,5.012,4.974,4.984,38004.2,2026-08-31 08:15:00
4.985,5.023,4.981,5.001,28813.3,2026-08-31 08:30:00
5.001,5.018,4.995,5.005,37487.5,2026-08-31 08:45:00
5.005,5.024,4.991,5.003,38293.6,2026-08-31 09:00:00
5.004,5.03,4.999,5.019,34830.2,2026-08-31 09:15:00
5.019,5.025,5.01,5.019,23060.9,2026-08-31 09:30:00
5.019,5.036,5.006,5.013,28283.3,2026-08-31 09:45:00
5.014,5.052,4.998,5.038,86967.2,2026-08-31 10:00:00
5.038,5.04,5.02,5.028,21988.3,2026-08-31 10:15:00
5.029,5.049,5.019,5.043,15791.6,2026-08-31 10:30:00
5.044,5.057,5.026,5.032,31357.8,2026-08-31 10:45:00
5.032,5.037,5.015,5.023,31133.9,2026-08-31 11:00:00
5.023,5.026,4.99,5.0,35566.6,2026-08-31 11:15:00
5.0,5.003,4.99,4.993,62449.5,2026-08-31 11:30:00
4.994,4.998,4.982,4.995,14704.2,2026-08-31 11:45:00
4.996,5.012,4.982,5.0,39853.9,2026-08-31 12:00:00
5.0,5.016,4.967,4.988,52825.9,2026-08-31 12:15:00
4.987,4.99,4.939,4.959,76351.2,2026-08-31 12:30:00
4.96,4.965,4.948,4.964,28753.9,2026-08-31 12:45:00
4.965,4.998,4.964,4.978,34213.6,2026-08-31 13:00:00
4.978,4.985,4.96,4.971,30470.3,2026-08-31 13:15:00
4.971,4.991,4.954,4.961,41264.1,2026-08-31 13:30:00
4.961,4.963,4.921,4.936,79913.7,2026-08-31 13:45:00
4.937,4.96,4.93,4.932,58277.2,2026-08-31 14:00:00
4.932,4.958,4.921,4.941,36080.9,2026-08-31 14:15:00
4.94,5.009,4.935,4.996,60687.0,2026-08-31 14:30:00
4.997,5.038,4.995,5.029,75403.0,2026-08-31 14:45:00
5.029,5.039,4.97,4.973,71274.0,2026-08-31 15:00:00
4.974,4.99,4.956,4.983,51446.6,2026-08-31 15:15:00
4.983,4.992,4.962,4.975,67652.2,2026-08-31 15:30:00
4.976,4.979,4.94,4.948,73428.7,2026-08-31 15:45:00
4.948,4.986,4.94,4.964,98830.4,2026-08-31 16:00:00
4.964,4.975,4.93,4.955,91077.7,2026-08-31 16:15:00
4.955,4.963,4.928,4.946,172171.4,2026-08-31 16:30:00
4.946,4.947,4.912,4.932,164863.8,2026-08-31 16:45:00
4.931,4.966,4.925,4.966,71768.0,2026-08-31 17:00:00
4.966,5.025,4.949,4.972,185640.9,2026-08-31 17:15:00
4.972,5.022,4.963,5.018,60322.6,2026-08-31 17:30:00
5.018,5.027,4.99,4.993,83319.8,2026-08-31 17:45:00
4.993,4.997,4.958,4.984,66567.0,2026-08-31 18:00:00
4.983,5.003,4.966,4.972,51521.3,2026-08-31 18:15:00
4.972,5.017,4.968,5.013,71531.9,2026-08-31 18:30:00
5.012,5.014,4.97,4.984,82045.0,2026-08-31 18:45:00
4.984,5.002,4.977,4.981,52066.7,2026-08-31 19:00:00
4.982,4.986,4.958,4.98,89595.6,2026-08-31 19:15:00
4.979,4.993,4.967,4.977,59693.5,2026-08-31 19:30:00
4.977,4.991,4.97,4.975,37626.6,2026-08-31 19:45:00
4.975,4.986,4.954,4.986,65546.4,2026-08-31 20:00:00
4.986,5.019,4.979,4.981,56163.5,2026-08-31 20:15:00
4.98,4.99,4.959,4.985,41324.1,2026-08-31 20:30:00
4.985,4.991,4.966,4.969,41141.3,2026-08-31 20:45:00
4.969,4.973,4.945,4.952,68331.4,2026-08-31 21:00:00
4.951,4.964,4.936,4.963,50557.9,2026-08-31 21:15:00
4.963,4.978,4.961,4.969,50860.8,2026-08-31 21:30:00
4.968,4.985,4.965,4.971,32527.9,2026-08-31 21:45:00
4.97,4.979,4.927,4.931,84020.2,2026-08-31 22:00:00
4.93,4.931,4.909,4.924,89976.6,2026-08-31 22:15:00
4.924,4.942,4.921,4.925,115888.1,2026-08-31 22:30:00
4.924,4.928,4.9,4.919,58706.1,2026-08-31 22:45:00
4.918,4.931,4.896,4.921,68780.9,2026-08-31 23:00:00
4.921,4.941,4.917,4.935,42222.8,2026-08-31 23:15:00
4.935,4.939,4.924,4.926,62509.4,2026-08-31 23:30:00
4.925,4.934,4.917,4.929,26039.5,2026-08-31 23:45:00
4.93,4.93,4.876,4.88,207594.3,2026-09-01 00:00:00
4.879,4.915,4.857,4.902,161203.1,2026-09-01 00:15:00
4.903,4.948,4.884,4.934,176106.2,2026-09-01 00:30:00
4.934,4.948,4.91,4.923,84048.4,2026-09-01 00:45:00
4.924,4.941,4.897,4.901,76790.3,2026-09-01 01:00:00
4.901,4.918,4.884,4.898,56851.8,2026-09-01 01:15:00
4.899,4.912,4.879,4.912,51848.4,2026-09-01 01:30:00
4.912,4.913,4.892,4.905,31751.8,2026-09-01 01:45:00
4.905,4.908,4.887,4.903,58588.1,2026-09-01 02:00:00
4.903,4.919,4.896,4.911,46402.3,2026-09-01 02:15:00
4.91,4.927,4.906,4.912,60687.5,2026-09-01 02:30:00
4.912,4.952,4.911,4.935,39377.5,2026-09-01 02:45:00
4.936,4.946,4.922,4.937,27065.3,2026-09-01 03:00:00
4.936,4.956,4.935,4.953,29209.0,2026-09-01 03:15:00
4.952,4.992,4.95,4.967,96271.7,2026-09-01 03:30:00
4.967,4.967,4.94,4.944,26063.6,2026-09-01 03:45:00
4.945,4.973,4.939,4.941,110083.6,2026-09-01 04:00:00
4.941,4.954,4.93,4.93,42854.1,2026-09-01 04:15:00
4.93,4.934,4.913,4.914,28844.4,2026-09-01 04:30:00
4.914,4.925,4.902,4.923,154785.6,2026-09-01 04:45:00
4.923,4.945,4.921,4.934,58421.4,2026-09-01 05:00:00
4.934,4.954,4.925,4.949,61834.6,2026-09-01 05:15:00
4.949,4.969,4.927,4.966,245737.8,2026-09-01 05:30:00
4.967,4.983,4.959,4.972,73818.6,2026-09-01 05:45:00
4.972,4.972,4.946,4.961,38031.8,2026-09-01 06:00:00
4.961,4.962,4.941,4.957,41040.8,2026-09-01 06:15:00
4.958,4.969,4.948,4.962,48953.9,2026-09-01 06:30:00
4.962,4.963,4.933,4.938,36376.9,2026-09-01 06:45:00
4.938,4.998,4.938,4.995,92098.7,2026-09-01 07:00:00
4.996,5.01,4.983,4.985,95236.4,2026-09-01 07:15:00
4.985,4.993,4.948,4.961,53163.8,2026-09-01 07:30:00
4.961,4.966,4.948,4.95,30534.5,2026-09-01 07:45:00
4.951,4.957,4.854,4.88,817658.7,2026-09-01 08:00:00
4.88,4.885,4.813,4.828,478703.0,2026-09-01 08:15:00
4.828,4.845,4.798,4.815,210084.1,2026-09-01 08:30:00
4.815,4.846,4.808,4.829,140905.1,2026-09-01 08:45:00
4.83,4.852,4.826,4.836,109256.5,2026-09-01 09:00:00
4.836,4.863,4.834,4.852,81874.6,2026-09-01 09:15:00
4.852,4.855,4.821,4.834,113023.3,2026-09-01 09:30:00
4.834,4.836,4.816,4.821,43707.8,2026-09-01 09:45:00
4.822,4.84,4.813,4.821,79834.5,2026-09-01 10:00:00
4.822,4.848,4.815,4.847,74929.3,2026-09-01 10:15:00
4.848,4.886,4.845,4.845,183607.9,2026-09-01 10:30:00
4.846,4.862,4.835,4.843,54689.7,2026-09-01 10:45:00
4.844,4.846,4.819,4.823,93687.6,2026-09-01 11:00:00
4.824,4.843,4.819,4.835,38670.4,2026-09-01 11:15:00
4.835,4.861,4.827,4.855,75344.5,2026-09-01 11:30:00
4.856,4.886,4.852,4.855,89180.7,2026-09-01 11:45:00
4.856,4.865,4.842,4.848,106605.6,2026-09-01 12:00:00
4.849,4.865,4.836,4.853,93575.1,2026-09-01 12:15:00
4.854,4.854,4.811,4.836,100520.4,2026-09-01 12:30:00
4.835,4.847,4.809,4.822,105691.9,2026-09-01 12:45:00
4.821,4.85,4.792,4.837,110627.3,2026-09-01 13:00:00
4.837,4.85,4.827,4.847,26828.0,2026-09-01 13:15:00
4.848,4.867,4.825,4.857,88325.8,2026-09-01 13:30:00
4.857,4.912,4.851,4.91,133638.9,2026-09-01 13:45:00
4.911,4.916,4.889,4.894,80701.0,2026-09-01 14:00:00
4.894,4.918,4.892,4.894,35244.4,2026-09-01 14:15:00
4.895,4.928,4.892,4.925,111773.3,2026-09-01 14:30:00
4.925,4.927,4.874,4.88,99372.9,2026-09-01 14:45:00
4.88,4.881,4.834,4.85,127759.8,2026-09-01 15:00:00
4.85,4.873,4.84,4.867,59876.2,2026-09-01 15:15:00
4.868,4.894,4.858,4.893,45136.4,2026-09-01 15:30:00
4.893,4.908,4.886,4.894,36730.5,2026-09-01 15:45:00
4.894,4.897,4.851,4.856,90976.4,2026-09-01 16:00:00
4.855,4.869,4.835,4.849,65280.9,2026-09-01 16:15:00
4.85,4.851,4.809,4.823,103247.4,2026-09-01 16:30:00
4.824,4.847,4.821,4.838,53848.8,2026-09-01 16:45:00
4.838,4.847,4.822,4.823,60802.5,2026-09-01 17:00:00
4.823,4.856,4.814,4.852,102078.3,2026-09-01 17:15:00
4.853,4.873,4.849,4.858,67396.0,2026-09-01 17:30:00
4.859,4.864,4.826,4.84,78549.4,2026-09-01 17:45:00
4.84,4.856,4.817,4.829,92240.6,2026-09-01 18:00:00
4.828,4.831,4.784,4.824,129097.7,2026-09-01 18:15:00
4.823,4.831,4.791,4.798,109234.0,2026-09-01 18:30:00
4.798,4.875,4.785,4.865,130756.7,2026-09-01 18:45:00
4.866,4.875,4.848,4.855,69598.6,2026-09-01 19:00:00
4.855,4.883,4.851,4.872,107171.1,2026-09-01 19:15:00
4.873,4.878,4.815,4.818,110168.0,2026-09-01 19:30:00
4.818,4.831,4.805,4.807,64379.3,2026-09-01 19:45:00
4.808,4.821,4.782,4.82,91924.9,2026-09-01 20:00:00
4.82,4.829,4.808,4.818,50516.6,2026-09-01 20:15:00
4.819,4.822,4.784,4.791,53670.2,2026-09-01 20:30:00
4.79,4.807,4.783,4.807,30444.1,2026-09-01 20:45:00
4.806,4.811,4.774,4.785,63020.6,2026-09-01 21:00:00
4.784,4.82,4.778,4.8,44414.5,2026-09-01 21:15:00
4.8,4.802,4.785,4.791,19755.3,2026-09-01 21:30:00
4.79,4.815,4.79,4.801,15542.3,2026-09-01 21:45:00
4.801,4.811,4.789,4.798,33789.6,2026-09-01 22:00:00
4.797,4.799,4.78,4.783,26512.2,2026-09-01 22:15:00
4.782,4.789,4.775,4.782,30928.8,2026-09-01 22:30:00
4.782,4.798,4.781,4.791,28446.1,2026-09-01 22:45:00
4.79,4.796,4.782,4.785,41020.6,2026-09-01 23:00:00
4.785,4.795,4.777,4.794,41399.1,2026-09-01 23:15:00
4.794,4.815,4.792,4.811,22369.2,2026-09-01 23:30:00
4.812,4.817,4.802,4.802,27892.9,2026-09-01 23:45:00
4.801,4.813,4.795,4.809,88554.1,2026-09-02 00:00:00
4.809,4.813,4.777,4.783,44313.9,2026-09-02 00:15:00
4.782,4.797,4.776,4.782,37845.5,2026-09-02 00:30:00
4.781,4.784,4.742,4.756,151840.3,2026-09-02 00:45:00
4.755,4.773,4.752,4.771,59983.5,2026-09-02 01:00:00
4.77,4.778,4.752,4.754,39206.7,2026-09-02 01:15:00
4.753,4.763,4.736,4.757,76853.4,2026-09-02 01:30:00
4.758,4.768,4.745,4.76,69809.2,2026-09-02 01:45:00
4.76,4.784,4.753,4.778,46762.0,2026-09-02 02:00:00
4.779,4.846,4.776,4.841,82110.8,2026-09-02 02:15:00
4.842,4.845,4.825,4.841,55862.3,2026-09-02 02:30:00
4.841,4.874,4.841,4.87,83754.7,2026-09-02 02:45:00
4.871,4.915,4.868,4.89,194314.1,2026-09-02 03:00:00
4.89,4.925,4.885,4.914,97103.3,2026-09-02 03:15:00
4.914,4.916,4.879,4.88,79649.5,2026-09-02 03:30:00
4.88,4.889,4.868,4.884,41650.0,2026-09-02 03:45:00
4.884,4.894,4.846,4.856,104841.2,2026-09-02 04:00:00
4.857,4.859,4.838,4.844,39697.5,2026-09-02 04:15:00
4.844,4.883,4.843,4.866,47767.5,2026-09-02 04:30:00
4.866,4.876,4.863,4.867,21732.7,2026-09-02 04:45:00
4.867,4.876,4.845,4.875,38254.2,2026-09-02 05:00:00
4.875,4.89,4.866,4.869,39970.5,2026-09-02 05:15:00
4.87,4.872,4.841,4.847,41182.5,2026-09-02 05:30:00
4.848,4.865,4.841,4.85,31891.2,2026-09-02 05:45:00
4.851,4.857,4.819,4.824,53902.0,2026-09-02 06:00:00
4.825,4.839,4.82,4.826,24356.6,2026-09-02 06:15:00
4.826,4.852,4.821,4.843,31008.7,2026-09-02 06:30:00
4.843,4.852,4.837,4.844,20553.2,2026-09-02 06:45:00
4.845,4.864,4.839,4.852,60284.8,2026-09-02 07:00:00
4.851,4.878,4.839,4.862,180306.4,2026-09-02 07:15:00
4.863,4.907,4.856,4.88,274122.9,2026-09-02 07:30:00
4.881,4.9,4.865,4.885,127375.9,2026-09-02 07:45:00
4.886,4.91,4.863,4.865,147793.7,2026-09-02 08:00:00
4.866,4.896,4.862,4.879,66922.0,2026-09-02 08:15:00
4.88,4.891,4.847,4.856,78439.6,2026-09-02 08:30:00
4.855,4.865,4.811,4.825,110433.4,2026-09-02 08:45:00
4.825,4.858,4.822,4.834,58763.7,2026-09-02 09:00:00
4.834,4.841,4.805,4.833,50094.4,2026-09-02 09:15:00
4.834,4.841,4.793,4.8,83224.7,2026-09-02 09:30:00
4.8,4.814,4.792,4.8,65933.5,2026-09-02 09:45:00
4.801,4.801,4.771,4.786,97246.7,2026-09-02 10:00:00
4.787,4.798,4.78,4.782,73584.2,2026-09-02 10:15:00
4.783,4.784,4.743,4.767,101417.3,2026-09-02 10:30:00
4.767,4.779,4.752,4.777,46068.1,2026-09-02 10:45:00
4.776,4.779,4.751,4.776,89712.0,2026-09-02 11:00:00
4.776,4.784,4.754,4.776,42354.2,2026-09-02 11:15:00
4.776,4.796,4.773,4.786,40262.6,2026-09-02 11:30:00
4.787,4.788,4.774,4.785,23310.4,2026-09-02 11:45:00
4.785,4.795,4.774,4.791,70306.5,2026-09-02 12:00:00
4.79,4.845,4.786,4.842,121366.0,2026-09-02 12:15:00
4.842,4.856,4.811,4.812,107538.6,2026-09-02 12:30:00
4.812,4.812,4.769,4.77,64448.6,2026-09-02 12:45:00
4.77,4.775,4.733,4.737,114503.8,2026-09-02 13:00:00
4.737,4.76,4.735,4.743,66235.9,2026-09-02 13:15:00
4.744,4.808,4.726,4.808,131221.6,2026-09-02 13:30:00
4.808,4.811,4.776,4.789,75825.0,2026-09-02 13:45:00
4.79,4.791,4.764,4.782,42105.5,2026-09-02 14:00:00
4.782,4.796,4.772,4.783,33098.4,2026-09-02 14:15:00
4.783,4.788,4.761,4.785,41124.6,2026-09-02 14:30:00
4.785,4.793,4.74,4.743,42540.5,2026-09-02 14:45:00
4.744,4.761,4.707,4.739,120584.2,2026-09-02 15:00:00
4.74,4.774,4.736,4.754,60229.0,2026-09-02 15:15:00
4.755,4.788,4.748,4.781,39905.0,2026-09-02 15:30:00
4.781,4.781,4.755,4.773,23626.8,2026-09-02 15:45:00
4.774,4.776,4.758,4.768,60622.4,2026-09-02 16:00:00
4.769,4.781,4.755,4.766,39927.0,2026-09-02 16:15:00
4.767,4.774,4.749,4.749,54357.4,2026-09-02 16:30:00
4.75,4.759,4.729,4.755,71215.1,2026-09-02 16:45:00
4.755,4.765,4.73,4.739,50600.2,2026-09-02 17:00:00
4.739,4.753,4.73,4.751,32277.3,2026-09-02 17:15:00
4.752,4.766,4.739,4.76,39673.8,2026-09-02 17:30:00
4.761,4.775,4.757,4.764,21765.2,2026-09-02 17:45:00
4.764,4.766,4.746,4.754,31023.7,2026-09-02 18:00:00
4.753,4.756,4.734,4.735,40612.5,2026-09-02 18:15:00
4.734,4.753,4.733,4.744,30902.5,2026-09-02 18:30:00
4.744,4.767,4.742,4.766,25083.5,2026-09-02 18:45:00
4.766,4.768,4.759,4.764,27141.7,2026-09-02 19:00:00
4.763,4.766,4.735,4.737,21745.1,2026-09-02 19:15:00
4.736,4.741,4.717,4.737,52614.2,2026-09-02 19:30:00
4.737,4.75,4.732,4.749,18836.3,2026-09-02 19:45:00
4.75,4.779,4.737,4.742,47167.1,2026-09-02 20:00:00
4.741,4.763,4.73,4.746,28593.7,2026-09-02 20:15:00
4.746,4.757,4.742,4.752,31570.3,2026-09-02 20:30:00
4.751,4.76,4.743,4.753,16767.6,2026-09-02 20:45:00
4.753,4.754,4.741,4.753,32749.7,2026-09-02 21:00:00
4.753,4.766,4.75,4.758,22047.8,2026-09-02 21:15:00
4.759,4.775,4.745,4.774,35166.3,2026-09-02 21:30:00
4.774,4.774,4.754,4.755,24322.3,2026-09-02 21:45:00
4.755,4.765,4.736,4.739,39093.9,2026-09-02 22:00:00
4.739,4.748,4.72,4.721,54234.8,2026-09-02 22:15:00
4.72,4.744,4.72,4.742,33001.7,2026-09-02 22:30:00
4.741,4.745,4.727,4.73,20413.3,2026-09-02 22:45:00
4.73,4.762,4.729,4.755,24381.6,2026-09-02 23:00:00
4.756,4.757,4.746,4.757,21031.9,2026-09-02 23:15:00
4.757,4.76,4.736,4.739,19701.0,2026-09-02 23:30:00
4.739,4.769,4.739,4.764,26018.7,2026-09-02 23:45:00
4.764,4.779,4.756,4.758,105525.8,2026-09-03 00:00:00
4.758,4.764,4.748,4.754,27902.6,2026-09-03 00:15:00
4.754,4.763,4.74,4.757,37327.9,2026-09-03 00:30:00
4.757,4.777,4.744,4.745,56853.2,2026-09-03 00:45:00
4.744,4.797,4.732,4.794,66901.4,2026-09-03 01:00:00
4.794,4.819,4.786,4.813,52885.2,2026-09-03 01:15:00
4.814,4.823,4.794,4.797,54169.5,2026-09-03 01:30:00
4.798,4.808,4.779,4.779,34288.3,2026-09-03 01:45:00
4.779,4.806,4.767,4.806,70554.9,2026-09-03 02:00:00
4.805,4.806,4.787,4.796,26978.3,2026-09-03 02:15:00
4.795,4.821,4.794,4.812,69547.7,2026-09-03 02:30:00
4.812,4.818,4.802,4.808,35869.6,2026-09-03 02:45:00
4.809,4.809,4.779,4.787,36971.6,2026-09-03 03:00:00
4.788,4.79,4.759,4.759,52978.9,2026-09-03 03:15:00
4.76,4.774,4.755,4.766,45618.5,2026-09-03 03:30:00
4.766,4.767,4.75,4.756,27885.3,2026-09-03 03:45:00
4.757,4.774,4.751,4.752,43816.4,2026-09-03 04:00:00
4.753,4.754,4.732,4.734,52625.4,2026-09-03 04:15:00
4.734,4.747,4.733,4.736,37815.7,2026-09-03 04:30:00
4.736,4.776,4.736,4.776,42375.0,2026-09-03 04:45:00
4.777,4.792,4.767,4.788,81512.8,2026-09-03 05:00:00
4.789,4.791,4.725,4.742,84906.7,2026-09-03 05:15:00
4.743,4.767,4.741,4.76,47390.7,2026-09-03 05:30:00
4.76,4.815,4.755,4.809,64103.6,2026-09-03 05:45:00
4.81,4.84,4.798,4.82,120411.9,2026-09-03 06:00:00
4.821,4.828,4.807,4.824,34518.5,2026-09-03 06:15:00
4.824,4.847,4.822,4.842,49461.4,2026-09-03 06:30:00
4.842,4.842,4.827,4.83,23773.5,2026-09-03 06:45:00
4.831,4.869,4.828,4.866,65894.6,2026-09-03 07:00:00
4.867,4.87,4.849,4.865,52848.1,2026-09-03 07:15:00
4.865,4.878,4.855,4.858,43480.4,2026-09-03 07:30:00
4.859,4.866,4.832,4.845,53518.1,2026-09-03 07:45:00
4.846,4.89,4.844,4.869,93209.5,2026-09-03 08:00:00
4.87,4.899,4.861,4.887,75302.6,2026-09-03 08:15:00
4.887,4.893,4.87,4.875,29579.3,2026-09-03 08:30:00
4.876,4.882,4.863,4.865,37175.1,2026-09-03 08:45:00
4.866,4.887,4.865,4.88,83838.0,2026-09-03 09:00:00
4.88,4.891,4.863,4.864,42521.0,2026-09-03 09:15:00
4.865,4.885,4.86,4.875,32364.4,2026-09-03 09:30:00
4.875,4.885,4.867,4.871,36547.7,2026-09-03 09:45:00
4.871,4.874,4.85,4.853,38728.7,2026-09-03 10:00:00
4.854,4.866,4.839,4.846,36666.7,2026-09-03 10:15:00
4.846,4.85,4.829,4.837,34007.9,2026-09-03 10:30:00
4.837,4.869,4.836,4.865,45334.2,2026-09-03 10:45:00
4.866,4.887,4.858,4.884,49503.3,2026-09-03 11:00:00
4.884,4.914,4.874,4.909,80830.3,2026-09-03 11:15:00
4.909,4.914,4.886,4.896,57587.4,2026-09-03 11:30:00
4.896,4.977,4.896,4.965,378024.3,2026-09-03 11:45:00
4.966,4.98,4.941,4.944,218124.2,2026-09-03 12:00:00
4.944,4.956,4.931,4.936,88501.1,2026-09-03 12:15:00
4.937,4.971,4.931,4.958,121172.2,2026-09-03 12:30:00
4.958,4.977,4.953,4.961,55120.8,2026-09-03 12:45:00
4.961,4.962,4.93,4.938,99461.9,2026-09-03 13:00:00
4.938,4.954,4.937,4.94,55118.5,2026-09-03 13:15:00
4.94,4.957,4.911,4.941,106910.6,2026-09-03 13:30:00
4.94,4.948,4.91,4.913,77108.7,2026-09-03 13:45:00
4.913,4.956,4.897,4.951,145658.0,2026-09-03 14:00:00
4.952,5.0,4.949,4.999,208139.0,2026-09-03 14:15:00
4.999,5.019,4.972,4.994,222977.8,2026-09-03 14:30:00
4.995,5.045,4.995,5.039,138017.4,2026-09-03 14:45:00
5.04,5.062,4.992,5.023,216728.8,2026-09-03 15:00:00
5.023,5.028,5.001,5.012,85060.1,2026-09-03 15:15:00
5.013,5.05,5.009,5.043,81764.9,2026-09-03 15:30:00
5.044,5.093,5.026,5.085,237169.6,2026-09-03 15:45:00
5.086,5.096,5.029,5.044,186193.1,2026-09-03 16:00:00
5.043,5.046,5.004,5.014,158015.3,2026-09-03 16:15:00
5.015,5.033,5.013,5.032,60779.5,2026-09-03 16:30:00
5.033,5.05,5.033,5.041,60937.1,2026-09-03 16:45:00
5.042,5.053,5.033,5.048,51606.3,2026-09-03 17:00:00
5.049,5.057,5.033,5.036,48566.0,2026-09-03 17:15:00
5.037,5.062,5.037,5.053,49086.8,2026-09-03 17:30:00
5.054,5.07,5.052,5.06,43394.1,2026-09-03 17:45:00
5.059,5.087,5.053,5.081,51443.3,2026-09-03 18:00:00
5.081,5.081,5.061,5.063,24350.4,2026-09-03 18:15:00
5.063,5.075,5.058,5.069,31729.4,2026-09-03 18:30:00
5.07,5.089,5.066,5.084,28845.5,2026-09-03 18:45:00
5.084,5.095,5.059,5.059,62912.3,2026-09-03 19:00:00
5.06,5.071,5.055,5.06,31438.6,2026-09-03 19:15:00
5.061,5.066,5.049,5.054,31873.3,2026-09-03 19:30:00
5.054,5.058,5.036,5.054,44228.6,2026-09-03 19:45:00
5.054,5.081,5.032,5.062,56189.9,2026-09-03 20:00:00
5.062,5.069,5.032,5.051,35484.0,2026-09-03 20:15:00
5.05,5.055,5.029,5.047,33729.2,2026-09-03 20:30:00
5.048,5.061,5.046,5.051,19292.3,2026-09-03 20:45:00
5.051,5.065,5.041,5.059,31917.6,2026-09-03 21:00:00
5.059,5.063,5.04,5.054,14483.5,2026-09-03 21:15:00
5.055,5.083,5.025,5.028,53736.5,2026-09-03 21:30:00
5.028,5.042,5.021,5.032,37290.0,2026-09-03 21:45:00
5.031,5.035,4.99,5.014,92596.9,2026-09-03 22:00:00
5.014,5.026,4.993,4.997,39133.1,2026-09-03 22:15:00
4.996,5.001,4.964,4.977,128372.0,2026-09-03 22:30:00
4.976,4.992,4.956,4.968,61359.1,2026-09-03 22:45:00
4.967,4.983,4.966,4.97,39957.9,2026-09-03 23:00:00
4.97,4.972,4.958,4.968,28676.4,2026-09-03 23:15:00
4.968,4.984,4.959,4.971,26362.4,2026-09-03 23:30:00
4.972,4.978,4.968,4.969,19496.2,2026-09-03 23:45:00
4.969,4.972,4.946,4.971,94696.7,2026-09-04 00:00:00
4.972,5.004,4.972,4.987,175095.8,2026-09-04 00:15:00
4.988,5.008,4.982,4.989,40137.5,2026-09-04 00:30:00
4.99,4.991,4.958,4.965,40925.9,2026-09-04 00:45:00
4.966,4.998,4.957,4.99,55952.2,2026-09-04 01:00:00
4.989,5.008,4.978,4.981,51649.0,2026-09-04 01:15:00
4.981,5.002,4.967,4.98,68810.5,2026-09-04 01:30:00
4.979,4.993,4.969,4.985,38152.0,2026-09-04 01:45:00
4.985,4.986,4.943,4.959,65827.4,2026-09-04 02:00:00
4.959,4.968,4.944,4.955,26871.5,2026-09-04 02:15:00
4.955,4.967,4.951,4.955,40233.5,2026-09-04 02:30:00
4.955,4.983,4.95,4.978,32340.2,2026-09-04 02:45:00
4.977,4.987,4.948,4.95,66901.6,2026-09-04 03:00:00
4.95,4.95,4.901,4.922,201704.6,2026-09-04 03:15:00
4.921,4.928,4.919,4.925,32701.2,2026-09-04 03:30:00
4.925,4.925,4.907,4.914,51041.9,2026-09-04 03:45:00
4.913,4.92,4.893,4.906,158252.2,2026-09-04 04:00:00
4.905,4.923,4.899,4.912,113713.7,2026-09-04 04:15:00
4.911,4.912,4.842,4.849,229548.4,2026-09-04 04:30:00
4.848,4.858,4.83,4.846,115529.3,2026-09-04 04:45:00
4.846,4.854,4.832,4.832,77442.0,2026-09-04 05:00:00
4.832,4.852,4.83,4.832,63821.1,2026-09-04 05:15:00
4.832,4.832,4.782,4.813,211426.1,2026-09-04 05:30:00
4.812,4.818,4.775,4.79,82044.1,2026-09-04 05:45:00
4.791,4.799,4.74,4.775,271142.6,2026-09-04 06:00:00
4.775,4.791,4.772,4.785,63447.6,2026-09-04 06:15:00
4.786,4.792,4.778,4.784,63303.9,2026-09-04 06:30:00
4.785,4.804,4.784,4.801,63104.6,2026-09-04 06:45:00
4.801,4.822,4.794,4.811,116329.9,2026-09-04 07:00:00
4.811,4.812,4.8,4.802,39153.2,2026-09-04 07:15:00
4.802,4.807,4.775,4.78,106239.9,2026-09-04 07:30:00
4.78,4.795,4.768,4.787,49058.1,2026-09-04 07:45:00
4.788,4.803,4.779,4.802,55700.7,2026-09-04 08:00:00
4.802,4.82,4.798,4.813,96150.4,2026-09-04 08:15:00
4.813,4.816,4.795,4.805,70475.8,2026-09-04 08:30:00
4.806,4.84,4.795,4.833,96101.5,2026-09-04 08:45:00
4.834,4.841,4.827,4.833,73100.5,2026-09-04 09:00:00
4.834,4.861,4.828,4.84,101923.0,2026-09-04 09:15:00
4.84,4.861,4.834,4.853,80631.8,2026-09-04 09:30:00
4.853,4.861,4.845,4.852,72458.6,2026-09-04 09:45:00
4.853,4.853,4.822,4.83,69267.3,2026-09-04 10:00:00
4.83,4.835,4.808,4.83,78484.9,2026-09-04 10:15:00
4.831,4.844,4.826,4.828,36852.6,2026-09-04 10:30:00
4.828,4.854,4.826,4.843,50885.7,2026-09-04 10:45:00
4.843,4.844,4.825,4.826,52232.9,2026-09-04 11:00:00
4.827,4.838,4.82,4.832,56289.8,2026-09-04 11:15:00
4.833,4.844,4.826,4.831,59304.6,2026-09-04 11:30:00
4.832,4.833,4.809,4.817,64320.3,2026-09-04 11:45:00
4.817,4.831,4.807,4.828,60367.6,2026-09-04 12:00:00
4.828,4.847,4.816,4.842,57654.3,2026-09-04 12:15:00
4.841,4.841,4.652,4.717,1047355.0,2026-09-04 12:30:00
4.716,4.723,4.671,4.718,235827.6,2026-09-04 12:45:00
4.718,4.732,4.7,4.709,100729.7,2026-09-04 13:00:00
4.708,4.738,4.708,4.729,53161.0,2026-09-04 13:15:00
4.73,4.749,4.709,4.742,94235.8,2026-09-04 13:30:00
4.743,4.775,4.735,4.739,91258.7,2026-09-04 13:45:00
4.739,4.743,4.695,4.71,71892.2,2026-09-04 14:00:00
4.71,4.718,4.676,4.695,98088.1,2026-09-04 14:15:00
4.695,4.696,4.636,4.66,144157.0,2026-09-04 14:30:00
4.659,4.68,4.637,4.675,108634.4,2026-09-04 14:45:00
4.674,4.695,4.666,4.693,68313.6,2026-09-04 15:00:00
4.693,4.705,4.687,4.7,47093.1,2026-09-04 15:15:00
4.701,4.727,4.698,4.726,76288.0,2026-09-04 15:30:00
4.727,4.74,4.717,4.722,70200.2,2026-09-04 15:45:00
4.722,4.74,4.714,4.732,72561.2,2026-09-04 16:00:00
4.733,4.75,4.733,4.746,36436.8,2026-09-04 16:15:00
4.746,4.765,4.737,4.74,73151.1,2026-09-04 16:30:00
4.741,4.748,4.729,4.734,42391.8,2026-09-04 16:45:00
4.735,4.75,4.728,4.735,91449.5,2026-09-04 17:00:00
4.734,4.748,4.724,4.736,43602.6,2026-09-04 17:15:00
4.736,4.754,4.735,4.747,43403.0,2026-09-04 17:30:00
4.746,4.761,4.728,4.729,75993.4,2026-09-04 17:45:00
4.728,4.755,4.72,4.728,81901.4,2026-09-04 18:00:00
4.727,4.734,4.723,4.725,17043.0,2026-09-04 18:15:00
4.726,4.763,4.725,4.759,53449.5,2026-09-04 18:30:00
4.759,4.761,4.737,4.742,23265.1,2026-09-04 18:45:00
4.742,4.744,4.731,4.739,32060.3,2026-09-04 19:00:00
4.739,4.78,4.739,4.777,79702.3,2026-09-04 19:15:00
4.778,4.785,4.764,4.779,55520.2,2026-09-04 19:30:00
4.779,4.779,4.763,4.768,34164.7,2026-09-04 19:45:00
4.768,4.779,4.741,4.746,36641.7,2026-09-04 20:00:00
4.746,4.777,4.744,4.77,33286.6,2026-09-04 20:15:00
4.769,4.784,4.766,4.781,55222.9,2026-09-04 20:30:00
4.781,4.786,4.761,4.78,41640.7,2026-09-04 20:45:00
4.779,4.795,4.778,4.793,37087.8,2026-09-04 21:00:00
4.793,4.807,4.771,4.773,35175.2,2026-09-04 21:15:00
4.773,4.791,4.772,4.784,26581.3,2026-09-04 21:30:00
4.785,4.792,4.751,4.763,49241.3,2026-09-04 21:45:00
4.762,4.769,4.747,4.755,37754.4,2026-09-04 22:00:00
4.755,4.769,4.741,4.764,41600.1,2026-09-04 22:15:00
4.763,4.766,4.749,4.753,23025.7,2026-09-04 22:30:00
4.752,4.762,4.745,4.746,40255.6,2026-09-04 22:45:00
4.746,4.755,4.735,4.75,28683.0,2026-09-04 23:00:00
4.749,4.776,4.742,4.773,37175.3,2026-09-04 23:15:00
4.774,4.805,4.764,4.794,43861.7,2026-09-04 23:30:00
4.793,4.808,4.791,4.807,25324.4,2026-09-04 23:45:00
4.807,4.831,4.793,4.811,119257.2,2026-09-05 00:00:00
4.811,4.816,4.774,4.791,94421.2,2026-09-05 00:15:00
4.79,4.799,4.779,4.784,32521.8,2026-09-05 00:30:00
4.783,4.808,4.769,4.784,72013.8,2026-09-05 00:45:00
4.784,4.808,4.779,4.794,34640.5,2026-09-05 01:00:00
4.795,4.801,4.783,4.793,31829.0,2026-09-05 01:15:00
4.794,4.795,4.771,4.779,35775.9,2026-09-05 01:30:00
4.78,4.793,4.77,4.777,26105.1,2026-09-05 01:45:00
4.778,4.779,4.758,4.767,42260.6,2026-09-05 02:00:00
4.767,4.774,4.755,4.758,36587.3,2026-09-05 02:15:00
4.758,4.766,4.75,4.759,34812.0,2026-09-05 02:30:00
4.76,4.762,4.75,4.757,20587.1,2026-09-05 02:45:00
4.756,4.761,4.743,4.754,50254.2,2026-09-05 03:00:00
4.753,4.768,4.749,4.757,36666.8,2026-09-05 03:15:00
4.758,4.77,4.755,4.768,27111.6,2026-09-05 03:30:00
4.767,4.769,4.75,4.755,48227.3,2026-09-05 03:45:00
4.754,4.768,4.75,4.754,46990.4,2026-09-05 04:00:00
4.754,4.756,4.746,4.748,26486.9,2026-09-05 04:15:00
4.748,4.752,4.709,4.72,115436.0,2026-09-05 04:30:00
4.719,4.746,4.717,4.741,36246.5,2026-09-05 04:45:00
4.741,4.742,4.722,4.739,43357.8,2026-09-05 05:00:00
4.739,4.754,4.734,4.753,23113.3,2026-09-05 05:15:00
4.754,4.76,4.751,4.752,17791.6,2026-09-05 05:30:00
4.751,4.774,4.742,4.768,24918.8,2026-09-05 05:45:00
4.768,4.781,4.766,4.778,41362.7,2026-09-05 06:00:00
4.778,4.812,4.768,4.81,50914.9,2026-09-05 06:15:00
4.81,4.891,4.81,4.883,296147.5,2026-09-05 06:30:00
4.884,4.885,4.851,4.861,116772.0,2026-09-05 06:45:00
4.862,4.872,4.852,4.864,59017.9,2026-09-05 07:00:00
4.864,4.916,4.857,4.888,130715.5,2026-09-05 07:15:00
4.888,4.904,4.875,4.904,61099.7,2026-09-05 07:30:00
4.903,4.941,4.892,4.94,96560.3,2026-09-05 07:45:00
4.939,4.956,4.91,4.929,162346.2,2026-09-05 08:00:00
4.929,4.95,4.893,4.902,116830.4,2026-09-05 08:15:00
4.902,4.915,4.878,4.899,89686.7,2026-09-05 08:30:00
4.899,4.92,4.892,4.913,36107.7,2026-09-05 08:45:00
4.913,4.93,4.913,4.924,50684.6,2026-09-05 09:00:00
4.923,4.923,4.904,4.918,47647.9,2026-09-05 09:15:00
4.917,4.93,4.909,4.921,35109.0,2026-09-05 09:30:00
4.92,4.928,4.91,4.916,35961.2,2026-09-05 09:45:00
4.916,4.932,4.902,4.924,49735.3,2026-09-05 10:00:00
4.924,4.941,4.921,4.926,25342.0,2026-09-05 10:15:00
4.925,4.94,4.92,4.928,33437.6,2026-09-05 10:30:00
4.928,4.935,4.917,4.925,38259.0,2026-09-05 10:45:00
4.925,4.937,4.915,4.926,41049.6,2026-09-05 11:00:00
4.926,4.948,4.919,4.94,52411.1,2026-09-05 11:15:00
4.939,4.943,4.926,4.93,41602.1,2026-09-05 11:30:00
4.929,4.942,4.927,4.934,30903.4,2026-09-05 11:45:00
4.934,4.958,4.927,4.957,74960.7,2026-09-05 12:00:00
4.956,4.958,4.929,4.938,36698.9,2026-09-05 12:15:00
4.938,4.974,4.929,4.951,105549.1,2026-09-05 12:30:00
4.951,4.977,4.949,4.954,87659.6,2026-09-05 12:45:00
4.955,4.962,4.936,4.948,77854.7,2026-09-05 13:00:00
4.948,4.959,4.935,4.939,39570.4,2026-09-05 13:15:00
4.94,4.94,4.906,4.918,155870.3,2026-09-05 13:30:00
4.918,4.924,4.887,4.915,99538.5,2026-09-05 13:45:00
4.915,4.919,4.901,4.903,49918.4,2026-09-05 14:00:00
4.903,4.914,4.885,4.907,130867.9,2026-09-05 14:15:00
4.906,4.915,4.889,4.893,52516.0,2026-09-05 14:30:00
4.894,4.912,4.867,4.902,88088.7,2026-09-05 14:45:00
4.902,4.912,4.881,4.895,178337.6,2026-09-05 15:00:00
4.894,4.906,4.88,4.891,206228.7,2026-09-05 15:15:00
4.891,4.897,4.877,4.892,50265.3,2026-09-05 15:30:00
4.891,4.904,4.889,4.898,48055.3,2026-09-05 15:45:00
4.897,4.911,4.89,4.893,118210.4,2026-09-05 16:00:00
4.893,4.904,4.89,4.899,59212.5,2026-09-05 16:15:00
4.898,4.904,4.887,4.892,74182.5,2026-09-05 16:30:00
4.892,4.916,4.887,4.901,283094.8,2026-09-05 16:45:00
4.901,4.913,4.889,4.907,164214.2,2026-09-05 17:00:00
4.906,4.908,4.885,4.89,53756.3,2026-09-05 17:15:00
4.891,4.9,4.879,4.889,30456.6,2026-09-05 17:30:00
4.889,4.912,4.887,4.907,52201.0,2026-09-05 17:45:00
4.908,4.92,4.898,4.907,52223.8,2026-09-05 18:00:00
4.908,4.92,4.897,4.903,58963.8,2026-09-05 18:15:00
4.903,4.913,4.899,4.91,27474.1,2026-09-05 18:30:00
4.91,4.915,4.902,4.909,19769.9,2026-09-05 18:45:00
4.908,4.924,4.898,4.924,88987.2,2026-09-05 19:00:00
4.923,4.932,4.913,4.922,81777.2,2026-09-05 19:15:00
4.922,4.927,4.904,4.921,68999.7,2026-09-05 19:30:00
4.921,4.932,4.911,4.922,45419.8,2026-09-05 19:45:00
4.921,4.936,4.912,4.92,127223.5,2026-09-05 20:00:00
4.92,4.925,4.91,4.917,91527.4,2026-09-05 20:15:00
4.917,4.921,4.91,4.921,35108.7,2026-09-05 20:30:00
4.921,4.923,4.908,4.91,22013.9,2026-09-05 20:45:00
4.911,4.914,4.891,4.905,53015.4,2026-09-05 21:00:00
4.904,4.925,4.901,4.925,23262.6,2026-09-05 21:15:00
4.925,4.93,4.912,4.922,25424.9,2026-09-05 21:30:00
4.922,4.933,4.918,4.933,26310.9,2026-09-05 21:45:00
4.933,4.94,4.921,4.93,134576.4,2026-09-05 22:00:00
4.93,4.93,4.888,4.907,168229.3,2026-09-05 22:15:00
4.907,4.916,4.9,4.901,50572.9,2026-09-05 22:30:00
4.901,4.919,4.894,4.905,69350.5,2026-09-05 22:45:00
4.904,4.91,4.9,4.906,49101.9,2026-09-05 23:00:00
4.906,4.917,4.902,4.916,49155.0,2026-09-05 23:15:00
4.915,4.924,4.907,4.919,36544.0,2026-09-05 23:30:00
4.918,4.952,4.918,4.939,50766.3,2026-09-05 23:45:00
4.94,4.996,4.94,4.992,160044.3,2026-09-06 00:00:00
4.993,5.046,4.982,5.015,261930.2,2026-09-06 00:15:00
5.015,5.047,5.006,5.041,118745.6,2026-09-06 00:30:00
5.041,5.05,5.022,5.029,96355.3,2026-09-06 00:45:00
5.03,5.05,5.023,5.041,80680.6,2026-09-06 01:00:00
5.041,5.071,5.025,5.066,79826.4,2026-09-06 01:15:00
5.066,5.094,5.045,5.07,209286.8,2026-09-06 01:30:00
5.071,5.099,5.063,5.081,111323.0,2026-09-06 01:45:00
5.082,5.1,5.056,5.094,117753.5,2026-09-06 02:00:00
5.095,5.126,5.079,5.107,115958.5,2026-09-06 02:15:00
5.106,5.134,5.104,5.129,105520.8,2026-09-06 02:30:00
5.129,5.159,5.099,5.103,180036.8,2026-09-06 02:45:00
5.103,5.111,5.045,5.066,100586.0,2026-09-06 03:00:00
5.067,5.082,5.057,5.071,68042.1,2026-09-06 03:15:00
5.071,5.126,5.065,5.123,123988.1,2026-09-06 03:30:00
5.123,5.127,5.086,5.109,164731.7,2026-09-06 03:45:00
5.109,5.127,5.103,5.116,65006.5,2026-09-06 04:00:00
5.115,5.119,5.081,5.103,73993.1,2026-09-06 04:15:00
5.102,5.121,5.098,5.11,59807.1,2026-09-06 04:30:00
5.111,5.119,5.082,5.1,40414.1,2026-09-06 04:45:00
5.1,5.109,5.093,5.108,37526.0,2026-09-06 05:00:00
5.109,5.155,5.106,5.142,103958.0,2026-09-06 05:15:00
5.143,5.184,5.134,5.148,204806.2,2026-09-06 05:30:00
5.147,5.157,5.103,5.11,90551.6,2026-09-06 05:45:00
5.111,5.114,5.073,5.091,113856.7,2026-09-06 06:00:00
5.092,5.096,5.062,5.072,83098.5,2026-09-06 06:15:00
5.072,5.076,5.054,5.074,88833.5,2026-09-06 06:30:00
5.074,5.102,5.058,5.095,89046.8,2026-09-06 06:45:00
5.095,5.1,5.047,5.059,102318.4,2026-09-06 07:00:00
5.06,5.136,5.06,5.086,148334.8,2026-09-06 07:15:00
5.087,5.107,5.073,5.103,72665.7,2026-09-06 07:30:00
5.103,5.132,5.095,5.115,132152.9,2026-09-06 07:45:00
5.115,5.148,5.097,5.145,98506.4,2026-09-06 08:00:00
5.146,5.156,5.114,5.119,78211.2,2026-09-06 08:15:00
5.12,5.122,5.094,5.103,96493.0,2026-09-06 08:30:00
5.104,5.119,5.099,5.106,45734.9,2026-09-06 08:45:00
5.106,5.154,5.088,5.149,79666.0,2026-09-06 09:00:00
5.148,5.177,5.139,5.166,156788.5,2026-09-06 09:15:00
5.165,5.175,5.149,5.173,69107.9,2026-09-06 09:30:00
5.172,5.188,5.16,5.164,71091.7,2026-09-06 09:45:00
5.164,5.174,5.123,5.14,113912.2,2026-09-06 10:00:00
5.14,5.152,5.125,5.132,67829.3,2026-09-06 10:15:00
5.132,5.143,5.117,5.132,81697.8,2026-09-06 10:30:00
5.133,5.141,5.128,5.135,30088.6,2026-09-06 10:45:00
5.135,5.15,5.115,5.13,118724.1,2026-09-06 11:00:00
5.13,5.138,5.108,5.131,82242.2,2026-09-06 11:15:00
5.131,5.152,5.126,5.14,72280.7,2026-09-06 11:30:00
5.14,5.155,5.126,5.132,41639.1,2026-09-06 11:45:00
5.133,5.133,5.091,5.105,118369.5,2026-09-06 12:00:00
5.105,5.113,5.072,5.08,167861.1,2026-09-06 12:15:00
5.08,5.091,5.073,5.077,69051.1,2026-09-06 12:30:00
5.078,5.083,5.064,5.071,52986.5,2026-09-06 12:45:00
5.071,5.096,5.068,5.076,54106.9,2026-09-06 13:00:00
5.077,5.081,5.042,5.073,121768.7,2026-09-06 13:15:00
5.073,5.101,5.066,5.099,45883.1,2026-09-06 13:30:00
5.1,5.105,5.077,5.095,47630.3,2026-09-06 13:45:00
5.096,5.118,5.081,5.084,58192.6,2026-09-06 14:00:00
5.084,5.105,5.007,5.048,255810.4,2026-09-06 14:15:00
5.047,5.063,5.0,5.061,231303.3,2026-09-06 14:30:00
5.061,5.094,5.054,5.088,103287.2,2026-09-06 14:45:00
5.088,5.12,5.06,5.103,146315.1,2026-09-06 15:00:00
5.102,5.105,5.08,5.081,39319.4,2026-09-06 15:15:00
5.081,5.113,5.072,5.111,47322.0,2026-09-06 15:30:00
5.111,5.151,5.11,5.149,96547.7,2026-09-06 15:45:00
5.149,5.17,5.108,5.116,161253.2,2026-09-06 16:00:00
5.116,5.13,5.091,5.127,82314.6,2026-09-06 16:15:00
5.126,5.197,5.112,5.174,202011.3,2026-09-06 16:30:00
5.174,5.184,5.152,5.168,75686.4,2026-09-06 16:45:00
5.168,5.175,5.121,5.133,63436.6,2026-09-06 17:00:00
5.133,5.145,5.106,5.107,71659.0,2026-09-06 17:15:00
5.107,5.151,5.093,5.135,62754.1,2026-09-06 17:30:00
5.136,5.142,5.121,5.135,22816.6,2026-09-06 17:45:00
5.135,5.14,5.105,5.131,80363.2,2026-09-06 18:00:00
5.131,5.142,5.12,5.133,45524.1,2026-09-06 18:15:00
5.134,5.185,5.134,5.142,117655.7,2026-09-06 18:30:00
5.142,5.142,5.108,5.126,50520.4,2026-09-06 18:45:00
5.126,5.143,5.115,5.139,32120.6,2026-09-06 19:00:00
5.14,5.171,5.138,5.171,39165.8,2026-09-06 19:15:00
5.171,5.219,5.16,5.202,113698.9,2026-09-06 19:30:00
5.202,5.221,5.171,5.193,142144.5,2026-09-06 19:45:00
5.193,5.197,5.152,5.17,83067.8,2026-09-06 20:00:00
5.171,5.197,5.166,5.169,39160.5,2026-09-06 20:15:00
5.17,5.197,5.164,5.189,104909.3,2026-09-06 20:30:00
5.189,5.19,5.155,5.162,51500.7,2026-09-06 20:45:00
5.162,5.192,5.161,5.187,40732.0,2026-09-06 21:00:00
5.187,5.218,5.186,5.208,67977.1,2026-09-06 21:15:00
5.208,5.24,5.203,5.223,71346.1,2026-09-06 21:30:00
5.224,5.228,5.188,5.203,119984.6,2026-09-06 21:45:00
5.204,5.207,5.145,5.156,207284.0,2026-09-06 22:00:00
5.155,5.156,5.12,5.144,114079.6,2026-09-06 22:15:00
5.143,5.188,5.143,5.174,78566.1,2026-09-06 22:30:00
5.175,5.265,5.166,5.199,535653.5,2026-09-06 22:45:00
5.199,5.295,5.187,5.287,483514.9,2026-09-06 23:00:00
5.288,5.369,5.269,5.362,541964.1,2026-09-06 23:15:00
5.362,5.385,5.305,5.315,433614.0,2026-09-06 23:30:00
5.314,5.341,5.299,5.305,164124.8,2026-09-06 23:45:00
5.305,5.402,5.302,5.395,272400.0,2026-09-07 00:00:00
5.393,5.42,5.325,5.412,320238.4,2026-09-07 00:15:00
5.411,5.492,5.392,5.402,476598.7,2026-09-07 00:30:00
5.403,5.436,5.378,5.406,145019.3,2026-09-07 00:45:00
5.406,5.449,5.383,5.438,181503.7,2026-09-07 01:00:00
5.438,5.493,5.395,5.472,318478.8,2026-09-07 01:15:00
5.473,5.483,5.422,5.439,223248.6,2026-09-07 01:30:00
5.44,5.502,5.44,5.494,204195.6,2026-09-07 01:45:00
5.494,5.519,5.464,5.487,182589.6,2026-09-07 02:00:00
5.486,5.53,5.45,5.483,397458.8,2026-09-07 02:15:00
5.482,5.608,5.478,5.607,248159.9,2026-09-07 02:30:00
5.607,5.65,5.565,5.577,239995.0,2026-09-07 02:45:00
5.577,5.588,5.507,5.511,209600.6,2026-09-07 03:00:00
5.51,5.527,5.466,5.47,135844.9,2026-09-07 03:15:00
5.471,5.481,5.42,5.436,156217.0,2026-09-07 03:30:00
5.436,5.479,5.43,5.47,119298.4,2026-09-07 03:45:00
5.469,5.511,5.457,5.507,154319.4,2026-09-07 04:00:00
5.507,5.516,5.476,5.495,86989.4,2026-09-07 04:15:00
5.495,5.555,5.494,5.549,133033.3,2026-09-07 04:30:00
5.55,5.58,5.538,5.577,96190.5,2026-09-07 04:45:00
5.577,5.611,5.564,5.576,156364.5,2026-09-07 05:00:00
5.577,5.67,5.57,5.666,302503.7,2026-09-07 05:15:00
5.665,5.681,5.615,5.62,210471.4,2026-09-07 05:30:00
5.62,5.662,5.6,5.603,155248.6,2026-09-07 05:45:00
5.604,5.646,5.599,5.632,159259.4,2026-09-07 06:00:00
5.632,5.635,5.573,5.615,159579.4,2026-09-07 06:15:00
5.616,5.622,5.554,5.57,173359.7,2026-09-07 06:30:00
5.571,5.579,5.549,5.557,60444.2,2026-09-07 06:45:00
5.557,5.582,5.54,5.569,140435.5,2026-09-07 07:00:00
5.569,5.578,5.526,5.541,125692.6,2026-09-07 07:15:00
5.54,5.571,5.504,5.562,317104.3,2026-09-07 07:30:00
5.562,5.614,5.54,5.552,162395.1,2026-09-07 07:45:00
5.552,5.607,5.552,5.58,159064.7,2026-09-07 08:00:00
5.58,5.627,5.565,5.596,153848.2,2026-09-07 08:15:00
5.596,5.611,5.563,5.584,109761.7,2026-09-07 08:30:00
5.585,5.619,5.578,5.608,71949.7,2026-09-07 08:45:00
5.609,5.65,5.605,5.621,109134.0,2026-09-07 09:00:00
5.621,5.653,5.601,5.65,67471.3,2026-09-07 09:15:00
5.65,5.653,5.627,5.636,56713.0,2026-09-07 09:30:00
5.636,5.643,5.609,5.616,72740.1,2026-09-07 09:45:00
5.616,5.655,5.611,5.622,83771.1,2026-09-07 10:00:00
5.622,5.671,5.621,5.668,84750.7,2026-09-07 10:15:00
5.668,5.682,5.646,5.681,103996.8,2026-09-07 10:30:00
5.682,5.704,5.645,5.665,143881.5,2026-09-07 10:45:00
5.666,5.684,5.64,5.661,117302.2,2026-09-07 11:00:00
5.661,5.707,5.656,5.667,151574.4,2026-09-07 11:15:00
5.666,5.684,5.642,5.651,146644.0,2026-09-07 11:30:00
5.652,5.661,5.625,5.644,109964.7,2026-09-07 11:45:00
5.645,5.744,5.645,5.72,292940.7,2026-09-07 12:00:00
5.721,5.758,5.716,5.745,157792.3,2026-09-07 12:15:00
5.746,5.761,5.72,5.722,105887.7,2026-09-07 12:30:00
5.722,5.758,5.716,5.736,124546.5,2026-09-07 12:45:00
5.737,5.752,5.725,5.734,92537.9,2026-09-07 13:00:00
5.734,5.797,5.726,5.791,150965.4,2026-09-07 13:15:00
5.792,5.794,5.73,5.744,252865.2,2026-09-07 13:30:00
5.743,5.747,5.675,5.721,252348.0,2026-09-07 13:45:00
5.721,5.756,5.721,5.742,142780.8,2026-09-07 14:00:00
5.743,5.773,5.735,5.763,128953.6,2026-09-07 14:15:00
5.763,5.765,5.662,5.693,383885.4,2026-09-07 14:30:00
5.693,5.745,5.691,5.701,166592.6,2026-09-07 14:45:00
5.7,5.733,5.675,5.71,150098.9,2026-09-07 15:00:00
5.71,5.739,5.686,5.696,165993.3,2026-09-07 15:15:00
5.696,5.699,5.618,5.641,393735.0,2026-09-07 15:30:00
5.641,5.669,5.616,5.666,259836.7,2026-09-07 15:45:00
5.666,5.717,5.635,5.649,249184.8,2026-09-07 16:00:00
5.649,5.65,5.586,5.628,267999.6,2026-09-07 16:15:00
5.628,5.707,5.628,5.683,167784.6,2026-09-07 16:30:00
5.683,5.691,5.655,5.659,90540.1,2026-09-07 16:45:00
5.659,5.687,5.654,5.681,72153.2,2026-09-07 17:00:00
5.681,5.798,5.619,5.789,629228.7,2026-09-07 17:15:00
5.787,5.797,5.668,5.759,942959.3,2026-09-07 17:30:00
5.759,5.815,5.749,5.806,291482.3,2026-09-07 17:45:00
5.805,5.908,5.795,5.894,420853.3,2026-09-07 18:00:00
5.895,5.949,5.857,5.926,397048.0,2026-09-07 18:15:00
5.926,5.976,5.887,5.97,355581.1,2026-09-07 18:30:00
5.971,6.007,5.944,6.002,407404.8,2026-09-07 18:45:00
6.001,6.026,5.952,5.981,600881.3,2026-09-07 19:00:00
5.981,6.049,5.971,6.042,413749.4,2026-09-07 19:15:00
6.042,6.197,6.027,6.179,777904.7,2026-09-07 19:30:00
6.178,6.292,6.165,6.261,1090218.7,2026-09-07 19:45:00
6.261,6.293,6.213,6.244,885336.9,2026-09-07 20:00:00
6.244,6.353,6.244,6.307,924329.1,2026-09-07 20:15:00
6.307,6.345,6.214,6.247,1130450.6,2026-09-07 20:30:00
6.248,6.262,6.08,6.1,1054241.3,2026-09-07 20:45:00
6.1,6.165,6.064,6.141,520029.1,2026-09-07 21:00:00
6.141,6.195,6.089,6.188,297656.8,2026-09-07 21:15:00
6.188,6.236,6.125,6.2,501044.9,2026-09-07 21:30:00
6.2,6.238,6.161,6.201,224028.6,2026-09-07 21:45:00
6.201,6.214,6.134,6.143,255567.7,2026-09-07 22:00:00
6.142,6.156,6.088,6.113,337766.6,2026-09-07 22:15:00
6.113,6.113,6.023,6.06,409301.2,2026-09-07 22:30:00
6.06,6.084,6.055,6.065,132007.6,2026-09-07 22:45:00
6.064,6.194,6.056,6.165,350455.6,2026-09-07 23:00:00
6.165,6.165,6.118,6.141,212505.3,2026-09-07 23:15:00
6.141,6.191,6.125,6.173,195031.6,2026-09-07 23:30:00
6.174,6.207,6.165,6.181,152796.1,2026-09-07 23:45:00
6.182,6.204,6.153,6.189,233640.7,2026-09-08 00:00:00
6.19,6.228,6.184,6.2,198954.9,2026-09-08 00:15:00
6.2,6.309,6.188,6.266,410498.2,2026-09-08 00:30:00
6.265,6.393,6.243,6.37,582688.9,2026-09-08 00:45:00
6.37,6.378,6.311,6.337,342835.6,2026-09-08 01:00:00
6.338,6.406,6.337,6.385,256036.2,2026-09-08 01:15:00
6.385,6.499,6.37,6.489,581005.3,2026-09-08 01:30:00
6.489,6.536,6.448,6.532,372412.8,2026-09-08 01:45:00
6.532,6.628,6.523,6.584,736781.4,2026-09-08 02:00:00
6.584,6.696,6.577,6.654,698997.9,2026-09-08 02:15:00
6.652,6.714,6.586,6.653,879898.0,2026-09-08 02:30:00
6.654,6.672,6.47,6.481,959416.5,2026-09-08 02:45:00
6.48,6.513,6.438,6.477,549094.7,2026-09-08 03:00:00
6.477,6.535,6.433,6.434,385487.0,2026-09-08 03:15:00
6.435,6.49,6.426,6.457,324660.2,2026-09-08 03:30:00
6.457,6.519,6.45,6.505,261791.7,2026-09-08 03:45:00
6.505,6.567,6.489,6.527,332084.1,2026-09-08 04:00:00
6.527,6.537,6.461,6.497,267076.9,2026-09-08 04:15:00
6.496,6.519,6.414,6.448,266488.8,2026-09-08 04:30:00
6.449,6.485,6.423,6.452,180674.0,2026-09-08 04:45:00
6.453,6.548,6.448,6.478,213057.5,2026-09-08 05:00:00
6.478,6.492,6.381,6.398,354335.1,2026-09-08 05:15:00
6.398,6.426,6.354,6.398,286211.9,2026-09-08 05:30:00
6.398,6.463,6.368,6.421,379367.9,2026-09-08 05:45:00
6.421,6.488,6.407,6.415,319641.9,2026-09-08 06:00:00
6.416,6.433,6.271,6.287,474358.0,2026-09-08 06:15:00
6.286,6.3,6.236,6.275,364850.1,2026-09-08 06:30:00
6.275,6.295,6.231,6.276,264578.5,2026-09-08 06:45:00
6.276,6.285,6.224,6.255,202002.1,2026-09-08 07:00:00
6.254,6.261,6.221,6.251,182219.5,2026-09-08 07:15:00
6.251,6.284,6.238,6.251,151322.4,2026-09-08 07:30:00
6.251,6.26,6.22,6.247,150142.8,2026-09-08 07:45:00
6.246,6.292,6.238,6.271,184191.1,2026-09-08 08:00:00
6.271,6.277,6.169,6.234,343008.4,2026-09-08 08:15:00
6.234,6.333,6.232,6.314,288785.4,2026-09-08 08:30:00
6.313,6.316,6.227,6.247,204564.3,2026-09-08 08:45:00
6.247,6.276,6.222,6.262,168892.3,2026-09-08 09:00:00
6.262,6.267,6.23,6.254,80329.8,2026-09-08 09:15:00
6.255,6.316,6.246,6.308,192559.9,2026-09-08 09:30:00
6.308,6.347,6.308,6.335,182371.2,2026-09-08 09:45:00
6.335,6.336,6.282,6.31,144756.7,2026-09-08 10:00:00
6.311,6.345,6.282,6.297,121660.7,2026-09-08 10:15:00
6.296,6.316,6.225,6.234,179974.5,2026-09-08 10:30:00
6.234,6.259,6.217,6.232,106867.1,2026-09-08 10:45:00
6.232,6.243,6.191,6.199,176487.7,2026-09-08 11:00:00
6.199,6.255,6.198,6.232,129195.1,2026-09-08 11:15:00
6.232,6.263,6.223,6.254,87927.5,2026-09-08 11:30:00
6.254,6.273,6.226,6.268,99700.7,2026-09-08 11:45:00
6.267,6.275,6.244,6.253,129121.6,2026-09-08 12:00:00
6.254,6.304,6.22,6.297,266417.5,2026-09-08 12:15:00
6.298,6.307,6.268,6.282,66447.2,2026-09-08 12:30:00
6.282,6.301,6.26,6.269,147220.6,2026-09-08 12:45:00
6.27,6.289,6.237,6.258,166464.5,2026-09-08 13:00:00
6.258,6.272,6.245,6.256,51636.8,2026-09-08 13:15:00
6.256,6.262,6.177,6.24,306813.8,2026-09-08 13:30:00
6.24,6.299,6.22,6.296,274573.3,2026-09-08 13:45:00
6.297,6.459,6.269,6.436,700546.5,2026-09-08 14:00:00
6.436,6.499,6.432,6.489,428796.0,2026-09-08 14:15:00
6.49,6.496,6.422,6.468,338832.3,2026-09-08 14:30:00
6.468,6.557,6.454,6.536,334000.5,2026-09-08 14:45:00
6.534,6.568,6.501,6.508,258372.2,2026-09-08 15:00:00
6.509,6.513,6.378,6.39,568136.9,2026-09-08 15:15:00
6.391,6.409,6.312,6.377,350958.4,2026-09-08 15:30:00
6.378,6.436,6.359,6.41,218889.3,2026-09-08 15:45:00
6.411,6.457,6.388,6.414,229548.5,2026-09-08 16:00:00
6.413,6.479,6.394,6.44,268609.3,2026-09-08 16:15:00
6.441,6.462,6.336,6.358,344258.7,2026-09-08 16:30:00
6.359,6.396,6.345,6.39,142599.1,2026-09-08 16:45:00
6.39,6.485,6.39,6.455,191950.6,2026-09-08 17:00:00
6.456,6.462,6.392,6.414,205161.3,2026-09-08 17:15:00
6.414,6.417,6.331,6.336,179281.9,2026-09-08 17:30:00
6.336,6.388,6.336,6.346,103893.9,2026-09-08 17:45:00
6.346,6.416,6.327,6.397,147589.6,2026-09-08 18:00:00
6.397,6.415,6.381,6.386,82183.0,2026-09-08 18:15:00
6.387,6.418,6.356,6.408,76175.5,2026-09-08 18:30:00
6.409,6.464,6.361,6.425,197399.0,2026-09-08 18:45:00
6.426,6.496,6.424,6.479,179984.8,2026-09-08 19:00:00
6.48,6.485,6.422,6.485,168413.8,2026-09-08 19:15:00
6.485,6.489,6.429,6.444,135013.5,2026-09-08 19:30:00
6.444,6.444,6.387,6.404,96805.1,2026-09-08 19:45:00
6.405,6.477,6.405,6.463,119199.6,2026-09-08 20:00:00
6.463,6.475,6.437,6.47,62077.0,2026-09-08 20:15:00
6.47,6.472,6.421,6.421,54123.2,2026-09-08 20:30:00
6.421,6.442,6.402,6.431,67983.0,2026-09-08 20:45:00
6.431,6.458,6.429,6.445,55469.7,2026-09-08 21:00:00
6.445,6.448,6.374,6.391,98745.0,2026-09-08 21:15:00
6.39,6.395,6.334,6.374,91518.4,2026-09-08 21:30:00
6.375,6.378,6.357,6.359,41946.1,2026-09-08 21:45:00
6.359,6.396,6.345,6.379,72026.1,2026-09-08 22:00:00
6.378,6.38,6.342,6.343,62087.0,2026-09-08 22:15:00
6.343,6.356,6.336,6.354,39214.5,2026-09-08 22:30:00
6.354,6.394,6.352,6.388,45161.0,2026-09-08 22:45:00
6.388,6.395,6.349,6.359,76881.6,2026-09-08 23:00:00
6.359,6.408,6.347,6.406,58536.5,2026-09-08 23:15:00
6.407,6.436,6.399,6.43,86450.0,2026-09-08 23:30:00
6.43,6.439,6.395,6.402,104763.1,2026-09-08 23:45:00
6.403,6.509,6.401,6.437,281872.5,2026-09-09 00:00:00
6.436,6.483,6.431,6.458,86789.5,2026-09-09 00:15:00
6.458,6.532,6.43,6.515,189421.2,2026-09-09 00:30:00
6.515,6.52,6.472,6.5,165147.6,2026-09-09 00:45:00
6.501,6.544,6.48,6.513,115589.8,2026-09-09 01:00:00
6.513,6.526,6.444,6.482,144205.4,2026-09-09 01:15:00
6.483,6.521,6.459,6.504,79757.0,2026-09-09 01:30:00
6.504,6.504,6.461,6.474,45683.9,2026-09-09 01:45:00
6.474,6.491,6.414,6.422,83956.9,2026-09-09 02:00:00
6.423,6.424,6.369,6.409,132641.5,2026-09-09 02:15:00
6.408,6.442,6.404,6.41,63100.9,2026-09-09 02:30:00
6.41,6.417,6.374,6.394,76161.8,2026-09-09 02:45:00
6.395,6.406,6.353,6.357,95076.1,2026-09-09 03:00:00
6.357,6.357,6.283,6.313,257732.0,2026-09-09 03:15:00
6.312,6.319,6.297,6.304,68379.2,2026-09-09 03:30:00
6.303,6.318,6.249,6.254,124272.5,2026-09-09 03:45:00
6.253,6.328,6.247,6.294,131490.6,2026-09-09 04:00:00
6.293,6.325,6.269,6.307,83516.9,2026-09-09 04:15:00
6.307,6.325,6.29,6.322,65209.7,2026-09-09 04:30:00
6.322,6.338,6.293,6.299,77759.3,2026-09-09 04:45:00
6.3,6.3,6.243,6.262,107985.4,2026-09-09 05:00:00
6.261,6.285,6.243,6.262,116196.6,2026-09-09 05:15:00
6.263,6.274,6.219,6.226,194312.3,2026-09-09 05:30:00
6.226,6.265,6.22,6.249,193401.2,2026-09-09 05:45:00
6.249,6.282,6.22,6.27,109255.6,2026-09-09 06:00:00
6.271,6.28,6.251,6.273,135887.7,2026-09-09 06:15:00
6.273,6.276,6.245,6.247,71390.9,2026-09-09 06:30:00
6.247,6.317,6.24,6.304,129205.6,2026-09-09 06:45:00
6.304,6.334,6.277,6.285,82108.7,2026-09-09 07:00:00
6.285,6.306,6.272,6.278,49282.7,2026-09-09 07:15:00
6.278,6.305,6.257,6.273,56528.7,2026-09-09 07:30:00
6.274,6.327,6.263,6.323,68573.0,2026-09-09 07:45:00
6.324,6.335,6.304,6.322,111215.8,2026-09-09 08:00:00
6.321,6.369,6.306,6.363,105533.0,2026-09-09 08:15:00
6.362,6.382,6.337,6.341,98572.8,2026-09-09 08:30:00
6.341,6.346,6.328,6.341,34493.4,2026-09-09 08:45:00
6.342,6.38,6.326,6.34,62512.9,2026-09-09 09:00:00
6.341,6.343,6.316,6.327,46567.8,2026-09-09 09:15:00
6.327,6.357,6.274,6.281,147201.0,2026-09-09 09:30:00
6.28,6.293,6.244,6.249,98562.1,2026-09-09 09:45:00
6.249,6.283,6.238,6.24,90600.1,2026-09-09 10:00:00
6.24,6.248,6.215,6.219,100001.9,2026-09-09 10:15:00
6.219,6.249,6.187,6.247,107783.0,2026-09-09 10:30:00
6.247,6.293,6.244,6.28,68356.9,2026-09-09 10:45:00
6.279,6.286,6.25,6.266,73553.7,2026-09-09 11:00:00
6.267,6.274,6.248,6.262,68888.7,2026-09-09 11:15:00
6.261,6.269,6.243,6.253,58483.6,2026-09-09 11:30:00
6.253,6.36,6.251,6.333,150975.2,2026-09-09 11:45:00
6.333,6.341,6.288,6.321,174886.1,2026-09-09 12:00:00
6.321,6.331,6.297,6.316,80766.9,2026-09-09 12:15:00
6.316,6.358,6.305,6.306,114600.4,2026-09-09 12:30:00
6.307,6.31,6.27,6.275,70484.4,2026-09-09 12:45:00
6.275,6.296,6.262,6.263,42983.3,2026-09-09 13:00:00
6.264,6.271,6.231,6.265,93943.9,2026-09-09 13:15:00
6.265,6.281,6.184,6.209,291235.1,2026-09-09 13:30:00
6.209,6.234,6.154,6.163,213488.5,2026-09-09 13:45:00
6.163,6.185,6.102,6.147,378753.2,2026-09-09 14:00:00
6.147,6.181,6.129,6.181,100061.9,2026-09-09 14:15:00
6.181,6.192,6.137,6.14,138885.2,2026-09-09 14:30:00
6.141,6.159,6.091,6.105,90447.3,2026-09-09 14:45:00
6.104,6.138,6.056,6.075,270663.9,2026-09-09 15:00:00
6.075,6.1,6.001,6.038,299252.3,2026-09-09 15:15:00
6.038,6.089,6.031,6.071,133530.3,2026-09-09 15:30:00
6.071,6.117,6.062,6.091,89216.1,2026-09-09 15:45:00
6.091,6.144,6.067,6.09,128015.7,2026-09-09 16:00:00
6.09,6.119,6.072,6.118,62057.6,2026-09-09 16:15:00
6.118,6.154,6.118,6.136,58459.9,2026-09-09 16:30:00
6.136,6.147,6.123,6.14,57195.2,2026-09-09 16:45:00
6.14,6.214,6.135,6.195,129111.4,2026-09-09 17:00:00
6.195,6.211,6.175,6.211,64989.4,2026-09-09 17:15:00
6.209,6.21,6.151,6.166,64701.4,2026-09-09 17:30:00
6.167,6.195,6.167,6.181,40622.8,2026-09-09 17:45:00
6.181,6.212,6.174,6.204,37514.8,2026-09-09 18:00:00
6.204,6.24,6.191,6.236,81291.3,2026-09-09 18:15:00
6.236,6.252,6.226,6.24,56856.3,2026-09-09 18:30:00
6.24,6.24,6.203,6.204,70988.0,2026-09-09 18:45:00
6.203,6.206,6.174,6.187,53639.8,2026-09-09 19:00:00
6.187,6.195,6.166,6.188,58116.9,2026-09-09 19:15:00
6.187,6.196,6.151,6.155,51969.8,2026-09-09 19:30:00
6.155,6.164,6.121,6.132,95774.1,2026-09-09 19:45:00
6.132,6.148,6.114,6.122,72419.3,2026-09-09 20:00:00
6.122,6.145,6.053,6.085,112128.4,2026-09-09 20:15:00
6.084,6.135,6.084,6.116,62432.6,2026-09-09 20:30:00
6.115,6.126,6.094,6.105,42117.7,2026-09-09 20:45:00
6.104,6.111,6.06,6.073,56499.3,2026-09-09 21:00:00
6.074,6.088,6.046,6.077,48236.3,2026-09-09 21:15:00
6.078,6.083,6.041,6.054,56798.0,2026-09-09 21:30:00
6.055,6.056,6.016,6.038,68217.4,2026-09-09 21:45:00
6.038,6.049,5.961,5.996,216151.0,2026-09-09 22:00:00
5.996,6.038,5.982,6.03,97789.2,2026-09-09 22:15:00
6.031,6.063,6.022,6.062,73205.0,2026-09-09 22:30:00
6.061,6.068,6.033,6.038,37525.4,2026-09-09 22:45:00
6.037,6.132,6.036,6.117,119068.0,2026-09-09 23:00:00
6.117,6.147,6.102,6.13,86230.8,2026-09-09 23:15:00
6.13,6.136,6.114,6.123,35097.7,2026-09-09 23:30:00
6.123,6.14,6.114,6.129,27717.2,2026-09-09 23:45:00
6.129,6.149,6.01,6.056,528874.0,2026-09-10 00:00:00
6.056,6.063,6.023,6.054,80126.4,2026-09-10 00:15:00
6.054,6.096,6.045,6.053,82872.5,2026-09-10 00:30:00
6.052,6.092,6.043,6.063,49746.0,2026-09-10 00:45:00
6.063,6.113,6.06,6.093,52074.4,2026-09-10 01:00:00
6.093,6.1,6.037,6.045,58395.1,2026-09-10 01:15:00
6.044,6.046,5.99,6.008,148357.6,2026-09-10 01:30:00
6.007,6.024,5.94,5.974,192274.9,2026-09-10 01:45:00
5.973,5.979,5.948,5.963,94018.6,2026-09-10 02:00:00
5.962,6.026,5.96,6.019,86926.6,2026-09-10 02:15:00
6.018,6.1,6.011,6.086,180871.1,2026-09-10 02:30:00
6.087,6.103,6.072,6.093,37802.8,2026-09-10 02:45:00
6.092,6.105,6.072,6.075,51335.5,2026-09-10 03:00:00
6.075,6.075,6.049,6.062,35355.1,2026-09-10 03:15:00
6.062,6.098,6.051,6.086,30905.2,2026-09-10 03:30:00
6.086,6.094,6.067,6.075,25929.7,2026-09-10 03:45:00
6.074,6.094,6.069,6.089,19618.5,2026-09-10 04:00:00
6.089,6.133,6.086,6.108,46373.8,2026-09-10 04:15:00
6.109,6.113,6.076,6.076,36964.4,2026-09-10 04:30:00
6.077,6.086,6.054,6.06,45191.4,2026-09-10 04:45:00
6.06,6.127,6.048,6.118,64961.0,2026-09-10 05:00:00
6.117,6.117,6.077,6.108,37246.1,2026-09-10 05:15:00
6.109,6.145,6.104,6.112,37252.2,2026-09-10 05:30:00
6.113,6.131,6.111,6.122,22510.1,2026-09-10 05:45:00
6.122,6.129,6.076,6.076,28578.2,2026-09-10 06:00:00
6.076,6.076,6.01,6.035,113926.6,2026-09-10 06:15:00
6.034,6.047,6.004,6.018,98319.4,2026-09-10 06:30:00
6.018,6.054,6.018,6.031,42542.7,2026-09-10 06:45:00
6.031,6.048,6.014,6.043,44400.4,2026-09-10 07:00:00
6.043,6.064,6.022,6.053,43827.0,2026-09-10 07:15:00
6.052,6.054,6.01,6.021,43244.3,2026-09-10 07:30:00
6.021,6.047,6.013,6.041,32075.4,2026-09-10 07:45:00
6.041,6.054,6.01,6.022,46261.2,2026-09-10 08:00:00
6.021,6.032,6.009,6.017,41705.3,2026-09-10 08:15:00
6.017,6.02,5.999,6.008,50408.2,2026-09-10 08:30:00
6.009,6.012,5.978,5.98,55067.9,2026-09-10 08:45:00
5.979,6.024,5.961,6.014,166990.2,2026-09-10 09:00:00
6.014,6.04,6.006,6.026,44073.0,2026-09-10 09:15:00
6.026,6.026,5.961,5.963,72473.5,2026-09-10 09:30:00
5.962,5.98,5.955,5.976,61493.6,2026-09-10 09:45:00
5.975,5.996,5.968,5.992,40774.6,2026-09-10 10:00:00
5.991,6.015,5.989,6.003,62759.0,2026-09-10 10:15:00
6.002,6.028,5.981,6.019,32298.1,2026-09-10 10:30:00
6.018,6.037,5.997,5.998,23478.9,2026-09-10 10:45:00
5.997,6.023,5.985,6.023,46903.5,2026-09-10 11:00:00
6.023,6.072,6.023,6.062,80304.0,2026-09-10 11:15:00
6.062,6.094,6.051,6.054,54071.7,2026-09-10 11:30:00
6.053,6.059,6.005,6.007,64135.1,2026-09-10 11:45:00
6.006,6.043,5.978,6.03,82475.6,2026-09-10 12:00:00
6.029,6.037,6.009,6.022,54790.3,2026-09-10 12:15:00
6.022,6.064,5.95,5.952,297105.8,2026-09-10 12:30:00
5.952,6.003,5.877,5.977,583347.9,2026-09-10 12:45:00
5.976,6.028,5.963,5.966,172129.2,2026-09-10 13:00:00
5.966,5.969,5.923,5.927,134828.8,2026-09-10 13:15:00
5.927,5.942,5.901,5.934,190962.2,2026-09-10 13:30:00
5.934,5.978,5.931,5.947,114488.3,2026-09-10 13:45:00
5.947,5.956,5.897,5.904,67892.6,2026-09-10 14:00:00
5.904,5.922,5.881,5.89,95451.2,2026-09-10 14:15:00
5.89,5.918,5.869,5.884,124749.0,2026-09-10 14:30:00
5.884,5.895,5.831,5.844,142027.4,2026-09-10 14:45:00
5.844,5.85,5.79,5.839,198222.5,2026-09-10 15:00:00
5.838,5.842,5.806,5.809,40888.1,2026-09-10 15:15:00
5.81,5.85,5.809,5.825,67318.7,2026-09-10 15:30:00
5.825,5.85,5.822,5.842,47750.8,2026-09-10 15:45:00
5.842,5.852,5.778,5.787,110543.5,2026-09-10 16:00:00
5.786,5.786,5.75,5.775,174340.5,2026-09-10 16:15:00
5.774,5.809,5.754,5.809,94602.9,2026-09-10 16:30:00
5.809,5.895,5.809,5.893,165865.4,2026-09-10 16:45:00
5.892,5.923,5.876,5.916,82147.2,2026-09-10 17:00:00
5.916,5.954,5.909,5.939,105081.0,2026-09-10 17:15:00
5.94,5.954,5.923,5.947,82567.6,2026-09-10 17:30:00
5.948,5.98,5.945,5.965,70856.9,2026-09-10 17:45:00
5.965,5.98,5.916,5.921,59657.0,2026-09-10 18:00:00
5.921,5.975,5.917,5.968,41828.7,2026-09-10 18:15:00
5.968,5.968,5.919,5.956,55054.2,2026-09-10 18:30:00
5.957,6.037,5.948,6.022,85454.8,2026-09-10 18:45:00
6.022,6.022,5.975,5.988,67468.3,2026-09-10 19:00:00
5.988,6.001,5.962,5.993,39483.2,2026-09-10 19:15:00
5.992,6.024,5.982,6.009,42319.1,2026-09-10 19:30:00
6.009,6.009,5.929,5.953,94350.6,2026-09-10 19:45:00
5.954,5.973,5.914,5.97,133102.8,2026-09-10 20:00:00
5.971,6.027,5.968,6.011,77628.2,2026-09-10 20:15:00
6.012,6.014,5.971,5.982,41362.4,2026-09-10 20:30:00
5.982,6.003,5.975,5.995,20325.6,2026-09-10 20:45:00
5.995,6.02,5.982,6.008,38127.5,2026-09-10 21:00:00
6.008,6.011,5.979,6.003,25699.5,2026-09-10 21:15:00
6.004,6.004,5.965,5.984,22122.3,2026-09-10 21:30:00
5.985,6.006,5.968,5.974,33647.6,2026-09-10 21:45:00
5.974,6.011,5.959,5.994,51725.9,2026-09-10 22:00:00
5.995,6.04,5.994,6.021,54393.5,2026-09-10 22:15:00
6.021,6.048,5.941,5.948,93595.6,2026-09-10 22:30:00
5.947,5.971,5.943,5.949,26831.0,2026-09-10 22:45:00
5.95,5.975,5.922,5.928,70942.2,2026-09-10 23:00:00
5.929,5.959,5.922,5.94,46468.3,2026-09-10 23:15:00
5.941,5.963,5.931,5.962,32841.2,2026-09-10 23:30:00
5.962,5.962,5.929,5.94,33136.7,2026-09-10 23:45:00
5.939,5.964,5.934,5.953,75751.8,2026-09-11 00:00:00
5.952,5.995,5.948,5.987,41322.0,2026-09-11 00:15:00
5.988,5.998,5.939,5.98,72494.8,2026-09-11 00:30:00
5.979,6.015,5.965,6.004,37146.1,2026-09-11 00:45:00
6.004,6.008,5.967,5.967,61985.5,2026-09-11 01:00:00
5.968,5.97,5.924,5.924,29470.8,2026-09-11 01:15:00
5.925,5.934,5.885,5.919,125864.1,2026-09-11 01:30:00
5.92,5.941,5.906,5.932,31807.3,2026-09-11 01:45:00
5.932,5.946,5.913,5.942,29115.4,2026-09-11 02:00:00
5.942,5.946,5.917,5.917,27890.7,2026-09-11 02:15:00
5.918,5.95,5.908,5.929,25120.0,2026-09-11 02:30:00
5.93,5.94,5.917,5.922,23171.1,2026-09-11 02:45:00
5.922,5.936,5.902,5.936,31276.6,2026-09-11 03:00:00
5.936,5.958,5.921,5.951,51071.0,2026-09-11 03:15:00
5.95,5.998,5.948,5.974,87033.7,2026-09-11 03:30:00
5.975,6.006,5.953,5.999,92441.9,2026-09-11 03:45:00
5.998,6.049,5.984,6.024,120672.5,2026-09-11 04:00:00
6.025,6.029,5.988,6.021,72775.2,2026-09-11 04:15:00
6.022,6.043,6.002,6.007,38083.7,2026-09-11 04:30:00
6.007,6.008,5.982,5.982,37036.8,2026-09-11 04:45:00
5.982,6.007,5.976,6.005,36619.9,2026-09-11 05:00:00
6.005,6.016,5.991,5.998,36019.5,2026-09-11 05:15:00
5.998,6.005,5.988,5.992,41491.0,2026-09-11 05:30:00
5.992,5.995,5.965,5.983,81563.9,2026-09-11 05:45:00
5.983,6.01,5.974,6.003,41931.4,2026-09-11 06:00:00
6.002,6.002,5.965,5.969,40516.5,2026-09-11 06:15:00
5.969,5.969,5.931,5.948,83436.0,2026-09-11 06:30:00
5.949,5.985,5.946,5.963,30395.5,2026-09-11 06:45:00
5.963,5.982,5.96,5.966,16892.2,2026-09-11 07:00:00
5.966,5.989,5.963,5.979,17718.7,2026-09-11 07:15:00
5.979,5.979,5.949,5.956,51272.9,2026-09-11 07:30:00
5.956,6.01,5.944,5.987,108647.7,2026-09-11 07:45:00
5.988,6.001,5.958,5.977,89286.6,2026-09-11 08:00:00
5.978,5.995,5.957,5.963,41249.4,2026-09-11 08:15:00
5.963,5.988,5.95,5.951,40879.8,2026-09-11 08:30:00
5.951,5.986,5.949,5.969,56501.1,2026-09-11 08:45:00
5.969,5.974,5.942,5.946,51409.1,2026-09-11 09:00:00
5.946,5.968,5.943,5.947,23396.5,2026-09-11 09:15:00
5.947,5.957,5.885,5.895,136067.4,2026-09-11 09:30:00
5.896,5.901,5.875,5.886,66057.3,2026-09-11 09:45:00
5.886,5.924,5.872,5.901,122701.7,2026-09-11 10:00:00
5.901,5.924,5.889,5.895,38158.4,2026-09-11 10:15:00
5.895,5.901,5.861,5.861,51553.8,2026-09-11 10:30:00
5.861,5.864,5.842,5.843,104047.4,2026-09-11 10:45:00
5.844,5.851,5.81,5.814,98763.0,2026-09-11 11:00:00
5.814,5.834,5.809,5.818,36938.6,2026-09-11 11:15:00
5.819,5.854,5.811,5.851,65352.0,2026-09-11 11:30:00
5.851,5.857,5.83,5.834,35199.6,2026-09-11 11:45:00
5.834,5.847,5.759,5.771,173406.4,2026-09-11 12:00:00
5.771,5.817,5.736,5.805,247153.3,2026-09-11 12:15:00
5.806,5.958,5.726,5.907,466488.9,2026-09-11 12:30:00
5.908,5.95,5.903,5.923,129061.1,2026-09-11 12:45:00
5.924,5.926,5.872,5.885,176188.2,2026-09-11 13:00:00
5.886,5.958,5.88,5.893,200916.6,2026-09-11 13:15:00
5.893,5.924,5.858,5.886,124066.1,2026-09-11 13:30:00
5.886,6.09,5.875,6.077,522617.8,2026-09-11 13:45:00
6.077,6.127,6.009,6.058,437562.7,2026-09-11 14:00:00
6.058,6.068,6.026,6.042,99904.5,2026-09-11 14:15:00
6.042,6.047,5.954,5.973,187123.6,2026-09-11 14:30:00
5.974,5.992,5.932,5.966,120002.3,2026-09-11 14:45:00
5.967,6.048,5.958,6.03,185853.5,2026-09-11 15:00:00
6.03,6.11,6.024,6.1,145747.4,2026-09-11 15:15:00
6.101,6.131,6.068,6.068,154536.0,2026-09-11 15:30:00
6.068,6.072,5.904,5.912,258209.4,2026-09-11 15:45:00
5.913,5.95,5.904,5.911,190078.3,2026-09-11 16:00:00
5.91,5.919,5.834,5.855,186396.5,2026-09-11 16:15:00
5.855,5.87,5.815,5.838,135954.4,2026-09-11 16:30:00
5.839,5.872,5.836,5.844,89099.0,2026-09-11 16:45:00
5.845,5.859,5.815,5.824,101640.3,2026-09-11 17:00:00
5.825,5.881,5.805,5.873,93922.9,2026-09-11 17:15:00
5.873,5.894,5.838,5.852,90477.0,2026-09-11 17:30:00
5.852,5.87,5.835,5.854,35383.2,2026-09-11 17:45:00
5.854,5.865,5.774,5.788,129681.8,2026-09-11 18:00:00
5.788,5.859,5.787,5.851,97413.5,2026-09-11 18:15:00
5.851,5.869,5.835,5.84,72693.4,2026-09-11 18:30:00
5.84,5.861,5.808,5.812,90564.0,2026-09-11 18:45:00
5.812,5.844,5.78,5.825,80618.2,2026-09-11 19:00:00
5.825,5.892,5.816,5.887,66400.1,2026-09-11 19:15:00
5.888,5.902,5.842,5.872,55992.6,2026-09-11 19:30:00
5.873,5.89,5.854,5.88,33899.2,2026-09-11 19:45:00
5.88,5.943,5.877,5.929,82535.3,2026-09-11 20:00:00
5.93,5.93,5.89,5.89,30194.9,2026-09-11 20:15:00
5.89,5.935,5.866,5.924,37661.8,2026-09-11 20:30:00
5.925,5.931,5.853,5.864,115625.6,2026-09-11 20:45:00
5.865,5.921,5.862,5.903,52613.5,2026-09-11 21:00:00
5.904,5.912,5.88,5.88,12897.4,2026-09-11 21:15:00
5.88,5.883,5.867,5.867,19420.9,2026-09-11 21:30:00
5.867,5.868,5.751,5.761,209129.7,2026-09-11 21:45:00
5.761,5.802,5.715,5.777,146306.4,2026-09-11 22:00:00
5.777,5.799,5.762,5.768,32124.0,2026-09-11 22:15:00
5.767,5.776,5.733,5.749,48018.7,2026-09-11 22:30:00
5.75,5.751,5.692,5.708,103287.7,2026-09-11 22:45:00
5.707,5.724,5.699,5.705,49889.0,2026-09-11 23:00:00
5.704,5.715,5.697,5.702,34993.8,2026-09-11 23:15:00
5.702,5.719,5.699,5.711,35895.5,2026-09-11 23:30:00
5.71,5.735,5.71,5.734,20810.9,2026-09-11 23:45:00
5.733,5.749,5.719,5.735,52724.9,2026-09-12 00:00:00
5.734,5.767,5.732,5.764,32449.4,2026-09-12 00:15:00
5.765,5.776,5.75,5.77,65597.6,2026-09-12 00:30:00
5.771,5.792,5.771,5.779,27987.2,2026-09-12 00:45:00
5.779,5.807,5.77,5.802,46629.6,2026-09-12 01:00:00
5.802,5.818,5.795,5.801,73591.8,2026-09-12 01:15:00
5.802,5.841,5.796,5.829,36093.2,2026-09-12 01:30:00
5.83,5.866,5.822,5.858,55537.9,2026-09-12 01:45:00
5.859,5.873,5.833,5.858,40557.8,2026-09-12 02:00:00
5.859,5.884,5.854,5.877,32678.1,2026-09-12 02:15:00
5.877,5.897,5.872,5.894,45782.6,2026-09-12 02:30:00
5.895,5.913,5.877,5.904,59772.3,2026-09-12 02:45:00
5.904,5.93,5.89,5.898,81537.2,2026-09-12 03:00:00
5.899,5.937,5.891,5.933,44056.3,2026-09-12 03:15:00
5.934,5.972,5.928,5.966,104859.0,2026-09-12 03:30:00
5.967,5.971,5.917,5.938,59949.8,2026-09-12 03:45:00
5.939,5.941,5.823,5.835,283157.6,2026-09-12 04:00:00
5.834,5.898,5.833,5.893,92720.6,2026-09-12 04:15:00
5.894,5.931,5.888,5.91,53651.4,2026-09-12 04:30:00
5.911,5.916,5.877,5.907,101990.3,2026-09-12 04:45:00
5.907,5.94,5.906,5.939,35352.7,2026-09-12 05:00:00
5.94,5.947,5.915,5.923,63719.3,2026-09-12 05:15:00
5.922,5.941,5.92,5.931,41576.6,2026-09-12 05:30:00
5.932,5.992,5.883,5.902,179890.6,2026-09-12 05:45:00
5.903,5.921,5.875,5.895,74042.2,2026-09-12 06:00:00
5.896,5.925,5.896,5.903,35136.0,2026-09-12 06:15:00
5.904,5.932,5.901,5.912,60521.3,2026-09-12 06:30:00
5.913,5.928,5.903,5.906,29621.0,2026-09-12 06:45:00
5.906,5.92,5.887,5.918,38732.5,2026-09-12 07:00:00
5.917,5.968,5.914,5.964,52336.3,2026-09-12 07:15:00
5.964,5.968,5.931,5.956,37892.6,2026-09-12 07:30:00
5.957,5.96,5.95,5.956,21889.7,2026-09-12 07:45:00
5.957,6.04,5.954,6.007,105017.9,2026-09-12 08:00:00
6.009,6.03,5.977,5.99,55305.5,2026-09-12 08:15:00
5.99,6.044,5.979,6.015,131702.0,2026-09-12 08:30:00
6.015,6.023,5.99,6.015,52254.1,2026-09-12 08:45:00
6.015,6.019,5.991,5.991,67194.5,2026-09-12 09:00:00
5.991,5.999,5.973,5.983,37369.4,2026-09-12 09:15:00
5.983,5.99,5.966,5.976,39810.8,2026-09-12 09:30:00
5.976,6.005,5.973,5.985,47644.4,2026-09-12 09:45:00
5.986,5.99,5.954,5.961,29089.3,2026-09-12 10:00:00
5.962,5.975,5.948,5.97,29968.9,2026-09-12 10:15:00
5.97,5.97,5.956,5.961,17126.2,2026-09-12 10:30:00
5.962,5.962,5.946,5.956,25488.9,2026-09-12 10:45:00
5.956,5.956,5.93,5.948,35963.1,2026-09-12 11:00:00
5.948,5.948,5.913,5.925,38743.1,2026-09-12 11:15:00
5.925,5.963,5.916,5.953,39778.1,2026-09-12 11:30:00
5.953,5.958,5.941,5.956,16765.6,2026-09-12 11:45:00
5.956,5.97,5.939,5.944,34535.9,2026-09-12 12:00:00
5.944,5.947,5.932,5.939,14664.8,2026-09-12 12:15:00
5.938,5.957,5.936,5.941,16320.5,2026-09-12 12:30:00
5.941,5.946,5.921,5.938,15026.3,2026-09-12 12:45:00
5.938,5.954,5.921,5.922,34999.4,2026-09-12 13:00:00
5.921,5.927,5.91,5.919,29478.4,2026-09-12 13:15:00
5.918,5.937,5.909,5.935,28734.6,2026-09-12 13:30:00
5.935,5.936,5.914,5.925,14356.2,2026-09-12 13:45:00
5.924,5.965,5.92,5.937,29788.6,2026-09-12 14:00:00
5.936,5.978,5.934,5.952,72462.8,2026-09-12 14:15:00
5.951,5.963,5.941,5.948,34054.5,2026-09-12 14:30:00
5.948,5.954,5.938,5.952,31375.8,2026-09-12 14:45:00
5.952,5.971,5.944,5.957,32778.2,2026-09-12 15:00:00
5.957,5.962,5.951,5.961,19452.5,2026-09-12 15:15:00
5.961,5.962,5.944,5.947,16891.4,2026-09-12 15:30:00
5.948,5.95,5.928,5.933,35699.1,2026-09-12 15:45:00
5.932,5.964,5.928,5.961,51256.6,2026-09-12 16:00:00
5.962,6.019,5.961,5.99,129835.8,2026-09-12 16:15:00
5.991,5.992,5.94,5.943,48182.5,2026-09-12 16:30:00
5.943,5.965,5.93,5.951,41765.0,2026-09-12 16:45:00
5.951,5.995,5.95,5.994,53143.6,2026-09-12 17:00:00
5.995,6.019,5.971,5.98,71911.8,2026-09-12 17:15:00
5.979,6.04,5.978,6.028,115855.9,2026-09-12 17:30:00
6.029,6.075,6.022,6.056,87462.3,2026-09-12 17:45:00
6.055,6.086,6.043,6.084,104110.6,2026-09-12 18:00:00
6.085,6.145,6.055,6.143,160057.9,2026-09-12 18:15:00
6.143,6.184,6.129,6.147,189187.8,2026-09-12 18:30:00
6.148,6.161,6.066,6.079,142498.4,2026-09-12 18:45:00
6.078,6.135,6.067,6.127,99803.1,2026-09-12 19:00:00
6.127,6.13,6.072,6.084,85408.6,2026-09-12 19:15:00
6.084,6.098,6.045,6.051,76355.7,2026-09-12 19:30:00
6.051,6.074,6.031,6.045,55552.3,2026-09-12 19:45:00
6.044,6.11,6.041,6.09,85215.2,2026-09-12 20:00:00
6.091,6.098,6.051,6.06,31766.4,2026-09-12 20:15:00
6.059,6.061,6.044,6.057,24641.5,2026-09-12 20:30:00
6.057,6.057,6.034,6.039,20618.3,2026-09-12 20:45:00
6.038,6.053,6.019,6.042,39192.9,2026-09-12 21:00:00
6.041,6.041,6.013,6.028,39094.8,2026-09-12 21:15:00
6.027,6.047,6.026,6.037,21428.7,2026-09-12 21:30:00
6.037,6.037,5.99,6.004,32341.3,2026-09-12 21:45:00
6.004,6.027,6.004,6.013,33450.8,2026-09-12 22:00:00
6.013,6.051,6.004,6.004,40644.0,2026-09-12 22:15:00
6.003,6.008,5.987,6.0,34752.3,2026-09-12 22:30:00
5.999,6.0,5.981,5.985,20383.4,2026-09-12 22:45:00
5.984,5.996,5.966,5.969,40699.4,2026-09-12 23:00:00
5.969,5.983,5.969,5.974,30749.4,2026-09-12 23:15:00
5.974,5.978,5.962,5.97,26077.9,2026-09-12 23:30:00
5.97,5.994,5.969,5.986,37980.8,2026-09-12 23:45:00
5.985,6.05,5.981,6.028,85995.3,2026-09-13 00:00:00
6.029,6.146,6.026,6.108,179997.1,2026-09-13 00:15:00
6.108,6.11,6.056,6.059,56623.4,2026-09-13 00:30:00
6.059,6.066,6.035,6.042,35782.2,2026-09-13 00:45:00
6.042,6.043,5.968,5.972,123167.8,2026-09-13 01:00:00
5.972,5.974,5.94,5.947,81713.5,2026-09-13 01:15:00
5.946,5.948,5.89,5.921,206397.6,2026-09-13 01:30:00
5.92,5.928,5.896,5.927,41853.0,2026-09-13 01:45:00
5.927,5.944,5.915,5.915,51088.7,2026-09-13 02:00:00
5.915,5.935,5.913,5.924,30628.5,2026-09-13 02:15:00
5.924,5.938,5.92,5.937,44709.0,2026-09-13 02:30:00
5.938,5.947,5.92,5.92,32905.6,2026-09-13 02:45:00
5.92,5.933,5.877,5.879,110091.2,2026-09-13 03:00:00
5.879,5.899,5.865,5.886,88012.6,2026-09-13 03:15:00
5.886,5.89,5.873,5.878,57721.6,2026-09-13 03:30:00
5.878,5.896,5.86,5.885,64873.6,2026-09-13 03:45:00
5.885,5.905,5.87,5.889,65798.3,2026-09-13 04:00:00
5.889,5.905,5.88,5.9,65754.8,2026-09-13 04:15:00
5.901,5.904,5.881,5.894,23708.4,2026-09-13 04:30:00
5.894,5.913,5.89,5.907,18999.7,2026-09-13 04:45:00
5.908,5.924,5.906,5.921,25247.6,2026-09-13 05:00:00
5.922,5.925,5.907,5.91,17259.7,2026-09-13 05:15:00
5.911,5.934,5.906,5.932,26781.4,2026-09-13 05:30:00
5.932,5.974,5.93,5.965,52020.4,2026-09-13 05:45:00
5.965,5.986,5.937,5.942,65465.5,2026-09-13 06:00:00
5.942,5.942,5.91,5.933,43067.4,2026-09-13 06:15:00
5.933,5.934,5.907,5.91,20788.4,2026-09-13 06:30:00
5.91,5.913,5.87,5.887,76801.5,2026-09-13 06:45:00
5.887,5.893,5.87,5.871,34924.6,2026-09-13 07:00:00
5.871,5.879,5.866,5.869,27005.1,2026-09-13 07:15:00
5.87,5.872,5.857,5.864,37612.1,2026-09-13 07:30:00
5.865,5.866,5.847,5.854,45513.5,2026-09-13 07:45:00
5.854,5.862,5.812,5.82,132967.1,2026-09-13 08:00:00
5.82,5.826,5.806,5.814,59260.9,2026-09-13 08:15:00
5.814,5.823,5.776,5.777,99503.9,2026-09-13 08:30:00
5.777,5.8,5.765,5.777,57716.2,2026-09-13 08:45:00
5.778,5.808,5.777,5.803,39136.4,2026-09-13 09:00:00
5.803,5.815,5.789,5.792,63194.2,2026-09-13 09:15:00
5.793,5.831,5.788,5.812,43933.8,2026-09-13 09:30:00
5.812,5.825,5.807,5.82,19362.1,2026-09-13 09:45:00
5.821,5.832,5.82,5.831,25110.8,2026-09-13 10:00:00
5.832,5.836,5.82,5.834,22499.3,2026-09-13 10:15:00
5.835,5.84,5.82,5.82,19208.7,2026-09-13 10:30:00
5.82,5.824,5.779,5.789,45803.8,2026-09-13 10:45:00
5.788,5.815,5.777,5.807,41712.1,2026-09-13 11:00:00
5.808,5.815,5.799,5.809,25378.3,2026-09-13 11:15:00
5.809,5.828,5.806,5.825,22926.7,2026-09-13 11:30:00
5.826,5.828,5.808,5.814,27589.4,2026-09-13 11:45:00
5.815,5.827,5.808,5.824,14009.6,2026-09-13 12:00:00
5.824,5.859,5.824,5.856,44214.3,2026-09-13 12:15:00
5.856,5.87,5.84,5.85,36830.2,2026-09-13 12:30:00
5.85,5.874,5.844,5.868,29665.6,2026-09-13 12:45:00
5.869,5.906,5.855,5.896,91948.4,2026-09-13 13:00:00
5.897,5.901,5.849,5.863,35521.0,2026-09-13 13:15:00
5.862,5.974,5.862,5.955,157021.8,2026-09-13 13:30:00
5.956,6.07,5.952,6.019,245346.4,2026-09-13 13:45:00
6.02,6.13,5.997,6.11,482377.6,2026-09-13 14:00:00
6.11,6.13,6.086,6.093,163659.4,2026-09-13 14:15:00
6.093,6.141,6.083,6.122,118198.5,2026-09-13 14:30:00
6.123,6.196,6.108,6.172,181041.2,2026-09-13 14:45:00
6.173,6.176,6.081,6.136,195906.3,2026-09-13 15:00:00
6.136,6.169,6.104,6.128,116799.6,2026-09-13 15:15:00
6.128,6.168,6.104,6.12,82741.2,2026-09-13 15:30:00
6.119,6.123,6.089,6.11,55751.5,2026-09-13 15:45:00
6.11,6.175,6.093,6.106,186269.3,2026-09-13 16:00:00
6.106,6.115,6.075,6.109,59223.0,2026-09-13 16:15:00
6.108,6.118,6.088,6.092,57200.5,2026-09-13 16:30:00
6.092,6.137,6.083,6.123,52060.3,2026-09-13 16:45:00
6.123,6.15,6.106,6.128,56788.7,2026-09-13 17:00:00
6.128,6.171,6.123,6.153,65423.3,2026-09-13 17:15:00
6.154,6.209,6.144,6.167,105787.1,2026-09-13 17:30:00
6.167,6.177,6.138,6.157,43253.3,2026-09-13 17:45:00
6.156,6.224,6.156,6.2,129227.4,2026-09-13 18:00:00
6.199,6.219,6.169,6.181,81887.4,2026-09-13 18:15:00
6.18,6.195,6.141,6.17,100227.8,2026-09-13 18:30:00
6.17,6.191,6.156,6.165,24456.1,2026-09-13 18:45:00
6.164,6.186,6.141,6.151,75746.4,2026-09-13 19:00:00
6.151,6.152,6.095,6.101,66807.8,2026-09-13 19:15:00
6.1,6.103,6.062,6.073,81672.9,2026-09-13 19:30:00
6.073,6.085,6.067,6.079,26454.4,2026-09-13 19:45:00
6.079,6.093,6.06,6.074,57680.4,2026-09-13 20:00:00
6.073,6.091,6.064,6.082,49784.2,2026-09-13 20:15:00
6.082,6.1,6.079,6.096,42100.4,2026-09-13 20:30:00
6.095,6.105,6.083,6.101,40587.3,2026-09-13 20:45:00
6.101,6.161,6.1,6.132,132308.2,2026-09-13 21:00:00
6.133,6.158,6.109,6.111,34758.1,2026-09-13 21:15:00
6.111,6.129,6.106,6.116,30844.7,2026-09-13 21:30:00
6.117,6.12,6.09,6.091,41597.6,2026-09-13 21:45:00
6.092,6.092,5.995,6.002,277642.0,2026-09-13 22:00:00
6.001,6.001,5.885,5.903,233871.5,2026-09-13 22:15:00
5.903,5.926,5.887,5.894,119459.5,2026-09-13 22:30:00
5.894,5.91,5.873,5.895,69275.8,2026-09-13 22:45:00
5.895,5.91,5.874,5.878,85858.4,2026-09-13 23:00:00
5.878,5.926,5.861,5.908,93889.9,2026-09-13 23:15:00
5.908,5.934,5.903,5.921,61267.3,2026-09-13 23:30:00
5.922,5.925,5.888,5.9,45223.3,2026-09-13 23:45:00
5.9,5.954,5.897,5.93,173644.4,2026-09-14 00:00:00
5.93,5.932,5.841,5.851,176757.6,2026-09-14 00:15:00
5.851,5.93,5.849,5.925,159237.3,2026-09-14 00:30:00
5.924,5.966,5.917,5.947,102788.7,2026-09-14 00:45:00
5.947,5.98,5.927,5.96,96030.2,2026-09-14 01:00:00
5.96,5.984,5.945,5.973,33310.6,2026-09-14 01:15:00
5.972,6.01,5.93,5.98,98688.7,2026-09-14 01:30:00
5.979,6.089,5.973,6.082,134389.7,2026-09-14 01:45:00
6.082,6.13,6.071,6.127,109484.5,2026-09-14 02:00:00
6.127,6.133,6.104,6.109,61603.6,2026-09-14 02:15:00
6.11,6.139,6.093,6.13,65539.1,2026-09-14 02:30:00
6.13,6.153,6.123,6.133,71630.5,2026-09-14 02:45:00
6.134,6.144,6.119,6.143,62627.1,2026-09-14 03:00:00
6.144,6.154,6.125,6.133,50316.5,2026-09-14 03:15:00
6.134,6.179,6.128,6.166,130154.2,2026-09-14 03:30:00
6.166,6.198,6.163,6.186,80370.0,2026-09-14 03:45:00
6.186,6.195,6.151,6.166,81992.3,2026-09-14 04:00:00
6.165,6.186,6.156,6.169,38791.5,2026-09-14 04:15:00
6.169,6.185,6.159,6.166,32083.4,2026-09-14 04:30:00
6.166,6.18,6.163,6.174,17651.5,2026-09-14 04:45:00
6.174,6.179,6.15,6.162,37848.2,2026-09-14 05:00:00
6.162,6.164,6.12,6.12,47858.4,2026-09-14 05:15:00
6.121,6.157,6.12,6.149,53393.6,2026-09-14 05:30:00
6.149,6.195,6.145,6.163,83158.1,2026-09-14 05:45:00
6.164,6.199,6.157,6.197,83996.0,2026-09-14 06:00:00
6.197,6.27,6.197,6.201,204789.3,2026-09-14 06:15:00
6.2,6.21,6.158,6.176,129833.5,2026-09-14 06:30:00
6.177,6.18,6.104,6.106,144878.6,2026-09-14 06:45:00
6.107,6.146,6.094,6.119,169454.7,2026-09-14 07:00:00
6.119,6.136,6.092,6.096,45873.8,2026-09-14 07:15:00
6.095,6.113,6.083,6.108,46766.7,2026-09-14 07:30:00
6.108,6.108,6.085,6.098,37355.4,2026-09-14 07:45:00
6.099,6.125,6.087,6.091,98423.6,2026-09-14 08:00:00
6.091,6.132,6.075,6.102,102416.5,2026-09-14 08:15:00
6.102,6.138,6.086,6.119,77858.4,2026-09-14 08:30:00
6.12,6.121,6.092,6.095,32368.4,2026-09-14 08:45:00
6.096,6.1,6.067,6.073,54103.0,2026-09-14 09:00:00
6.073,6.074,6.036,6.053,114784.9,2026-09-14 09:15:00
6.052,6.076,6.044,6.06,99247.7,2026-09-14 09:30:00
6.061,6.12,6.06,6.089,91091.7,2026-09-14 09:45:00
6.089,6.099,6.065,6.071,62062.6,2026-09-14 10:00:00
6.071,6.076,6.056,6.064,31847.8,2026-09-14 10:15:00
6.065,6.072,6.059,6.07,37236.0,2026-09-14 10:30:00
6.071,6.089,6.052,6.056,32967.1,2026-09-14 10:45:00
6.056,6.076,6.037,6.067,53328.9,2026-09-14 11:00:00
6.067,6.078,6.056,6.064,35428.1,2026-09-14 11:15:00
6.064,6.067,6.026,6.027,53428.2,2026-09-14 11:30:00
6.028,6.055,6.015,6.051,91207.3,2026-09-14 11:45:00
6.051,6.057,6.011,6.033,164468.1,2026-09-14 12:00:00
6.034,6.035,6.001,6.009,71041.5,2026-09-14 12:15:00
6.009,6.017,5.98,6.004,82825.7,2026-09-14 12:30:00
6.004,6.009,5.965,5.98,113464.0,2026-09-14 12:45:00
5.981,6.0,5.936,5.993,200519.5,2026-09-14 13:00:00
5.993,6.121,5.993,6.103,255517.3,2026-09-14 13:15:00
6.102,6.192,6.081,6.142,438977.1,2026-09-14 13:30:00
6.141,6.217,6.136,6.157,285499.5,2026-09-14 13:45:00
6.157,6.206,6.148,6.193,146139.1,2026-09-14 14:00:00
6.193,6.2,6.1,6.144,147374.0,2026-09-14 14:15:00
6.145,6.19,6.119,6.14,83212.7,2026-09-14 14:30:00
6.14,6.17,6.12,6.136,58807.9,2026-09-14 14:45:00
6.136,6.159,6.109,6.14,68172.6,2026-09-14 15:00:00
6.141,6.195,6.133,6.167,121318.3,2026-09-14 15:15:00
6.167,6.234,6.165,6.215,144007.1,2026-09-14 15:30:00
6.215,6.26,6.182,6.221,166527.3,2026-09-14 15:45:00
6.221,6.24,6.187,6.227,101941.2,2026-09-14 16:00:00
6.228,6.291,6.227,6.243,128776.9,2026-09-14 16:15:00
6.244,6.263,6.216,6.259,87885.3,2026-09-14 16:30:00
6.26,6.275,6.242,6.256,60537.2,2026-09-14 16:45:00
6.257,6.298,6.235,6.277,102944.2,2026-09-14 17:00:00
6.276,6.326,6.273,6.316,117860.7,2026-09-14 17:15:00
6.316,6.34,6.302,6.327,94056.9,2026-09-14 17:30:00
6.327,6.377,6.302,6.368,200656.0,2026-09-14 17:45:00
6.367,6.418,6.358,6.387,181220.9,2026-09-14 18:00:00
6.388,6.405,6.361,6.372,210052.7,2026-09-14 18:15:00
6.371,6.404,6.369,6.391,61535.9,2026-09-14 18:30:00
6.392,6.406,6.368,6.375,74912.0,2026-09-14 18:45:00
6.375,6.427,6.342,6.399,222701.1,2026-09-14 19:00:00
6.399,6.408,6.375,6.379,69526.8,2026-09-14 19:15:00
6.38,6.383,6.317,6.33,111384.7,2026-09-14 19:30:00
6.33,6.37,6.312,6.317,93628.2,2026-09-14 19:45:00
6.318,6.397,6.316,6.364,95857.1,2026-09-14 20:00:00
6.364,6.389,6.331,6.338,95176.7,2026-09-14 20:15:00
6.339,6.385,6.331,6.358,72547.2,2026-09-14 20:30:00
6.359,6.376,6.339,6.353,40356.2,2026-09-14 20:45:00
6.353,6.356,6.277,6.288,133942.8,2026-09-14 21:00:00
6.288,6.343,6.288,6.324,91901.6,2026-09-14 21:15:00
6.324,6.375,6.322,6.353,74591.8,2026-09-14 21:30:00
6.353,6.384,6.336,6.37,97734.2,2026-09-14 21:45:00
6.371,6.433,6.362,6.398,134735.3,2026-09-14 22:00:00
6.398,6.398,6.315,6.329,100302.2,2026-09-14 22:15:00
6.329,6.347,6.311,6.337,215420.1,2026-09-14 22:30:00
6.337,6.343,6.31,6.317,60373.4,2026-09-14 22:45:00
6.317,6.326,6.281,6.316,74420.2,2026-09-14 23:00:00
6.316,6.327,6.306,6.315,30986.7,2026-09-14 23:15:00
6.315,6.323,6.285,6.294,68385.0,2026-09-14 23:30:00
6.293,6.298,6.254,6.28,68091.5,2026-09-14 23:45:00
6.28,6.296,6.25,6.278,91503.8,2026-09-15 00:00:00
6.278,6.278,6.239,6.246,87458.1,2026-09-15 00:15:00
6.246,6.273,6.232,6.238,92221.1,2026-09-15 00:30:00
6.238,6.253,6.227,6.233,40153.9,2026-09-15 00:45:00
6.233,6.233,6.204,6.207,92939.0,2026-09-15 01:00:00
6.207,6.233,6.197,6.205,105188.3,2026-09-15 01:15:00
6.204,6.221,6.199,6.209,41044.0,2026-09-15 01:30:00
6.209,6.215,6.181,6.193,83770.6,2026-09-15 01:45:00
6.193,6.197,6.146,6.15,106366.3,2026-09-15 02:00:00
6.15,6.164,6.13,6.13,49785.5,2026-09-15 02:15:00
6.13,6.158,6.121,6.126,59435.3,2026-09-15 02:30:00
6.126,6.143,6.115,6.133,49291.4,2026-09-15 02:45:00
6.133,6.134,6.082,6.097,140962.2,2026-09-15 03:00:00
6.096,6.111,6.08,6.107,41701.9,2026-09-15 03:15:00
6.107,6.146,6.107,6.134,82814.7,2026-09-15 03:30:00
6.134,6.138,6.107,6.114,25207.5,2026-09-15 03:45:00
6.113,6.132,6.107,6.125,38901.9,2026-09-15 04:00:00
6.126,6.143,6.083,6.094,69122.9,2026-09-15 04:15:00
6.095,6.115,6.08,6.112,40411.7,2026-09-15 04:30:00
6.112,6.118,6.101,6.103,23073.0,2026-09-15 04:45:00
6.103,6.113,6.074,6.08,58199.9,2026-09-15 05:00:00
6.081,6.087,6.055,6.074,67191.5,2026-09-15 05:15:00
6.074,6.098,6.064,6.096,36916.4,2026-09-15 05:30:00
6.096,6.153,6.095,6.134,133508.8,2026-09-15 05:45:00
6.135,6.179,6.118,6.128,197361.1,2026-09-15 06:00:00
6.128,6.15,6.098,6.103,39898.1,2026-09-15 06:15:00
6.103,6.122,6.097,6.104,47721.5,2026-09-15 06:30:00
6.104,6.105,6.062,6.069,77091.6,2026-09-15 06:45:00
6.07,6.084,6.056,6.064,74461.2,2026-09-15 07:00:00
6.063,6.1,6.063,6.083,39503.3,2026-09-15 07:15:00
6.083,6.086,6.02,6.023,176148.5,2026-09-15 07:30:00
6.024,6.025,5.99,5.995,103461.3,2026-09-15 07:45:00
5.996,6.003,5.971,5.994,182638.1,2026-09-15 08:00:00
5.994,6.0,5.966,5.969,69928.1,2026-09-15 08:15:00
5.97,5.986,5.968,5.976,46764.0,2026-09-15 08:30:00
5.976,5.999,5.974,5.986,79962.6,2026-09-15 08:45:00
5.986,5.986,5.969,5.975,25911.1,2026-09-15 09:00:00
5.975,5.987,5.962,5.982,54274.1,2026-09-15 09:15:00
5.983,6.026,5.982,6.017,62097.7,2026-09-15 09:30:00
6.017,6.029,5.999,6.004,51176.0,2026-09-15 09:45:00
6.005,6.015,5.988,5.993,33938.7,2026-09-15 10:00:00
5.993,5.998,5.977,5.982,29196.6,2026-09-15 10:15:00
5.981,6.001,5.975,5.996,40441.3,2026-09-15 10:30:00
5.997,6.0,5.987,5.994,32568.8,2026-09-15 10:45:00
5.995,6.01,5.989,5.994,37331.3,2026-09-15 11:00:00
5.994,6.0,5.931,5.937,128763.7,2026-09-15 11:15:00
5.938,5.939,5.902,5.911,140792.8,2026-09-15 11:30:00
5.911,5.93,5.889,5.918,134305.0,2026-09-15 11:45:00
5.918,5.924,5.903,5.907,59259.0,2026-09-15 12:00:00
5.908,5.928,5.903,5.915,51832.0,2026-09-15 12:15:00
5.915,5.922,5.897,5.92,55876.1,2026-09-15 12:30:00
5.92,5.959,5.913,5.934,158873.0,2026-09-15 12:45:00
5.933,5.955,5.929,5.941,52226.1,2026-09-15 13:00:00
5.941,5.95,5.906,5.909,98329.8,2026-09-15 13:15:00
5.909,5.913,5.831,5.858,234720.5,2026-09-15 13:30:00
5.859,5.899,5.847,5.899,93368.1,2026-09-15 13:45:00
5.898,5.906,5.863,5.883,139242.3,2026-09-15 14:00:00
5.883,5.899,5.875,5.885,45722.6,2026-09-15 14:15:00
5.885,5.89,5.821,5.831,165958.3,2026-09-15 14:30:00
5.831,5.836,5.593,5.68,1172966.7,2026-09-15 14:45:00
5.68,5.696,5.648,5.658,194379.5,2026-09-15 15:00:00
5.659,5.739,5.652,5.714,171898.6,2026-09-15 15:15:00
5.714,5.729,5.68,5.685,103404.4,2026-09-15 15:30:00
5.686,5.708,5.665,5.683,155959.8,2026-09-15 15:45:00
5.684,5.685,5.61,5.614,153870.8,2026-09-15 16:00:00
5.614,5.651,5.614,5.643,109969.0,2026-09-15 16:15:00
5.643,5.652,5.554,5.555,154738.3,2026-09-15 16:30:00
5.554,5.579,5.529,5.558,186170.4,2026-09-15 16:45:00
5.558,5.574,5.508,5.523,142367.5,2026-09-15 17:00:00
5.524,5.591,5.523,5.577,135871.5,2026-09-15 17:15:00
5.577,5.649,5.575,5.59,212411.5,2026-09-15 17:30:00
5.59,5.631,5.584,5.595,144776.3,2026-09-15 17:45:00
5.595,5.617,5.566,5.585,114688.7,2026-09-15 18:00:00
5.585,5.644,5.541,5.612,137852.6,2026-09-15 18:15:00
5.611,5.611,5.458,5.479,446704.2,2026-09-15 18:30:00
5.479,5.571,5.411,5.542,399464.4,2026-09-15 18:45:00
5.541,5.568,5.472,5.487,181556.1,2026-09-15 19:00:00
5.486,5.531,5.469,5.488,119930.3,2026-09-15 19:15:00
5.487,5.52,5.482,5.49,64966.6,2026-09-15 19:30:00
5.49,5.513,5.469,5.507,66160.3,2026-09-15 19:45:00
5.508,5.51,5.445,5.467,78726.4,2026-09-15 20:00:00
5.467,5.473,5.441,5.442,88310.9,2026-09-15 20:15:00
5.442,5.472,5.43,5.441,80430.4,2026-09-15 20:30:00
5.441,5.478,5.427,5.458,63020.0,2026-09-15 20:45:00
5.457,5.458,5.426,5.44,60937.9,2026-09-15 21:00:00
5.439,5.468,5.423,5.43,74846.6,2026-09-15 21:15:00
5.43,5.446,5.405,5.409,61016.8,2026-09-15 21:30:00
5.409,5.417,5.386,5.395,82372.2,2026-09-15 21:45:00
5.394,5.412,5.381,5.405,85444.2,2026-09-15 22:00:00
5.405,5.429,5.379,5.42,108807.0,2026-09-15 22:15:00
5.42,5.434,5.417,5.421,51457.8,2026-09-15 22:30:00
5.42,5.442,5.415,5.427,41800.6,2026-09-15 22:45:00
5.426,5.477,5.423,5.47,137993.2,2026-09-15 23:00:00
5.47,5.486,5.458,5.46,62236.9,2026-09-15 23:15:00
5.459,5.459,5.421,5.442,68322.2,2026-09-15 23:30:00
5.442,5.451,5.429,5.433,23857.0,2026-09-15 23:45:00
5.433,5.475,5.415,5.473,186144.6,2026-09-16 00:00:00
5.473,5.484,5.456,5.467,62191.8,2026-09-16 00:15:00
5.467,5.472,5.443,5.449,33943.7,2026-09-16 00:30:00
5.45,5.456,5.417,5.419,39526.0,2026-09-16 00:45:00
5.418,5.443,5.385,5.441,114499.7,2026-09-16 01:00:00
5.441,5.453,5.437,5.439,53095.6,2026-09-16 01:15:00
5.439,5.44,5.396,5.405,76697.0,2026-09-16 01:30:00
5.404,5.417,5.369,5.382,92977.4,2026-09-16 01:45:00
5.381,5.408,5.371,5.385,49354.9,2026-09-16 02:00:00
5.384,5.425,5.382,5.422,43224.2,2026-09-16 02:15:00
5.422,5.452,5.418,5.443,49021.4,2026-09-16 02:30:00
5.443,5.452,5.436,5.443,37280.1,2026-09-16 02:45:00
5.444,5.454,5.439,5.445,42250.3,2026-09-16 03:00:00
5.446,5.496,5.443,5.467,91671.8,2026-09-16 03:15:00
5.467,5.47,5.449,5.46,45716.6,2026-09-16 03:30:00
5.46,5.477,5.458,5.464,31815.7,2026-09-16 03:45:00
5.464,5.479,5.458,5.463,44469.5,2026-09-16 04:00:00
5.463,5.484,5.445,5.446,63495.5,2026-09-16 04:15:00
5.446,5.446,5.407,5.421,82372.2,2026-09-16 04:30:00
5.421,5.433,5.417,5.423,28200.3,2026-09-16 04:45:00
5.423,5.428,5.391,5.406,84075.4,2026-09-16 05:00:00
5.406,5.426,5.404,5.422,27329.6,2026-09-16 05:15:00
5.422,5.428,5.411,5.427,34472.3,2026-09-16 05:30:00
5.428,5.434,5.408,5.421,49921.4,2026-09-16 05:45:00
5.421,5.425,5.397,5.405,34406.0,2026-09-16 06:00:00
5.406,5.413,5.398,5.404,25219.7,2026-09-16 06:15:00
5.404,5.433,5.392,5.432,38367.5,2026-09-16 06:30:00
5.433,5.456,5.432,5.451,53694.4,2026-09-16 06:45:00
5.451,5.452,5.411,5.428,52916.4,2026-09-16 07:00:00
5.428,5.429,5.379,5.382,66658.2,2026-09-16 07:15:00
5.382,5.401,5.368,5.383,65804.5,2026-09-16 07:30:00
5.384,5.394,5.373,5.385,39400.4,2026-09-16 07:45:00
5.385,5.39,5.349,5.358,116520.5,2026-09-16 08:00:00
5.359,5.379,5.345,5.362,89317.6,2026-09-16 08:15:00
5.362,5.362,5.348,5.355,32877.2,2026-09-16 08:30:00
5.355,5.366,5.351,5.357,30786.6,2026-09-16 08:45:00
5.357,5.367,5.324,5.343,111822.8,2026-09-16 09:00:00
5.343,5.398,5.335,5.385,90157.1,2026-09-16 09:15:00
5.385,5.406,5.377,5.39,69017.6,2026-09-16 09:30:00
5.39,5.418,5.376,5.4,86575.8,2026-09-16 09:45:00
5.4,5.403,5.379,5.381,54168.1,2026-09-16 10:00:00
5.382,5.401,5.382,5.399,31415.9,2026-09-16 10:15:00
5.4,5.413,5.391,5.407,41188.4,2026-09-16 10:30:00
5.407,5.41,5.378,5.39,36960.4,2026-09-16 10:45:00
5.39,5.407,5.361,5.368,57143.3,2026-09-16 11:00:00
5.368,5.375,5.362,5.366,53330.0,2026-09-16 11:15:00
5.366,5.411,5.366,5.405,124570.2,2026-09-16 11:30:00
5.405,5.419,5.389,5.397,51992.6,2026-09-16 11:45:00
5.397,5.407,5.376,5.381,84487.8,2026-09-16 12:00:00
5.381,5.389,5.353,5.356,77801.2,2026-09-16 12:15:00
5.356,5.366,5.344,5.361,46266.2,2026-09-16 12:30:00
5.361,5.369,5.349,5.358,43331.6,2026-09-16 12:45:00
5.358,5.359,5.317,5.342,115502.2,2026-09-16 13:00:00
5.342,5.371,5.33,5.36,64083.0,2026-09-16 13:15:00
5.36,5.374,5.349,5.363,47320.4,2026-09-16 13:30:00
5.363,5.429,5.357,5.409,147582.9,2026-09-16 13:45:00
5.409,5.437,5.387,5.401,104439.5,2026-09-16 14:00:00
5.401,5.412,5.364,5.393,92330.8,2026-09-16 14:15:00
5.393,5.394,5.365,5.386,53655.3,2026-09-16 14:30:00
5.385,5.385,5.338,5.356,75011.6,2026-09-16 14:45:00
5.357,5.389,5.352,5.378,46153.2,2026-09-16 15:00:00
5.377,5.377,5.343,5.345,34886.1,2026-09-16 15:15:00
5.344,5.345,5.288,5.319,127126.2,2026-09-16 15:30:00
5.319,5.349,5.284,5.296,102271.3,2026-09-16 15:45:00
5.296,5.32,5.269,5.31,102521.7,2026-09-16 16:00:00
5.309,5.353,5.305,5.336,61704.3,2026-09-16 16:15:00
5.335,5.338,5.313,5.317,43090.0,2026-09-16 16:30:00
5.316,5.327,5.3,5.312,59809.5,2026-09-16 16:45:00
5.311,5.318,5.297,5.314,38642.2,2026-09-16 17:00:00
5.313,5.32,5.297,5.306,38157.2,2026-09-16 17:15:00
5.306,5.311,5.266,5.268,71478.7,2026-09-16 17:30:00
5.268,5.329,5.257,5.316,116010.9,2026-09-16 17:45:00
5.316,5.42,5.289,5.339,371855.6,2026-09-16 18:00:00
5.337,5.354,5.316,5.354,108166.3,2026-09-16 18:15:00
5.352,5.414,5.275,5.389,183873.6,2026-09-16 18:30:00
5.387,5.39,5.304,5.324,121399.8,2026-09-16 18:45:00
5.323,5.388,5.321,5.341,117655.3,2026-09-16 19:00:00
5.341,5.348,5.192,5.216,567095.7,2026-09-16 19:15:00
5.217,5.301,5.147,5.252,1050837.3,2026-09-16 19:30:00
5.251,5.313,5.243,5.291,419817.9,2026-09-16 19:45:00
5.291,5.341,5.281,5.328,135468.7,2026-09-16 20:00:00
5.327,5.389,5.32,5.362,106567.2,2026-09-16 20:15:00
5.361,5.386,5.359,5.377,62328.2,2026-09-16 20:30:00
5.376,5.404,5.376,5.4,77103.9,2026-09-16 20:45:00
5.4,5.428,5.391,5.402,75119.1,2026-09-16 21:00:00
5.403,5.419,5.378,5.383,61063.6,2026-09-16 21:15:00
5.384,5.388,5.365,5.374,51674.4,2026-09-16 21:30:00
5.374,5.412,5.37,5.412,37447.6,2026-09-16 21:45:00
5.412,5.413,5.341,5.38,90785.8,2026-09-16 22:00:00
5.38,5.386,5.343,5.355,33530.0,2026-09-16 22:15:00
5.356,5.379,5.348,5.375,44328.0,2026-09-16 22:30:00
5.375,5.389,5.345,5.347,52437.1,2026-09-16 22:45:00
5.347,5.384,5.335,5.379,64914.2,2026-09-16 23:00:00
5.379,5.427,5.379,5.415,124824.5,2026-09-16 23:15:00
5.414,5.442,5.395,5.419,81183.7,2026-09-16 23:30:00
5.42,5.429,5.402,5.408,68384.7,2026-09-16 23:45:00
5.408,5.422,5.388,5.415,102201.1,2026-09-17 00:00:00
5.415,5.528,5.414,5.523,317320.3,2026-09-17 00:15:00
5.524,5.543,5.464,5.475,188044.1,2026-09-17 00:30:00
5.474,5.474,5.445,5.458,64849.0,2026-09-17 00:45:00
5.458,5.49,5.443,5.49,63495.2,2026-09-17 01:00:00
5.491,5.521,5.485,5.521,55402.2,2026-09-17 01:15:00
5.521,5.555,5.498,5.512,85585.4,2026-09-17 01:30:00
5.511,5.512,5.477,5.486,57002.7,2026-09-17 01:45:00
5.485,5.523,5.453,5.466,83356.2,2026-09-17 02:00:00
5.466,5.478,5.446,5.471,61041.2,2026-09-17 02:15:00
5.471,5.501,5.459,5.494,49652.1,2026-09-17 02:30:00
5.494,5.521,5.465,5.517,85293.2,2026-09-17 02:45:00
5.516,5.524,5.488,5.504,67708.9,2026-09-17 03:00:00
5.505,5.528,5.495,5.527,40565.9,2026-09-17 03:15:00
5.528,5.56,5.521,5.536,71868.7,2026-09-17 03:30:00
5.535,5.535,5.516,5.528,54124.5,2026-09-17 03:45:00
5.528,5.538,5.518,5.532,39084.0,2026-09-17 04:00:00
5.532,5.534,5.496,5.504,44138.0,2026-09-17 04:15:00
5.504,5.554,5.494,5.542,43190.3,2026-09-17 04:30:00
5.541,5.542,5.499,5.51,40959.9,2026-09-17 04:45:00
5.51,5.534,5.508,5.526,49680.6,2026-09-17 05:00:00
5.525,5.525,5.498,5.509,39551.3,2026-09-17 05:15:00
5.508,5.53,5.499,5.502,41793.7,2026-09-17 05:30:00
5.501,5.51,5.471,5.478,51597.8,2026-09-17 05:45:00
5.477,5.479,5.46,5.465,52632.0,2026-09-17 06:00:00
5.464,5.48,5.457,5.48,32632.1,2026-09-17 06:15:00
5.48,5.489,5.472,5.478,38750.1,2026-09-17 06:30:00
5.478,5.488,5.467,5.474,36658.3,2026-09-17 06:45:00
5.473,5.514,5.47,5.501,63933.2,2026-09-17 07:00:00
5.5,5.544,5.495,5.53,91488.0,2026-09-17 07:15:00
5.53,5.571,5.527,5.563,88333.0,2026-09-17 07:30:00
5.563,5.592,5.549,5.562,100480.1,2026-09-17 07:45:00
5.562,5.568,5.537,5.548,65439.4,2026-09-17 08:00:00
5.547,5.576,5.536,5.543,52387.5,2026-09-17 08:15:00
5.543,5.563,5.542,5.552,60891.5,2026-09-17 08:30:00
5.551,5.572,5.548,5.561,39712.9,2026-09-17 08:45:00
5.561,5.622,5.558,5.609,97384.4,2026-09-17 09:00:00
5.609,5.654,5.6,5.603,152152.7,2026-09-17 09:15:00
5.603,5.644,5.602,5.637,86124.3,2026-09-17 09:30:00
5.636,5.643,5.571,5.574,90860.7,2026-09-17 09:45:00
5.574,5.599,5.551,5.585,85837.2,2026-09-17 10:00:00
5.585,5.591,5.55,5.557,39771.6,2026-09-17 10:15:00
5.557,5.584,5.557,5.563,35325.8,2026-09-17 10:30:00
5.563,5.568,5.545,5.556,42469.0,2026-09-17 10:45:00
5.556,5.587,5.547,5.568,38099.4,2026-09-17 11:00:00
5.568,5.583,5.549,5.581,28208.5,2026-09-17 11:15:00
5.581,5.582,5.542,5.547,52506.4,2026-09-17 11:30:00
5.546,5.582,5.546,5.577,45376.6,2026-09-17 11:45:00
5.577,5.584,5.542,5.576,66430.7,2026-09-17 12:00:00
5.576,5.624,5.575,5.615,81697.0,2026-09-17 12:15:00
5.615,5.649,5.601,5.619,119459.7,2026-09-17 12:30:00
5.62,5.634,5.603,5.625,64113.4,2026-09-17 12:45:00
5.625,5.646,5.602,5.616,63275.0,2026-09-17 13:00:00
5.615,5.649,5.614,5.617,56186.1,2026-09-17 13:15:00
5.617,5.627,5.566,5.597,92908.8,2026-09-17 13:30:00
5.597,5.675,5.584,5.671,114757.6,2026-09-17 13:45:00
5.671,5.744,5.653,5.743,189335.8,2026-09-17 14:00:00
5.743,5.746,5.705,5.722,116659.8,2026-09-17 14:15:00
5.722,5.726,5.663,5.664,124731.2,2026-09-17 14:30:00
5.663,5.68,5.624,5.625,110720.7,2026-09-17 14:45:00
5.625,5.631,5.523,5.536,274714.8,2026-09-17 15:00:00
5.536,5.567,5.523,5.563,71523.6,2026-09-17 15:15:00
5.564,5.613,5.559,5.6,74403.3,2026-09-17 15:30:00
5.6,5.611,5.573,5.594,79665.8,2026-09-17 15:45:00
5.596,5.648,5.591,5.608,129095.7,2026-09-17 16:00:00
5.608,5.611,5.583,5.607,47268.5,2026-09-17 16:15:00
5.607,5.61,5.564,5.583,96649.7,2026-09-17 16:30:00
5.584,5.596,5.566,5.596,64556.0,2026-09-17 16:45:00
5.597,5.628,5.592,5.618,68243.8,2026-09-17 17:00:00
5.618,5.66,5.614,5.645,92128.3,2026-09-17 17:15:00
5.646,5.652,5.623,5.626,46348.5,2026-09-17 17:30:00
5.626,5.637,5.612,5.628,39799.1,2026-09-17 17:45:00
5.629,5.631,5.598,5.615,56296.9,2026-09-17 18:00:00
5.615,5.665,5.602,5.663,72006.8,2026-09-17 18:15:00
5.662,5.668,5.612,5.628,67090.1,2026-09-17 18:30:00
5.628,5.644,5.625,5.627,44402.8,2026-09-17 18:45:00
5.626,5.638,5.608,5.608,42079.4,2026-09-17 19:00:00
5.609,5.671,5.608,5.657,110712.4,2026-09-17 19:15:00
5.658,5.673,5.642,5.661,59479.1,2026-09-17 19:30:00
5.662,5.691,5.644,5.68,96363.4,2026-09-17 19:45:00
5.681,5.691,5.667,5.69,47180.7,2026-09-17 20:00:00
5.69,5.765,5.689,5.76,108613.3,2026-09-17 20:15:00
5.76,5.763,5.715,5.725,80702.7,2026-09-17 20:30:00
5.724,5.739,5.711,5.713,70098.6,2026-09-17 20:45:00
5.713,5.721,5.656,5.666,145380.4,2026-09-17 21:00:00
5.667,5.671,5.644,5.657,69450.1,2026-09-17 21:15:00
5.658,5.682,5.651,5.651,26205.4,2026-09-17 21:30:00
5.651,5.652,5.629,5.631,29913.2,2026-09-17 21:45:00
5.63,5.636,5.601,5.606,71288.7,2026-09-17 22:00:00
5.607,5.615,5.594,5.606,43037.5,2026-09-17 22:15:00
5.606,5.653,5.605,5.647,30250.1,2026-09-17 22:30:00
5.648,5.699,5.647,5.697,58829.1,2026-09-17 22:45:00
5.698,5.733,5.696,5.72,86664.5,2026-09-17 23:00:00
5.719,5.758,5.719,5.751,34276.9,2026-09-17 23:15:00
5.751,5.759,5.721,5.736,57463.8,2026-09-17 23:30:00
5.736,5.745,5.716,5.72,45647.1,2026-09-17 23:45:00
5.72,5.734,5.704,5.715,78377.9,2026-09-18 00:00:00
5.715,5.716,5.664,5.674,46721.1,2026-09-18 00:15:00
5.673,5.705,5.668,5.695,35349.7,2026-09-18 00:30:00
5.695,5.736,5.683,5.733,51695.0,2026-09-18 00:45:00
5.733,5.742,5.718,5.719,43200.5,2026-09-18 01:00:00
5.719,5.72,5.681,5.698,38106.1,2026-09-18 01:15:00
5.698,5.782,5.694,5.773,90678.3,2026-09-18 01:30:00
5.773,5.817,5.752,5.764,141154.1,2026-09-18 01:45:00
5.765,5.776,5.73,5.76,113887.1,2026-09-18 02:00:00
5.76,5.787,5.748,5.767,61815.2,2026-09-18 02:15:00
5.767,5.776,5.728,5.737,63053.6,2026-09-18 02:30:00
5.737,5.752,5.733,5.751,36760.7,2026-09-18 02:45:00
5.751,5.84,5.744,5.834,105863.8,2026-09-18 03:00:00
5.833,5.849,5.808,5.823,99332.0,2026-09-18 03:15:00
5.823,5.832,5.78,5.821,114963.1,2026-09-18 03:30:00
5.822,5.849,5.818,5.835,59578.8,2026-09-18 03:45:00
5.836,5.845,5.808,5.817,64721.7,2026-09-18 04:00:00
5.816,5.863,5.815,5.834,132356.2,2026-09-18 04:15:00
5.835,5.89,5.813,5.887,146850.6,2026-09-18 04:30:00
5.887,5.929,5.884,5.915,113956.8,2026-09-18 04:45:00
5.915,5.95,5.898,5.931,108301.9,2026-09-18 05:00:00
5.931,5.948,5.909,5.926,92192.4,2026-09-18 05:15:00
5.927,5.936,5.907,5.935,59927.7,2026-09-18 05:30:00
5.935,5.962,5.912,5.922,118589.1,2026-09-18 05:45:00
5.923,5.94,5.885,5.919,91969.5,2026-09-18 06:00:00
5.92,5.964,5.91,5.939,87137.7,2026-09-18 06:15:00
5.94,5.971,5.933,5.962,38111.4,2026-09-18 06:30:00
5.963,5.998,5.958,5.992,102241.2,2026-09-18 06:45:00
5.993,6.056,5.983,6.026,184313.6,2026-09-18 07:00:00
6.026,6.066,6.021,6.052,144914.1,2026-09-18 07:15:00
6.053,6.123,6.027,6.11,154148.3,2026-09-18 07:30:00
6.109,6.162,6.088,6.147,157356.9,2026-09-18 07:45:00
6.149,6.179,6.131,6.147,154005.5,2026-09-18 08:00:00
6.147,6.187,6.144,6.172,147762.1,2026-09-18 08:15:00
6.172,6.192,6.156,6.188,70793.1,2026-09-18 08:30:00
6.188,6.362,6.188,6.344,358885.6,2026-09-18 08:45:00
6.345,6.365,6.336,6.341,162454.7,2026-09-18 09:00:00
6.341,6.401,6.336,6.355,278079.3,2026-09-18 09:15:00
6.355,6.372,6.315,6.345,203920.4,2026-09-18 09:30:00
6.346,6.444,6.317,6.416,234240.6,2026-09-18 09:45:00
6.416,6.577,6.399,6.51,652669.9,2026-09-18 10:00:00
6.51,6.652,6.504,6.647,285033.5,2026-09-18 10:15:00
6.647,6.867,6.611,6.858,586713.7,2026-09-18 10:30:00
6.859,6.984,6.826,6.915,978509.8,2026-09-18 10:45:00
6.915,6.964,6.566,6.642,1099319.0,2026-09-18 11:00:00
6.643,6.748,6.579,6.739,447556.3,2026-09-18 11:15:00
6.739,6.759,6.642,6.657,349155.0,2026-09-18 11:30:00
6.658,6.726,6.63,6.713,269001.3,2026-09-18 11:45:00
6.713,6.738,6.562,6.591,365229.0,2026-09-18 12:00:00
6.592,6.615,6.523,6.548,250466.8,2026-09-18 12:15:00
6.549,6.565,6.502,6.512,147430.7,2026-09-18 12:30:00
6.513,6.555,6.471,6.5,168898.1,2026-09-18 12:45:00
6.501,6.518,6.447,6.468,220097.6,2026-09-18 13:00:00
6.469,6.608,6.443,6.604,261227.7,2026-09-18 13:15:00
6.603,6.63,6.526,6.556,285246.6,2026-09-18 13:30:00
6.556,6.567,6.429,6.467,318175.2,2026-09-18 13:45:00
6.466,6.495,6.456,6.465,152894.9,2026-09-18 14:00:00
6.466,6.566,6.46,6.5,192534.9,2026-09-18 14:15:00
6.5,6.554,6.473,6.548,152036.5,2026-09-18 14:30:00
6.548,6.612,6.531,6.591,151211.5,2026-09-18 14:45:00
6.591,6.605,6.397,6.459,384315.0,2026-09-18 15:00:00
6.459,6.535,6.458,6.504,123755.9,2026-09-18 15:15:00
6.505,6.525,6.464,6.518,128984.1,2026-09-18 15:30:00
6.517,6.683,6.502,6.649,292387.2,2026-09-18 15:45:00
6.65,6.651,6.543,6.579,400556.4,2026-09-18 16:00:00
6.579,6.638,6.566,6.621,144148.2,2026-09-18 16:15:00
6.621,6.656,6.576,6.599,130794.6,2026-09-18 16:30:00
6.599,6.614,6.574,6.599,105270.5,2026-09-18 16:45:00
6.6,6.618,6.559,6.614,102727.8,2026-09-18 17:00:00
6.614,6.729,6.609,6.688,182324.9,2026-09-18 17:15:00
6.689,6.725,6.661,6.691,111142.2,2026-09-18 17:30:00
6.69,6.739,6.644,6.664,234615.2,2026-09-18 17:45:00
6.664,6.772,6.654,6.748,149406.4,2026-09-18 18:00:00
6.748,6.753,6.678,6.698,100143.2,2026-09-18 18:15:00
6.698,6.708,6.658,6.66,87577.1,2026-09-18 18:30:00
6.66,6.672,6.601,6.637,131388.2,2026-09-18 18:45:00
6.636,6.679,6.635,6.668,86303.4,2026-09-18 19:00:00
6.669,6.697,6.625,6.633,67474.7,2026-09-18 19:15:00
6.634,6.672,6.625,6.658,47789.3,2026-09-18 19:30:00
6.658,6.658,6.583,6.618,88885.5,2026-09-18 19:45:00
6.618,6.627,6.568,6.612,108349.4,2026-09-18 20:00:00
6.612,6.644,6.592,6.609,50094.7,2026-09-18 20:15:00
6.609,6.659,6.606,6.654,58936.2,2026-09-18 20:30:00
6.654,6.677,6.643,6.659,53070.1,2026-09-18 20:45:00
6.658,6.66,6.617,6.639,43400.5,2026-09-18 21:00:00
6.639,6.661,6.628,6.654,37179.2,2026-09-18 21:15:00
6.654,6.684,6.623,6.624,54822.6,2026-09-18 21:30:00
6.624,6.653,6.623,6.638,26913.5,2026-09-18 21:45:00
6.639,6.671,6.635,6.644,49749.6,2026-09-18 22:00:00
6.644,6.658,6.577,6.589,72263.6,2026-09-18 22:15:00
6.588,6.59,6.527,6.54,128029.0,2026-09-18 22:30:00
6.541,6.571,6.541,6.561,40094.8,2026-09-18 22:45:00
6.561,6.635,6.556,6.625,218364.1,2026-09-18 23:00:00
6.625,6.634,6.587,6.609,38746.2,2026-09-18 23:15:00
6.61,6.697,6.607,6.696,107237.9,2026-09-18 23:30:00
6.696,6.735,6.66,6.677,149277.6,2026-09-18 23:45:00
6.676,6.724,6.659,6.693,155484.8,2026-09-19 00:00:00
6.693,6.776,6.693,6.765,239230.0,2026-09-19 00:15:00
6.765,6.85,6.761,6.785,242782.3,2026-09-19 00:30:00
6.785,6.811,6.745,6.774,169474.8,2026-09-19 00:45:00
6.775,6.804,6.734,6.786,154231.7,2026-09-19 01:00:00
6.787,6.805,6.739,6.75,127389.8,2026-09-19 01:15:00
6.749,6.789,6.71,6.785,91322.1,2026-09-19 01:30:00
6.784,6.809,6.746,6.767,85334.9,2026-09-19 01:45:00
6.766,6.845,6.745,6.835,77995.8,2026-09-19 02:00:00
6.836,6.876,6.82,6.84,182900.7,2026-09-19 02:15:00
6.84,6.914,6.836,6.906,118594.3,2026-09-19 02:30:00
6.907,6.907,6.816,6.826,97884.5,2026-09-19 02:45:00
6.826,6.906,6.804,6.894,181362.4,2026-09-19 03:00:00
6.893,6.897,6.85,6.864,61713.1,2026-09-19 03:15:00
6.865,6.874,6.795,6.841,101477.7,2026-09-19 03:30:00
6.842,6.894,6.839,6.855,95145.9,2026-09-19 03:45:00
6.856,6.898,6.84,6.879,96354.8,2026-09-19 04:00:00
6.88,6.925,6.846,6.874,120251.0,2026-09-19 04:15:00
6.873,6.882,6.751,6.796,144944.0,2026-09-19 04:30:00
6.796,6.914,6.786,6.9,113534.3,2026-09-19 04:45:00
6.899,6.938,6.881,6.925,127846.3,2026-09-19 05:00:00
6.925,6.939,6.887,6.937,113373.5,2026-09-19 05:15:00
6.938,7.006,6.915,6.929,339806.9,2026-09-19 05:30:00
6.929,7.056,6.912,7.033,380434.5,2026-09-19 05:45:00
7.032,7.07,7.0,7.049,260952.4,2026-09-19 06:00:00
7.048,7.141,7.041,7.131,303080.5,2026-09-19 06:15:00
7.132,7.4,7.11,7.294,1064800.1,2026-09-19 06:30:00
7.295,7.496,7.294,7.454,623993.4,2026-09-19 06:45:00
7.455,7.585,7.419,7.546,771623.5,2026-09-19 07:00:00
7.546,7.65,7.523,7.618,476817.3,2026-09-19 07:15:00
7.618,7.678,7.411,7.432,731741.6,2026-09-19 07:30:00
7.432,7.717,7.428,7.603,689753.7,2026-09-19 07:45:00
7.603,7.749,7.512,7.739,548900.8,2026-09-19 08:00:00
7.739,7.795,7.624,7.633,405902.0,2026-09-19 08:15:00
7.634,7.719,7.586,7.595,453978.0,2026-09-19 08:30:00
7.594,7.635,7.444,7.495,434930.3,2026-09-19 08:45:00
7.496,7.62,7.468,7.588,275126.1,2026-09-19 09:00:00
7.588,7.589,7.457,7.51,227689.1,2026-09-19 09:15:00
7.51,7.521,7.428,7.443,272697.1,2026-09-19 09:30:00
7.442,7.542,7.438,7.479,162309.1,2026-09-19 09:45:00
7.481,7.584,7.462,7.571,163496.1,2026-09-19 10:00:00
7.571,7.595,7.53,7.577,121727.0,2026-09-19 10:15:00
7.577,7.587,7.471,7.518,130307.4,2026-09-19 10:30:00
7.518,7.55,7.446,7.469,224130.3,2026-09-19 10:45:00
7.469,7.498,7.422,7.461,111908.6,2026-09-19 11:00:00
7.462,7.569,7.45,7.499,134191.8,2026-09-19 11:15:00
7.498,7.648,7.487,7.644,174321.0,2026-09-19 11:30:00
7.644,7.743,7.643,7.711,407268.0,2026-09-19 11:45:00
7.711,7.723,7.651,7.684,206693.1,2026-09-19 12:00:00
7.684,7.758,7.621,7.735,198409.0,2026-09-19 12:15:00
7.736,7.799,7.593,7.622,393568.0,2026-09-19 12:30:00
7.621,7.664,7.552,7.564,186704.8,2026-09-19 12:45:00
7.564,7.614,7.54,7.602,215037.7,2026-09-19 13:00:00
7.602,7.687,7.564,7.678,323023.1,2026-09-19 13:15:00
7.679,7.685,7.453,7.478,385562.9,2026-09-19 13:30:00
7.478,7.565,7.425,7.532,303830.3,2026-09-19 13:45:00
7.531,7.542,7.492,7.526,82849.6,2026-09-19 14:00:00
7.526,7.533,7.478,7.513,79125.1,2026-09-19 14:15:00
7.512,7.512,7.463,7.474,103044.9,2026-09-19 14:30:00
7.474,7.521,7.45,7.5,91858.0,2026-09-19 14:45:00
7.499,7.5,7.373,7.398,249480.1,2026-09-19 15:00:00
7.398,7.405,7.35,7.385,172856.0,2026-09-19 15:15:00
7.385,7.503,7.377,7.494,216853.2,2026-09-19 15:30:00
7.493,7.497,7.412,7.434,102122.2,2026-09-19 15:45:00
7.434,7.636,7.429,7.57,333113.9,2026-09-19 16:00:00
7.569,7.575,7.517,7.545,121901.8,2026-09-19 16:15:00
7.544,7.544,7.454,7.498,96755.7,2026-09-19 16:30:00
7.497,7.543,7.444,7.536,110473.7,2026-09-19 16:45:00
7.537,7.606,7.525,7.6,156120.1,2026-09-19 17:00:00
7.601,7.777,7.581,7.691,430770.0,2026-09-19 17:15:00
7.69,7.717,7.587,7.649,227422.6,2026-09-19 17:30:00
7.649,7.732,7.611,7.702,187412.3,2026-09-19 17:45:00
7.702,7.766,7.632,7.648,233089.3,2026-09-19 18:00:00
7.648,7.692,7.586,7.676,202328.2,2026-09-19 18:15:00
7.676,7.823,7.636,7.76,312108.0,2026-09-19 18:30:00
7.76,7.8,7.665,7.797,195947.8,2026-09-19 18:45:00
7.796,7.915,7.789,7.888,388858.1,2026-09-19 19:00:00
7.889,7.969,7.864,7.93,325838.0,2026-09-19 19:15:00
7.932,7.996,7.876,7.989,197110.4,2026-09-19 19:30:00
7.99,8.002,7.907,7.954,225499.4,2026-09-19 19:45:00
7.953,7.996,7.787,7.861,330528.5,2026-09-19 20:00:00
7.862,7.911,7.821,7.841,154697.0,2026-09-19 20:15:00
7.841,7.949,7.841,7.86,127576.4,2026-09-19 20:30:00
7.859,7.859,7.673,7.687,305521.2,2026-09-19 20:45:00
7.687,7.772,7.677,7.73,163871.7,2026-09-19 21:00:00
7.732,7.838,7.726,7.827,168829.8,2026-09-19 21:15:00
7.827,7.861,7.773,7.847,176203.9,2026-09-19 21:30:00
7.847,8.022,7.847,7.863,325430.7,2026-09-19 21:45:00
7.862,7.928,7.791,7.888,229518.7,2026-09-19 22:00:00
7.889,8.029,7.889,7.978,213688.7,2026-09-19 22:15:00
7.977,8.084,7.914,8.066,190218.7,2026-09-19 22:30:00
8.065,8.213,8.024,8.196,372659.8,2026-09-19 22:45:00
8.197,8.355,8.124,8.277,677462.0,2026-09-19 23:00:00
8.278,8.335,8.065,8.077,624220.3,2026-09-19 23:15:00
8.077,8.079,7.871,7.874,510768.6,2026-09-19 23:30:00
7.874,7.946,7.823,7.925,409781.9,2026-09-19 23:45:00
7.926,8.035,7.85,7.947,453817.1,2026-09-20 00:00:00
7.947,7.988,7.879,7.944,299648.9,2026-09-20 00:15:00
7.944,8.23,7.92,8.155,581963.8,2026-09-20 00:30:00
8.156,8.261,8.101,8.204,284095.0,2026-09-20 00:45:00
8.204,8.214,8.027,8.044,333324.3,2026-09-20 01:00:00
8.041,8.134,8.008,8.054,280181.4,2026-09-20 01:15:00
8.055,8.083,7.952,8.006,208282.8,2026-09-20 01:30:00
8.007,8.078,7.971,7.994,137949.8,2026-09-20 01:45:00
7.995,8.14,7.984,8.08,177238.5,2026-09-20 02:00:00
8.081,8.086,8.011,8.039,131219.1,2026-09-20 02:15:00
8.039,8.062,7.777,7.818,427062.9,2026-09-20 02:30:00
7.819,7.868,7.722,7.757,424971.7,2026-09-20 02:45:00
7.757,7.914,7.447,7.538,1095306.0,2026-09-20 03:00:00
7.538,7.654,7.371,7.626,655240.2,2026-09-20 03:15:00
7.625,7.657,7.502,7.557,209007.0,2026-09-20 03:30:00
7.556,7.602,7.521,7.584,90263.8,2026-09-20 03:45:00
7.583,7.603,7.541,7.572,99514.3,2026-09-20 04:00:00
7.571,7.637,7.549,7.6,79537.0,2026-09-20 04:15:00
7.599,7.647,7.531,7.543,104460.5,2026-09-20 04:30:00
7.544,7.59,7.51,7.573,74221.6,2026-09-20 04:45:00
7.574,7.581,7.528,7.555,55017.9,2026-09-20 05:00:00
7.554,7.558,7.501,7.528,85190.2,2026-09-20 05:15:00
7.529,7.69,7.527,7.656,224207.3,2026-09-20 05:30:00
7.655,7.656,7.604,7.64,87332.3,2026-09-20 05:45:00
7.639,7.653,7.604,7.636,61531.3,2026-09-20 06:00:00
7.636,7.67,7.536,7.608,162750.7,2026-09-20 06:15:00
7.608,7.645,7.567,7.597,86514.3,2026-09-20 06:30:00
7.597,7.662,7.591,7.638,71906.6,2026-09-20 06:45:00
7.638,7.668,7.605,7.641,59929.7,2026-09-20 07:00:00
7.64,7.714,7.64,7.687,99521.5,2026-09-20 07:15:00
7.686,7.721,7.643,7.654,80382.5,2026-09-20 07:30:00
7.654,7.675,7.639,7.665,34514.1,2026-09-20 07:45:00
7.665,7.731,7.642,7.682,99570.0,2026-09-20 08:00:00
7.681,7.763,7.658,7.746,101841.2,2026-09-20 08:15:00
7.744,7.839,7.719,7.785,212965.7,2026-09-20 08:30:00
7.786,7.804,7.669,7.724,160200.4,2026-09-20 08:45:00
7.724,7.756,7.711,7.733,48943.6,2026-09-20 09:00:00
7.733,7.819,7.73,7.801,94902.7,2026-09-20 09:15:00
7.8,7.871,7.776,7.839,152866.7,2026-09-20 09:30:00
7.84,7.916,7.832,7.862,253186.5,2026-09-20 09:45:00
7.862,7.88,7.791,7.844,97413.1,2026-09-20 10:00:00
7.843,7.874,7.805,7.856,71283.9,2026-09-20 10:15:00
7.856,7.887,7.74,7.812,167937.8,2026-09-20 10:30:00
7.813,7.82,7.747,7.774,64431.4,2026-09-20 10:45:00
7.773,7.807,7.745,7.778,102544.3,2026-09-20 11:00:00
7.777,7.777,7.656,7.712,139781.5,2026-09-20 11:15:00
7.713,7.732,7.684,7.7,90176.0,2026-09-20 11:30:00
7.701,7.745,7.673,7.688,81881.8,2026-09-20 11:45:00
7.688,7.814,7.681,7.737,160229.3,2026-09-20 12:00:00
7.738,7.738,7.681,7.697,100571.5,2026-09-20 12:15:00
7.698,7.758,7.673,7.695,183966.2,2026-09-20 12:30:00
7.695,7.815,7.695,7.805,113207.8,2026-09-20 12:45:00
7.805,7.843,7.757,7.831,203022.3,2026-09-20 13:00:00
7.831,7.888,7.796,7.845,181216.4,2026-09-20 13:15:00
7.846,7.864,7.72,7.788,155506.4,2026-09-20 13:30:00
7.788,7.874,7.775,7.805,122489.1,2026-09-20 13:45:00
7.807,7.885,7.796,7.802,129035.0,2026-09-20 14:00:00
7.803,7.817,7.732,7.764,141880.2,2026-09-20 14:15:00
7.764,7.859,7.752,7.793,125577.8,2026-09-20 14:30:00
7.793,7.859,7.765,7.82,84419.8,2026-09-20 14:45:00
7.82,7.979,7.797,7.814,314134.5,2026-09-20 15:00:00
7.812,7.858,7.791,7.819,105803.9,2026-09-20 15:15:00
7.819,7.91,7.801,7.909,139014.1,2026-09-20 15:30:00
7.91,8.04,7.895,7.966,410044.0,2026-09-20 15:45:00
7.966,8.147,7.917,8.104,439259.1,2026-09-20 16:00:00
8.103,8.205,8.075,8.2,346773.5,2026-09-20 16:15:00
8.201,8.212,7.994,8.025,423007.6,2026-09-20 16:30:00
8.025,8.049,7.904,7.929,439996.6,2026-09-20 16:45:00
7.93,7.936,7.752,7.827,516094.8,2026-09-20 17:00:00
7.827,7.896,7.814,7.822,124999.9,2026-09-20 17:15:00
7.821,7.915,7.821,7.89,111569.0,2026-09-20 17:30:00
7.891,7.894,7.827,7.858,84336.8,2026-09-20 17:45:00
7.857,7.885,7.838,7.864,85427.5,2026-09-20 18:00:00
7.864,7.88,7.812,7.865,74592.9,2026-09-20 18:15:00
7.866,7.881,7.819,7.837,69820.2,2026-09-20 18:30:00
7.837,7.851,7.794,7.801,59262.1,2026-09-20 18:45:00
7.8,7.84,7.788,7.81,49775.4,2026-09-20 19:00:00
7.81,7.825,7.759,7.765,68775.0,2026-09-20 19:15:00
7.766,7.777,7.708,7.731,149203.5,2026-09-20 19:30:00
7.731,7.769,7.722,7.74,53761.0,2026-09-20 19:45:00
7.74,7.757,7.71,7.732,70462.2,2026-09-20 20:00:00
7.732,7.749,7.653,7.714,155202.9,2026-09-20 20:15:00
7.715,7.72,7.673,7.691,38520.4,2026-09-20 20:30:00
7.691,7.775,7.666,7.726,192690.0,2026-09-20 20:45:00
7.726,7.749,7.636,7.686,139226.4,2026-09-20 21:00:00
7.685,7.72,7.671,7.697,57411.1,2026-09-20 21:15:00
7.697,7.742,7.66,7.669,50696.1,2026-09-20 21:30:00
7.668,7.73,7.652,7.722,60983.8,2026-09-20 21:45:00
7.723,7.825,7.723,7.808,90733.7,2026-09-20 22:00:00
7.808,7.837,7.793,7.824,73461.3,2026-09-20 22:15:00
7.824,7.886,7.822,7.851,135517.2,2026-09-20 22:30:00
7.852,7.877,7.804,7.806,83794.0,2026-09-20 22:45:00
7.806,7.815,7.76,7.772,66389.6,2026-09-20 23:00:00
7.772,7.793,7.755,7.768,45999.9,2026-09-20 23:15:00
7.768,7.794,7.754,7.77,39777.2,2026-09-20 23:30:00
7.77,7.815,7.742,7.783,46168.8,2026-09-20 23:45:00
7.784,7.789,7.681,7.767,185189.4,2026-09-21 00:00:00
7.767,7.782,7.704,7.756,91893.8,2026-09-21 00:15:00
7.756,7.81,7.661,7.718,156851.0,2026-09-21 00:30:00
7.717,7.733,7.666,7.687,74835.0,2026-09-21 00:45:00
7.687,7.81,7.675,7.785,156212.2,2026-09-21 01:00:00
7.785,7.865,7.74,7.77,235515.2,2026-09-21 01:15:00
7.77,7.835,7.729,7.832,122648.1,2026-09-21 01:30:00
7.832,7.843,7.725,7.757,188795.4,2026-09-21 01:45:00
7.757,7.781,7.698,7.769,126022.2,2026-09-21 02:00:00
7.769,7.789,7.706,7.711,75432.4,2026-09-21 02:15:00
7.712,7.746,7.681,7.704,79145.8,2026-09-21 02:30:00
7.705,7.734,7.684,7.689,41102.5,2026-09-21 02:45:00
7.689,7.766,7.684,7.72,79670.9,2026-09-21 03:00:00
7.72,7.782,7.712,7.776,60011.7,2026-09-21 03:15:00
7.775,7.785,7.741,7.754,43748.1,2026-09-21 03:30:00
7.754,7.778,7.728,7.755,43521.7,2026-09-21 03:45:00
7.756,7.763,7.515,7.626,282036.1,2026-09-21 04:00:00
7.626,7.673,7.609,7.632,93550.4,2026-09-21 04:15:00
7.632,7.687,7.614,7.673,68810.8,2026-09-21 04:30:00
7.674,7.686,7.651,7.658,32217.1,2026-09-21 04:45:00
7.658,7.67,7.621,7.642,67317.0,2026-09-21 05:00:00
7.641,7.747,7.641,7.727,90804.4,2026-09-21 05:15:00
7.726,7.741,7.702,7.712,74869.2,2026-09-21 05:30:00
7.711,7.759,7.71,7.726,71750.1,2026-09-21 05:45:00
7.726,7.757,7.686,7.705,90099.8,2026-09-21 06:00:00
7.705,7.738,7.695,7.727,63244.9,2026-09-21 06:15:00
7.727,7.757,7.713,7.724,57153.7,2026-09-21 06:30:00
7.724,7.783,7.719,7.77,70680.0,2026-09-21 06:45:00
7.771,7.78,7.685,7.708,75906.4,2026-09-21 07:00:00
7.707,7.729,7.678,7.698,82576.4,2026-09-21 07:15:00
7.698,7.701,7.643,7.659,114076.3,2026-09-21 07:30:00
7.659,7.718,7.654,7.71,57182.7,2026-09-21 07:45:00
7.71,7.743,7.671,7.684,115009.0,2026-09-21 08:00:00
7.684,7.746,7.669,7.725,88230.1,2026-09-21 08:15:00
7.725,7.807,7.717,7.787,207476.0,2026-09-21 08:30:00
7.786,7.828,7.737,7.785,251561.9,2026-09-21 08:45:00
7.784,7.809,7.75,7.804,126038.7,2026-09-21 09:00:00
7.804,7.894,7.79,7.874,251214.2,2026-09-21 09:15:00
7.874,7.893,7.829,7.834,200562.4,2026-09-21 09:30:00
7.834,7.887,7.761,7.768,222727.2,2026-09-21 09:45:00
7.768,7.776,7.701,7.739,342476.3,2026-09-21 10:00:00
7.74,7.86,7.74,7.819,156293.0,2026-09-21 10:15:00
7.82,7.838,7.779,7.824,74787.5,2026-09-21 10:30:00
7.824,7.858,7.811,7.84,69259.7,2026-09-21 10:45:00
7.84,7.864,7.809,7.817,76414.3,2026-09-21 11:00:00
7.817,7.851,7.809,7.845,48839.5,2026-09-21 11:15:00
7.845,7.863,7.819,7.848,79896.1,2026-09-21 11:30:00
7.848,7.964,7.848,7.918,360759.1,2026-09-21 11:45:00
7.919,7.921,7.834,7.855,133479.1,2026-09-21 12:00:00
7.856,7.905,7.825,7.83,120083.7,2026-09-21 12:15:00
7.831,7.889,7.822,7.873,109774.3,2026-09-21 12:30:00
7.873,7.873,7.805,7.833,141066.7,2026-09-21 12:45:00
7.835,7.868,7.795,7.809,122596.0,2026-09-21 13:00:00
7.81,7.877,7.783,7.82,163847.1,2026-09-21 13:15:00
7.821,7.868,7.786,7.859,108326.6,2026-09-21 13:30:00
7.859,8.003,7.851,7.96,319819.3,2026-09-21 13:45:00
7.961,8.016,7.773,7.844,437163.4,2026-09-21 14:00:00
7.844,7.899,7.83,7.884,96854.2,2026-09-21 14:15:00
7.884,7.887,7.794,7.828,98349.7,2026-09-21 14:30:00
7.828,7.925,7.81,7.84,160581.3,2026-09-21 14:45:00
7.84,7.859,7.765,7.773,150649.0,2026-09-21 15:00:00
7.774,7.774,7.613,7.646,442887.6,2026-09-21 15:15:00
7.647,7.698,7.61,7.698,171893.6,2026-09-21 15:30:00
7.697,7.749,7.692,7.726,135303.8,2026-09-21 15:45:00
7.726,7.813,7.724,7.811,138228.0,2026-09-21 16:00:00
7.811,7.864,7.806,7.838,221851.6,2026-09-21 16:15:00
7.838,7.871,7.793,7.844,130179.9,2026-09-21 16:30:00
7.844,7.903,7.814,7.827,198530.4,2026-09-21 16:45:00
7.828,7.854,7.762,7.78,129856.2,2026-09-21 17:00:00
7.78,7.831,7.732,7.825,101330.2,2026-09-21 17:15:00
7.826,7.977,7.79,7.93,239796.8,2026-09-21 17:30:00
7.93,8.015,7.839,7.861,276015.7,2026-09-21 17:45:00
7.86,8.028,7.838,8.0,179822.5,2026-09-21 18:00:00
8.001,8.036,7.846,7.876,165877.3,2026-09-21 18:15:00
7.876,7.88,7.817,7.853,97482.1,2026-09-21 18:30:00
7.853,7.855,7.791,7.81,95887.6,2026-09-21 18:45:00
7.811,7.82,7.748,7.815,103068.0,2026-09-21 19:00:00
7.815,7.827,7.768,7.807,70276.9,2026-09-21 19:15:00
7.807,7.854,7.797,7.832,52227.1,2026-09-21 19:30:00
7.832,7.851,7.817,7.85,29598.3,2026-09-21 19:45:00
7.851,7.858,7.782,7.784,48915.4,2026-09-21 20:00:00
7.784,7.814,7.76,7.762,127027.6,2026-09-21 20:15:00
7.761,7.776,7.705,7.755,141750.7,2026-09-21 20:30:00
7.754,7.766,7.726,7.739,34231.9,2026-09-21 20:45:00
7.738,7.741,7.684,7.707,89673.8,2026-09-21 21:00:00
7.707,7.789,7.706,7.789,51438.3,2026-09-21 21:15:00
7.788,7.832,7.757,7.777,65928.8,2026-09-21 21:30:00
7.777,7.787,7.743,7.751,45919.9,2026-09-21 21:45:00
7.751,7.808,7.75,7.806,40489.2,2026-09-21 22:00:00
7.806,7.815,7.771,7.799,63604.3,2026-09-21 22:15:00
7.799,7.816,7.774,7.803,52388.1,2026-09-21 22:30:00
7.802,7.913,7.788,7.91,107834.2,2026-09-21 22:45:00
7.909,8.0,7.899,7.915,157673.7,2026-09-21 23:00:00
7.916,7.927,7.858,7.868,96282.6,2026-09-21 23:15:00
7.867,7.869,7.833,7.847,37997.4,2026-09-21 23:30:00
7.846,7.864,7.824,7.853,32226.8,2026-09-21 23:45:00
7.852,7.875,7.83,7.858,53670.4,2026-09-22 00:00:00
7.859,7.877,7.829,7.847,45777.0,2026-09-22 00:15:00
7.846,7.853,7.787,7.828,81173.8,2026-09-22 00:30:00
7.828,7.85,7.768,7.788,64611.1,2026-09-22 00:45:00
7.788,7.797,7.71,7.725,119731.6,2026-09-22 01:00:00
7.725,7.792,7.658,7.789,125801.8,2026-09-22 01:15:00
7.788,7.864,7.761,7.816,69957.1,2026-09-22 01:30:00
7.815,7.824,7.772,7.824,41264.4,2026-09-22 01:45:00
7.823,7.83,7.701,7.731,101206.3,2026-09-22 02:00:00
7.73,7.826,7.704,7.818,69096.5,2026-09-22 02:15:00
7.818,7.863,7.805,7.819,72799.4,2026-09-22 02:30:00
7.818,7.828,7.72,7.75,54773.0,2026-09-22 02:45:00
7.749,7.768,7.64,7.711,207872.8,2026-09-22 03:00:00
7.711,7.73,7.451,7.575,792317.9,2026-09-22 03:15:00
7.575,7.584,7.541,7.581,118827.3,2026-09-22 03:30:00
7.58,7.6,7.566,7.583,80067.6,2026-09-22 03:45:00
7.582,7.616,7.542,7.607,136950.6,2026-09-22 04:00:00
7.607,7.668,7.599,7.629,88102.7,2026-09-22 04:15:00
7.629,7.632,7.563,7.587,101604.0,2026-09-22 04:30:00
7.587,7.595,7.537,7.549,67830.0,2026-09-22 04:45:00
7.549,7.586,7.528,7.555,111973.6,2026-09-22 05:00:00
7.555,7.559,7.498,7.511,119329.8,2026-09-22 05:15:00
7.511,7.629,7.493,7.621,145902.2,2026-09-22 05:30:00
7.62,7.701,7.619,7.658,94957.1,2026-09-22 05:45:00
7.658,7.699,7.631,7.68,99656.6,2026-09-22 06:00:00
7.68,7.691,7.628,7.637,46634.7,2026-09-22 06:15:00
7.636,7.677,7.63,7.666,50408.1,2026-09-22 06:30:00
7.666,7.694,7.635,7.635,51968.3,2026-09-22 06:45:00
7.635,7.823,7.598,7.728,716427.6,2026-09-22 07:00:00
7.727,7.794,7.662,7.682,177609.7,2026-09-22 07:15:00
7.681,7.731,7.639,7.73,84846.2,2026-09-22 07:30:00
7.73,7.789,7.698,7.786,137276.9,2026-09-22 07:45:00
7.786,7.861,7.739,7.81,142298.8,2026-09-22 08:00:00
7.81,7.83,7.734,7.761,82178.1,2026-09-22 08:15:00
7.761,7.849,7.742,7.804,91813.9,2026-09-22 08:30:00
7.805,7.829,7.784,7.789,73730.9,2026-09-22 08:45:00
7.789,7.789,7.654,7.667,206019.1,2026-09-22 09:00:00
7.667,7.694,7.662,7.69,59794.9,2026-09-22 09:15:00
7.69,7.715,7.679,7.699,40393.9,2026-09-22 09:30:00
7.699,7.722,7.675,7.712,49735.8,2026-09-22 09:45:00
7.711,7.723,7.665,7.68,51786.4,2026-09-22 10:00:00
7.679,7.707,7.63,7.652,62943.1,2026-09-22 10:15:00
7.651,7.731,7.633,7.716,59664.0,2026-09-22 10:30:00
7.716,7.728,7.683,7.69,39054.2,2026-09-22 10:45:00
7.691,7.75,7.685,7.738,53443.4,2026-09-22 11:00:00
7.738,7.835,7.731,7.804,134150.2,2026-09-22 11:15:00
7.805,7.838,7.79,7.816,57910.2,2026-09-22 11:30:00
7.817,7.837,7.79,7.832,60219.9,2026-09-22 11:45:00
7.832,7.895,7.709,7.751,228416.8,2026-09-22 12:00:00
7.751,7.868,7.739,7.857,180668.1,2026-09-22 12:15:00
7.857,7.891,7.806,7.82,110346.4,2026-09-22 12:30:00
7.821,7.9,7.819,7.873,89702.6,2026-09-22 12:45:00
7.873,7.994,7.872,7.928,214169.7,2026-09-22 13:00:00
7.928,7.937,7.851,7.896,70605.1,2026-09-22 13:15:00
7.897,7.955,7.814,7.85,93236.6,2026-09-22 13:30:00
7.851,7.853,7.792,7.839,69309.3,2026-09-22 13:45:00
7.839,7.839,7.771,7.805,97193.5,2026-09-22 14:00:00
7.806,7.807,7.711,7.72,143230.5,2026-09-22 14:15:00
7.72,7.72,7.569,7.603,339241.2,2026-09-22 14:30:00
7.603,7.717,7.593,7.682,321029.6,2026-09-22 14:45:00
7.683,7.794,7.675,7.789,126701.1,2026-09-22 15:00:00
7.789,7.815,7.748,7.795,81561.1,2026-09-22 15:15:00
7.795,7.821,7.742,7.767,100310.2,2026-09-22 15:30:00
7.768,7.802,7.706,7.721,126965.0,2026-09-22 15:45:00
7.72,7.726,7.614,7.623,218064.0,2026-09-22 16:00:00
7.622,7.705,7.612,7.654,153023.3,2026-09-22 16:15:00
7.653,7.69,7.645,7.667,47383.4,2026-09-22 16:30:00
7.667,7.691,7.636,7.65,73306.9,2026-09-22 16:45:00
7.649,7.673,7.632,7.648,61737.5,2026-09-22 17:00:00
7.648,7.697,7.617,7.681,103395.9,2026-09-22 17:15:00
7.681,7.723,7.659,7.704,89581.9,2026-09-22 17:30:00
7.704,7.804,7.695,7.766,125614.2,2026-09-22 17:45:00
7.767,7.813,7.735,7.8,163087.5,2026-09-22 18:00:00
7.801,7.844,7.786,7.794,124861.2,2026-09-22 18:15:00
7.794,7.824,7.755,7.782,78867.2,2026-09-22 18:30:00
7.782,7.819,7.757,7.77,48739.0,2026-09-22 18:45:00
7.77,7.843,7.755,7.817,66670.3,2026-09-22 19:00:00
7.817,7.839,7.805,7.829,53271.4,2026-09-22 19:15:00
7.829,7.862,7.777,7.796,73300.8,2026-09-22 19:30:00
7.796,7.837,7.77,7.822,54859.6,2026-09-22 19:45:00
7.821,7.852,7.78,7.789,167241.5,2026-09-22 20:00:00
7.789,7.842,7.772,7.824,50259.1,2026-09-22 20:15:00
7.824,7.851,7.804,7.841,54176.9,2026-09-22 20:30:00
7.841,7.879,7.789,7.819,89720.0,2026-09-22 20:45:00
7.819,7.825,7.77,7.777,54918.0,2026-09-22 21:00:00
7.776,7.787,7.652,7.77,286607.8,2026-09-22 21:15:00
7.771,7.808,7.755,7.757,41953.2,2026-09-22 21:30:00
7.757,7.824,7.757,7.794,46677.2,2026-09-22 21:45:00
7.793,7.836,7.766,7.805,49595.3,2026-09-22 22:00:00
7.806,7.968,7.802,7.902,191746.7,2026-09-22 22:15:00
7.902,7.943,7.88,7.936,88198.4,2026-09-22 22:30:00
7.936,7.98,7.923,7.941,108636.6,2026-09-22 22:45:00
7.941,8.084,7.938,8.079,363745.8,2026-09-22 23:00:00
8.078,8.226,7.923,7.957,531036.0,2026-09-22 23:15:00
7.956,7.983,7.884,7.909,207128.6,2026-09-22 23:30:00
7.908,7.927,7.882,7.904,76695.4,2026-09-22 23:45:00
7.903,8.076,7.886,8.062,214770.4,2026-09-23 00:00:00
8.061,8.378,8.008,8.129,643412.3,2026-09-23 00:15:00
8.13,8.208,8.067,8.092,200954.3,2026-09-23 00:30:00
8.093,8.096,8.03,8.079,108167.2,2026-09-23 00:45:00
8.079,8.131,8.051,8.104,107388.6,2026-09-23 01:00:00
8.104,8.117,8.06,8.105,83741.0,2026-09-23 01:15:00
8.106,8.118,7.943,7.951,180188.3,2026-09-23 01:30:00
7.951,7.961,7.55,7.717,931259.5,2026-09-23 01:45:00
7.717,7.745,7.684,7.712,226297.4,2026-09-23 02:00:00
7.712,7.793,7.706,7.778,120159.0,2026-09-23 02:15:00
7.778,7.831,7.771,7.814,94090.6,2026-09-23 02:30:00
7.813,7.898,7.805,7.88,109165.3,2026-09-23 02:45:00
7.88,7.964,7.841,7.952,130327.1,2026-09-23 03:00:00
7.953,8.018,7.942,7.994,165726.8,2026-09-23 03:15:00
7.994,8.06,7.987,8.054,172897.8,2026-09-23 03:30:00
8.055,8.085,8.039,8.068,111804.8,2026-09-23 03:45:00
8.068,8.113,8.002,8.007,176597.8,2026-09-23 04:00:00
8.007,8.016,7.929,7.969,158201.5,2026-09-23 04:15:00
7.969,7.989,7.941,7.943,48298.9,2026-09-23 04:30:00
7.943,7.945,7.89,7.924,74876.2,2026-09-23 04:45:00
7.924,7.97,7.885,7.969,59476.9,2026-09-23 05:00:00
7.968,7.982,7.948,7.963,39942.4,2026-09-23 05:15:00
7.963,7.99,7.941,7.945,37983.1,2026-09-23 05:30:00
7.945,7.945,7.852,7.897,71586.3,2026-09-23 05:45:00
7.896,7.943,7.881,7.901,71564.6,2026-09-23 06:00:00
7.902,7.959,7.902,7.951,47308.3,2026-09-23 06:15:00
7.951,7.996,7.914,7.987,58767.4,2026-09-23 06:30:00
7.988,8.085,7.97,8.027,151612.2,2026-09-23 06:45:00
8.028,8.047,7.942,7.976,109900.4,2026-09-23 07:00:00
7.976,8.042,7.96,7.984,78857.0,2026-09-23 07:15:00
7.985,8.025,7.921,8.011,124369.5,2026-09-23 07:30:00
8.011,8.075,7.931,8.009,156602.2,2026-09-23 07:45:00
8.009,8.043,7.94,7.959,83196.1,2026-09-23 08:00:00
7.959,8.088,7.959,8.056,89917.2,2026-09-23 08:15:00
8.056,8.118,8.053,8.068,82443.6,2026-09-23 08:30:00
8.068,8.074,7.951,7.986,215175.6,2026-09-23 08:45:00
7.985,8.12,7.983,8.087,106735.0,2026-09-23 09:00:00
8.086,8.22,8.083,8.132,231798.2,2026-09-23 09:15:00
8.132,8.162,8.092,8.124,77676.4,2026-09-23 09:30:00
8.123,8.209,8.101,8.201,173901.1,2026-09-23 09:45:00
8.201,8.223,8.142,8.188,148892.8,2026-09-23 10:00:00
8.187,8.218,8.119,8.179,151267.3,2026-09-23 10:15:00
8.18,8.232,8.149,8.191,140436.3,2026-09-23 10:30:00
8.192,8.278,8.191,8.241,153777.7,2026-09-23 10:45:00
8.24,8.24,8.109,8.152,120021.1,2026-09-23 11:00:00
8.152,8.166,8.048,8.077,278825.5,2026-09-23 11:15:00
8.079,8.115,7.968,8.052,255359.0,2026-09-23 11:30:00
8.051,8.148,8.051,8.098,102563.5,2026-09-23 11:45:00
8.097,8.208,8.059,8.121,116971.4,2026-09-23 12:00:00
8.121,8.139,8.002,8.075,122656.5,2026-09-23 12:15:00
8.075,8.245,8.07,8.157,187827.7,2026-09-23 12:30:00
8.157,8.282,8.093,8.276,183457.0,2026-09-23 12:45:00
8.276,8.305,8.136,8.156,197794.3,2026-09-23 13:00:00
8.157,8.266,8.155,8.185,140307.2,2026-09-23 13:15:00
8.185,8.194,8.109,8.115,95659.6,2026-09-23 13:30:00
8.115,8.117,8.04,8.09,160792.5,2026-09-23 13:45:00
8.09,8.12,7.685,7.88,565238.7,2026-09-23 14:00:00
7.88,7.945,7.778,7.803,460310.4,2026-09-23 14:15:00
7.803,8.016,7.768,7.999,349210.5,2026-09-23 14:30:00
8.0,8.067,7.918,8.026,229823.3,2026-09-23 14:45:00
8.026,8.039,7.927,7.939,158253.2,2026-09-23 15:00:00
7.938,7.996,7.855,7.861,163437.4,2026-09-23 15:15:00
7.861,7.869,7.676,7.694,335108.5,2026-09-23 15:30:00
7.694,7.697,7.58,7.656,396013.8,2026-09-23 15:45:00
7.654,7.71,7.456,7.638,867742.0,2026-09-23 16:00:00
7.637,7.688,7.582,7.622,178233.9,2026-09-23 16:15:00
7.621,7.757,7.616,7.723,228761.6,2026-09-23 16:30:00
7.724,7.742,7.635,7.696,182282.0,2026-09-23 16:45:00
7.697,7.722,7.477,7.591,334794.2,2026-09-23 17:00:00
7.591,7.668,7.589,7.657,77010.7,2026-09-23 17:15:00
7.656,7.739,7.644,7.732,150455.2,2026-09-23 17:30:00
7.733,7.737,7.659,7.685,93933.1,2026-09-23 17:45:00
7.685,7.709,7.616,7.683,117417.0,2026-09-23 18:00:00
7.683,7.709,7.577,7.586,134126.9,2026-09-23 18:15:00
7.587,7.633,7.577,7.628,59055.8,2026-09-23 18:30:00
7.628,7.688,7.611,7.612,73896.1,2026-09-23 18:45:00
7.612,7.639,7.568,7.627,55024.9,2026-09-23 19:00:00
7.627,7.652,7.598,7.629,49825.8,2026-09-23 19:15:00
7.63,7.64,7.575,7.588,53785.2,2026-09-23 19:30:00
7.587,7.636,7.585,7.613,54552.1,2026-09-23 19:45:00
7.614,7.644,7.56,7.594,59923.4,2026-09-23 20:00:00
7.595,7.657,7.589,7.621,31355.5,2026-09-23 20:15:00
7.621,7.686,7.621,7.678,66862.5,2026-09-23 20:30:00
7.679,7.684,7.616,7.66,39570.1,2026-09-23 20:45:00
7.66,7.692,7.628,7.651,49458.0,2026-09-23 21:00:00
7.652,7.705,7.633,7.702,37577.2,2026-09-23 21:15:00
7.703,7.874,7.695,7.828,190522.1,2026-09-23 21:30:00
7.829,7.897,7.81,7.883,116769.1,2026-09-23 21:45:00
7.883,7.941,7.832,7.915,96980.8,2026-09-23 22:00:00
7.916,7.937,7.836,7.839,80515.3,2026-09-23 22:15:00
7.839,7.877,7.778,7.792,77066.8,2026-09-23 22:30:00
7.793,7.849,7.783,7.829,44841.8,2026-09-23 22:45:00
7.829,7.884,7.796,7.854,59864.8,2026-09-23 23:00:00
7.855,7.898,7.818,7.82,55623.9,2026-09-23 23:15:00
7.819,7.822,7.725,7.737,68334.3,2026-09-23 23:30:00
7.738,7.809,7.737,7.803,54761.3,2026-09-23 23:45:00
7.802,7.844,7.769,7.776,54311.0,2026-09-24 00:00:00
7.777,7.806,7.738,7.759,28808.8,2026-09-24 00:15:00
7.759,7.878,7.756,7.791,74954.3,2026-09-24 00:30:00
7.791,7.819,7.766,7.78,35906.8,2026-09-24 00:45:00
7.781,7.853,7.767,7.829,62517.8,2026-09-24 01:00:00
7.83,7.844,7.785,7.81,50221.7,2026-09-24 01:15:00
7.811,7.925,7.792,7.863,71929.6,2026-09-24 01:30:00
7.863,7.922,7.842,7.867,66645.0,2026-09-24 01:45:00
7.868,7.877,7.742,7.813,101933.2,2026-09-24 02:00:00
7.813,7.97,7.812,7.893,128247.5,2026-09-24 02:15:00
7.894,7.954,7.87,7.951,67934.4,2026-09-24 02:30:00
7.95,8.058,7.95,8.052,267346.6,2026-09-24 02:45:00
8.053,8.15,8.052,8.114,260546.1,2026-09-24 03:00:00
8.113,8.15,8.027,8.065,131144.3,2026-09-24 03:15:00
8.065,8.087,7.964,7.988,126320.5,2026-09-24 03:30:00
7.988,8.017,7.947,8.016,80392.8,2026-09-24 03:45:00
8.016,8.059,7.953,7.955,95345.7,2026-09-24 04:00:00
7.955,8.017,7.903,7.994,115741.4,2026-09-24 04:15:00
7.994,8.074,7.946,7.969,167188.5,2026-09-24 04:30:00
7.968,8.053,7.948,8.014,89375.7,2026-09-24 04:45:00
8.014,8.148,7.984,8.081,346700.6,2026-09-24 05:00:00
8.081,8.166,8.076,8.088,211317.2,2026-09-24 05:15:00
8.088,8.099,7.968,7.968,91016.5,2026-09-24 05:30:00
7.968,7.987,7.887,7.914,166149.3,2026-09-24 05:45:00
7.912,7.955,7.868,7.904,121564.8,2026-09-24 06:00:00
7.903,7.909,7.83,7.871,118334.0,2026-09-24 06:15:00
7.871,7.871,7.821,7.836,62392.5,2026-09-24 06:30:00
7.837,7.863,7.824,7.827,45539.6,2026-09-24 06:45:00
7.828,7.843,7.782,7.806,103032.5,2026-09-24 07:00:00
7.807,7.829,7.76,7.823,86459.7,2026-09-24 07:15:00
7.823,7.881,7.81,7.846,91211.6,2026-09-24 07:30:00
7.846,7.914,7.837,7.872,66368.1,2026-09-24 07:45:00
7.871,7.896,7.828,7.835,75823.5,2026-09-24 08:00:00
7.836,7.837,7.673,7.685,204938.1,2026-09-24 08:15:00
7.684,7.71,7.622,7.631,149164.6,2026-09-24 08:30:00
7.63,7.758,7.595,7.756,150695.5,2026-09-24 08:45:00
7.757,7.787,7.698,7.704,131211.4,2026-09-24 09:00:00
7.704,7.747,7.696,7.715,87310.4,2026-09-24 09:15:00
7.715,7.8,7.661,7.76,177457.8,2026-09-24 09:30:00
7.759,7.843,7.735,7.778,126601.2,2026-09-24 09:45:00
7.778,7.871,7.768,7.828,113101.0,2026-09-24 10:00:00
7.829,7.888,7.777,7.868,123684.6,2026-09-24 10:15:00
7.868,7.886,7.8,7.809,73155.5,2026-09-24 10:30:00
7.808,7.917,7.805,7.893,95538.4,2026-09-24 10:45:00
7.893,7.966,7.893,7.909,104002.5,2026-09-24 11:00:00
7.91,7.995,7.9,7.903,101986.1,2026-09-24 11:15:00
7.902,7.917,7.863,7.89,79475.7,2026-09-24 11:30:00
7.889,7.896,7.852,7.876,45521.7,2026-09-24 11:45:00
7.875,7.975,7.812,7.931,123725.1,2026-09-24 12:00:00
7.931,8.05,7.915,8.007,131717.3,2026-09-24 12:15:00
8.008,8.032,7.966,8.017,103045.0,2026-09-24 12:30:00
8.018,8.085,7.998,8.077,94131.2,2026-09-24 12:45:00
8.077,8.19,8.073,8.141,257427.5,2026-09-24 13:00:00
8.141,8.169,8.086,8.086,117303.4,2026-09-24 13:15:00
8.087,8.245,8.082,8.139,248914.7,2026-09-24 13:30:00
8.139,8.174,8.017,8.037,163789.3,2026-09-24 13:45:00
8.037,8.099,8.008,8.026,148140.8,2026-09-24 14:00:00
8.025,8.267,8.023,8.265,299100.8,2026-09-24 14:15:00
8.264,8.352,8.206,8.232,399749.9,2026-09-24 14:30:00
8.232,8.246,8.03,8.12,301747.1,2026-09-24 14:45:00
8.119,8.182,8.082,8.132,144110.9,2026-09-24 15:00:00
8.132,8.299,8.127,8.238,193866.8,2026-09-24 15:15:00
8.239,8.618,8.235,8.523,898361.0,2026-09-24 15:30:00
8.521,8.539,8.43,8.493,321625.6,2026-09-24 15:45:00
8.494,8.529,8.411,8.44,450930.1,2026-09-24 16:00:00
8.44,8.623,8.431,8.549,384796.5,2026-09-24 16:15:00
8.549,8.632,8.477,8.546,225825.8,2026-09-24 16:30:00
8.546,8.647,8.525,8.614,235233.0,2026-09-24 16:45:00
8.614,8.62,8.522,8.566,150511.0,2026-09-24 17:00:00
8.566,8.692,8.464,8.489,293271.6,2026-09-24 17:15:00
8.489,8.509,8.328,8.371,232655.7,2026-09-24 17:30:00
8.371,8.435,8.259,8.287,244189.6,2026-09-24 17:45:00
8.287,8.287,7.954,8.136,680477.0,2026-09-24 18:00:00
8.136,8.289,8.096,8.257,298091.9,2026-09-24 18:15:00
8.257,8.343,8.222,8.299,151074.8,2026-09-24 18:30:00
8.298,8.327,8.268,8.311,112880.9,2026-09-24 18:45:00
8.311,8.312,8.183,8.224,122482.4,2026-09-24 19:00:00
8.225,8.285,8.224,8.277,64338.1,2026-09-24 19:15:00
8.278,8.351,8.265,8.283,129361.0,2026-09-24 19:30:00
8.283,8.32,8.241,8.254,60408.4,2026-09-24 19:45:00
8.255,8.288,8.187,8.201,99819.5,2026-09-24 20:00:00
8.201,8.248,8.156,8.165,102027.7,2026-09-24 20:15:00
8.165,8.166,8.068,8.102,221504.9,2026-09-24 20:30:00
8.102,8.171,8.102,8.159,74471.6,2026-09-24 20:45:00
8.16,8.188,8.129,8.148,49063.2,2026-09-24 21:00:00
8.149,8.194,8.139,8.141,36826.6,2026-09-24 21:15:00
8.14,8.14,8.071,8.088,64830.6,2026-09-24 21:30:00
8.089,8.096,8.028,8.028,82080.1,2026-09-24 21:45:00
8.028,8.053,7.993,8.014,109355.2,2026-09-24 22:00:00
8.015,8.068,7.969,8.058,103403.2,2026-09-24 22:15:00
8.058,8.078,8.023,8.048,50847.3,2026-09-24 22:30:00
8.047,8.105,8.037,8.064,64934.4,2026-09-24 22:45:00
8.065,8.09,8.019,8.031,61479.4,2026-09-24 23:00:00
8.031,8.069,8.009,8.064,48490.9,2026-09-24 23:15:00
8.065,8.07,8.018,8.023,35885.8,2026-09-24 23:30:00
8.023,8.047,8.023,8.043,28173.0,2026-09-24 23:45:00
8.044,8.085,7.969,8.069,147127.2,2026-09-25 00:00:00
8.07,8.071,7.982,7.989,61835.4,2026-09-25 00:15:00
7.989,7.989,7.914,7.942,158165.5,2026-09-25 00:30:00
7.942,7.977,7.934,7.969,49219.8,2026-09-25 00:45:00
7.969,8.022,7.956,8.005,84986.8,2026-09-25 01:00:00
8.005,8.015,7.903,7.919,108357.3,2026-09-25 01:15:00
7.919,7.954,7.824,7.873,383083.2,2026-09-25 01:30:00
7.873,7.897,7.849,7.896,113916.5,2026-09-25 01:45:00
7.897,7.949,7.892,7.928,136605.6,2026-09-25 02:00:00
7.929,7.952,7.885,7.887,58617.9,2026-09-25 02:15:00
7.888,7.908,7.837,7.882,84712.8,2026-09-25 02:30:00
7.882,7.913,7.864,7.9,91374.2,2026-09-25 02:45:00
7.9,7.951,7.887,7.929,77690.0,2026-09-25 03:00:00
7.929,7.958,7.916,7.932,67734.4,2026-09-25 03:15:00
7.932,7.972,7.921,7.931,60382.0,2026-09-25 03:30:00
7.931,7.943,7.909,7.924,35066.0,2026-09-25 03:45:00
7.924,8.008,7.908,7.949,111657.9,2026-09-25 04:00:00
7.95,8.019,7.95,8.012,59581.3,2026-09-25 04:15:00
8.013,8.08,8.005,8.044,174764.7,2026-09-25 04:30:00
8.046,8.055,8.027,8.046,53391.6,2026-09-25 04:45:00
8.046,8.087,8.029,8.044,62364.3,2026-09-25 05:00:00
8.044,8.099,8.031,8.049,98110.8,2026-09-25 05:15:00
8.05,8.051,7.971,7.988,84095.1,2026-09-25 05:30:00
7.988,7.994,7.955,7.967,36819.2,2026-09-25 05:45:00
7.968,7.987,7.893,7.906,59730.3,2026-09-25 06:00:00
7.907,7.948,7.866,7.874,84355.0,2026-09-25 06:15:00
7.875,7.905,7.839,7.849,83980.7,2026-09-25 06:30:00
7.849,7.89,7.802,7.852,259719.5,2026-09-25 06:45:00
7.853,7.958,7.847,7.88,279741.8,2026-09-25 07:00:00
7.881,7.922,7.864,7.868,42662.7,2026-09-25 07:15:00
7.869,7.89,7.815,7.859,77635.9,2026-09-25 07:30:00
7.86,7.91,7.858,7.887,57552.6,2026-09-25 07:45:00
7.888,7.908,7.877,7.881,75825.3,2026-09-25 08:00:00
7.882,7.996,7.882,7.996,118055.4,2026-09-25 08:15:00
7.996,8.005,7.95,7.954,99210.0,2026-09-25 08:30:00
7.955,8.003,7.928,7.984,64773.0,2026-09-25 08:45:00
7.984,8.074,7.971,8.057,128488.1,2026-09-25 09:00:00
8.057,8.149,8.047,8.142,138230.0,2026-09-25 09:15:00
8.143,8.16,8.104,8.132,149096.9,2026-09-25 09:30:00
8.132,8.132,8.006,8.037,160162.1,2026-09-25 09:45:00
8.038,8.052,7.978,8.038,100508.1,2026-09-25 10:00:00
8.038,8.1,8.036,8.096,59401.0,2026-09-25 10:15:00
8.097,8.117,8.066,8.078,49355.8,2026-09-25 10:30:00
8.079,8.087,8.051,8.054,48923.8,2026-09-25 10:45:00
8.055,8.201,8.038,8.191,158582.2,2026-09-25 11:00:00
8.191,8.222,8.142,8.193,159585.7,2026-09-25 11:15:00
8.193,8.254,8.182,8.253,122126.0,2026-09-25 11:30:00
8.253,8.294,8.218,8.26,150362.8,2026-09-25 11:45:00
8.261,8.414,8.245,8.373,369808.3,2026-09-25 12:00:00
8.374,8.382,8.166,8.258,447775.5,2026-09-25 12:15:00
8.259,8.363,8.212,8.327,312690.5,2026-09-25 12:30:00
8.328,8.33,8.233,8.242,121747.3,2026-09-25 12:45:00
8.244,8.373,8.188,8.303,166013.6,2026-09-25 13:00:00
8.303,8.341,8.213,8.224,124162.4,2026-09-25 13:15:00
8.224,8.294,8.129,8.179,266148.3,2026-09-25 13:30:00
8.179,8.264,8.073,8.246,196904.2,2026-09-25 13:45:00
8.247,8.256,8.067,8.119,217366.1,2026-09-25 14:00:00
8.121,8.186,8.065,8.161,116918.8,2026-09-25 14:15:00
8.161,8.276,8.157,8.189,125303.7,2026-09-25 14:30:00
8.192,8.25,8.147,8.248,114640.5,2026-09-25 14:45:00
8.246,8.3,8.192,8.237,99123.0,2026-09-25 15:00:00
8.238,8.251,8.119,8.141,79617.5,2026-09-25 15:15:00
8.142,8.19,8.085,8.143,131729.7,2026-09-25 15:30:00
8.143,8.203,8.094,8.178,92715.3,2026-09-25 15:45:00
8.178,8.243,8.137,8.154,131281.8,2026-09-25 16:00:00
8.154,8.2,8.104,8.137,59938.0,2026-09-25 16:15:00
8.139,8.206,8.102,8.127,73081.0,2026-09-25 16:30:00
8.126,8.148,8.081,8.083,58289.1,2026-09-25 16:45:00
8.083,8.148,8.078,8.095,76943.4,2026-09-25 17:00:00
8.096,8.112,8.001,8.004,110293.0,2026-09-25 17:15:00
8.005,8.044,7.658,8.032,747656.9,2026-09-25 17:30:00
8.031,8.11,8.023,8.107,73733.7,2026-09-25 17:45:00
8.107,8.209,8.087,8.196,127887.8,2026-09-25 18:00:00
8.195,8.23,8.136,8.148,83956.7,2026-09-25 18:15:00
8.149,8.181,8.112,8.18,63391.7,2026-09-25 18:30:00
8.181,8.274,8.168,8.176,201866.9,2026-09-25 18:45:00
8.176,8.226,8.152,8.219,49598.3,2026-09-25 19:00:00
8.219,8.231,8.186,8.227,48631.0,2026-09-25 19:15:00
8.227,8.262,8.185,8.194,57378.9,2026-09-25 19:30:00
8.194,8.253,8.177,8.196,56227.3,2026-09-25 19:45:00
8.195,8.218,8.152,8.168,41866.5,2026-09-25 20:00:00
8.167,8.241,8.165,8.235,42713.4,2026-09-25 20:15:00
8.235,8.248,8.207,8.225,57287.5,2026-09-25 20:30:00
8.224,8.239,8.186,8.191,45157.5,2026-09-25 20:45:00
8.19,8.206,8.121,8.125,63640.6,2026-09-25 21:00:00
8.124,8.138,7.904,7.914,521702.7,2026-09-25 21:15:00
7.913,7.993,7.8,7.843,422114.5,2026-09-25 21:30:00
7.842,7.94,7.743,7.918,315945.4,2026-09-25 21:45:00
7.917,7.943,7.882,7.919,138258.1,2026-09-25 22:00:00
7.92,8.012,7.917,8.0,80008.9,2026-09-25 22:15:00
8.0,8.127,7.999,8.088,163024.0,2026-09-25 22:30:00
8.089,8.1,8.045,8.075,67420.7,2026-09-25 22:45:00
8.075,8.225,8.069,8.208,205644.8,2026-09-25 23:00:00
8.207,8.253,8.206,8.207,122046.0,2026-09-25 23:15:00
8.207,8.218,8.172,8.207,55898.0,2026-09-25 23:30:00
8.207,8.207,8.164,8.186,39563.2,2026-09-25 23:45:00
8.187,8.202,8.124,8.172,84190.1,2026-09-26 00:00:00
8.173,8.194,8.119,8.13,47203.0,2026-09-26 00:15:00
8.129,8.135,7.988,8.003,237653.3,2026-09-26 00:30:00
8.003,8.039,7.943,7.954,145658.9,2026-09-26 00:45:00
7.953,7.996,7.897,7.907,147596.7,2026-09-26 01:00:00
7.907,7.972,7.886,7.947,153914.6,2026-09-26 01:15:00
7.947,7.996,7.942,7.959,115806.5,2026-09-26 01:30:00
7.959,7.976,7.908,7.912,60723.8,2026-09-26 01:45:00
7.911,7.921,7.782,7.891,272473.9,2026-09-26 02:00:00
7.891,7.902,7.85,7.865,91651.1,2026-09-26 02:15:00
7.865,7.876,7.829,7.841,123575.7,2026-09-26 02:30:00
7.841,7.883,7.825,7.83,72822.1,2026-09-26 02:45:00
7.831,7.855,7.787,7.813,103582.1,2026-09-26 03:00:00
7.812,7.828,7.774,7.8,141673.4,2026-09-26 03:15:00
7.8,7.831,7.751,7.752,124714.3,2026-09-26 03:30:00
7.752,7.784,7.747,7.777,77161.6,2026-09-26 03:45:00
7.777,7.813,7.758,7.778,96647.9,2026-09-26 04:00:00
7.779,7.803,7.751,7.762,112642.4,2026-09-26 04:15:00
7.762,7.821,7.746,7.807,110370.7,2026-09-26 04:30:00
7.807,7.838,7.778,7.814,89849.1,2026-09-26 04:45:00
7.814,7.826,7.743,7.75,108408.9,2026-09-26 05:00:00
7.75,7.785,7.71,7.722,132526.5,2026-09-26 05:15:00
7.722,7.825,7.715,7.807,124738.6,2026-09-26 05:30:00
7.808,7.824,7.757,7.789,89680.2,2026-09-26 05:45:00
7.789,7.814,7.754,7.792,47400.4,2026-09-26 06:00:00
7.792,7.816,7.778,7.804,56148.2,2026-09-26 06:15:00
7.803,7.82,7.786,7.808,56578.6,2026-09-26 06:30:00
7.808,7.84,7.795,7.829,84518.0,2026-09-26 06:45:00
7.828,7.897,7.821,7.894,91851.3,2026-09-26 07:00:00
7.894,7.902,7.862,7.882,83032.3,2026-09-26 07:15:00
7.883,7.897,7.838,7.839,79405.4,2026-09-26 07:30:00
7.839,7.87,7.821,7.837,90582.9,2026-09-26 07:45:00
7.838,7.871,7.802,7.825,86120.1,2026-09-26 08:00:00
7.825,7.837,7.773,7.83,87369.8,2026-09-26 08:15:00
7.83,7.874,7.822,7.837,125548.0,2026-09-26 08:30:00
7.837,7.844,7.802,7.805,56712.5,2026-09-26 08:45:00
7.806,7.819,7.758,7.777,87692.2,2026-09-26 09:00:00
7.776,7.783,7.745,7.755,77109.8,2026-09-26 09:15:00
7.756,7.781,7.718,7.746,124453.1,2026-09-26 09:30:00
7.746,7.787,7.745,7.787,70187.8,2026-09-26 09:45:00
7.788,7.82,7.787,7.808,58011.6,2026-09-26 10:00:00
7.808,7.847,7.803,7.841,65857.6,2026-09-26 10:15:00
7.842,7.856,7.811,7.814,70731.0,2026-09-26 10:30:00
7.815,7.84,7.807,7.817,50930.1,2026-09-26 10:45:00
7.818,7.824,7.774,7.817,91892.1,2026-09-26 11:00:00
7.818,7.85,7.817,7.83,46558.0,2026-09-26 11:15:00
7.831,7.834,7.792,7.8,51898.4,2026-09-26 11:30:00
7.801,7.821,7.791,7.803,38946.3,2026-09-26 11:45:00
7.803,7.821,7.776,7.791,73204.0,2026-09-26 12:00:00
7.791,7.814,7.743,7.755,90426.3,2026-09-26 12:15:00
7.755,7.77,7.7,7.718,134189.4,2026-09-26 12:30:00
7.717,7.758,7.714,7.726,66259.4,2026-09-26 12:45:00
7.726,7.761,7.71,7.714,96962.2,2026-09-26 13:00:00
7.714,7.75,7.667,7.692,183725.5,2026-09-26 13:15:00
7.692,7.763,7.686,7.728,86582.4,2026-09-26 13:30:00
7.728,7.773,7.726,7.762,59484.4,2026-09-26 13:45:00
7.763,7.771,7.742,7.758,78356.6,2026-09-26 14:00:00
7.759,7.795,7.742,7.79,108897.2,2026-09-26 14:15:00
7.79,7.821,7.775,7.807,49824.6,2026-09-26 14:30:00
7.807,7.835,7.785,7.822,70054.6,2026-09-26 14:45:00
7.823,7.827,7.783,7.804,84304.0,2026-09-26 15:00:00
7.804,7.849,7.802,7.836,82707.8,2026-09-26 15:15:00
7.837,7.849,7.812,7.821,129400.3,2026-09-26 15:30:00
7.821,7.886,7.814,7.86,95303.9,2026-09-26 15:45:00
7.861,7.875,7.834,7.845,118184.1,2026-09-26 16:00:00
7.845,7.865,7.807,7.813,98610.0,2026-09-26 16:15:00
7.813,7.829,7.806,7.807,70013.9,2026-09-26 16:30:00
7.807,7.817,7.735,7.78,244345.5,2026-09-26 16:45:00
7.779,7.786,7.716,7.75,99313.7,2026-09-26 17:00:00
7.75,7.751,7.718,7.739,57256.3,2026-09-26 17:15:00
7.74,7.741,7.708,7.727,79016.3,2026-09-26 17:30:00
7.727,7.731,7.705,7.727,46723.4,2026-09-26 17:45:00
7.727,7.763,7.715,7.718,104022.2,2026-09-26 18:00:00
7.718,7.761,7.703,7.718,59482.4,2026-09-26 18:15:00
7.718,7.721,7.623,7.651,199474.2,2026-09-26 18:30:00
7.651,7.692,7.634,7.649,140814.7,2026-09-26 18:45:00
7.648,7.678,7.633,7.656,76468.2,2026-09-26 19:00:00
7.656,7.665,7.627,7.631,58302.1,2026-09-26 19:15:00
7.632,7.667,7.625,7.658,53679.2,2026-09-26 19:30:00
7.658,7.686,7.636,7.651,60440.3,2026-09-26 19:45:00
7.65,7.672,7.63,7.664,68243.1,2026-09-26 20:00:00
7.665,7.717,7.652,7.695,84026.5,2026-09-26 20:15:00
7.695,7.7,7.511,7.571,444829.9,2026-09-26 20:30:00
7.571,7.594,7.41,7.56,402180.0,2026-09-26 20:45:00
7.561,7.629,7.554,7.584,124708.2,2026-09-26 21:00:00
7.585,7.697,7.582,7.696,110460.4,2026-09-26 21:15:00
7.696,7.72,7.672,7.676,113877.4,2026-09-26 21:30:00
7.675,7.706,7.643,7.692,68458.7,2026-09-26 21:45:00
7.693,7.703,7.662,7.685,59815.9,2026-09-26 22:00:00
7.686,7.703,7.636,7.661,39841.4,2026-09-26 22:15:00
7.662,7.665,7.632,7.644,33209.1,2026-09-26 22:30:00
7.644,7.668,7.644,7.653,24858.3,2026-09-26 22:45:00
7.654,7.715,7.652,7.702,56176.5,2026-09-26 23:00:00
7.702,7.771,7.7,7.741,83946.7,2026-09-26 23:15:00
7.742,7.777,7.734,7.768,46479.5,2026-09-26 23:30:00
7.768,7.793,7.766,7.773,57528.2,2026-09-26 23:45:00
7.772,7.777,7.734,7.745,79580.5,2026-09-27 00:00:00
7.746,7.783,7.742,7.744,43817.0,2026-09-27 00:15:00
7.743,7.762,7.728,7.741,49865.8,2026-09-27 00:30:00
7.742,7.755,7.708,7.72,44589.9,2026-09-27 00:45:00
7.719,7.742,7.691,7.736,69903.7,2026-09-27 01:00:00
7.735,7.758,7.711,7.721,39389.5,2026-09-27 01:15:00
7.721,7.812,7.72,7.782,111316.3,2026-09-27 01:30:00
7.782,7.822,7.782,7.804,61589.7,2026-09-27 01:45:00
7.805,7.847,7.805,7.833,84906.1,2026-09-27 02:00:00
7.833,7.86,7.789,7.799,74301.5,2026-09-27 02:15:00
7.799,7.815,7.784,7.795,37182.5,2026-09-27 02:30:00
7.795,7.806,7.761,7.768,36674.3,2026-09-27 02:45:00
7.769,7.812,7.753,7.785,69324.4,2026-09-27 03:00:00
7.785,7.785,7.741,7.747,51713.6,2026-09-27 03:15:00
7.747,7.819,7.744,7.79,48457.7,2026-09-27 03:30:00
7.79,7.794,7.761,7.782,28281.4,2026-09-27 03:45:00
7.782,7.817,7.749,7.804,35044.8,2026-09-27 04:00:00
7.804,7.816,7.752,7.755,37828.4,2026-09-27 04:15:00
7.755,7.772,7.725,7.733,49722.8,2026-09-27 04:30:00
7.733,7.747,7.708,7.722,58728.0,2026-09-27 04:45:00
7.723,7.784,7.719,7.755,50757.9,2026-09-27 05:00:00
7.755,7.772,7.741,7.757,35997.5,2026-09-27 05:15:00
7.757,7.872,7.751,7.851,96844.1,2026-09-27 05:30:00
7.852,7.879,7.804,7.811,68874.2,2026-09-27 05:45:00
7.811,7.859,7.75,7.836,185902.4,2026-09-27 06:00:00
7.836,7.852,7.812,7.814,46646.3,2026-09-27 06:15:00
7.815,7.848,7.805,7.835,47595.0,2026-09-27 06:30:00
7.835,7.845,7.818,7.829,28589.0,2026-09-27 06:45:00
7.829,7.876,7.827,7.833,67461.4,2026-09-27 07:00:00
7.834,7.887,7.829,7.884,82567.1,2026-09-27 07:15:00
7.884,7.906,7.872,7.889,89089.7,2026-09-27 07:30:00
7.889,7.907,7.866,7.894,66226.5,2026-09-27 07:45:00
7.893,7.921,7.855,7.859,101496.2,2026-09-27 08:00:00
7.858,7.87,7.826,7.852,60306.1,2026-09-27 08:15:00
7.852,7.872,7.797,7.808,64954.8,2026-09-27 08:30:00
7.808,7.817,7.772,7.799,84821.0,2026-09-27 08:45:00
7.8,7.803,7.753,7.794,75874.1,2026-09-27 09:00:00
7.793,7.88,7.791,7.861,77008.2,2026-09-27 09:15:00
7.861,7.894,7.831,7.884,85826.0,2026-09-27 09:30:00
7.884,7.907,7.848,7.86,87866.4,2026-09-27 09:45:00
7.861,7.865,7.822,7.854,60193.3,2026-09-27 10:00:00
7.855,7.873,7.842,7.862,31375.4,2026-09-27 10:15:00
7.863,7.863,7.826,7.83,37983.8,2026-09-27 10:30:00
7.83,7.849,7.823,7.843,26908.0,2026-09-27 10:45:00
7.843,7.853,7.827,7.832,47120.4,2026-09-27 11:00:00
7.833,7.845,7.804,7.843,64633.4,2026-09-27 11:15:00
7.843,7.86,7.804,7.814,31691.4,2026-09-27 11:30:00
7.814,7.818,7.785,7.811,42137.5,2026-09-27 11:45:00
7.812,7.867,7.801,7.838,102894.0,2026-09-27 12:00:00
7.839,7.868,7.831,7.867,48516.0,2026-09-27 12:15:00
7.867,7.879,7.85,7.852,26705.8,2026-09-27 12:30:00
7.852,7.856,7.781,7.785,97003.8,2026-09-27 12:45:00
7.784,7.784,7.638,7.655,475305.3,2026-09-27 13:00:00
7.657,7.752,7.622,7.748,187280.0,2026-09-27 13:15:00
7.748,7.782,7.71,7.717,90208.2,2026-09-27 13:30:00
7.718,7.779,7.708,7.778,50692.5,2026-09-27 13:45:00
7.779,7.825,7.767,7.794,106328.8,2026-09-27 14:00:00
7.794,7.819,7.724,7.741,94396.8,2026-09-27 14:15:00
7.742,7.776,7.714,7.775,88865.6,2026-09-27 14:30:00
7.774,7.87,7.765,7.824,246450.9,2026-09-27 14:45:00
7.824,7.836,7.734,7.743,132074.4,2026-09-27 15:00:00
7.742,7.788,7.725,7.761,56768.5,2026-09-27 15:15:00
7.762,7.788,7.749,7.756,39076.8,2026-09-27 15:30:00
7.756,7.81,7.756,7.802,33487.6,2026-09-27 15:45:00
7.803,7.854,7.779,7.792,125532.9,2026-09-27 16:00:00
7.792,7.817,7.765,7.767,47808.6,2026-09-27 16:15:00
7.767,7.774,7.741,7.761,54787.4,2026-09-27 16:30:00
7.762,7.767,7.74,7.753,29758.7,2026-09-27 16:45:00
7.753,7.802,7.741,7.791,45587.2,2026-09-27 17:00:00
7.792,7.804,7.765,7.768,20220.3,2026-09-27 17:15:00
7.769,7.801,7.755,7.766,29448.7,2026-09-27 17:30:00
7.766,7.808,7.765,7.803,20443.5,2026-09-27 17:45:00
7.804,7.903,7.799,7.894,104667.4,2026-09-27 18:00:00
7.895,7.91,7.855,7.875,104949.1,2026-09-27 18:15:00
7.876,7.892,7.843,7.854,62203.2,2026-09-27 18:30:00
7.854,7.925,7.817,7.886,99677.9,2026-09-27 18:45:00
7.885,7.885,7.841,7.862,44078.1,2026-09-27 19:00:00
7.861,7.874,7.818,7.823,28301.0,2026-09-27 19:15:00
7.824,7.834,7.808,7.818,30650.3,2026-09-27 19:30:00
7.819,7.824,7.781,7.797,49436.0,2026-09-27 19:45:00
7.797,7.882,7.797,7.858,52841.0,2026-09-27 20:00:00
7.857,7.86,7.791,7.802,36404.3,2026-09-27 20:15:00
7.802,7.834,7.79,7.834,25220.4,2026-09-27 20:30:00
7.833,7.839,7.782,7.806,47626.0,2026-09-27 20:45:00
7.805,7.851,7.804,7.846,36017.5,2026-09-27 21:00:00
7.846,7.864,7.806,7.811,54664.6,2026-09-27 21:15:00
7.81,7.819,7.755,7.794,56821.7,2026-09-27 21:30:00
7.795,7.837,7.786,7.815,34247.5,2026-09-27 21:45:00
7.814,7.838,7.65,7.699,220604.6,2026-09-27 22:00:00
7.699,7.757,7.69,7.751,51689.7,2026-09-27 22:15:00
7.75,7.751,7.684,7.703,73916.2,2026-09-27 22:30:00
7.703,7.727,7.679,7.724,63256.4,2026-09-27 22:45:00
7.724,7.779,7.689,7.718,132477.6,2026-09-27 23:00:00
7.717,7.781,7.71,7.766,65918.3,2026-09-27 23:15:00
7.766,7.777,7.73,7.731,34805.0,2026-09-27 23:30:00
7.731,7.823,7.723,7.798,100262.1,2026-09-27 23:45:00
7.798,7.826,7.78,7.793,92664.9,2026-09-28 00:00:00
7.793,7.852,7.791,7.821,117920.5,2026-09-28 00:15:00
7.821,7.823,7.71,7.728,93089.7,2026-09-28 00:30:00
7.728,7.809,7.721,7.728,72997.0,2026-09-28 00:45:00
7.727,7.784,7.718,7.719,58260.8,2026-09-28 01:00:00
7.718,7.794,7.704,7.769,67244.7,2026-09-28 01:15:00
7.768,7.79,7.714,7.72,45906.8,2026-09-28 01:30:00
7.719,7.778,7.682,7.741,94211.7,2026-09-28 01:45:00
7.74,7.782,7.665,7.771,138307.3,2026-09-28 02:00:00
7.77,7.784,7.742,7.75,53468.2,2026-09-28 02:15:00
7.75,7.76,7.72,7.752,37186.9,2026-09-28 02:30:00
7.753,7.765,7.681,7.748,75953.7,2026-09-28 02:45:00
7.748,7.79,7.73,7.763,61154.1,2026-09-28 03:00:00
7.762,7.807,7.697,7.711,94139.9,2026-09-28 03:15:00
7.711,7.772,7.667,7.756,102449.5,2026-09-28 03:30:00
7.756,7.777,7.688,7.689,49599.9,2026-09-28 03:45:00
7.688,7.691,7.591,7.671,208526.6,2026-09-28 04:00:00
7.67,7.756,7.649,7.712,71355.0,2026-09-28 04:15:00
7.711,7.712,7.677,7.701,39311.7,2026-09-28 04:30:00
7.7,7.759,7.689,7.715,39949.2,2026-09-28 04:45:00
7.714,7.735,7.61,7.613,121827.4,2026-09-28 05:00:00
7.613,7.614,7.526,7.556,223703.2,2026-09-28 05:15:00
7.556,7.598,7.514,7.598,151623.2,2026-09-28 05:30:00
7.598,7.638,7.556,7.595,111412.0,2026-09-28 05:45:00
7.594,7.607,7.536,7.54,149686.8,2026-09-28 06:00:00
7.54,7.548,7.451,7.463,206243.0,2026-09-28 06:15:00
7.463,7.481,7.383,7.43,285495.8,2026-09-28 06:30:00
7.429,7.451,7.34,7.444,253223.6,2026-09-28 06:45:00
7.443,7.492,7.411,7.417,89453.6,2026-09-28 07:00:00
7.417,7.429,7.385,7.396,95825.1,2026-09-28 07:15:00
7.397,7.401,7.346,7.385,118059.4,2026-09-28 07:30:00
7.384,7.408,7.354,7.36,84653.7,2026-09-28 07:45:00
7.36,7.464,7.354,7.453,131647.1,2026-09-28 08:00:00
7.452,7.475,7.43,7.445,59749.6,2026-09-28 08:15:00
7.445,7.453,7.418,7.434,37091.6,2026-09-28 08:30:00
7.434,7.494,7.419,7.435,108083.1,2026-09-28 08:45:00
7.435,7.447,7.247,7.389,371769.8,2026-09-28 09:00:00
7.389,7.432,7.343,7.351,108670.8,2026-09-28 09:15:00
