timestamp,open,high,low,close,volume
2026-07-28 11:15:00,1175.74,1190.12,1166.23,1175.15,64698.75
2026-07-28 11:30:00,1175.12,1184.8,1171.46,1175.54,36093.69
2026-07-28 11:45:00,1175.54,1189.29,1174.73,1186.92,25579.99
2026-07-28 12:00:00,1187.0,1197.35,1183.81,1188.23,38589.64
2026-07-28 12:15:00,1188.23,1193.55,1178.55,1189.86,34973.34
2026-07-28 12:30:00,1189.88,1194.01,1176.47,1187.09,28705.61
2026-07-28 12:45:00,1187.09,1197.27,1184.29,1184.82,29532.39
2026-07-28 13:00:00,1184.87,1196.83,1180.1,1193.86,31266.64
2026-07-28 13:15:00,1193.87,1199.53,1171.0,1174.43,54690.01
2026-07-28 13:30:00,1174.49,1193.58,1118.88,1126.68,349231.8
2026-07-28 13:45:00,1126.74,1135.17,1091.89,1092.12,258052.35
2026-07-28 14:00:00,1092.12,1122.11,1071.19,1074.49,255444.71
2026-07-28 14:15:00,1074.44,1092.25,1055.14,1088.82,217420.01
2026-07-28 14:30:00,1088.71,1108.51,1078.61,1105.11,175286.99
2026-07-28 14:45:00,1105.03,1123.33,1089.58,1095.57,138878.04
2026-07-28 15:00:00,1095.6,1104.38,1081.83,1090.33,108651.66
2026-07-28 15:15:00,1090.33,1113.42,1081.59,1097.26,135442.34
2026-07-28 15:30:00,1097.35,1109.18,1092.33,1108.0,60398.26
2026-07-28 15:45:00,1107.99,1120.61,1103.51,1113.78,78192.67
2026-07-28 16:00:00,1113.79,1126.49,1102.14,1102.75,81925.95
2026-07-28 16:15:00,1102.73,1111.7,1097.7,1107.13,68555.71
2026-07-28 16:30:00,1107.12,1112.67,1092.08,1108.37,57904.6
2026-07-28 16:45:00,1108.32,1114.87,1099.0,1103.0,45888.41
2026-07-28 17:00:00,1103.0,1105.86,1088.31,1091.48,52992.05
2026-07-28 17:15:00,1091.4,1100.84,1089.61,1097.5,35161.81
2026-07-28 17:30:00,1097.47,1104.27,1075.06,1077.58,59990.91
2026-07-28 17:45:00,1077.65,1084.0,1072.45,1083.95,59212.39
2026-07-28 18:00:00,1083.97,1088.54,1074.16,1074.84,29231.49
2026-07-28 18:15:00,1074.83,1080.45,1073.02,1079.77,26164.81
2026-07-28 18:30:00,1079.77,1089.1,1078.4,1086.72,29169.1
2026-07-28 18:45:00,1086.73,1091.64,1083.32,1091.34,24972.61
2026-07-28 19:00:00,1091.33,1121.81,1091.17,1120.87,64652.46
2026-07-28 19:15:00,1120.87,1130.72,1111.37,1124.86,42872.39
2026-07-28 19:30:00,1124.89,1130.46,1104.31,1106.49,46200.15
2026-07-28 19:45:00,1106.56,1116.51,1096.58,1098.26,44806.12
2026-07-28 20:00:00,1098.16,1117.53,1073.04,1101.24,88751.61
2026-07-28 20:15:00,1101.25,1133.43,1099.27,1128.56,51021.0
2026-07-28 20:30:00,1128.52,1130.3,1109.52,1115.23,30209.85
2026-07-28 20:45:00,1115.21,1124.53,1111.3,1119.13,13853.04
2026-07-28 21:00:00,1119.27,1127.9,1116.35,1124.31,15663.52
2026-07-28 21:15:00,1124.31,1128.0,1118.57,1123.96,11896.07
2026-07-28 21:30:00,1123.97,1138.63,1123.97,1132.1,16313.39
2026-07-28 21:45:00,1132.12,1134.05,1127.1,1129.81,8696.4
2026-07-28 22:00:00,1129.82,1133.33,1123.37,1124.51,15099.85
2026-07-28 22:15:00,1124.48,1125.35,1115.04,1118.85,15809.78
2026-07-28 22:30:00,1118.85,1118.85,1097.95,1098.2,17297.38
2026-07-28 22:45:00,1098.25,1099.43,1028.28,1038.03,131277.3
2026-07-28 23:00:00,1038.03,1072.88,1037.75,1072.42,68958.27
2026-07-28 23:15:00,1072.38,1088.88,1064.0,1088.68,36218.01
2026-07-28 23:30:00,1088.68,1107.8,1083.74,1106.95,44063.22
2026-07-28 23:45:00,1107.02,1128.52,1106.15,1121.43,50114.76
2026-07-29 00:00:00,1121.5,1167.0,1121.25,1159.2,113250.79
2026-07-29 00:15:00,1159.17,1163.47,1123.0,1130.74,72016.3
2026-07-29 00:30:00,1130.73,1131.64,1103.6,1125.33,68913.37
2026-07-29 00:45:00,1125.33,1131.01,1111.0,1114.58,25579.54
2026-07-29 01:00:00,1114.7,1120.28,1075.61,1078.63,61325.41
2026-07-29 01:15:00,1078.63,1100.37,1076.76,1094.47,43756.86
2026-07-29 01:30:00,1094.38,1095.99,1071.05,1076.62,39224.61
2026-07-29 01:45:00,1076.62,1078.8,1048.44,1060.07,67713.37
2026-07-29 02:00:00,1060.07,1065.95,1039.74,1056.08,82332.19
2026-07-29 02:15:00,1056.07,1072.62,1043.39,1070.49,55147.8
2026-07-29 02:30:00,1070.49,1071.9,1058.33,1063.6,38467.19
2026-07-29 02:45:00,1063.59,1064.59,1040.93,1044.73,42582.47
2026-07-29 03:00:00,1044.73,1058.69,1040.48,1047.53,33457.94
2026-07-29 03:15:00,1047.57,1050.29,1032.8,1034.91,37446.36
2026-07-29 03:30:00,1034.86,1037.56,1023.06,1026.27,48292.81
2026-07-29 03:45:00,1026.27,1029.0,1005.01,1016.73,67156.73
2026-07-29 04:00:00,1016.73,1020.18,1001.0,1009.74,69530.15
2026-07-29 04:15:00,1009.68,1017.58,991.91,1011.39,93710.35
2026-07-29 04:30:00,1011.38,1024.99,1003.97,1011.45,54428.11
2026-07-29 04:45:00,1011.48,1035.72,1010.92,1032.66,53339.51
2026-07-29 05:00:00,1032.66,1047.47,1027.32,1045.9,60774.23
2026-07-29 05:15:00,1046.02,1047.71,1027.02,1043.38,45864.65
2026-07-29 05:30:00,1043.43,1064.0,1037.32,1056.55,63946.06
2026-07-29 05:45:00,1056.51,1062.88,1049.35,1051.43,41482.77
2026-07-29 06:00:00,1051.41,1052.06,1037.61,1050.18,45533.77
2026-07-29 06:15:00,1050.18,1056.76,1047.25,1052.68,32762.17
2026-07-29 06:30:00,1052.72,1062.64,1052.57,1060.07,30591.2
2026-07-29 06:45:00,1060.05,1068.73,1058.32,1062.65,28916.65
2026-07-29 07:00:00,1062.65,1073.24,1057.45,1070.23,28783.85
2026-07-29 07:15:00,1070.23,1076.96,1060.3,1068.93,31978.57
2026-07-29 07:30:00,1068.97,1073.94,1061.18,1061.91,19545.66
2026-07-29 07:45:00,1061.89,1066.43,1058.02,1063.42,19552.98
2026-07-29 08:00:00,1063.41,1083.22,1060.69,1062.29,56115.62
2026-07-29 08:15:00,1062.3,1069.08,1053.36,1059.02,33026.48
2026-07-29 08:30:00,1059.12,1077.64,1056.18,1076.52,31915.77
2026-07-29 08:45:00,1076.6,1079.19,1069.44,1072.88,24051.57
2026-07-29 09:00:00,1072.92,1114.28,1072.75,1113.82,112861.83
2026-07-29 09:15:00,1113.81,1115.0,1098.65,1105.76,77383.16
2026-07-29 09:30:00,1105.69,1114.43,1090.33,1108.3,61473.72
2026-07-29 09:45:00,1108.31,1125.98,1107.71,1116.85,59911.39
2026-07-29 10:00:00,1116.85,1123.86,1108.09,1109.74,34988.21
2026-07-29 10:15:00,1109.66,1119.53,1106.79,1117.54,34102.2
2026-07-29 10:30:00,1117.5,1118.86,1094.42,1095.39,42529.78
2026-07-29 10:45:00,1095.4,1096.75,1074.54,1078.56,64197.1
2026-07-29 11:00:00,1078.62,1098.54,1075.05,1092.94,53330.92
2026-07-29 11:15:00,1092.91,1107.89,1090.47,1096.2,40855.37
2026-07-29 11:30:00,1096.21,1100.53,1085.28,1085.99,26491.06
2026-07-29 11:45:00,1085.99,1102.54,1083.6,1100.97,33298.99
2026-07-29 12:00:00,1100.89,1103.32,1088.1,1088.52,23748.96
2026-07-29 12:15:00,1088.52,1090.25,1076.52,1080.28,33468.79
2026-07-29 12:30:00,1080.23,1096.98,1077.36,1092.54,24161.46
2026-07-29 12:45:00,1092.55,1101.0,1089.05,1094.37,24006.43
2026-07-29 13:00:00,1094.36,1105.59,1087.48,1089.27,29743.23
2026-07-29 13:15:00,1089.26,1124.99,1082.58,1123.05,84404.11
2026-07-29 13:30:00,1123.02,1123.54,1046.71,1068.26,389522.08
2026-07-29 13:45:00,1068.33,1072.35,1019.8,1039.43,202157.75
2026-07-29 14:00:00,1039.42,1073.25,1030.57,1032.05,204561.32
2026-07-29 14:15:00,1032.1,1044.71,1007.58,1017.91,133162.8
2026-07-29 14:30:00,1017.79,1032.73,1006.22,1015.14,105992.23
2026-07-29 14:45:00,1015.15,1034.0,1011.66,1028.27,98189.13
2026-07-29 15:00:00,1028.63,1036.85,1020.4,1031.47,89971.41
2026-07-29 15:15:00,1031.48,1039.99,1021.79,1026.97,71125.95
2026-07-29 15:30:00,1026.97,1034.45,1018.5,1021.49,61806.28
2026-07-29 15:45:00,1021.48,1028.77,1005.19,1023.96,75016.55
2026-07-29 16:00:00,1023.97,1032.15,1003.53,1006.63,79855.24
2026-07-29 16:15:00,1006.69,1029.51,1000.03,1024.42,87031.34
2026-07-29 16:30:00,1024.48,1032.7,1018.32,1021.91,54041.52
2026-07-29 16:45:00,1021.84,1030.39,1017.54,1029.35,36457.63
2026-07-29 17:00:00,1029.34,1059.28,1028.22,1058.47,84339.01
2026-07-29 17:15:00,1058.52,1058.7,1043.11,1043.28,56109.54
2026-07-29 17:30:00,1043.27,1054.52,1041.44,1048.66,32495.42
2026-07-29 17:45:00,1048.62,1058.79,1043.0,1052.48,32593.7
2026-07-29 18:00:00,1052.48,1082.01,1052.31,1069.17,147470.16
2026-07-29 18:15:00,1069.24,1075.61,1052.92,1059.0,62860.12
2026-07-29 18:30:00,1059.04,1097.46,1050.13,1095.08,102129.37
2026-07-29 18:45:00,1095.16,1116.5,1090.26,1115.7,99562.3
2026-07-29 19:00:00,1115.7,1125.35,1100.53,1102.76,111001.95
2026-07-29 19:15:00,1102.71,1103.95,1046.35,1062.16,148152.64
2026-07-29 19:30:00,1062.04,1070.76,1026.72,1028.57,118706.02
2026-07-29 19:45:00,1028.57,1029.85,1005.85,1017.65,102221.39
2026-07-29 20:00:00,1017.34,1029.46,1005.0,1018.89,96085.09
2026-07-29 20:15:00,1018.91,1023.64,986.83,1004.49,94758.12
2026-07-29 20:30:00,1004.49,1011.6,997.3,1001.17,50060.05
2026-07-29 20:45:00,1001.16,1005.85,989.04,995.38,50419.76
2026-07-29 21:00:00,995.41,999.11,978.81,984.56,56582.32
2026-07-29 21:15:00,984.5,991.76,972.2,988.66,55950.97
2026-07-29 21:30:00,988.67,993.68,977.05,984.94,24933.51
2026-07-29 21:45:00,984.95,1004.0,981.16,998.69,28966.91
2026-07-29 22:00:00,998.69,1020.7,995.0,1015.4,57397.96
2026-07-29 22:15:00,1015.45,1022.69,1005.71,1011.59,39509.89
2026-07-29 22:30:00,1011.63,1018.01,1006.0,1014.48,16639.46
2026-07-29 22:45:00,1014.48,1017.36,997.09,1005.68,23788.81
2026-07-29 23:00:00,1005.7,1015.59,1001.0,1006.7,23249.21
2026-07-29 23:15:00,1006.75,1010.13,1004.11,1007.85,11482.01
2026-07-29 23:30:00,1007.85,1010.29,997.12,1003.45,14557.43
2026-07-29 23:45:00,1003.43,1015.84,1000.02,1010.5,25174.44
2026-07-30 00:00:00,1010.51,1022.05,996.41,1014.5,57554.43
2026-07-30 00:15:00,1014.48,1026.56,1007.0,1025.43,35452.1
2026-07-30 00:30:00,1025.47,1026.18,1004.57,1006.42,25026.95
2026-07-30 00:45:00,1006.42,1019.22,1004.99,1018.91,22060.05
2026-07-30 01:00:00,1018.92,1039.64,1015.14,1025.06,47628.43
2026-07-30 01:15:00,1025.09,1050.95,1024.56,1050.64,38820.9
2026-07-30 01:30:00,1050.6,1069.69,1049.19,1064.19,56375.3
2026-07-30 01:45:00,1064.19,1066.59,1050.6,1051.4,33667.12
2026-07-30 02:00:00,1051.42,1060.83,1041.0,1042.71,34979.35
2026-07-30 02:15:00,1042.7,1044.49,1034.03,1035.41,33895.19
2026-07-30 02:30:00,1035.4,1037.77,1024.76,1036.77,32368.35
2026-07-30 02:45:00,1036.76,1039.76,1021.72,1023.56,25313.5
2026-07-30 03:00:00,1023.55,1029.9,1013.5,1015.85,27603.81
2026-07-30 03:15:00,1015.81,1025.42,1011.52,1022.09,24890.99
2026-07-30 03:30:00,1022.09,1031.15,1017.27,1031.15,27145.67
2026-07-30 03:45:00,1031.16,1036.75,1028.44,1029.79,22230.02
2026-07-30 04:00:00,1029.74,1031.38,1015.47,1020.98,24503.3
2026-07-30 04:15:00,1020.98,1033.39,1015.45,1033.1,19264.91
2026-07-30 04:30:00,1033.14,1034.47,1019.05,1021.67,18757.94
2026-07-30 04:45:00,1021.66,1028.35,1016.71,1018.55,15702.73
2026-07-30 05:00:00,1018.58,1023.3,1011.88,1018.75,17110.4
2026-07-30 05:15:00,1018.75,1023.77,1016.71,1019.77,14060.23
2026-07-30 05:30:00,1019.81,1028.0,1018.38,1027.55,13936.22
2026-07-30 05:45:00,1027.54,1029.77,1017.0,1023.61,12854.79
2026-07-30 06:00:00,1023.56,1025.6,1018.88,1020.87,7970.27
2026-07-30 06:15:00,1020.82,1020.82,1012.73,1020.72,13881.4
2026-07-30 06:30:00,1020.65,1021.13,1013.0,1013.07,7030.15
2026-07-30 06:45:00,1013.09,1017.99,1008.0,1010.83,11306.97
2026-07-30 07:00:00,1010.79,1019.0,1008.9,1015.72,12789.97
2026-07-30 07:15:00,1015.79,1015.96,1008.43,1009.32,13374.44
2026-07-30 07:30:00,1009.32,1012.89,1003.85,1011.43,16773.79
2026-07-30 07:45:00,1011.42,1012.5,1005.0,1006.49,8688.54
2026-07-30 08:00:00,1006.5,1011.47,999.19,1005.3,32862.15
2026-07-30 08:15:00,1005.26,1025.78,1002.19,1024.12,37717.02
2026-07-30 08:30:00,1024.12,1027.87,1014.05,1017.34,31894.79
2026-07-30 08:45:00,1017.29,1020.21,1009.6,1013.32,15333.49
2026-07-30 09:00:00,1013.39,1027.18,1011.94,1025.4,25351.95
2026-07-30 09:15:00,1025.4,1032.31,1022.15,1027.7,36443.33
2026-07-30 09:30:00,1027.65,1032.18,1024.7,1025.27,18734.96
2026-07-30 09:45:00,1025.26,1034.33,1023.89,1027.49,20039.37
2026-07-30 10:00:00,1027.49,1035.7,1025.28,1034.38,19300.45
2026-07-30 10:15:00,1034.39,1048.96,1034.25,1044.89,43541.44
2026-07-30 10:30:00,1044.82,1047.73,1040.42,1046.67,31363.26
2026-07-30 10:45:00,1046.67,1052.12,1037.25,1037.95,32964.66
2026-07-30 11:00:00,1037.93,1059.0,1037.58,1054.93,36588.33
2026-07-30 11:15:00,1054.93,1067.93,1053.33,1066.93,34427.86
2026-07-30 11:30:00,1066.93,1078.25,1059.72,1072.05,46309.05
2026-07-30 11:45:00,1072.0,1081.36,1070.19,1071.93,43261.09
2026-07-30 12:00:00,1072.09,1088.63,1064.35,1079.51,60835.94
2026-07-30 12:15:00,1079.49,1084.23,1066.35,1083.07,46720.87
2026-07-30 12:30:00,1083.07,1104.5,1080.05,1099.25,66722.65
2026-07-30 12:45:00,1099.24,1106.68,1096.57,1100.43,44875.82
2026-07-30 13:00:00,1100.47,1108.62,1090.39,1097.46,65550.77
2026-07-30 13:15:00,1097.47,1135.0,1093.08,1134.01,105292.39
2026-07-30 13:30:00,1134.02,1194.5,1123.12,1187.65,397054.01
2026-07-30 13:45:00,1187.66,1237.0,1185.34,1232.66,289947.69
2026-07-30 14:00:00,1232.69,1234.83,1196.34,1218.54,262453.54
2026-07-30 14:15:00,1218.54,1255.55,1208.27,1255.28,186538.43
2026-07-30 14:30:00,1255.28,1266.0,1234.82,1241.3,185719.46
2026-07-30 14:45:00,1241.26,1255.84,1226.55,1235.31,136458.42
2026-07-30 15:00:00,1235.34,1251.5,1228.16,1231.83,106494.7
2026-07-30 15:15:00,1231.93,1240.46,1222.01,1233.19,80820.37
2026-07-30 15:30:00,1233.2,1248.45,1230.74,1241.75,73869.38
2026-07-30 15:45:00,1241.76,1258.84,1241.24,1249.95,61496.25
2026-07-30 16:00:00,1249.89,1268.0,1244.22,1264.34,68559.42
2026-07-30 16:15:00,1264.35,1266.0,1252.24,1252.24,61474.42
2026-07-30 16:30:00,1252.24,1254.25,1238.28,1239.39,60334.91
2026-07-30 16:45:00,1239.38,1256.14,1238.89,1253.26,38864.19
2026-07-30 17:00:00,1253.26,1263.82,1250.31,1259.82,45987.16
2026-07-30 17:15:00,1259.84,1273.08,1258.58,1259.76,62790.3
2026-07-30 17:30:00,1259.76,1265.69,1256.51,1261.17,30641.27
2026-07-30 17:45:00,1261.17,1266.5,1254.34,1258.01,29205.94
2026-07-30 18:00:00,1258.01,1260.76,1250.45,1254.51,22285.09
2026-07-30 18:15:00,1254.51,1260.76,1245.45,1259.27,31364.74
2026-07-30 18:30:00,1259.34,1259.95,1248.82,1250.58,25375.4
2026-07-30 18:45:00,1250.58,1256.68,1248.64,1256.54,23847.3
2026-07-30 19:00:00,1256.5,1275.35,1256.5,1269.32,44898.57
2026-07-30 19:15:00,1269.24,1274.9,1264.44,1266.65,23817.12
2026-07-30 19:30:00,1266.65,1274.67,1263.61,1269.08,24066.1
2026-07-30 19:45:00,1269.09,1285.55,1264.29,1279.56,54807.1
2026-07-30 20:00:00,1279.56,1331.15,1271.51,1320.02,140534.99
2026-07-30 20:15:00,1320.02,1329.93,1309.71,1328.56,64291.71
2026-07-30 20:30:00,1328.57,1330.67,1312.56,1319.72,42913.8
2026-07-30 20:45:00,1319.77,1325.32,1313.55,1322.67,20489.2
2026-07-30 21:00:00,1322.71,1325.88,1313.84,1319.71,20431.62
2026-07-30 21:15:00,1319.74,1348.0,1319.56,1343.87,72898.55
2026-07-30 21:30:00,1343.85,1364.0,1340.89,1358.62,52505.92
2026-07-30 21:45:00,1358.6,1359.55,1333.33,1338.28,30994.5
2026-07-30 22:00:00,1338.28,1358.0,1329.19,1354.07,33753.46
2026-07-30 22:15:00,1354.06,1359.44,1346.39,1350.55,18985.48
2026-07-30 22:30:00,1350.51,1357.4,1344.2,1350.23,20894.7
2026-07-30 22:45:00,1350.24,1352.0,1341.34,1347.58,12362.43
2026-07-30 23:00:00,1347.57,1352.78,1330.14,1333.46,28302.54
2026-07-30 23:15:00,1333.44,1337.61,1321.21,1336.73,35926.05
2026-07-30 23:30:00,1336.74,1351.7,1336.05,1347.33,26561.78
2026-07-30 23:45:00,1347.38,1355.0,1345.09,1352.55,21852.43
2026-07-31 00:00:00,1352.56,1433.0,1338.05,1369.15,168397.22
2026-07-31 00:15:00,1369.21,1374.63,1355.85,1373.62,38902.62
2026-07-31 00:30:00,1373.62,1376.23,1360.52,1365.92,31286.03
2026-07-31 00:45:00,1365.92,1379.43,1357.51,1377.04,31515.19
2026-07-31 01:00:00,1376.98,1412.0,1375.09,1398.44,68537.81
2026-07-31 01:15:00,1398.47,1399.21,1373.33,1378.83,41538.9
2026-07-31 01:30:00,1378.71,1380.46,1357.37,1361.13,45545.66
2026-07-31 01:45:00,1361.06,1365.64,1341.72,1361.44,55010.57
2026-07-31 02:00:00,1361.43,1369.84,1333.0,1339.34,48735.24
2026-07-31 02:15:00,1339.33,1345.85,1330.41,1342.59,48148.92
2026-07-31 02:30:00,1342.6,1349.31,1334.35,1339.55,24804.58
2026-07-31 02:45:00,1339.63,1346.27,1336.58,1343.55,17942.03
2026-07-31 03:00:00,1343.52,1344.65,1335.43,1338.31,17269.96
2026-07-31 03:15:00,1338.35,1358.65,1336.93,1355.47,30389.7
2026-07-31 03:30:00,1355.47,1356.38,1345.05,1349.59,19272.65
2026-07-31 03:45:00,1349.66,1350.62,1336.79,1343.26,18838.8
2026-07-31 04:00:00,1343.27,1349.91,1338.06,1348.51,12712.26
2026-07-31 04:15:00,1348.51,1358.27,1346.01,1357.43,19703.38
2026-07-31 04:30:00,1357.49,1373.9,1357.0,1370.9,31740.12
2026-07-31 04:45:00,1371.0,1374.17,1366.35,1366.99,15737.21
2026-07-31 05:00:00,1366.99,1379.54,1363.67,1377.95,24128.71
2026-07-31 05:15:00,1377.96,1389.97,1376.7,1389.16,25329.6
2026-07-31 05:30:00,1389.07,1391.37,1368.85,1373.26,34578.06
2026-07-31 05:45:00,1373.26,1383.32,1371.58,1382.46,18451.65
2026-07-31 06:00:00,1382.39,1394.1,1378.68,1390.76,26594.28
2026-07-31 06:15:00,1390.79,1394.62,1386.18,1388.2,22842.39
2026-07-31 06:30:00,1388.23,1389.01,1298.33,1316.87,228353.08
2026-07-31 06:45:00,1316.94,1333.0,1296.57,1314.21,123586.13
2026-07-31 07:00:00,1314.25,1328.33,1307.62,1325.14,55800.52
2026-07-31 07:15:00,1325.14,1328.96,1315.01,1323.27,32880.2
2026-07-31 07:30:00,1323.27,1334.56,1321.38,1333.6,24078.94
2026-07-31 07:45:00,1333.6,1344.7,1331.6,1333.38,35011.71
2026-07-31 08:00:00,1333.35,1340.34,1302.24,1318.76,95077.08
2026-07-31 08:15:00,1318.76,1326.62,1308.86,1322.76,37825.38
2026-07-31 08:30:00,1322.8,1328.34,1318.1,1321.2,28488.54
2026-07-31 08:45:00,1321.21,1354.48,1320.92,1353.76,41554.06
2026-07-31 09:00:00,1353.71,1373.35,1349.17,1359.47,71156.63
2026-07-31 09:15:00,1359.48,1362.77,1344.36,1347.84,45658.21
2026-07-31 09:30:00,1347.85,1351.0,1335.0,1344.74,45497.37
2026-07-31 09:45:00,1344.78,1353.58,1324.68,1326.95,44960.12
2026-07-31 10:00:00,1326.91,1342.28,1324.54,1340.26,30814.36
2026-07-31 10:15:00,1340.22,1351.99,1332.68,1351.72,24495.05
2026-07-31 10:30:00,1351.72,1353.39,1342.58,1348.13,24125.42
2026-07-31 10:45:00,1348.12,1351.39,1336.27,1341.5,20140.97
2026-07-31 11:00:00,1341.64,1368.35,1341.23,1362.08,49724.06
2026-07-31 11:15:00,1362.08,1364.89,1350.07,1352.92,28761.45
2026-07-31 11:30:00,1352.93,1364.68,1348.64,1362.34,22091.63
2026-07-31 11:45:00,1362.35,1366.96,1355.85,1360.09,23427.78
2026-07-31 12:00:00,1360.1,1360.43,1334.46,1340.21,38266.56
2026-07-31 12:15:00,1340.17,1342.28,1328.27,1340.31,38743.6
2026-07-31 12:30:00,1340.27,1340.44,1326.86,1329.93,29192.57
2026-07-31 12:45:00,1329.94,1342.26,1323.19,1329.46,31960.37
2026-07-31 13:00:00,1329.47,1357.08,1325.15,1354.07,36907.93
2026-07-31 13:15:00,1354.09,1391.48,1353.87,1385.1,96164.89
2026-07-31 13:30:00,1385.09,1404.73,1289.28,1289.86,417834.89
2026-07-31 13:45:00,1289.85,1297.92,1228.62,1246.27,517371.98
2026-07-31 14:00:00,1246.49,1251.06,1191.82,1211.16,335004.53
2026-07-31 14:15:00,1211.24,1243.16,1202.21,1241.55,251088.93
2026-07-31 14:30:00,1241.59,1251.12,1214.58,1219.86,148921.03
2026-07-31 14:45:00,1219.83,1252.69,1213.06,1249.11,108825.53
2026-07-31 15:00:00,1249.11,1269.85,1236.09,1237.87,145064.7
2026-07-31 15:15:00,1237.81,1251.15,1204.26,1211.36,127346.51
2026-07-31 15:30:00,1211.34,1229.96,1205.83,1216.23,106652.65
2026-07-31 15:45:00,1216.3,1231.29,1209.69,1222.18,71851.59
2026-07-31 16:00:00,1222.27,1233.15,1219.17,1229.25,54047.49
2026-07-31 16:15:00,1229.25,1239.52,1221.0,1239.28,53642.66
2026-07-31 16:30:00,1239.26,1246.54,1228.09,1230.02,54738.19
2026-07-31 16:45:00,1230.02,1245.77,1227.71,1239.05,34182.11
2026-07-31 17:00:00,1239.01,1249.84,1238.77,1243.67,25218.88
2026-07-31 17:15:00,1243.69,1258.34,1241.19,1255.67,34175.99
2026-07-31 17:30:00,1255.61,1273.66,1254.8,1267.26,61307.11
2026-07-31 17:45:00,1267.3,1276.26,1255.49,1255.61,48827.29
2026-07-31 18:00:00,1255.61,1261.49,1231.57,1234.14,56620.26
2026-07-31 18:15:00,1234.23,1245.87,1233.24,1241.22,40160.59
2026-07-31 18:30:00,1241.34,1253.79,1241.34,1249.49,30631.13
2026-07-31 18:45:00,1249.49,1255.46,1243.4,1251.15,21884.49
2026-07-31 19:00:00,1251.09,1256.04,1245.64,1250.69,22101.31
2026-07-31 19:15:00,1250.7,1256.0,1243.65,1255.45,25003.85
2026-07-31 19:30:00,1255.44,1257.18,1224.43,1227.21,45512.05
2026-07-31 19:45:00,1227.23,1236.8,1210.1,1217.28,58826.14
2026-07-31 20:00:00,1217.48,1221.34,1203.51,1218.59,37757.11
2026-07-31 20:15:00,1218.55,1221.32,1210.46,1210.96,14636.29
2026-07-31 20:30:00,1210.96,1217.28,1208.79,1215.12,9180.15
2026-07-31 20:45:00,1215.12,1220.14,1208.95,1211.06,18124.15
2026-07-31 21:00:00,1210.93,1219.66,1210.39,1218.69,9865.66
2026-07-31 21:15:00,1218.69,1220.91,1214.88,1215.41,5770.57
2026-07-31 21:30:00,1215.41,1216.85,1211.19,1214.54,4145.53
2026-07-31 21:45:00,1214.55,1215.24,1210.5,1212.16,2930.74
2026-07-31 22:00:00,1212.16,1215.74,1205.84,1206.87,5629.86
2026-07-31 22:15:00,1206.9,1210.39,1204.31,1206.31,6530.7
2026-07-31 22:30:00,1206.3,1215.11,1206.16,1214.61,5224.19
2026-07-31 22:45:00,1214.62,1214.84,1211.13,1211.94,2238.95
2026-07-31 23:00:00,1211.93,1213.84,1207.26,1210.22,3548.15
2026-07-31 23:15:00,1210.22,1214.61,1209.5,1211.99,4019.85
2026-07-31 23:30:00,1211.98,1212.15,1208.26,1210.5,5600.89
2026-07-31 23:45:00,1210.45,1210.77,1206.38,1208.56,5938.42
2026-08-01 00:00:00,1208.58,1225.43,1208.58,1217.31,14045.93
2026-08-01 00:15:00,1217.27,1217.71,1210.34,1216.01,6134.67
2026-08-01 00:30:00,1216.01,1217.15,1211.85,1216.34,3425.08
2026-08-01 00:45:00,1216.33,1217.97,1212.25,1215.89,3263.14
2026-08-01 01:00:00,1215.89,1220.0,1215.42,1217.69,3581.65
2026-08-01 01:15:00,1217.65,1220.61,1216.23,1216.79,2702.5
2026-08-01 01:30:00,1216.79,1217.13,1213.73,1214.85,2557.92
2026-08-01 01:45:00,1214.83,1219.3,1214.17,1218.22,3079.52
2026-08-01 02:00:00,1218.22,1221.26,1217.24,1219.33,3613.65
2026-08-01 02:15:00,1219.26,1219.26,1215.11,1217.44,2061.85
2026-08-01 02:30:00,1217.41,1218.15,1215.9,1217.87,1689.29
2026-08-01 02:45:00,1217.93,1218.86,1215.61,1217.75,1651.44
2026-08-01 03:00:00,1217.76,1218.19,1216.0,1217.14,1854.6
2026-08-01 03:15:00,1217.14,1218.2,1216.68,1217.77,1558.14
2026-08-01 03:30:00,1217.77,1218.08,1216.57,1217.37,1331.16
2026-08-01 03:45:00,1217.34,1217.53,1215.4,1216.72,1796.73
2026-08-01 04:00:00,1216.72,1218.94,1216.31,1218.25,1885.69
2026-08-01 04:15:00,1218.25,1218.39,1216.58,1217.07,2145.01
2026-08-01 04:30:00,1217.07,1217.55,1216.81,1217.51,932.45
2026-08-01 04:45:00,1217.5,1218.32,1217.0,1217.45,1046.2
2026-08-01 05:00:00,1217.45,1220.0,1216.96,1219.14,2728.89
2026-08-01 05:15:00,1219.15,1219.19,1216.07,1216.49,2594.12
2026-08-01 05:30:00,1216.47,1217.68,1216.21,1216.57,1501.61
2026-08-01 05:45:00,1216.57,1218.45,1216.41,1217.89,1567.24
2026-08-01 06:00:00,1217.89,1218.27,1216.94,1217.51,822.11
2026-08-01 06:15:00,1217.52,1224.44,1217.0,1222.04,5217.39
2026-08-01 06:30:00,1222.05,1224.37,1219.36,1219.58,2982.59
2026-08-01 06:45:00,1219.57,1221.16,1219.32,1220.11,1404.26
2026-08-01 07:00:00,1220.11,1222.1,1219.99,1221.15,1254.97
2026-08-01 07:15:00,1221.15,1221.25,1220.0,1220.5,1176.12
2026-08-01 07:30:00,1220.5,1222.91,1220.5,1221.69,1375.43
2026-08-01 07:45:00,1221.69,1228.22,1221.41,1226.4,4763.72
2026-08-01 08:00:00,1226.41,1227.0,1224.55,1224.98,1857.91
2026-08-01 08:15:00,1224.98,1227.57,1224.57,1225.5,2173.96
2026-08-01 08:30:00,1225.5,1225.71,1223.41,1224.28,1567.32
2026-08-01 08:45:00,1224.29,1225.31,1221.82,1221.92,1703.5
2026-08-01 09:00:00,1221.95,1224.23,1221.85,1223.83,2051.69
2026-08-01 09:15:00,1223.84,1225.07,1223.27,1224.87,1560.52
2026-08-01 09:30:00,1224.87,1225.0,1223.22,1224.15,1596.41
2026-08-01 09:45:00,1224.15,1225.2,1222.6,1224.31,1626.06
2026-08-01 10:00:00,1224.36,1224.74,1223.34,1224.3,1569.51
2026-08-01 10:15:00,1224.29,1224.87,1223.5,1223.75,977.16
2026-08-01 10:30:00,1223.74,1225.0,1223.74,1224.44,659.67
2026-08-01 10:45:00,1224.44,1224.96,1224.0,1224.72,510.25
2026-08-01 11:00:00,1224.73,1224.74,1223.91,1224.72,475.83
2026-08-01 11:15:00,1224.72,1229.93,1224.72,1227.84,3861.25
2026-08-01 11:30:00,1227.84,1229.91,1225.57,1227.73,2317.67
2026-08-01 11:45:00,1227.73,1228.47,1226.68,1227.81,1050.22
2026-08-01 12:00:00,1227.8,1228.48,1225.36,1225.36,1414.11
2026-08-01 12:15:00,1225.36,1227.07,1224.63,1225.13,1352.77
2026-08-01 12:30:00,1225.12,1225.93,1224.64,1224.95,785.62
2026-08-01 12:45:00,1224.89,1225.55,1222.62,1222.77,1280.72
2026-08-01 13:00:00,1222.77,1223.4,1222.08,1223.09,1583.88
2026-08-01 13:15:00,1223.09,1223.32,1216.58,1217.54,6695.33
2026-08-01 13:30:00,1217.54,1221.36,1217.49,1221.13,4002.65
2026-08-01 13:45:00,1221.13,1221.2,1219.3,1220.56,1416.51
2026-08-01 14:00:00,1220.56,1221.64,1219.76,1220.22,1459.29
2026-08-01 14:15:00,1220.22,1221.17,1219.75,1220.66,992.6
2026-08-01 14:30:00,1220.65,1220.65,1218.02,1219.23,1003.5
2026-08-01 14:45:00,1219.2,1220.0,1218.25,1219.54,1011.03
2026-08-01 15:00:00,1219.54,1219.54,1218.23,1218.62,673.22
2026-08-01 15:15:00,1218.62,1219.6,1217.77,1218.63,1731.28
2026-08-01 15:30:00,1218.62,1219.0,1216.29,1217.51,1568.12
2026-08-01 15:45:00,1217.51,1217.65,1215.13,1215.5,1880.46
2026-08-01 16:00:00,1215.54,1217.42,1208.9,1211.75,5910.65
2026-08-01 16:15:00,1211.75,1215.0,1211.64,1213.81,3101.19
2026-08-01 16:30:00,1213.81,1214.99,1210.6,1211.28,3009.07
2026-08-01 16:45:00,1211.29,1212.71,1209.05,1212.07,4247.98
2026-08-01 17:00:00,1212.07,1214.04,1211.73,1212.5,1617.34
2026-08-01 17:15:00,1212.51,1217.09,1212.14,1216.23,2021.47
2026-08-01 17:30:00,1216.22,1216.45,1210.35,1211.08,2513.16
2026-08-01 17:45:00,1211.07,1212.14,1208.8,1210.1,2697.78
2026-08-01 18:00:00,1210.09,1212.0,1209.3,1210.29,1918.17
2026-08-01 18:15:00,1210.28,1211.5,1203.77,1206.45,4171.02
2026-08-01 18:30:00,1206.46,1207.0,1167.42,1199.73,45844.52
2026-08-01 18:45:00,1199.73,1207.36,1197.14,1199.68,10176.22
2026-08-01 19:00:00,1199.65,1200.16,1193.2,1198.45,6779.71
2026-08-01 19:15:00,1198.45,1202.26,1196.0,1199.67,4310.66
2026-08-01 19:30:00,1199.68,1200.35,1195.32,1196.92,4719.57
2026-08-01 19:45:00,1196.93,1199.14,1193.2,1195.5,6015.12
2026-08-01 20:00:00,1195.49,1198.93,1193.71,1196.2,4587.43
2026-08-01 20:15:00,1196.22,1199.88,1196.09,1199.0,4269.09
2026-08-01 20:30:00,1199.0,1200.0,1198.9,1199.48,2753.46
2026-08-01 20:45:00,1199.47,1203.88,1198.96,1202.6,2284.81
2026-08-01 21:00:00,1202.6,1208.31,1198.13,1206.17,9461.64
2026-08-01 21:15:00,1206.17,1206.17,1202.92,1203.93,2107.21
2026-08-01 21:30:00,1203.94,1212.16,1203.89,1212.0,2888.09
2026-08-01 21:45:00,1212.0,1218.0,1212.0,1215.56,5012.42
2026-08-01 22:00:00,1215.56,1217.0,1212.2,1214.84,3610.15
2026-08-01 22:15:00,1214.84,1215.13,1209.58,1211.69,3361.16
2026-08-01 22:30:00,1211.68,1212.39,1209.91,1212.39,1688.85
2026-08-01 22:45:00,1212.37,1217.08,1211.51,1216.71,2203.82
2026-08-01 23:00:00,1216.76,1216.84,1214.32,1216.32,1657.92
2026-08-01 23:15:00,1216.3,1217.86,1215.0,1216.01,1723.15
2026-08-01 23:30:00,1216.04,1218.16,1216.04,1217.92,1545.35
2026-08-01 23:45:00,1217.91,1221.8,1217.44,1218.9,4911.08
2026-08-02 00:00:00,1218.9,1224.33,1218.9,1220.51,4124.25
2026-08-02 00:15:00,1220.59,1225.78,1219.72,1222.54,3181.43
2026-08-02 00:30:00,1222.55,1223.41,1217.85,1219.12,2836.23
2026-08-02 00:45:00,1219.12,1220.71,1217.36,1217.91,2789.43
2026-08-02 01:00:00,1217.91,1219.64,1215.5,1216.29,3662.04
2026-08-02 01:15:00,1216.29,1217.11,1213.81,1217.11,3750.16
2026-08-02 01:30:00,1217.11,1218.34,1215.34,1215.44,1556.33
2026-08-02 01:45:00,1215.43,1216.95,1214.67,1216.02,1272.16
2026-08-02 02:00:00,1216.01,1241.0,1214.33,1240.72,31617.26
2026-08-02 02:15:00,1240.73,1248.85,1234.42,1236.31,24809.34
2026-08-02 02:30:00,1236.34,1240.12,1232.45,1235.15,10643.08
2026-08-02 02:45:00,1235.17,1243.17,1233.25,1233.94,7739.63
2026-08-02 03:00:00,1233.94,1240.13,1233.12,1237.54,5552.95
2026-08-02 03:15:00,1237.49,1237.88,1233.29,1234.48,6328.93
2026-08-02 03:30:00,1234.49,1237.0,1233.62,1235.07,3424.79
2026-08-02 03:45:00,1235.01,1238.04,1234.74,1237.73,6846.53
2026-08-02 04:00:00,1237.76,1245.48,1237.76,1244.72,8485.49
2026-08-02 04:15:00,1244.64,1248.21,1240.5,1241.12,7589.31
2026-08-02 04:30:00,1241.11,1242.49,1238.11,1241.92,4208.48
2026-08-02 04:45:00,1241.92,1243.7,1238.28,1239.1,3807.51
2026-08-02 05:00:00,1239.06,1240.27,1238.11,1240.06,2150.34
2026-08-02 05:15:00,1240.06,1241.39,1238.64,1240.55,1331.28
2026-08-02 05:30:00,1240.59,1240.72,1238.63,1239.68,1624.5
2026-08-02 05:45:00,1239.67,1247.15,1239.12,1244.89,4765.08
2026-08-02 06:00:00,1244.9,1246.07,1242.33,1244.88,3537.7
2026-08-02 06:15:00,1244.92,1245.08,1242.24,1243.2,3338.23
2026-08-02 06:30:00,1243.21,1245.87,1242.02,1244.31,2544.18
2026-08-02 06:45:00,1244.32,1245.32,1242.83,1243.44,1831.26
2026-08-02 07:00:00,1243.44,1244.09,1238.58,1239.93,3368.42
2026-08-02 07:15:00,1239.93,1242.89,1239.83,1241.63,2632.5
2026-08-02 07:30:00,1241.62,1245.19,1241.31,1244.7,2935.62
2026-08-02 07:45:00,1244.69,1246.36,1244.21,1245.13,5178.4
2026-08-02 08:00:00,1245.16,1254.97,1245.15,1249.69,10057.89
2026-08-02 08:15:00,1249.77,1253.14,1247.5,1249.36,4969.13
2026-08-02 08:30:00,1249.43,1251.8,1241.97,1244.52,8478.99
2026-08-02 08:45:00,1244.52,1247.23,1243.42,1245.65,5218.63
2026-08-02 09:00:00,1245.6,1246.86,1240.0,1242.26,6842.88
2026-08-02 09:15:00,1242.32,1244.9,1239.46,1240.51,3240.69
2026-08-02 09:30:00,1240.52,1245.49,1240.47,1244.35,3087.63
2026-08-02 09:45:00,1244.34,1248.54,1244.27,1245.36,3701.23
2026-08-02 10:00:00,1245.36,1246.11,1241.5,1245.46,3110.93
2026-08-02 10:15:00,1245.45,1247.81,1243.01,1244.14,4671.27
2026-08-02 10:30:00,1244.13,1244.9,1243.34,1244.34,1389.21
2026-08-02 10:45:00,1244.35,1244.69,1242.04,1242.37,2386.01
2026-08-02 11:00:00,1242.36,1243.68,1240.37,1243.0,2047.45
2026-08-02 11:15:00,1242.99,1243.99,1234.9,1236.53,7376.82
2026-08-02 11:30:00,1236.55,1237.43,1222.0,1229.79,21884.0
2026-08-02 11:45:00,1229.74,1233.99,1226.23,1228.48,7677.05
2026-08-02 12:00:00,1228.47,1233.92,1227.63,1233.82,4159.73
2026-08-02 12:15:00,1233.77,1236.94,1231.74,1236.7,5131.78
2026-08-02 12:30:00,1236.69,1237.78,1233.92,1235.83,3836.81
2026-08-02 12:45:00,1235.84,1244.22,1234.11,1236.94,8006.42
2026-08-02 13:00:00,1236.88,1238.5,1235.93,1238.25,2906.8
2026-08-02 13:15:00,1238.24,1238.28,1234.9,1235.79,2587.7
2026-08-02 13:30:00,1235.75,1237.44,1232.03,1235.39,3033.75
2026-08-02 13:45:00,1235.4,1237.27,1232.08,1236.0,2434.66
2026-08-02 14:00:00,1235.99,1236.95,1232.44,1236.16,3380.06
2026-08-02 14:15:00,1236.13,1240.88,1235.58,1238.06,5438.51
2026-08-02 14:30:00,1238.07,1239.78,1236.6,1238.62,2143.19
2026-08-02 14:45:00,1238.62,1238.79,1234.92,1236.11,2370.75
2026-08-02 15:00:00,1236.12,1238.6,1232.6,1238.45,2864.54
2026-08-02 15:15:00,1238.44,1240.25,1237.11,1238.69,1981.48
2026-08-02 15:30:00,1238.69,1240.35,1238.15,1238.32,1788.88
2026-08-02 15:45:00,1238.34,1239.88,1237.44,1238.57,1533.81
2026-08-02 16:00:00,1238.58,1239.29,1236.18,1236.33,1852.34
2026-08-02 16:15:00,1236.34,1239.89,1235.09,1237.89,3166.94
2026-08-02 16:30:00,1237.9,1243.0,1237.11,1242.0,2991.74
2026-08-02 16:45:00,1242.0,1259.12,1241.78,1246.25,13791.53
2026-08-02 17:00:00,1246.24,1258.8,1245.56,1251.62,11921.02
2026-08-02 17:15:00,1251.61,1257.43,1245.7,1248.16,8997.01
2026-08-02 17:30:00,1248.15,1250.23,1246.72,1247.37,3616.32
2026-08-02 17:45:00,1247.37,1247.56,1242.55,1244.97,3639.05
2026-08-02 18:00:00,1245.01,1248.6,1243.72,1245.96,2967.52
2026-08-02 18:15:00,1245.91,1246.72,1242.24,1244.34,2421.52
2026-08-02 18:30:00,1244.33,1248.01,1243.41,1244.81,3846.25
2026-08-02 18:45:00,1244.88,1245.67,1241.1,1241.62,2583.5
2026-08-02 19:00:00,1241.62,1248.0,1241.62,1247.87,3056.56
2026-08-02 19:15:00,1247.87,1250.3,1246.75,1248.37,2158.99
2026-08-02 19:30:00,1248.33,1250.45,1247.76,1250.35,1692.83
2026-08-02 19:45:00,1250.3,1252.32,1249.09,1250.95,2983.13
2026-08-02 20:00:00,1250.97,1251.47,1246.97,1249.69,2422.88
2026-08-02 20:15:00,1249.69,1249.91,1246.27,1247.68,1441.18
2026-08-02 20:30:00,1247.69,1252.1,1246.14,1247.42,2710.05
2026-08-02 20:45:00,1247.42,1247.8,1242.04,1242.92,2884.31
2026-08-02 21:00:00,1242.93,1246.02,1242.26,1245.14,3430.2
2026-08-02 21:15:00,1245.15,1245.2,1241.27,1242.98,3021.0
2026-08-02 21:30:00,1242.99,1247.29,1241.37,1244.88,5448.35
2026-08-02 21:45:00,1244.86,1245.37,1232.08,1240.05,10231.56
2026-08-02 22:00:00,1240.06,1246.86,1233.26,1238.34,27923.12
2026-08-02 22:15:00,1238.37,1241.14,1233.7,1240.35,10113.09
2026-08-02 22:30:00,1240.32,1243.44,1238.31,1239.07,6738.19
2026-08-02 22:45:00,1239.01,1244.82,1237.78,1244.76,4601.89
2026-08-02 23:00:00,1244.79,1257.07,1244.62,1247.88,23694.12
2026-08-02 23:15:00,1247.97,1248.45,1239.29,1242.29,10738.61
2026-08-02 23:30:00,1242.26,1244.18,1237.06,1243.67,6451.27
2026-08-02 23:45:00,1243.65,1244.18,1237.07,1243.06,10392.68
2026-08-03 00:00:00,1242.9,1253.42,1224.42,1238.01,88876.53
2026-08-03 00:15:00,1238.01,1251.75,1233.3,1239.54,39793.77
2026-08-03 00:30:00,1239.5,1251.0,1234.13,1247.65,31519.49
2026-08-03 00:45:00,1247.75,1265.75,1244.81,1260.5,30092.26
2026-08-03 01:00:00,1260.5,1266.99,1250.1,1251.06,32551.81
2026-08-03 01:15:00,1251.06,1257.43,1246.06,1249.03,23114.08
2026-08-03 01:30:00,1249.03,1255.15,1241.03,1253.93,28046.37
2026-08-03 01:45:00,1253.93,1257.95,1248.05,1256.5,17268.73
2026-08-03 02:00:00,1256.5,1264.5,1252.49,1261.86,22758.15
2026-08-03 02:15:00,1261.85,1264.0,1251.53,1252.5,19114.46
2026-08-03 02:30:00,1252.5,1261.36,1252.5,1255.81,14475.93
2026-08-03 02:45:00,1255.85,1260.72,1255.48,1257.71,8322.95
2026-08-03 03:00:00,1257.7,1260.48,1253.6,1256.32,7623.37
2026-08-03 03:15:00,1256.34,1256.37,1248.18,1252.2,12296.68
2026-08-03 03:30:00,1252.21,1254.87,1250.11,1254.5,9143.03
2026-08-03 03:45:00,1254.5,1259.19,1251.39,1258.0,11107.72
2026-08-03 04:00:00,1258.0,1258.73,1251.64,1254.62,9179.06
2026-08-03 04:15:00,1254.68,1259.69,1254.6,1257.46,6652.73
2026-08-03 04:30:00,1257.51,1260.0,1248.6,1248.86,9060.67
2026-08-03 04:45:00,1248.85,1250.3,1241.67,1243.44,14848.79
2026-08-03 05:00:00,1243.4,1249.11,1242.05,1244.26,12766.61
2026-08-03 05:15:00,1244.29,1251.45,1238.01,1250.33,15729.75
2026-08-03 05:30:00,1250.3,1255.89,1248.97,1254.47,10604.11
2026-08-03 05:45:00,1254.42,1256.99,1250.11,1253.81,9030.36
2026-08-03 06:00:00,1253.84,1255.0,1246.44,1248.16,8015.75
2026-08-03 06:15:00,1248.12,1252.84,1244.53,1246.42,9464.6
2026-08-03 06:30:00,1246.42,1250.55,1237.09,1241.11,18678.02
2026-08-03 06:45:00,1241.01,1244.94,1237.3,1239.79,13158.43
2026-08-03 07:00:00,1239.8,1244.69,1237.45,1243.93,11020.09
2026-08-03 07:15:00,1243.95,1245.53,1238.23,1242.84,10517.24
2026-08-03 07:30:00,1242.83,1243.11,1232.58,1233.64,15095.54
2026-08-03 07:45:00,1233.67,1237.6,1232.56,1237.04,8872.65
2026-08-03 08:00:00,1237.07,1237.83,1222.63,1234.6,62698.65
2026-08-03 08:15:00,1234.6,1234.67,1204.5,1212.12,69027.74
2026-08-03 08:30:00,1212.13,1223.28,1208.1,1219.07,36766.32
2026-08-03 08:45:00,1219.07,1233.31,1218.39,1232.66,25795.97
2026-08-03 09:00:00,1232.65,1234.0,1221.5,1223.94,24433.99
2026-08-03 09:15:00,1223.94,1229.6,1216.58,1220.19,23417.74
2026-08-03 09:30:00,1220.11,1224.35,1210.41,1211.17,25259.13
2026-08-03 09:45:00,1211.17,1220.56,1208.71,1219.19,21624.69
2026-08-03 10:00:00,1219.17,1219.57,1186.0,1188.14,65766.58
2026-08-03 10:15:00,1188.14,1194.91,1172.18,1184.06,97396.55
2026-08-03 10:30:00,1184.06,1191.48,1179.31,1189.77,40089.56
2026-08-03 10:45:00,1189.77,1195.69,1185.84,1193.46,25341.33
2026-08-03 11:00:00,1193.41,1194.98,1172.48,1182.7,47809.41
2026-08-03 11:15:00,1182.6,1183.7,1163.54,1164.64,42963.37
2026-08-03 11:30:00,1164.7,1175.22,1160.21,1169.71,42596.36
2026-08-03 11:45:00,1169.71,1170.11,1158.0,1163.9,43764.39
2026-08-03 12:00:00,1163.9,1171.5,1150.79,1169.97,66341.96
2026-08-03 12:15:00,1169.93,1174.34,1164.7,1166.27,38506.76
2026-08-03 12:30:00,1166.27,1179.43,1165.07,1178.51,37259.02
2026-08-03 12:45:00,1178.51,1179.81,1168.42,1170.8,29052.71
2026-08-03 13:00:00,1170.81,1173.42,1163.36,1170.21,36994.99
2026-08-03 13:15:00,1170.2,1177.89,1157.1,1162.92,81942.01
2026-08-03 13:30:00,1162.86,1220.02,1124.02,1194.87,577256.02
2026-08-03 13:45:00,1194.8,1222.0,1183.24,1221.01,181882.75
2026-08-03 14:00:00,1221.02,1231.0,1192.39,1206.1,158878.63
2026-08-03 14:15:00,1206.04,1253.07,1201.82,1252.32,143536.8
2026-08-03 14:30:00,1252.29,1264.64,1241.46,1241.66,116444.03
2026-08-03 14:45:00,1241.71,1274.84,1237.01,1262.62,107865.58
2026-08-03 15:00:00,1262.52,1262.72,1247.11,1250.99,62662.88
2026-08-03 15:15:00,1250.96,1262.42,1237.0,1237.6,68976.38
2026-08-03 15:30:00,1237.67,1259.99,1236.11,1256.7,53052.38
2026-08-03 15:45:00,1256.65,1260.5,1250.42,1255.6,32743.08
2026-08-03 16:00:00,1255.58,1270.52,1255.55,1263.31,39484.94
2026-08-03 16:15:00,1263.36,1286.79,1262.35,1277.23,71465.72
2026-08-03 16:30:00,1277.24,1283.42,1273.27,1281.06,37559.45
2026-08-03 16:45:00,1281.08,1288.85,1275.68,1276.28,33173.69
2026-08-03 17:00:00,1276.28,1286.29,1272.36,1285.84,25722.74
2026-08-03 17:15:00,1285.84,1292.09,1282.73,1291.51,35535.14
2026-08-03 17:30:00,1291.5,1305.92,1289.89,1300.3,57697.96
2026-08-03 17:45:00,1300.33,1316.83,1299.08,1312.77,46076.14
2026-08-03 18:00:00,1312.8,1317.42,1303.5,1308.54,42983.95
2026-08-03 18:15:00,1308.5,1311.87,1289.34,1292.17,41310.41
2026-08-03 18:30:00,1292.17,1302.45,1289.78,1294.54,31766.74
2026-08-03 18:45:00,1294.55,1296.73,1289.5,1292.73,14140.71
2026-08-03 19:00:00,1292.76,1301.55,1284.36,1285.42,27742.54
2026-08-03 19:15:00,1285.44,1295.28,1283.7,1292.13,16594.37
2026-08-03 19:30:00,1292.13,1306.6,1291.57,1305.9,19695.17
2026-08-03 19:45:00,1305.91,1307.1,1282.08,1289.93,41893.33
2026-08-03 20:00:00,1290.04,1292.48,1274.64,1291.91,33459.36
2026-08-03 20:15:00,1291.89,1300.46,1290.79,1294.68,16154.69
2026-08-03 20:30:00,1294.68,1295.43,1288.74,1290.32,5978.58
2026-08-03 20:45:00,1290.32,1294.49,1288.41,1293.73,5886.33
2026-08-03 21:00:00,1293.73,1300.83,1290.49,1296.34,8261.77
2026-08-03 21:15:00,1296.44,1302.62,1295.74,1298.74,5192.58
2026-08-03 21:30:00,1298.71,1328.0,1297.53,1315.8,18494.33
2026-08-03 21:45:00,1315.89,1319.23,1307.58,1308.43,8522.78
2026-08-03 22:00:00,1308.44,1316.24,1307.64,1310.36,7384.37
2026-08-03 22:15:00,1310.47,1315.24,1306.81,1306.92,6409.85
2026-08-03 22:30:00,1306.96,1314.68,1304.6,1312.58,11419.63
2026-08-03 22:45:00,1312.55,1316.8,1309.47,1313.62,6558.09
2026-08-03 23:00:00,1313.6,1315.44,1309.0,1311.67,6994.36
2026-08-03 23:15:00,1311.69,1315.99,1310.7,1312.18,5265.29
2026-08-03 23:30:00,1312.19,1317.18,1309.26,1316.37,6071.11
2026-08-03 23:45:00,1316.35,1330.15,1315.42,1328.8,18299.03
2026-08-04 00:00:00,1328.8,1334.8,1303.34,1306.06,57964.64
2026-08-04 00:15:00,1306.05,1306.05,1292.0,1293.32,33951.97
2026-08-04 00:30:00,1293.32,1293.44,1275.33,1284.07,45323.77
2026-08-04 00:45:00,1284.13,1289.69,1274.2,1279.27,31844.81
2026-08-04 01:00:00,1279.24,1280.82,1266.89,1279.28,43271.11
2026-08-04 01:15:00,1279.28,1294.64,1275.44,1293.77,33906.82
2026-08-04 01:30:00,1293.72,1302.23,1289.58,1300.46,35577.56
2026-08-04 01:45:00,1300.45,1315.16,1299.34,1310.23,33470.84
2026-08-04 02:00:00,1310.24,1311.45,1292.02,1292.47,30119.16
2026-08-04 02:15:00,1292.44,1295.6,1286.51,1288.53,21393.17
2026-08-04 02:30:00,1288.56,1303.62,1288.47,1300.64,16425.25
2026-08-04 02:45:00,1300.66,1301.19,1291.68,1292.58,10354.83
2026-08-04 03:00:00,1292.57,1297.41,1283.26,1284.98,18075.38
2026-08-04 03:15:00,1284.99,1295.0,1283.58,1290.8,11085.3
2026-08-04 03:30:00,1290.86,1297.97,1288.26,1290.09,12033.85
2026-08-04 03:45:00,1290.09,1294.78,1289.21,1292.66,7220.07
2026-08-04 04:00:00,1292.65,1294.34,1283.45,1287.36,8165.17
2026-08-04 04:15:00,1287.35,1293.66,1287.08,1290.58,9300.65
2026-08-04 04:30:00,1290.59,1294.39,1286.34,1288.44,8950.22
2026-08-04 04:45:00,1288.43,1295.0,1286.65,1289.96,7001.32
2026-08-04 05:00:00,1289.88,1292.8,1281.84,1284.89,9798.31
2026-08-04 05:15:00,1284.88,1292.29,1283.68,1291.64,8524.92
2026-08-04 05:30:00,1291.63,1309.55,1291.63,1303.55,25068.11
2026-08-04 05:45:00,1303.6,1308.72,1295.73,1306.79,19066.87
2026-08-04 06:00:00,1306.77,1315.75,1303.73,1313.69,16684.42
2026-08-04 06:15:00,1313.74,1317.67,1308.8,1312.11,17040.67
2026-08-04 06:30:00,1312.1,1312.19,1304.9,1308.61,13036.92
2026-08-04 06:45:00,1308.62,1316.76,1306.44,1316.63,9799.71
2026-08-04 07:00:00,1316.63,1326.81,1312.88,1316.31,25709.76
2026-08-04 07:15:00,1316.3,1324.85,1311.24,1321.93,17905.83
2026-08-04 07:30:00,1321.94,1324.72,1318.0,1319.41,14333.96
2026-08-04 07:45:00,1319.46,1322.8,1315.21,1316.13,11945.23
2026-08-04 08:00:00,1316.13,1342.91,1315.24,1331.11,65282.92
2026-08-04 08:15:00,1331.11,1338.87,1330.28,1335.55,20201.86
2026-08-04 08:30:00,1335.61,1336.03,1320.34,1324.46,24540.55
2026-08-04 08:45:00,1324.45,1325.56,1317.22,1322.31,18795.0
2026-08-04 09:00:00,1322.31,1322.34,1305.59,1311.27,33984.39
2026-08-04 09:15:00,1311.29,1322.93,1304.66,1321.84,24652.8
2026-08-04 09:30:00,1321.85,1322.72,1317.13,1319.28,17148.15
2026-08-04 09:45:00,1319.28,1320.75,1312.21,1318.37,13144.2
2026-08-04 10:00:00,1318.38,1333.79,1315.57,1328.52,24257.01
2026-08-04 10:15:00,1328.52,1334.38,1325.67,1327.62,17992.01
2026-08-04 10:30:00,1327.71,1348.68,1324.75,1344.45,28918.2
2026-08-04 10:45:00,1344.54,1349.44,1333.45,1336.58,33424.6
2026-08-04 11:00:00,1336.54,1357.27,1335.55,1356.61,54363.77
2026-08-04 11:15:00,1356.61,1363.5,1351.01,1360.09,44717.87
2026-08-04 11:30:00,1360.14,1365.38,1347.37,1359.4,45159.46
2026-08-04 11:45:00,1359.4,1370.98,1356.46,1369.82,33443.29
2026-08-04 12:00:00,1369.76,1370.94,1352.23,1353.18,31335.06
2026-08-04 12:15:00,1353.15,1364.67,1352.9,1359.48,19126.66
2026-08-04 12:30:00,1359.46,1360.6,1351.85,1360.24,20068.03
2026-08-04 12:45:00,1360.24,1360.24,1351.21,1358.21,18431.64
2026-08-04 13:00:00,1358.21,1379.01,1354.64,1371.98,65374.11
2026-08-04 13:15:00,1371.92,1383.88,1358.21,1358.48,76742.86
2026-08-04 13:30:00,1358.49,1398.2,1340.67,1389.77,295852.03
2026-08-04 13:45:00,1389.77,1415.9,1376.55,1382.96,179135.74
2026-08-04 14:00:00,1382.96,1400.83,1371.03,1391.1,107142.97
2026-08-04 14:15:00,1391.04,1394.8,1370.01,1394.53,81416.34
2026-08-04 14:30:00,1394.56,1395.65,1382.34,1389.25,47224.51
2026-08-04 14:45:00,1389.25,1395.77,1386.77,1394.66,32796.26
2026-08-04 15:00:00,1394.66,1406.15,1392.45,1403.6,48855.47
2026-08-04 15:15:00,1403.58,1413.0,1396.44,1410.46,42181.93
2026-08-04 15:30:00,1410.45,1431.93,1408.27,1428.79,97076.61
2026-08-04 15:45:00,1428.83,1430.51,1406.75,1409.75,51255.44
2026-08-04 16:00:00,1409.74,1425.42,1409.4,1416.41,40513.89
2026-08-04 16:15:00,1416.44,1425.0,1413.71,1422.89,21843.76
2026-08-04 16:30:00,1422.93,1433.99,1421.98,1429.46,36388.3
2026-08-04 16:45:00,1429.46,1443.83,1428.57,1439.29,54165.07
2026-08-04 17:00:00,1439.29,1443.98,1431.71,1437.82,39367.01
2026-08-04 17:15:00,1437.8,1441.9,1430.45,1439.16,27825.11
2026-08-04 17:30:00,1439.11,1447.1,1436.08,1440.79,27880.4
2026-08-04 17:45:00,1440.85,1445.88,1428.64,1434.33,30669.98
2026-08-04 18:00:00,1434.34,1436.12,1426.55,1432.55,30060.26
2026-08-04 18:15:00,1432.58,1438.94,1431.47,1434.06,19469.03
2026-08-04 18:30:00,1434.02,1436.92,1422.57,1427.4,20301.8
2026-08-04 18:45:00,1427.4,1433.38,1420.23,1423.93,18673.39
2026-08-04 19:00:00,1423.93,1439.56,1421.21,1435.04,24118.76
2026-08-04 19:15:00,1435.04,1435.95,1418.76,1422.45,21778.06
2026-08-04 19:30:00,1422.46,1427.3,1415.17,1424.74,26309.67
2026-08-04 19:45:00,1424.96,1431.1,1419.1,1429.28,30235.09
2026-08-04 20:00:00,1429.33,1444.55,1424.38,1428.53,33593.48
2026-08-04 20:15:00,1428.42,1428.42,1380.0,1393.04,101062.05
2026-08-04 20:30:00,1393.03,1402.04,1385.27,1396.36,34490.67
2026-08-04 20:45:00,1396.35,1404.92,1393.35,1398.4,18209.78
2026-08-04 21:00:00,1398.39,1415.68,1395.09,1408.67,29491.97
2026-08-04 21:15:00,1408.65,1414.9,1403.2,1414.08,13412.36
2026-08-04 21:30:00,1414.08,1433.17,1413.84,1421.89,21892.34
2026-08-04 21:45:00,1421.89,1421.99,1407.02,1413.19,11960.57
2026-08-04 22:00:00,1413.24,1419.1,1404.69,1413.59,14130.76
2026-08-04 22:15:00,1413.59,1418.99,1411.27,1416.83,8095.79
2026-08-04 22:30:00,1416.83,1421.87,1413.2,1415.28,7759.7
2026-08-04 22:45:00,1415.28,1417.87,1407.54,1414.19,9022.61
2026-08-04 23:00:00,1414.19,1427.59,1409.84,1425.92,13962.24
2026-08-04 23:15:00,1425.86,1426.09,1417.6,1422.88,8557.64
2026-08-04 23:30:00,1422.91,1431.47,1418.67,1429.89,11652.03
2026-08-04 23:45:00,1429.89,1438.13,1426.27,1435.89,17772.92
2026-08-05 00:00:00,1435.88,1444.61,1416.8,1433.12,42665.11
2026-08-05 00:15:00,1433.12,1437.13,1424.42,1435.63,18316.09
2026-08-05 00:30:00,1435.65,1439.09,1425.6,1426.67,14532.16
2026-08-05 00:45:00,1426.57,1428.68,1413.83,1421.65,19594.4
2026-08-05 01:00:00,1421.66,1421.99,1408.12,1414.22,19285.13
2026-08-05 01:15:00,1414.22,1414.99,1400.81,1411.73,26101.64
2026-08-05 01:30:00,1411.73,1420.93,1409.21,1418.51,18995.27
2026-08-05 01:45:00,1418.52,1429.38,1418.44,1424.68,17820.81
2026-08-05 02:00:00,1424.7,1429.65,1418.66,1419.12,12414.65
2026-08-05 02:15:00,1419.12,1421.26,1414.1,1417.19,9214.92
2026-08-05 02:30:00,1417.16,1421.84,1413.74,1415.32,7385.65
2026-08-05 02:45:00,1415.31,1423.3,1414.64,1417.74,8178.5
2026-08-05 03:00:00,1417.74,1427.0,1417.44,1426.32,8733.69
2026-08-05 03:15:00,1426.28,1426.67,1419.65,1420.34,6811.26
2026-08-05 03:30:00,1420.39,1427.84,1419.73,1427.01,7776.45
2026-08-05 03:45:00,1427.02,1429.92,1424.0,1427.62,10011.2
2026-08-05 04:00:00,1427.63,1439.34,1426.23,1435.21,15926.26
2026-08-05 04:15:00,1435.21,1437.18,1428.06,1430.18,10260.45
2026-08-05 04:30:00,1430.18,1438.3,1429.71,1436.58,7803.72
2026-08-05 04:45:00,1436.59,1443.0,1435.0,1442.8,14456.27
2026-08-05 05:00:00,1442.81,1483.0,1441.61,1467.69,90632.86
2026-08-05 05:15:00,1467.7,1474.4,1465.0,1466.11,25220.96
2026-08-05 05:30:00,1466.1,1467.84,1455.0,1456.95,22278.13
2026-08-05 05:45:00,1456.94,1469.0,1452.34,1466.16,19586.72
2026-08-05 06:00:00,1466.15,1468.48,1460.72,1461.03,12259.28
2026-08-05 06:15:00,1461.03,1462.27,1447.17,1449.87,24845.72
2026-08-05 06:30:00,1449.78,1455.9,1442.6,1443.7,19376.15
2026-08-05 06:45:00,1443.69,1453.18,1443.69,1450.46,11129.42
2026-08-05 07:00:00,1450.49,1459.93,1447.0,1449.2,14768.65
2026-08-05 07:15:00,1449.2,1450.59,1436.77,1437.27,19556.64
2026-08-05 07:30:00,1437.28,1441.52,1432.45,1438.12,18137.98
2026-08-05 07:45:00,1438.12,1446.54,1437.08,1444.65,14146.55
2026-08-05 08:00:00,1444.64,1455.0,1432.66,1433.46,35769.86
2026-08-05 08:15:00,1433.45,1433.66,1409.0,1418.16,67259.48
2026-08-05 08:30:00,1418.13,1419.76,1401.11,1406.24,56539.72
2026-08-05 08:45:00,1406.23,1416.68,1402.0,1414.49,33320.09
2026-08-05 09:00:00,1414.41,1419.67,1409.01,1409.4,24822.75
2026-08-05 09:15:00,1409.39,1414.73,1405.71,1413.08,17076.11
2026-08-05 09:30:00,1413.12,1426.0,1412.25,1424.48,25023.22
2026-08-05 09:45:00,1424.47,1425.15,1415.75,1417.9,12578.74
2026-08-05 10:00:00,1417.85,1420.44,1409.12,1410.17,22275.86
2026-08-05 10:15:00,1410.09,1415.76,1408.32,1410.1,14094.58
2026-08-05 10:30:00,1410.17,1412.69,1403.56,1408.79,14210.32
2026-08-05 10:45:00,1408.76,1410.85,1384.26,1397.64,63261.49
2026-08-05 11:00:00,1397.64,1408.16,1396.7,1405.16,25525.78
2026-08-05 11:15:00,1405.16,1412.94,1402.41,1409.39,19455.36
2026-08-05 11:30:00,1409.37,1419.08,1406.73,1411.58,23852.81
2026-08-05 11:45:00,1411.55,1417.3,1397.36,1404.29,29575.88
2026-08-05 12:00:00,1404.28,1407.36,1394.88,1406.47,24547.72
2026-08-05 12:15:00,1406.46,1417.9,1399.29,1417.25,28783.67
2026-08-05 12:30:00,1417.2,1418.89,1404.03,1412.55,26401.69
2026-08-05 12:45:00,1412.49,1415.1,1405.92,1409.14,17241.74
2026-08-05 13:00:00,1409.19,1412.54,1398.09,1400.1,16751.66
2026-08-05 13:15:00,1400.02,1415.71,1390.42,1402.44,54041.82
2026-08-05 13:30:00,1402.36,1429.49,1371.45,1426.83,256033.37
2026-08-05 13:45:00,1426.9,1442.0,1416.49,1438.08,154496.58
2026-08-05 14:00:00,1438.07,1438.07,1407.73,1418.15,87051.9
2026-08-05 14:15:00,1418.14,1423.0,1390.97,1398.24,77709.22
2026-08-05 14:30:00,1398.14,1398.74,1365.15,1380.84,126871.76
2026-08-05 14:45:00,1380.92,1398.81,1375.33,1394.2,76064.74
2026-08-05 15:00:00,1394.22,1416.0,1391.4,1406.36,62769.61
2026-08-05 15:15:00,1406.36,1420.95,1402.48,1416.02,44722.81
2026-08-05 15:30:00,1416.02,1427.59,1408.51,1409.86,48777.97
2026-08-05 15:45:00,1409.86,1416.12,1398.2,1405.79,40810.64
2026-08-05 16:00:00,1405.71,1412.06,1403.63,1410.29,25708.45
2026-08-05 16:15:00,1410.29,1428.66,1408.51,1427.86,34582.47
2026-08-05 16:30:00,1427.87,1429.39,1416.4,1417.35,30656.31
2026-08-05 16:45:00,1417.36,1424.42,1415.64,1421.9,18763.84
2026-08-05 17:00:00,1421.93,1424.1,1410.55,1411.33,19803.12
2026-08-05 17:15:00,1411.34,1420.43,1408.52,1417.48,14701.78
2026-08-05 17:30:00,1417.49,1422.52,1412.82,1418.39,14695.57
2026-08-05 17:45:00,1418.34,1423.33,1414.22,1417.64,12924.91
2026-08-05 18:00:00,1417.64,1419.38,1410.14,1410.71,10946.64
2026-08-05 18:15:00,1410.76,1419.11,1410.32,1416.0,19489.87
2026-08-05 18:30:00,1416.04,1416.04,1400.34,1404.17,23555.62
2026-08-05 18:45:00,1404.17,1408.9,1396.32,1399.92,18189.05
2026-08-05 19:00:00,1399.9,1410.99,1399.73,1408.67,12790.61
2026-08-05 19:15:00,1408.71,1409.69,1389.51,1392.29,19817.73
2026-08-05 19:30:00,1392.32,1395.15,1376.61,1379.87,38287.06
2026-08-05 19:45:00,1379.88,1382.24,1350.0,1353.63,89104.35
2026-08-05 20:00:00,1353.66,1389.63,1256.12,1313.07,634465.6
2026-08-05 20:15:00,1313.18,1344.0,1279.27,1312.94,240543.39
2026-08-05 20:30:00,1312.92,1317.98,1296.63,1306.57,101917.41
2026-08-05 20:45:00,1306.56,1312.54,1278.17,1306.54,100219.14
2026-08-05 21:00:00,1306.56,1312.5,1295.29,1300.1,45240.52
2026-08-05 21:15:00,1300.06,1300.39,1266.82,1274.68,70058.55
2026-08-05 21:30:00,1274.67,1280.69,1256.1,1258.04,59674.24
2026-08-05 21:45:00,1258.04,1274.46,1256.2,1268.54,24666.86
2026-08-05 22:00:00,1268.55,1277.62,1258.18,1264.75,28733.43
2026-08-05 22:15:00,1264.75,1286.66,1264.12,1283.37,28635.6
2026-08-05 22:30:00,1283.45,1290.0,1281.48,1283.83,21094.15
2026-08-05 22:45:00,1283.78,1284.08,1268.9,1270.68,21273.56
2026-08-05 23:00:00,1270.66,1274.23,1266.01,1272.2,18038.39
2026-08-05 23:15:00,1272.26,1272.64,1250.08,1254.2,27335.66
2026-08-05 23:30:00,1254.33,1259.94,1250.01,1254.6,24998.66
2026-08-05 23:45:00,1254.55,1258.93,1242.22,1247.47,35392.03
2026-08-06 00:00:00,1247.49,1268.78,1247.24,1262.2,52907.72
2026-08-06 00:15:00,1262.21,1268.81,1254.08,1255.58,24233.33
2026-08-06 00:30:00,1255.59,1257.14,1236.12,1245.66,43051.84
2026-08-06 00:45:00,1245.67,1255.81,1242.33,1247.28,29609.92
2026-08-06 01:00:00,1247.26,1257.92,1239.34,1252.48,34196.6
2026-08-06 01:15:00,1252.43,1252.44,1227.04,1230.82,39784.89
2026-08-06 01:30:00,1230.84,1245.0,1229.61,1240.45,43902.42
2026-08-06 01:45:00,1240.41,1253.16,1240.13,1247.8,38939.55
2026-08-06 02:00:00,1247.8,1253.88,1242.63,1253.48,24961.94
2026-08-06 02:15:00,1253.49,1255.99,1248.34,1248.34,23900.59
2026-08-06 02:30:00,1248.33,1254.09,1245.73,1250.24,21997.45
2026-08-06 02:45:00,1250.32,1250.39,1241.46,1244.69,26259.95
2026-08-06 03:00:00,1244.7,1249.49,1242.63,1247.52,17411.88
2026-08-06 03:15:00,1247.53,1248.38,1235.26,1237.59,18747.45
2026-08-06 03:30:00,1237.59,1245.22,1237.01,1242.19,15880.4
2026-08-06 03:45:00,1242.2,1247.28,1239.66,1246.44,11843.27
2026-08-06 04:00:00,1246.45,1246.92,1237.66,1243.11,13885.92
2026-08-06 04:15:00,1243.09,1248.79,1241.14,1247.19,15886.42
2026-08-06 04:30:00,1247.19,1249.65,1237.01,1238.22,18713.4
2026-08-06 04:45:00,1238.21,1241.35,1231.49,1241.2,22466.04
2026-08-06 05:00:00,1241.19,1250.62,1239.52,1245.09,24971.73
2026-08-06 05:15:00,1245.09,1247.62,1239.25,1240.12,13597.56
2026-08-06 05:30:00,1240.11,1241.01,1235.5,1239.72,16885.46
2026-08-06 05:45:00,1239.73,1239.84,1232.19,1239.58,15330.91
2026-08-06 06:00:00,1239.58,1239.65,1227.45,1229.89,24385.76
2026-08-06 06:15:00,1229.89,1242.93,1229.37,1242.06,23240.66
2026-08-06 06:30:00,1242.06,1246.13,1238.42,1243.32,27964.0
2026-08-06 06:45:00,1243.32,1244.0,1240.33,1242.94,10821.1
2026-08-06 07:00:00,1242.93,1244.37,1236.53,1243.48,17915.72
2026-08-06 07:15:00,1243.47,1246.88,1240.35,1241.0,14942.98
2026-08-06 07:30:00,1241.0,1242.24,1234.4,1237.64,15343.36
2026-08-06 07:45:00,1237.62,1237.89,1233.51,1235.39,11864.92
2026-08-06 08:00:00,1235.39,1243.0,1220.55,1224.52,69683.76
2026-08-06 08:15:00,1224.48,1242.19,1217.04,1241.53,56221.4
2026-08-06 08:30:00,1241.52,1253.69,1238.8,1242.93,61160.59
2026-08-06 08:45:00,1242.9,1246.14,1235.02,1240.35,23504.28
2026-08-06 09:00:00,1240.34,1240.39,1226.6,1230.06,39030.2
2026-08-06 09:15:00,1230.08,1233.18,1225.16,1231.77,23569.38
2026-08-06 09:30:00,1231.76,1233.0,1228.54,1231.03,13658.98
2026-08-06 09:45:00,1231.04,1236.49,1226.28,1235.51,17977.19
2026-08-06 10:00:00,1235.5,1238.56,1227.18,1229.48,18901.6
2026-08-06 10:15:00,1229.48,1233.92,1227.33,1230.61,15362.03
2026-08-06 10:30:00,1230.6,1230.75,1222.4,1223.6,17454.51
2026-08-06 10:45:00,1223.6,1226.68,1211.44,1216.33,43987.67
2026-08-06 11:00:00,1216.33,1217.55,1195.52,1208.89,77517.41
2026-08-06 11:15:00,1208.89,1225.5,1208.64,1220.13,46915.72
2026-08-06 11:30:00,1220.18,1229.08,1219.65,1225.04,29220.84
2026-08-06 11:45:00,1225.05,1227.28,1217.4,1226.07,18306.98
2026-08-06 12:00:00,1226.07,1228.4,1207.84,1207.91,32034.13
2026-08-06 12:15:00,1207.91,1214.82,1201.51,1213.87,28331.56
2026-08-06 12:30:00,1213.88,1224.0,1211.01,1218.79,29861.57
2026-08-06 12:45:00,1218.78,1223.73,1211.43,1214.38,26301.49
2026-08-06 13:00:00,1214.37,1216.89,1198.88,1198.92,35999.16
2026-08-06 13:15:00,1198.95,1207.13,1174.25,1177.2,111225.79
2026-08-06 13:30:00,1177.19,1251.98,1168.08,1246.98,329398.77
2026-08-06 13:45:00,1246.98,1278.56,1236.95,1276.9,205914.86
2026-08-06 14:00:00,1277.01,1295.96,1260.1,1287.78,156176.61
2026-08-06 14:15:00,1287.78,1295.96,1263.61,1265.62,148769.47
2026-08-06 14:30:00,1265.59,1280.54,1253.67,1265.37,113932.07
2026-08-06 14:45:00,1265.32,1279.29,1257.36,1277.8,72148.95
2026-08-06 15:00:00,1277.8,1324.26,1276.88,1315.63,168959.46
2026-08-06 15:15:00,1315.64,1321.13,1305.28,1313.86,93518.19
2026-08-06 15:30:00,1313.9,1318.0,1293.55,1295.77,72929.1
2026-08-06 15:45:00,1295.76,1313.5,1282.68,1284.4,64518.38
2026-08-06 16:00:00,1284.36,1293.62,1276.88,1280.67,69970.75
2026-08-06 16:15:00,1280.67,1285.58,1268.14,1276.9,69249.56
2026-08-06 16:30:00,1276.9,1287.63,1269.4,1279.56,46160.74
2026-08-06 16:45:00,1279.53,1298.35,1278.76,1294.26,51424.07
2026-08-06 17:00:00,1294.26,1299.8,1284.67,1286.43,31706.66
2026-08-06 17:15:00,1286.47,1296.62,1277.08,1292.58,40614.96
2026-08-06 17:30:00,1292.46,1296.87,1278.85,1282.56,29828.04
2026-08-06 17:45:00,1282.57,1288.47,1280.15,1285.69,18596.27
2026-08-06 18:00:00,1285.68,1287.44,1276.36,1283.14,21544.41
2026-08-06 18:15:00,1283.16,1297.3,1271.0,1286.97,58419.95
2026-08-06 18:30:00,1287.0,1289.56,1282.31,1285.63,22093.87
2026-08-06 18:45:00,1285.67,1290.5,1276.71,1280.33,20692.27
2026-08-06 19:00:00,1280.34,1294.0,1278.81,1280.85,28704.58
2026-08-06 19:15:00,1280.85,1287.86,1278.0,1283.73,22368.51
2026-08-06 19:30:00,1283.72,1290.53,1277.0,1279.11,23768.49
2026-08-06 19:45:00,1279.1,1283.41,1256.38,1259.9,70372.39
2026-08-06 20:00:00,1259.93,1265.79,1240.06,1254.66,67610.97
2026-08-06 20:15:00,1254.59,1256.85,1249.11,1253.66,17665.21
2026-08-06 20:30:00,1253.58,1266.84,1252.13,1264.38,16967.97
2026-08-06 20:45:00,1264.38,1267.5,1261.9,1266.76,9877.74
2026-08-06 21:00:00,1266.77,1284.07,1266.26,1278.52,29233.1
2026-08-06 21:15:00,1278.4,1278.52,1272.28,1276.43,10346.28
2026-08-06 21:30:00,1276.43,1276.43,1271.37,1272.58,5413.43
2026-08-06 21:45:00,1272.58,1275.1,1270.73,1272.54,2809.8
2026-08-06 22:00:00,1272.54,1282.73,1270.5,1281.89,9850.22
2026-08-06 22:15:00,1281.87,1283.37,1274.04,1275.36,8936.27
2026-08-06 22:30:00,1275.39,1278.87,1274.54,1278.0,4357.95
2026-08-06 22:45:00,1278.02,1280.0,1277.53,1279.28,3243.71
2026-08-06 23:00:00,1279.28,1279.28,1272.12,1275.56,6955.93
2026-08-06 23:15:00,1275.56,1278.44,1272.96,1276.06,5568.55
2026-08-06 23:30:00,1276.05,1279.44,1275.15,1277.68,4841.12
2026-08-06 23:45:00,1277.64,1278.69,1275.65,1277.36,3587.38
2026-08-07 00:00:00,1277.4,1289.0,1273.0,1275.86,22537.07
2026-08-07 00:15:00,1275.71,1276.04,1263.98,1269.7,22225.18
2026-08-07 00:30:00,1269.68,1276.38,1264.68,1270.34,12534.04
2026-08-07 00:45:00,1270.25,1273.29,1264.88,1272.7,9648.41
2026-08-07 01:00:00,1272.71,1274.44,1262.91,1263.79,13353.71
2026-08-07 01:15:00,1263.8,1263.97,1254.09,1258.75,20986.89
2026-08-07 01:30:00,1258.73,1264.8,1252.67,1256.01,13209.42
2026-08-07 01:45:00,1256.01,1259.28,1253.59,1257.47,10577.87
2026-08-07 02:00:00,1257.51,1262.1,1254.94,1260.52,9299.86
2026-08-07 02:15:00,1260.53,1264.39,1260.09,1262.16,8719.57
2026-08-07 02:30:00,1262.15,1264.0,1259.55,1261.65,8291.94
2026-08-07 02:45:00,1261.66,1271.2,1261.42,1270.08,9823.21
2026-08-07 03:00:00,1270.07,1273.7,1268.7,1270.5,8581.49
2026-08-07 03:15:00,1270.52,1270.95,1263.59,1266.82,6918.19
2026-08-07 03:30:00,1266.82,1270.17,1262.69,1264.68,4125.35
2026-08-07 03:45:00,1264.69,1268.03,1260.67,1261.11,5261.21
2026-08-07 04:00:00,1261.12,1265.38,1260.18,1262.9,4748.12
2026-08-07 04:15:00,1262.89,1267.27,1259.76,1263.42,5661.13
2026-08-07 04:30:00,1263.43,1265.0,1260.01,1260.16,4046.21
2026-08-07 04:45:00,1260.16,1260.65,1255.68,1260.25,6770.06
2026-08-07 05:00:00,1260.28,1269.76,1260.04,1266.52,10504.71
2026-08-07 05:15:00,1266.49,1268.28,1265.21,1265.87,5251.31
2026-08-07 05:30:00,1265.86,1267.0,1262.96,1265.87,6192.8
2026-08-07 05:45:00,1265.87,1276.33,1264.78,1273.0,15402.06
2026-08-07 06:00:00,1273.0,1274.56,1270.59,1272.85,9834.53
2026-08-07 06:15:00,1272.85,1277.29,1272.74,1277.13,8346.51
2026-08-07 06:30:00,1277.13,1283.17,1271.28,1271.63,27228.61
2026-08-07 06:45:00,1271.68,1272.37,1268.04,1269.04,9506.77
2026-08-07 07:00:00,1269.04,1286.0,1266.68,1284.56,25190.2
2026-08-07 07:15:00,1284.56,1286.22,1280.41,1281.73,16158.94
2026-08-07 07:30:00,1281.73,1283.68,1279.47,1281.98,10754.16
2026-08-07 07:45:00,1281.93,1285.91,1280.98,1285.52,8106.05
2026-08-07 08:00:00,1285.46,1297.11,1284.04,1296.63,47077.63
2026-08-07 08:15:00,1296.67,1312.28,1292.31,1308.76,50627.7
2026-08-07 08:30:00,1308.76,1311.04,1302.0,1303.38,25504.67
2026-08-07 08:45:00,1303.38,1308.22,1298.85,1303.73,18930.96
2026-08-07 09:00:00,1303.73,1306.91,1301.07,1305.91,14091.21
2026-08-07 09:15:00,1305.9,1307.16,1301.31,1303.04,10858.24
2026-08-07 09:30:00,1303.0,1306.08,1294.61,1298.99,16963.48
2026-08-07 09:45:00,1298.98,1301.13,1293.5,1294.88,12945.99
2026-08-07 10:00:00,1294.84,1297.34,1292.53,1294.1,11354.83
2026-08-07 10:15:00,1294.11,1296.86,1290.0,1296.58,17719.08
2026-08-07 10:30:00,1296.54,1296.84,1291.15,1292.33,16436.99
2026-08-07 10:45:00,1292.29,1294.57,1285.07,1285.83,18907.36
2026-08-07 11:00:00,1285.82,1297.6,1285.74,1294.8,15836.99
2026-08-07 11:15:00,1294.79,1295.99,1289.35,1291.64,12470.01
2026-08-07 11:30:00,1291.64,1293.23,1287.01,1291.55,9713.64
2026-08-07 11:45:00,1291.56,1293.03,1286.34,1287.4,7715.16
2026-08-07 12:00:00,1287.4,1300.66,1286.43,1297.46,20375.6
2026-08-07 12:15:00,1297.44,1307.49,1285.14,1296.01,39376.39
2026-08-07 12:30:00,1295.95,1321.58,1290.18,1318.93,102152.66
2026-08-07 12:45:00,1318.93,1328.99,1314.54,1318.24,58917.79
2026-08-07 13:00:00,1318.25,1319.88,1308.91,1311.77,42983.51
2026-08-07 13:15:00,1311.77,1319.52,1306.35,1311.33,40237.72
2026-08-07 13:30:00,1311.39,1312.39,1247.63,1266.55,319753.9
2026-08-07 13:45:00,1266.55,1268.33,1216.87,1224.97,203797.75
2026-08-07 14:00:00,1224.97,1227.59,1186.61,1193.75,240434.31
2026-08-07 14:15:00,1193.75,1220.68,1192.54,1209.4,149054.69
2026-08-07 14:30:00,1209.4,1210.32,1194.21,1197.23,89838.28
2026-08-07 14:45:00,1197.18,1210.4,1195.44,1204.96,64892.73
2026-08-07 15:00:00,1204.93,1226.3,1202.79,1220.49,74495.11
2026-08-07 15:15:00,1220.53,1239.03,1214.59,1237.5,85614.69
2026-08-07 15:30:00,1237.47,1245.32,1225.5,1231.91,94327.57
2026-08-07 15:45:00,1231.8,1237.68,1225.55,1232.96,39696.79
2026-08-07 16:00:00,1232.91,1246.73,1229.17,1236.22,51678.88
2026-08-07 16:15:00,1236.24,1241.5,1220.11,1227.0,55056.97
2026-08-07 16:30:00,1226.94,1236.66,1220.01,1230.45,31718.97
2026-08-07 16:45:00,1230.51,1235.52,1229.06,1232.05,16266.0
2026-08-07 17:00:00,1232.11,1236.29,1226.29,1227.19,21961.11
2026-08-07 17:15:00,1227.19,1237.13,1226.44,1233.87,16207.13
2026-08-07 17:30:00,1233.85,1235.46,1229.18,1232.0,12189.93
2026-08-07 17:45:00,1232.02,1233.61,1227.63,1228.69,12960.79
2026-08-07 18:00:00,1228.7,1232.18,1223.18,1225.39,12592.81
2026-08-07 18:15:00,1225.4,1231.02,1224.35,1225.4,10537.89
2026-08-07 18:30:00,1225.46,1232.62,1223.46,1223.74,10953.84
2026-08-07 18:45:00,1223.68,1232.3,1223.37,1231.12,8798.68
2026-08-07 19:00:00,1231.14,1235.99,1227.87,1227.91,13319.64
2026-08-07 19:15:00,1227.93,1230.01,1223.53,1226.02,11137.1
2026-08-07 19:30:00,1225.96,1226.12,1212.5,1213.97,31017.43
2026-08-07 19:45:00,1213.97,1220.18,1210.86,1214.56,28360.93
2026-08-07 20:00:00,1214.58,1220.07,1208.5,1219.0,14885.47
2026-08-07 20:15:00,1219.08,1220.11,1214.52,1216.71,6355.7
2026-08-07 20:30:00,1216.77,1217.89,1214.07,1215.47,5908.23
2026-08-07 20:45:00,1215.46,1219.63,1215.0,1219.12,4883.45
2026-08-07 21:00:00,1219.15,1219.48,1213.61,1214.23,3798.75
2026-08-07 21:15:00,1214.31,1215.44,1212.15,1212.83,3776.93
2026-08-07 21:30:00,1212.83,1214.5,1212.49,1213.52,1709.71
2026-08-07 21:45:00,1213.52,1215.26,1212.81,1214.03,1562.95
2026-08-07 22:00:00,1214.02,1215.47,1213.29,1213.96,2148.65
2026-08-07 22:15:00,1213.96,1213.97,1209.53,1211.38,3942.16
2026-08-07 22:30:00,1211.38,1213.92,1211.32,1213.73,1774.86
2026-08-07 22:45:00,1213.73,1214.85,1213.53,1214.08,1327.35
2026-08-07 23:00:00,1214.09,1216.35,1211.43,1216.04,3080.99
2026-08-07 23:15:00,1216.03,1216.93,1213.85,1216.7,2262.26
2026-08-07 23:30:00,1216.71,1219.11,1215.91,1218.14,2135.02
2026-08-07 23:45:00,1218.13,1220.73,1217.77,1220.68,2901.19
2026-08-08 00:00:00,1220.57,1222.78,1217.5,1219.03,6103.47
2026-08-08 00:15:00,1219.06,1220.1,1216.74,1219.44,2035.28
2026-08-08 00:30:00,1219.44,1220.3,1217.57,1218.06,2586.46
2026-08-08 00:45:00,1218.07,1219.22,1216.44,1218.27,1720.38
2026-08-08 01:00:00,1218.28,1219.58,1216.63,1219.28,1592.26
2026-08-08 01:15:00,1219.28,1219.28,1216.83,1218.02,1479.85
2026-08-08 01:30:00,1218.04,1219.45,1217.86,1218.8,1901.46
2026-08-08 01:45:00,1218.81,1220.81,1218.03,1219.92,2526.44
2026-08-08 02:00:00,1219.91,1220.95,1218.13,1218.45,2657.39
2026-08-08 02:15:00,1218.43,1219.97,1218.0,1219.92,1816.11
2026-08-08 02:30:00,1219.91,1220.3,1217.0,1217.75,3170.0
2026-08-08 02:45:00,1217.75,1218.09,1217.11,1218.05,1717.3
2026-08-08 03:00:00,1218.01,1219.02,1217.42,1217.83,1743.12
2026-08-08 03:15:00,1217.84,1218.04,1216.14,1216.93,2816.46
2026-08-08 03:30:00,1216.94,1217.29,1215.11,1215.16,2648.72
2026-08-08 03:45:00,1215.12,1217.39,1213.37,1217.0,2497.76
2026-08-08 04:00:00,1217.0,1218.59,1215.33,1215.68,2753.36
2026-08-08 04:15:00,1215.69,1215.85,1214.45,1215.09,2326.48
2026-08-08 04:30:00,1215.06,1215.62,1214.6,1214.99,2462.11
2026-08-08 04:45:00,1215.0,1215.0,1213.33,1214.37,2318.03
2026-08-08 05:00:00,1214.38,1215.65,1213.4,1215.57,1803.88
2026-08-08 05:15:00,1215.57,1215.88,1212.36,1212.68,2269.64
2026-08-08 05:30:00,1212.69,1213.47,1210.52,1211.0,3402.12
2026-08-08 05:45:00,1211.0,1213.3,1210.55,1211.68,2748.38
2026-08-08 06:00:00,1211.68,1213.25,1211.07,1212.74,1746.61
2026-08-08 06:15:00,1212.75,1212.89,1211.4,1212.16,1309.17
2026-08-08 06:30:00,1212.19,1213.37,1211.63,1212.26,1886.17
2026-08-08 06:45:00,1212.25,1212.7,1211.57,1212.17,846.19
2026-08-08 07:00:00,1212.17,1212.93,1212.02,1212.21,717.22
2026-08-08 07:15:00,1212.21,1213.0,1211.85,1212.17,868.69
2026-08-08 07:30:00,1212.19,1212.7,1211.67,1212.17,1079.08
2026-08-08 07:45:00,1212.17,1215.0,1212.17,1213.82,1824.45
2026-08-08 08:00:00,1213.82,1213.82,1212.3,1213.22,1302.49
2026-08-08 08:15:00,1213.25,1214.16,1212.26,1212.31,1109.6
2026-08-08 08:30:00,1212.3,1212.81,1211.65,1212.13,1654.97
2026-08-08 08:45:00,1212.13,1213.2,1212.06,1212.66,1815.96
2026-08-08 09:00:00,1212.65,1213.5,1212.57,1213.12,1283.71
2026-08-08 09:15:00,1213.12,1213.56,1212.61,1212.61,1113.82
2026-08-08 09:30:00,1212.61,1213.0,1211.67,1212.35,1715.83
2026-08-08 09:45:00,1212.35,1212.72,1212.0,1212.15,569.23
2026-08-08 10:00:00,1212.15,1213.5,1211.88,1212.88,1257.18
2026-08-08 10:15:00,1212.88,1215.8,1212.77,1214.63,2704.61
2026-08-08 10:30:00,1214.62,1215.8,1213.87,1214.28,1462.43
2026-08-08 10:45:00,1214.28,1215.34,1213.9,1214.54,1171.89
2026-08-08 11:00:00,1214.55,1216.4,1214.25,1215.99,1235.84
2026-08-08 11:15:00,1216.03,1216.7,1214.59,1214.87,938.8
2026-08-08 11:30:00,1214.88,1215.29,1214.11,1214.3,890.68
2026-08-08 11:45:00,1214.33,1214.94,1214.22,1214.56,403.04
2026-08-08 12:00:00,1214.56,1215.16,1213.82,1214.97,827.51
2026-08-08 12:15:00,1214.97,1215.57,1213.48,1214.07,787.09
2026-08-08 12:30:00,1214.08,1215.89,1214.06,1215.41,1000.22
2026-08-08 12:45:00,1215.4,1216.04,1214.86,1215.57,876.4
2026-08-08 13:00:00,1215.57,1222.19,1215.04,1219.62,4458.53
2026-08-08 13:15:00,1219.62,1221.09,1217.45,1218.95,4012.7
2026-08-08 13:30:00,1218.95,1219.21,1216.93,1217.74,2530.52
2026-08-08 13:45:00,1217.74,1218.87,1217.06,1218.52,1200.65
2026-08-08 14:00:00,1218.52,1220.57,1217.55,1218.94,2036.3
2026-08-08 14:15:00,1218.94,1219.1,1217.58,1217.97,2195.9
2026-08-08 14:30:00,1217.98,1218.78,1216.23,1217.31,3131.03
2026-08-08 14:45:00,1217.32,1218.28,1215.05,1216.52,1740.27
2026-08-08 15:00:00,1216.51,1216.97,1214.46,1215.64,1798.24
2026-08-08 15:15:00,1215.68,1217.0,1215.32,1216.98,1441.42
2026-08-08 15:30:00,1216.99,1218.4,1216.63,1218.36,1763.92
2026-08-08 15:45:00,1218.33,1218.78,1216.76,1217.73,772.66
2026-08-08 16:00:00,1217.74,1218.75,1216.27,1218.1,1148.98
2026-08-08 16:15:00,1218.1,1219.14,1217.04,1218.12,1093.2
2026-08-08 16:30:00,1218.12,1218.71,1217.69,1218.63,593.33
2026-08-08 16:45:00,1218.62,1220.19,1218.53,1220.0,1581.77
2026-08-08 17:00:00,1220.0,1220.95,1219.29,1220.88,1307.54
2026-08-08 17:15:00,1220.88,1220.89,1218.74,1219.27,1098.83
2026-08-08 17:30:00,1219.26,1222.91,1218.57,1221.45,2609.97
2026-08-08 17:45:00,1221.44,1222.11,1220.2,1220.66,1916.03
2026-08-08 18:00:00,1220.69,1221.06,1218.74,1218.96,1234.48
2026-08-08 18:15:00,1218.99,1219.56,1217.67,1218.14,1211.59
2026-08-08 18:30:00,1218.13,1218.14,1216.79,1217.37,1188.94
2026-08-08 18:45:00,1217.36,1217.6,1216.04,1216.54,871.78
2026-08-08 19:00:00,1216.51,1217.87,1216.51,1217.75,630.83
2026-08-08 19:15:00,1217.75,1217.83,1217.08,1217.49,511.85
2026-08-08 19:30:00,1217.5,1220.34,1217.4,1218.92,1098.39
2026-08-08 19:45:00,1218.91,1219.5,1218.42,1218.67,391.28
2026-08-08 20:00:00,1218.67,1219.35,1218.67,1218.92,357.42
2026-08-08 20:15:00,1218.91,1220.5,1218.91,1220.14,429.12
2026-08-08 20:30:00,1220.14,1220.14,1219.21,1219.31,474.63
2026-08-08 20:45:00,1219.3,1220.54,1219.03,1220.39,822.89
2026-08-08 21:00:00,1220.35,1220.71,1219.28,1219.28,356.42
2026-08-08 21:15:00,1219.28,1220.8,1219.28,1220.29,628.26
2026-08-08 21:30:00,1220.34,1220.99,1220.18,1220.51,315.92
2026-08-08 21:45:00,1220.51,1220.65,1219.41,1220.27,683.74
2026-08-08 22:00:00,1220.28,1220.8,1219.28,1219.56,586.96
2026-08-08 22:15:00,1219.51,1220.32,1219.5,1220.07,437.87
2026-08-08 22:30:00,1220.08,1221.17,1220.0,1220.77,758.62
2026-08-08 22:45:00,1220.8,1221.8,1220.73,1221.39,620.78
2026-08-08 23:00:00,1221.39,1222.35,1220.66,1220.68,549.63
2026-08-08 23:15:00,1220.67,1221.05,1219.2,1219.82,573.24
2026-08-08 23:30:00,1219.82,1220.31,1219.15,1220.12,608.03
2026-08-08 23:45:00,1220.12,1221.0,1218.93,1221.0,698.6
2026-08-09 00:00:00,1221.0,1221.39,1219.95,1221.06,826.72
2026-08-09 00:15:00,1221.06,1221.54,1220.59,1221.09,704.36
2026-08-09 00:30:00,1221.13,1222.94,1221.05,1222.21,826.08
2026-08-09 00:45:00,1222.2,1222.5,1220.96,1220.96,1074.39
2026-08-09 01:00:00,1220.96,1223.65,1220.89,1223.34,2062.81
2026-08-09 01:15:00,1223.35,1223.35,1221.02,1221.3,1234.34
2026-08-09 01:30:00,1221.27,1221.83,1219.21,1219.42,1966.48
2026-08-09 01:45:00,1219.45,1220.14,1218.81,1219.9,1916.82
2026-08-09 02:00:00,1219.91,1220.63,1219.44,1220.51,744.58
2026-08-09 02:15:00,1220.5,1220.57,1219.92,1220.55,513.14
2026-08-09 02:30:00,1220.55,1220.89,1219.6,1220.35,537.84
2026-08-09 02:45:00,1220.36,1220.86,1219.57,1220.45,696.99
2026-08-09 03:00:00,1220.46,1220.75,1219.8,1220.01,804.86
2026-08-09 03:15:00,1220.05,1220.8,1219.66,1220.61,633.75
2026-08-09 03:30:00,1220.61,1221.0,1220.16,1220.88,979.82
2026-08-09 03:45:00,1220.92,1222.57,1220.91,1222.33,603.78
2026-08-09 04:00:00,1222.34,1222.94,1221.68,1221.77,1109.78
2026-08-09 04:15:00,1221.82,1221.87,1221.5,1221.81,237.45
2026-08-09 04:30:00,1221.83,1221.86,1221.48,1221.7,261.5
2026-08-09 04:45:00,1221.7,1223.07,1221.58,1221.99,849.06
2026-08-09 05:00:00,1221.93,1222.41,1221.54,1222.28,411.54
2026-08-09 05:15:00,1222.28,1222.88,1221.76,1222.79,489.39
2026-08-09 05:30:00,1222.79,1223.07,1222.48,1222.7,610.42
2026-08-09 05:45:00,1222.68,1227.42,1222.66,1225.11,2896.03
2026-08-09 06:00:00,1225.11,1227.3,1225.0,1227.0,1994.97
2026-08-09 06:15:00,1227.0,1227.0,1225.09,1225.78,675.33
2026-08-09 06:30:00,1225.78,1227.2,1225.55,1226.72,787.9
2026-08-09 06:45:00,1226.71,1226.8,1225.44,1226.02,609.25
2026-08-09 07:00:00,1226.02,1226.31,1222.45,1223.7,3044.44
2026-08-09 07:15:00,1223.69,1224.87,1222.56,1223.59,1415.09
2026-08-09 07:30:00,1223.59,1226.2,1221.4,1223.27,3670.12
2026-08-09 07:45:00,1223.27,1224.42,1222.82,1223.36,1015.28
2026-08-09 08:00:00,1223.37,1224.36,1223.37,1223.87,538.93
2026-08-09 08:15:00,1223.88,1223.99,1221.21,1221.47,1014.31
2026-08-09 08:30:00,1221.46,1221.46,1216.72,1217.09,2829.29
2026-08-09 08:45:00,1217.1,1218.71,1216.13,1217.43,2646.19
2026-08-09 09:00:00,1217.43,1218.4,1217.25,1218.09,1181.02
2026-08-09 09:15:00,1218.08,1219.44,1218.08,1218.36,1463.59
2026-08-09 09:30:00,1218.36,1220.0,1218.27,1219.82,858.57
2026-08-09 09:45:00,1219.91,1220.37,1219.13,1219.48,698.73
2026-08-09 10:00:00,1219.48,1219.99,1218.56,1218.77,895.67
2026-08-09 10:15:00,1218.75,1219.88,1218.68,1219.6,509.21
2026-08-09 10:30:00,1219.6,1220.23,1219.51,1219.9,492.27
2026-08-09 10:45:00,1219.9,1220.3,1219.72,1219.81,584.17
2026-08-09 11:00:00,1219.81,1220.01,1218.53,1219.81,471.18
2026-08-09 11:15:00,1219.81,1220.71,1219.67,1220.12,765.76
2026-08-09 11:30:00,1220.12,1220.85,1219.91,1220.39,624.45
2026-08-09 11:45:00,1220.39,1220.44,1219.52,1220.12,509.71
2026-08-09 12:00:00,1220.12,1220.35,1218.79,1219.73,893.57
2026-08-09 12:15:00,1219.73,1220.58,1219.66,1220.39,872.35
2026-08-09 12:30:00,1220.38,1220.42,1218.27,1219.14,1446.52
2026-08-09 12:45:00,1219.15,1220.61,1219.14,1220.21,893.92
2026-08-09 13:00:00,1220.21,1220.66,1219.56,1220.23,617.12
2026-08-09 13:15:00,1220.23,1221.59,1220.1,1220.88,1114.21
2026-08-09 13:30:00,1220.88,1222.35,1220.53,1220.64,1466.83
2026-08-09 13:45:00,1220.63,1220.9,1219.9,1220.2,1286.81
2026-08-09 14:00:00,1220.19,1222.09,1220.0,1221.96,641.97
2026-08-09 14:15:00,1221.96,1222.5,1221.63,1222.19,508.12
2026-08-09 14:30:00,1222.2,1222.54,1221.69,1222.16,725.03
2026-08-09 14:45:00,1222.16,1223.15,1221.57,1223.09,937.7
2026-08-09 15:00:00,1223.1,1225.27,1222.78,1223.86,1655.94
2026-08-09 15:15:00,1223.86,1224.56,1223.28,1223.81,1337.27
2026-08-09 15:30:00,1223.86,1224.44,1223.51,1224.38,798.56
2026-08-09 15:45:00,1224.38,1224.68,1223.5,1224.53,944.28
2026-08-09 16:00:00,1224.55,1224.69,1223.5,1223.72,621.12
2026-08-09 16:15:00,1223.76,1223.84,1223.01,1223.56,607.54
2026-08-09 16:30:00,1223.58,1224.62,1223.47,1224.55,698.09
2026-08-09 16:45:00,1224.56,1225.87,1224.55,1225.61,1015.44
2026-08-09 17:00:00,1225.6,1225.74,1224.56,1225.21,352.9
2026-08-09 17:15:00,1225.21,1225.72,1224.85,1225.63,409.66
2026-08-09 17:30:00,1225.63,1225.98,1225.51,1225.53,267.84
2026-08-09 17:45:00,1225.52,1235.79,1225.45,1231.63,7087.55
2026-08-09 18:00:00,1231.61,1235.8,1230.17,1232.77,3546.65
2026-08-09 18:15:00,1232.78,1232.93,1231.0,1231.47,583.01
2026-08-09 18:30:00,1231.47,1231.75,1230.63,1231.19,702.72
2026-08-09 18:45:00,1231.19,1233.49,1229.18,1229.54,1462.67
2026-08-09 19:00:00,1229.55,1231.63,1229.26,1231.15,634.27
2026-08-09 19:15:00,1231.15,1231.88,1230.48,1231.09,508.63
2026-08-09 19:30:00,1231.1,1233.1,1230.4,1232.47,577.97
2026-08-09 19:45:00,1232.47,1234.95,1232.39,1233.86,1481.94
2026-08-09 20:00:00,1233.91,1233.95,1231.31,1231.32,1541.23
2026-08-09 20:15:00,1231.32,1232.54,1230.6,1232.28,431.38
2026-08-09 20:30:00,1232.28,1233.0,1232.17,1232.81,397.64
2026-08-09 20:45:00,1232.81,1233.88,1232.32,1232.33,354.48
2026-08-09 21:00:00,1232.33,1232.98,1230.18,1232.83,952.8
2026-08-09 21:15:00,1232.83,1233.35,1231.72,1233.07,315.28
2026-08-09 21:30:00,1233.07,1233.94,1232.81,1233.62,278.86
2026-08-09 21:45:00,1233.62,1235.4,1231.0,1234.65,1524.99
2026-08-09 22:00:00,1234.64,1237.0,1231.15,1235.02,5834.68
2026-08-09 22:15:00,1234.96,1235.67,1230.14,1231.63,2982.09
2026-08-09 22:30:00,1231.66,1232.08,1225.56,1226.58,5317.52
2026-08-09 22:45:00,1226.59,1227.94,1225.01,1227.79,2795.91
2026-08-09 23:00:00,1227.85,1232.24,1226.65,1227.48,4091.69
2026-08-09 23:15:00,1227.51,1227.51,1221.5,1223.68,4943.09
2026-08-09 23:30:00,1223.67,1227.49,1220.63,1225.2,3968.41
2026-08-09 23:45:00,1225.21,1227.26,1222.2,1223.98,4105.52
2026-08-10 00:00:00,1223.92,1239.57,1211.45,1236.48,39863.74
2026-08-10 00:15:00,1236.47,1236.6,1222.1,1227.19,19044.91
2026-08-10 00:30:00,1227.2,1228.95,1216.44,1216.94,14520.79
2026-08-10 00:45:00,1217.0,1224.46,1216.96,1217.86,10744.97
2026-08-10 01:00:00,1217.8,1222.56,1212.23,1222.51,11061.26
2026-08-10 01:15:00,1222.54,1224.49,1219.86,1221.54,5658.79
2026-08-10 01:30:00,1221.51,1222.13,1215.47,1219.53,7243.94
2026-08-10 01:45:00,1219.53,1226.76,1219.35,1223.99,8065.59
2026-08-10 02:00:00,1224.04,1225.07,1221.62,1222.37,4458.38
2026-08-10 02:15:00,1222.38,1222.56,1217.14,1218.38,5294.22
2026-08-10 02:30:00,1218.39,1220.5,1215.49,1220.32,5558.66
2026-08-10 02:45:00,1220.31,1222.38,1220.07,1220.56,3373.87
2026-08-10 03:00:00,1220.54,1221.99,1218.94,1219.36,2987.85
2026-08-10 03:15:00,1219.37,1222.11,1218.56,1219.87,3107.42
2026-08-10 03:30:00,1219.86,1222.69,1218.5,1222.31,1943.95
2026-08-10 03:45:00,1222.32,1222.74,1219.81,1220.11,1444.0
2026-08-10 04:00:00,1220.15,1222.31,1219.75,1220.65,2366.8
2026-08-10 04:15:00,1220.65,1223.62,1220.02,1223.56,1689.86
2026-08-10 04:30:00,1223.56,1223.98,1216.28,1217.9,4694.7
2026-08-10 04:45:00,1217.91,1219.47,1214.67,1216.05,7483.12
2026-08-10 05:00:00,1216.05,1222.51,1215.86,1221.97,6145.01
2026-08-10 05:15:00,1221.97,1223.08,1220.5,1221.58,3721.09
2026-08-10 05:30:00,1221.54,1221.75,1220.62,1220.8,2775.97
2026-08-10 05:45:00,1220.79,1223.47,1220.32,1222.55,3450.0
2026-08-10 06:00:00,1222.55,1227.26,1221.5,1226.92,4979.69
2026-08-10 06:15:00,1226.88,1231.13,1224.26,1225.25,9161.36
2026-08-10 06:30:00,1225.25,1227.04,1224.02,1226.49,3992.33
2026-08-10 06:45:00,1226.48,1227.74,1225.06,1226.34,2473.79
2026-08-10 07:00:00,1226.3,1228.34,1225.45,1227.31,3014.69
2026-08-10 07:15:00,1227.31,1230.28,1226.61,1229.05,2833.67
2026-08-10 07:30:00,1229.06,1230.5,1227.73,1230.29,2365.14
2026-08-10 07:45:00,1230.33,1231.23,1227.75,1228.08,2603.38
2026-08-10 08:00:00,1228.06,1242.91,1225.83,1236.18,27902.54
2026-08-10 08:15:00,1236.17,1236.88,1228.3,1230.85,8875.04
2026-08-10 08:30:00,1230.84,1234.2,1229.09,1229.66,4707.48
2026-08-10 08:45:00,1229.66,1229.74,1224.18,1228.33,8040.43
2026-08-10 09:00:00,1228.27,1228.57,1222.23,1223.16,6038.85
2026-08-10 09:15:00,1223.16,1224.09,1219.37,1220.1,7562.25
2026-08-10 09:30:00,1220.06,1221.57,1213.39,1215.92,16114.59
2026-08-10 09:45:00,1215.94,1220.61,1212.3,1218.33,17624.74
2026-08-10 10:00:00,1218.32,1220.84,1216.03,1217.05,11814.77
2026-08-10 10:15:00,1217.04,1223.23,1214.67,1221.76,9780.97
2026-08-10 10:30:00,1221.73,1224.17,1219.19,1220.31,6835.81
2026-08-10 10:45:00,1220.3,1221.64,1215.07,1215.89,6736.7
2026-08-10 11:00:00,1215.88,1220.1,1193.86,1199.82,47817.0
2026-08-10 11:15:00,1199.68,1202.24,1190.87,1200.13,37073.22
2026-08-10 11:30:00,1200.12,1206.58,1199.09,1200.87,19581.93
2026-08-10 11:45:00,1200.87,1210.74,1195.89,1210.3,26865.91
2026-08-10 12:00:00,1210.29,1211.0,1198.47,1198.9,18811.53
2026-08-10 12:15:00,1198.9,1200.27,1194.59,1198.27,18936.07
2026-08-10 12:30:00,1198.23,1202.75,1192.8,1201.93,20509.95
2026-08-10 12:45:00,1201.91,1203.05,1196.36,1197.21,14317.99
2026-08-10 13:00:00,1197.28,1205.04,1194.6,1200.21,19612.04
2026-08-10 13:15:00,1200.2,1209.99,1197.07,1207.49,33052.31
2026-08-10 13:30:00,1207.41,1239.73,1195.24,1232.07,248414.56
2026-08-10 13:45:00,1232.02,1254.58,1222.84,1246.93,134963.22
2026-08-10 14:00:00,1246.93,1278.47,1241.25,1270.23,129745.82
2026-08-10 14:15:00,1270.22,1273.62,1237.5,1246.71,119722.79
2026-08-10 14:30:00,1246.73,1259.81,1239.19,1246.67,57656.56
2026-08-10 14:45:00,1246.7,1252.96,1234.17,1236.74,45297.56
2026-08-10 15:00:00,1236.74,1248.66,1236.42,1239.84,33995.42
2026-08-10 15:15:00,1239.83,1246.27,1238.34,1239.38,17178.64
2026-08-10 15:30:00,1239.37,1244.51,1227.34,1243.9,35520.9
2026-08-10 15:45:00,1243.91,1251.02,1242.22,1246.39,24990.69
2026-08-10 16:00:00,1246.36,1255.67,1243.71,1247.25,30022.31
2026-08-10 16:15:00,1247.25,1257.93,1246.05,1253.07,24582.97
2026-08-10 16:30:00,1253.1,1259.39,1246.36,1254.5,29257.56
2026-08-10 16:45:00,1254.5,1262.35,1252.69,1253.7,23970.98
2026-08-10 17:00:00,1253.66,1262.14,1250.69,1257.2,20230.28
2026-08-10 17:15:00,1257.2,1261.75,1252.3,1259.58,26184.9
2026-08-10 17:30:00,1259.58,1263.9,1256.73,1260.43,61410.52
2026-08-10 17:45:00,1260.42,1264.34,1259.77,1262.48,22365.16
2026-08-10 18:00:00,1262.52,1264.72,1257.6,1257.95,11556.04
2026-08-10 18:15:00,1257.93,1258.65,1252.61,1254.31,10428.87
2026-08-10 18:30:00,1254.31,1259.04,1254.0,1257.3,8399.71
2026-08-10 18:45:00,1257.27,1259.05,1253.11,1253.8,5747.55
2026-08-10 19:00:00,1253.8,1257.28,1249.3,1252.92,8073.1
2026-08-10 19:15:00,1252.92,1256.42,1248.78,1255.79,6854.95
2026-08-10 19:30:00,1255.83,1256.58,1244.6,1246.7,15801.21
2026-08-10 19:45:00,1246.71,1252.19,1235.04,1239.75,28080.34
2026-08-10 20:00:00,1239.76,1239.88,1229.6,1235.25,17945.33
2026-08-10 20:15:00,1235.28,1240.04,1234.57,1237.59,7647.59
2026-08-10 20:30:00,1237.58,1243.33,1236.55,1243.3,6054.37
2026-08-10 20:45:00,1243.29,1244.63,1241.31,1242.18,4078.62
2026-08-10 21:00:00,1242.17,1242.6,1239.55,1242.52,3860.19
2026-08-10 21:15:00,1242.52,1242.66,1237.82,1241.65,2812.89
2026-08-10 21:30:00,1241.62,1242.55,1239.68,1240.06,1054.41
2026-08-10 21:45:00,1240.11,1241.02,1239.58,1240.4,759.49
2026-08-10 22:00:00,1240.4,1243.44,1240.14,1242.19,4912.31
2026-08-10 22:15:00,1242.24,1242.55,1238.94,1240.56,3092.87
2026-08-10 22:30:00,1240.56,1240.56,1234.89,1235.18,4317.9
2026-08-10 22:45:00,1235.18,1238.72,1235.03,1236.55,3413.11
2026-08-10 23:00:00,1236.55,1237.0,1231.42,1233.73,6161.66
2026-08-10 23:15:00,1233.73,1234.59,1226.0,1232.69,9289.59
2026-08-10 23:30:00,1232.72,1235.4,1232.3,1234.92,2465.08
2026-08-10 23:45:00,1234.93,1237.94,1233.14,1237.1,5145.35
2026-08-11 00:00:00,1237.2,1242.46,1234.15,1241.16,21195.53
2026-08-11 00:15:00,1241.18,1241.18,1233.83,1238.94,8245.72
2026-08-11 00:30:00,1238.87,1239.78,1234.73,1239.1,5220.42
2026-08-11 00:45:00,1239.11,1242.82,1238.55,1239.13,5738.98
2026-08-11 01:00:00,1239.07,1251.28,1236.26,1251.24,13214.98
2026-08-11 01:15:00,1251.25,1260.79,1249.59,1252.72,20340.57
2026-08-11 01:30:00,1252.72,1255.81,1249.84,1252.01,8069.37
2026-08-11 01:45:00,1252.02,1257.63,1250.74,1251.01,7913.08
2026-08-11 02:00:00,1251.0,1254.39,1248.84,1251.05,6805.08
2026-08-11 02:15:00,1251.05,1252.89,1248.23,1252.33,3498.04
2026-08-11 02:30:00,1252.32,1255.23,1251.85,1254.69,4053.39
2026-08-11 02:45:00,1254.79,1255.25,1252.39,1252.71,2354.41
2026-08-11 03:00:00,1252.71,1255.87,1251.58,1254.76,6808.45
2026-08-11 03:15:00,1254.76,1256.73,1252.88,1256.42,4020.71
2026-08-11 03:30:00,1256.42,1259.5,1254.98,1258.3,5901.18
2026-08-11 03:45:00,1258.3,1260.84,1256.9,1257.59,7708.01
2026-08-11 04:00:00,1257.61,1266.66,1257.61,1265.05,14253.7
2026-08-11 04:15:00,1265.05,1266.08,1262.0,1265.62,7207.6
2026-08-11 04:30:00,1265.59,1266.29,1262.11,1262.66,4579.95
2026-08-11 04:45:00,1262.67,1264.0,1260.55,1260.74,6029.0
2026-08-11 05:00:00,1260.75,1263.29,1260.0,1263.15,5683.94
2026-08-11 05:15:00,1263.15,1263.33,1255.25,1255.51,6683.44
2026-08-11 05:30:00,1255.51,1257.43,1253.95,1255.13,8380.9
2026-08-11 05:45:00,1255.14,1256.66,1252.7,1253.18,4414.87
2026-08-11 06:00:00,1253.18,1256.89,1252.65,1255.49,4686.37
2026-08-11 06:15:00,1255.48,1255.48,1250.43,1251.05,4320.14
2026-08-11 06:30:00,1251.05,1251.23,1247.33,1248.47,7463.8
2026-08-11 06:45:00,1248.47,1249.47,1242.49,1246.7,12564.73
2026-08-11 07:00:00,1246.71,1248.93,1245.71,1248.77,6573.11
2026-08-11 07:15:00,1248.77,1251.36,1246.71,1250.37,5318.82
2026-08-11 07:30:00,1250.37,1253.9,1250.37,1251.76,5384.73
2026-08-11 07:45:00,1251.76,1253.72,1251.05,1251.73,4058.99
2026-08-11 08:00:00,1251.74,1260.58,1246.47,1246.86,22235.24
2026-08-11 08:15:00,1246.87,1249.38,1242.04,1242.49,9595.33
2026-08-11 08:30:00,1242.57,1244.57,1234.2,1244.36,32092.63
2026-08-11 08:45:00,1244.36,1244.76,1239.78,1241.39,11696.86
2026-08-11 09:00:00,1241.37,1242.28,1232.13,1236.68,13316.78
2026-08-11 09:15:00,1236.68,1242.39,1236.54,1241.74,7356.36
2026-08-11 09:30:00,1241.74,1244.69,1241.44,1242.55,7157.75
2026-08-11 09:45:00,1242.56,1245.04,1241.61,1243.29,4515.38
2026-08-11 10:00:00,1243.29,1243.74,1238.29,1238.88,4991.71
2026-08-11 10:15:00,1238.9,1247.77,1238.34,1246.04,8972.17
2026-08-11 10:30:00,1246.07,1246.4,1243.01,1243.62,6028.85
2026-08-11 10:45:00,1243.61,1246.18,1243.16,1245.31,3921.89
2026-08-11 11:00:00,1245.3,1254.79,1245.26,1252.06,21611.33
2026-08-11 11:15:00,1252.05,1252.16,1247.5,1248.15,7241.4
2026-08-11 11:30:00,1248.15,1252.13,1247.47,1251.2,5871.98
2026-08-11 11:45:00,1251.23,1252.28,1248.34,1248.88,5753.37
2026-08-11 12:00:00,1248.88,1259.17,1245.82,1256.84,13612.54
2026-08-11 12:15:00,1256.83,1261.76,1254.76,1258.93,25066.77
2026-08-11 12:30:00,1258.92,1261.37,1256.07,1258.72,11421.88
2026-08-11 12:45:00,1258.73,1260.07,1253.27,1257.74,11468.72
2026-08-11 13:00:00,1257.74,1265.59,1257.62,1263.31,18365.96
2026-08-11 13:15:00,1263.31,1264.83,1256.38,1261.7,23054.82
2026-08-11 13:30:00,1261.71,1287.53,1252.2,1265.95,212213.02
2026-08-11 13:45:00,1265.93,1265.93,1243.79,1254.97,100461.35
2026-08-11 14:00:00,1255.0,1267.61,1249.11,1251.65,64840.73
2026-08-11 14:15:00,1251.68,1261.32,1245.0,1258.58,65440.88
2026-08-11 14:30:00,1258.55,1264.49,1247.08,1250.93,47059.93
2026-08-11 14:45:00,1250.93,1268.99,1249.94,1266.47,45448.17
2026-08-11 15:00:00,1266.47,1274.18,1260.0,1265.75,42395.44
2026-08-11 15:15:00,1265.78,1278.53,1265.27,1276.29,37990.93
2026-08-11 15:30:00,1276.29,1281.36,1271.94,1278.44,44572.81
2026-08-11 15:45:00,1278.48,1278.54,1269.21,1270.57,25779.38
2026-08-11 16:00:00,1270.58,1274.66,1266.94,1268.05,22182.43
2026-08-11 16:15:00,1268.05,1278.24,1267.62,1274.81,17217.61
2026-08-11 16:30:00,1274.8,1277.83,1272.61,1272.78,10323.61
2026-08-11 16:45:00,1272.77,1278.3,1269.48,1270.07,21108.09
2026-08-11 17:00:00,1270.07,1270.63,1261.0,1262.2,26423.31
2026-08-11 17:15:00,1262.2,1268.09,1261.57,1263.56,13911.08
2026-08-11 17:30:00,1263.56,1266.93,1262.17,1265.47,8467.79
2026-08-11 17:45:00,1265.48,1268.95,1263.93,1268.05,6667.16
2026-08-11 18:00:00,1268.07,1269.95,1265.49,1266.78,5916.39
2026-08-11 18:15:00,1266.78,1269.67,1262.47,1264.82,8765.75
2026-08-11 18:30:00,1264.83,1269.98,1264.58,1265.9,7312.91
2026-08-11 18:45:00,1265.89,1273.77,1265.89,1270.32,7393.6
2026-08-11 19:00:00,1270.33,1279.49,1269.43,1277.89,10547.88
2026-08-11 19:15:00,1277.9,1283.38,1275.74,1281.71,21237.39
2026-08-11 19:30:00,1281.71,1284.97,1277.39,1282.25,16300.96
2026-08-11 19:45:00,1282.28,1283.0,1268.21,1272.09,21497.24
2026-08-11 20:00:00,1272.08,1275.75,1269.88,1271.38,13801.14
2026-08-11 20:15:00,1271.38,1281.1,1271.38,1280.6,10428.67
2026-08-11 20:30:00,1280.6,1281.47,1276.14,1277.94,6416.17
2026-08-11 20:45:00,1277.97,1278.15,1274.35,1275.0,3846.26
2026-08-11 21:00:00,1275.04,1276.6,1273.81,1274.22,3560.71
2026-08-11 21:15:00,1274.22,1275.77,1273.44,1274.88,3171.03
2026-08-11 21:30:00,1274.85,1276.86,1274.58,1275.98,1693.27
2026-08-11 21:45:00,1275.97,1276.44,1275.04,1275.07,1319.13
2026-08-11 22:00:00,1275.07,1276.41,1273.3,1276.41,3334.26
2026-08-11 22:15:00,1276.42,1278.65,1275.41,1278.6,2533.21
2026-08-11 22:30:00,1278.56,1280.16,1277.56,1278.54,2851.66
2026-08-11 22:45:00,1278.54,1281.9,1277.89,1279.77,3328.01
2026-08-11 23:00:00,1279.82,1280.17,1278.0,1278.42,3351.19
2026-08-11 23:15:00,1278.4,1280.16,1278.08,1279.42,2583.35
2026-08-11 23:30:00,1279.42,1279.62,1277.9,1278.84,2762.31
2026-08-11 23:45:00,1278.85,1279.32,1275.8,1278.08,4610.89
2026-08-12 00:00:00,1278.08,1278.23,1270.69,1273.91,10403.21
2026-08-12 00:15:00,1274.01,1284.71,1273.94,1281.72,15373.84
2026-08-12 00:30:00,1281.7,1282.32,1276.86,1277.82,8490.55
2026-08-12 00:45:00,1277.79,1279.22,1275.29,1275.52,5153.94
2026-08-12 01:00:00,1275.56,1278.36,1274.85,1277.04,3766.95
2026-08-12 01:15:00,1277.05,1277.96,1273.38,1276.05,4005.95
2026-08-12 01:30:00,1276.08,1283.06,1275.6,1281.76,6141.11
2026-08-12 01:45:00,1281.81,1294.0,1281.0,1293.4,27452.2
2026-08-12 02:00:00,1293.41,1298.0,1289.01,1291.06,16292.75
2026-08-12 02:15:00,1291.05,1295.5,1289.34,1295.19,9035.42
2026-08-12 02:30:00,1295.31,1307.72,1295.21,1302.17,29031.31
2026-08-12 02:45:00,1302.2,1312.11,1301.64,1307.51,21606.75
2026-08-12 03:00:00,1307.52,1319.91,1307.2,1319.11,35031.31
2026-08-12 03:15:00,1319.13,1320.0,1311.6,1314.69,22246.05
2026-08-12 03:30:00,1314.64,1315.96,1309.13,1310.25,14291.9
2026-08-12 03:45:00,1310.25,1311.0,1306.69,1309.22,10757.34
2026-08-12 04:00:00,1309.22,1312.92,1307.99,1309.95,8160.52
2026-08-12 04:15:00,1309.95,1309.95,1306.53,1307.0,7324.57
2026-08-12 04:30:00,1307.01,1307.29,1303.14,1303.88,10493.45
2026-08-12 04:45:00,1303.91,1307.92,1303.26,1304.99,5527.59
2026-08-12 05:00:00,1304.99,1305.99,1298.35,1298.59,11593.14
2026-08-12 05:15:00,1298.58,1301.73,1296.37,1301.04,10184.14
2026-08-12 05:30:00,1301.03,1307.38,1300.7,1303.06,13089.55
2026-08-12 05:45:00,1303.03,1306.67,1302.43,1305.27,6185.25
2026-08-12 06:00:00,1305.24,1307.28,1302.65,1303.98,5204.05
2026-08-12 06:15:00,1303.96,1304.0,1299.0,1301.41,7204.46
2026-08-12 06:30:00,1301.36,1304.2,1300.73,1302.37,4896.91
2026-08-12 06:45:00,1302.38,1304.25,1302.38,1303.95,3192.11
2026-08-12 07:00:00,1303.95,1306.58,1303.58,1305.36,7613.67
2026-08-12 07:15:00,1305.35,1307.95,1304.09,1306.76,5395.16
2026-08-12 07:30:00,1306.77,1308.46,1305.5,1307.97,4536.61
2026-08-12 07:45:00,1307.96,1310.96,1306.41,1310.63,6960.94
2026-08-12 08:00:00,1310.64,1317.72,1301.63,1314.7,30627.21
2026-08-12 08:15:00,1314.69,1331.49,1313.34,1326.69,50795.94
2026-08-12 08:30:00,1326.69,1330.69,1323.5,1325.74,18091.16
2026-08-12 08:45:00,1325.79,1329.57,1325.05,1326.78,10776.92
2026-08-12 09:00:00,1326.8,1330.71,1326.62,1327.34,11151.94
2026-08-12 09:15:00,1327.33,1330.62,1324.15,1325.06,19303.75
2026-08-12 09:30:00,1325.05,1327.59,1323.77,1323.86,8173.13
2026-08-12 09:45:00,1323.85,1324.82,1320.76,1323.74,13468.05
2026-08-12 10:00:00,1323.73,1325.8,1321.83,1325.37,7194.01
2026-08-12 10:15:00,1325.37,1327.39,1324.14,1324.8,7206.46
2026-08-12 10:30:00,1324.8,1325.65,1322.47,1325.09,6160.9
2026-08-12 10:45:00,1325.09,1325.43,1319.05,1321.6,14670.01
2026-08-12 11:00:00,1321.59,1328.4,1319.16,1319.75,14155.16
2026-08-12 11:15:00,1319.76,1321.4,1317.56,1317.83,9359.91
2026-08-12 11:30:00,1317.83,1324.0,1317.76,1321.79,7860.67
2026-08-12 11:45:00,1321.8,1327.36,1320.71,1326.91,10642.7
2026-08-12 12:00:00,1326.91,1330.83,1325.07,1325.9,19505.33
2026-08-12 12:15:00,1325.91,1330.24,1320.56,1328.36,32284.75
2026-08-12 12:30:00,1328.46,1339.88,1312.16,1334.67,104559.57
2026-08-12 12:45:00,1334.65,1346.13,1333.32,1345.63,40430.92
2026-08-12 13:00:00,1345.63,1352.8,1345.46,1348.95,51282.63
2026-08-12 13:15:00,1348.9,1359.14,1346.17,1358.61,51829.6
2026-08-12 13:30:00,1358.61,1363.22,1311.46,1337.83,228813.35
2026-08-12 13:45:00,1337.96,1372.59,1331.2,1365.3,163400.54
2026-08-12 14:00:00,1365.35,1375.8,1356.45,1369.68,81222.16
2026-08-12 14:15:00,1369.73,1385.0,1361.75,1382.16,75838.41
2026-08-12 14:30:00,1382.16,1388.88,1371.5,1388.24,71414.14
2026-08-12 14:45:00,1388.2,1388.42,1374.32,1375.61,48243.81
2026-08-12 15:00:00,1375.61,1385.47,1370.41,1382.24,45226.46
2026-08-12 15:15:00,1382.22,1383.51,1374.2,1379.3,23996.46
2026-08-12 15:30:00,1379.34,1380.5,1372.79,1374.96,22719.47
2026-08-12 15:45:00,1374.95,1382.06,1374.27,1377.74,20457.74
2026-08-12 16:00:00,1377.74,1384.82,1377.3,1377.81,18729.66
2026-08-12 16:15:00,1377.77,1378.28,1368.05,1368.36,22714.43
2026-08-12 16:30:00,1368.36,1373.87,1365.27,1370.91,26136.54
2026-08-12 16:45:00,1370.92,1371.2,1365.59,1368.21,16061.89
2026-08-12 17:00:00,1368.21,1373.14,1368.14,1368.94,12257.46
2026-08-12 17:15:00,1368.94,1375.83,1365.52,1374.22,12493.67
2026-08-12 17:30:00,1374.23,1378.68,1373.37,1377.22,10643.06
2026-08-12 17:45:00,1377.21,1382.09,1375.55,1378.57,10824.24
2026-08-12 18:00:00,1378.56,1379.84,1360.86,1361.25,17679.95
2026-08-12 18:15:00,1361.26,1364.48,1351.87,1352.44,34795.74
2026-08-12 18:30:00,1352.42,1358.0,1348.58,1354.85,22201.8
2026-08-12 18:45:00,1354.83,1355.85,1343.91,1347.27,16683.07
2026-08-12 19:00:00,1347.27,1353.49,1345.94,1348.15,16028.05
2026-08-12 19:15:00,1348.15,1351.23,1340.2,1346.55,21360.51
2026-08-12 19:30:00,1346.56,1346.61,1339.12,1343.76,18047.27
2026-08-12 19:45:00,1343.75,1351.0,1336.4,1346.11,25372.53
2026-08-12 20:00:00,1346.11,1353.42,1342.66,1345.95,12879.84
2026-08-12 20:15:00,1345.98,1346.42,1340.41,1343.09,5886.52
2026-08-12 20:30:00,1343.07,1344.58,1341.47,1343.58,2760.44
2026-08-12 20:45:00,1343.6,1344.75,1342.69,1343.47,2851.02
2026-08-12 21:00:00,1343.46,1348.1,1341.3,1346.82,3826.83
2026-08-12 21:15:00,1346.84,1350.44,1346.77,1349.35,4798.96
2026-08-12 21:30:00,1349.34,1352.59,1348.52,1352.16,4020.23
2026-08-12 21:45:00,1352.15,1355.88,1349.0,1350.69,4783.82
2026-08-12 22:00:00,1350.68,1351.84,1347.38,1348.77,3809.48
2026-08-12 22:15:00,1348.74,1349.71,1346.74,1347.84,2663.12
2026-08-12 22:30:00,1347.8,1350.3,1346.35,1350.23,1950.05
2026-08-12 22:45:00,1350.23,1351.51,1350.1,1350.78,2455.41
2026-08-12 23:00:00,1350.77,1357.7,1349.85,1356.15,5862.82
2026-08-12 23:15:00,1356.12,1360.61,1355.35,1360.04,5955.86
2026-08-12 23:30:00,1360.05,1364.54,1358.5,1362.9,6607.76
2026-08-12 23:45:00,1362.87,1364.37,1360.1,1362.42,4063.4
2026-08-13 00:00:00,1362.44,1375.34,1359.61,1370.01,24118.53
2026-08-13 00:15:00,1370.0,1372.76,1362.14,1364.52,14063.48
2026-08-13 00:30:00,1364.57,1367.14,1355.2,1355.84,16261.11
2026-08-13 00:45:00,1355.83,1364.26,1353.66,1361.79,10686.95
2026-08-13 01:00:00,1361.79,1366.5,1359.45,1363.84,9113.56
2026-08-13 01:15:00,1363.83,1365.28,1357.61,1358.27,7764.73
2026-08-13 01:30:00,1358.25,1365.52,1356.77,1363.92,7671.57
2026-08-13 01:45:00,1363.91,1367.57,1361.25,1366.31,6808.4
2026-08-13 02:00:00,1366.29,1370.51,1365.56,1369.39,6355.27
2026-08-13 02:15:00,1369.42,1369.99,1364.28,1365.6,4986.56
2026-08-13 02:30:00,1365.66,1367.15,1363.02,1366.04,5027.67
2026-08-13 02:45:00,1366.07,1367.77,1365.29,1367.18,2293.0
2026-08-13 03:00:00,1367.17,1367.52,1365.08,1367.12,2349.92
2026-08-13 03:15:00,1367.12,1369.34,1366.56,1366.6,4380.89
2026-08-13 03:30:00,1366.61,1367.33,1362.43,1362.7,4348.81
2026-08-13 03:45:00,1362.71,1366.96,1362.6,1365.91,4010.59
2026-08-13 04:00:00,1365.91,1369.43,1364.21,1366.41,3997.77
2026-08-13 04:15:00,1366.42,1367.62,1363.21,1364.98,5742.04
2026-08-13 04:30:00,1364.99,1367.37,1364.03,1364.11,2250.85
2026-08-13 04:45:00,1364.11,1366.78,1363.2,1364.45,2598.82
2026-08-13 05:00:00,1364.4,1368.8,1363.57,1368.31,5494.41
2026-08-13 05:15:00,1368.34,1368.8,1366.39,1368.47,5251.16
2026-08-13 05:30:00,1368.44,1368.53,1361.06,1362.98,10337.88
2026-08-13 05:45:00,1362.99,1363.46,1357.67,1357.88,8449.35
2026-08-13 06:00:00,1357.88,1362.62,1353.52,1360.19,17566.77
2026-08-13 06:15:00,1360.19,1362.99,1358.34,1359.63,8004.75
2026-08-13 06:30:00,1359.6,1361.28,1352.59,1353.36,9822.48
2026-08-13 06:45:00,1353.37,1357.02,1352.38,1353.87,11187.37
2026-08-13 07:00:00,1353.88,1354.78,1344.28,1347.99,20518.76
2026-08-13 07:15:00,1347.98,1349.85,1344.38,1349.6,9674.55
2026-08-13 07:30:00,1349.57,1353.83,1348.34,1352.84,8466.75
2026-08-13 07:45:00,1352.84,1352.87,1349.04,1349.48,5340.19
2026-08-13 08:00:00,1349.52,1351.2,1332.01,1333.55,57219.06
2026-08-13 08:15:00,1333.56,1341.85,1331.0,1340.63,25191.3
2026-08-13 08:30:00,1340.63,1341.2,1336.72,1339.94,11266.15
2026-08-13 08:45:00,1339.95,1345.94,1338.0,1344.39,13112.39
2026-08-13 09:00:00,1344.39,1346.76,1338.04,1338.59,12638.09
2026-08-13 09:15:00,1338.59,1344.06,1336.54,1340.86,12097.64
2026-08-13 09:30:00,1340.87,1345.6,1340.58,1345.39,6326.49
2026-08-13 09:45:00,1345.36,1351.5,1344.04,1351.5,10825.2
2026-08-13 10:00:00,1351.49,1351.71,1347.82,1348.45,14573.17
2026-08-13 10:15:00,1348.45,1350.6,1344.74,1345.51,9830.6
2026-08-13 10:30:00,1345.53,1346.91,1341.76,1346.2,9074.43
2026-08-13 10:45:00,1346.19,1357.14,1344.9,1353.99,18820.02
2026-08-13 11:00:00,1353.99,1359.99,1352.97,1356.1,15327.51
2026-08-13 11:15:00,1356.11,1359.7,1352.45,1355.14,10970.42
2026-08-13 11:30:00,1355.14,1361.48,1353.19,1356.44,13767.04
2026-08-13 11:45:00,1356.5,1360.49,1355.7,1356.81,8241.42
2026-08-13 12:00:00,1356.81,1357.02,1345.24,1347.23,21066.6
2026-08-13 12:15:00,1347.23,1350.69,1340.36,1350.07,26717.49
2026-08-13 12:30:00,1350.07,1360.52,1346.18,1354.2,39227.1
2026-08-13 12:45:00,1354.16,1357.7,1352.79,1354.92,13254.24
2026-08-13 13:00:00,1354.96,1359.87,1352.79,1354.06,16017.86
2026-08-13 13:15:00,1354.06,1355.44,1342.28,1343.02,36165.07
2026-08-13 13:30:00,1343.01,1382.53,1332.68,1376.66,211271.08
2026-08-13 13:45:00,1376.62,1413.76,1372.42,1410.24,196259.48
2026-08-13 14:00:00,1410.24,1410.55,1393.19,1394.17,100227.39
2026-08-13 14:15:00,1394.22,1407.25,1387.5,1404.62,71247.69
2026-08-13 14:30:00,1404.58,1421.0,1402.92,1418.28,116276.09
2026-08-13 14:45:00,1418.19,1431.93,1403.54,1404.54,137609.65
2026-08-13 15:00:00,1404.55,1488.5,1399.05,1482.79,332503.28
2026-08-13 15:15:00,1482.9,1580.0,1481.55,1573.73,446811.44
2026-08-13 15:30:00,1573.69,1575.81,1512.53,1526.82,305458.83
2026-08-13 15:45:00,1526.81,1542.35,1514.25,1532.5,139522.12
2026-08-13 16:00:00,1532.38,1551.5,1532.31,1538.29,107018.27
2026-08-13 16:15:00,1538.25,1561.33,1537.25,1553.32,90786.91
2026-08-13 16:30:00,1553.32,1559.23,1544.16,1550.84,58657.44
2026-08-13 16:45:00,1550.79,1556.39,1539.25,1548.25,50150.13
2026-08-13 17:00:00,1548.23,1569.0,1546.77,1558.77,72294.8
2026-08-13 17:15:00,1558.76,1571.14,1554.0,1564.83,43215.54
2026-08-13 17:30:00,1564.78,1572.26,1562.69,1563.64,27915.09
2026-08-13 17:45:00,1563.6,1566.8,1556.22,1559.57,27128.8
2026-08-13 18:00:00,1559.58,1564.0,1546.57,1548.15,35694.17
2026-08-13 18:15:00,1548.16,1558.88,1545.84,1558.49,27340.94
2026-08-13 18:30:00,1558.49,1565.61,1551.79,1553.03,33171.41
2026-08-13 18:45:00,1553.04,1557.85,1543.25,1544.81,23223.75
2026-08-13 19:00:00,1544.8,1554.46,1536.28,1537.44,33246.53
2026-08-13 19:15:00,1537.42,1544.4,1523.1,1526.74,54217.65
2026-08-13 19:30:00,1526.74,1531.3,1515.5,1522.93,62188.4
2026-08-13 19:45:00,1522.89,1534.87,1516.98,1528.91,50772.31
2026-08-13 20:00:00,1528.91,1542.5,1527.17,1539.47,38510.54
2026-08-13 20:15:00,1539.47,1547.52,1535.95,1547.09,15018.45
2026-08-13 20:30:00,1547.04,1549.51,1541.86,1549.33,14481.2
2026-08-13 20:45:00,1549.33,1549.87,1545.07,1546.24,7477.93
2026-08-13 21:00:00,1546.15,1546.3,1540.2,1543.99,7705.22
2026-08-13 21:15:00,1544.0,1548.52,1543.74,1547.45,4819.05
2026-08-13 21:30:00,1547.45,1549.48,1546.02,1546.56,2956.41
2026-08-13 21:45:00,1546.56,1548.14,1545.23,1546.89,2052.98
2026-08-13 22:00:00,1546.94,1554.5,1545.62,1552.24,7138.37
2026-08-13 22:15:00,1552.27,1555.55,1549.15,1551.12,7488.62
2026-08-13 22:30:00,1551.14,1563.22,1550.78,1561.17,12071.01
2026-08-13 22:45:00,1561.13,1565.4,1559.46,1564.75,8054.67
2026-08-13 23:00:00,1564.74,1566.92,1558.68,1565.52,10025.59
2026-08-13 23:15:00,1565.52,1565.53,1560.55,1562.35,4120.42
2026-08-13 23:30:00,1562.34,1565.72,1559.02,1565.04,6469.07
2026-08-13 23:45:00,1565.01,1570.7,1564.18,1570.09,12573.44
2026-08-14 00:00:00,1570.15,1570.8,1553.05,1553.33,21790.55
2026-08-14 00:15:00,1553.38,1555.44,1543.51,1553.11,22912.48
2026-08-14 00:30:00,1553.16,1554.3,1547.32,1550.08,9594.91
2026-08-14 00:45:00,1550.13,1553.0,1538.1,1539.1,21339.84
2026-08-14 01:00:00,1539.12,1543.64,1534.44,1536.5,27491.38
2026-08-14 01:15:00,1536.49,1543.0,1532.83,1539.26,21745.66
2026-08-14 01:30:00,1539.3,1541.66,1534.09,1541.65,11800.16
2026-08-14 01:45:00,1541.65,1544.8,1538.0,1541.7,9244.56
2026-08-14 02:00:00,1541.72,1547.77,1541.66,1544.82,9091.07
2026-08-14 02:15:00,1544.83,1547.76,1541.64,1546.83,5736.72
2026-08-14 02:30:00,1546.8,1553.39,1546.25,1547.41,12807.03
2026-08-14 02:45:00,1547.32,1549.02,1543.21,1543.53,6751.73
2026-08-14 03:00:00,1543.53,1546.27,1541.77,1544.74,7821.13
2026-08-14 03:15:00,1544.76,1548.82,1543.56,1547.84,4741.47
2026-08-14 03:30:00,1547.89,1548.18,1544.56,1546.12,2873.26
2026-08-14 03:45:00,1546.12,1547.5,1544.32,1545.93,3633.15
2026-08-14 04:00:00,1545.96,1548.46,1542.56,1547.64,6365.48
2026-08-14 04:15:00,1547.63,1553.27,1547.55,1550.85,9742.03
2026-08-14 04:30:00,1550.85,1551.67,1546.51,1549.68,4618.36
2026-08-14 04:45:00,1549.69,1549.91,1547.23,1547.87,3285.3
2026-08-14 05:00:00,1547.87,1548.38,1544.32,1546.57,5582.8
2026-08-14 05:15:00,1546.63,1548.49,1544.71,1547.6,3595.17
2026-08-14 05:30:00,1547.59,1551.62,1546.24,1550.32,6750.34
2026-08-14 05:45:00,1550.32,1559.62,1549.35,1556.19,11288.4
2026-08-14 06:00:00,1556.2,1556.59,1551.68,1551.68,6843.64
2026-08-14 06:15:00,1551.67,1557.27,1551.59,1556.12,5393.3
2026-08-14 06:30:00,1556.11,1559.27,1553.77,1558.27,7478.07
2026-08-14 06:45:00,1558.28,1564.99,1557.84,1562.18,18384.3
2026-08-14 07:00:00,1562.18,1567.84,1559.87,1559.88,19133.18
2026-08-14 07:15:00,1559.89,1562.75,1557.61,1561.77,9629.16
2026-08-14 07:30:00,1561.8,1564.36,1558.31,1559.89,6953.52
2026-08-14 07:45:00,1559.89,1563.0,1559.77,1561.55,8128.88
2026-08-14 08:00:00,1561.52,1633.0,1557.49,1587.68,175908.01
2026-08-14 08:15:00,1587.71,1595.84,1581.1,1585.21,41605.8
2026-08-14 08:30:00,1585.16,1596.15,1584.07,1589.03,29273.03
2026-08-14 08:45:00,1589.05,1592.95,1585.0,1587.35,17752.98
2026-08-14 09:00:00,1587.34,1589.01,1583.05,1587.0,14157.43
2026-08-14 09:15:00,1586.99,1593.85,1585.98,1593.76,16317.77
2026-08-14 09:30:00,1593.75,1594.94,1589.31,1590.16,13360.0
2026-08-14 09:45:00,1590.15,1620.66,1590.0,1614.06,62314.76
2026-08-14 10:00:00,1614.06,1625.96,1612.54,1616.3,63315.38
2026-08-14 10:15:00,1616.33,1620.0,1607.78,1612.83,34677.3
2026-08-14 10:30:00,1612.87,1617.84,1607.57,1610.91,21468.05
2026-08-14 10:45:00,1610.88,1619.65,1609.27,1619.34,15431.17
2026-08-14 11:00:00,1619.35,1649.45,1618.0,1642.14,93392.76
2026-08-14 11:15:00,1642.12,1642.86,1629.21,1639.94,35140.29
2026-08-14 11:30:00,1639.95,1640.09,1628.0,1631.06,25154.97
2026-08-14 11:45:00,1631.11,1641.95,1629.84,1633.44,26052.15
2026-08-14 12:00:00,1633.44,1638.53,1625.72,1628.15,33554.03
2026-08-14 12:15:00,1628.15,1628.73,1617.6,1621.94,39153.46
2026-08-14 12:30:00,1621.95,1634.4,1619.48,1625.43,32087.09
2026-08-14 12:45:00,1625.43,1638.0,1622.75,1636.17,16090.78
2026-08-14 13:00:00,1636.18,1649.87,1632.51,1636.75,45113.12
2026-08-14 13:15:00,1636.79,1649.97,1630.26,1646.22,60407.94
2026-08-14 13:30:00,1646.31,1646.31,1568.4,1621.93,371441.93
2026-08-14 13:45:00,1621.85,1636.0,1601.06,1619.73,201622.85
2026-08-14 14:00:00,1619.74,1666.66,1613.0,1634.58,238690.27
2026-08-14 14:15:00,1634.56,1638.62,1595.78,1598.27,140605.01
2026-08-14 14:30:00,1598.33,1627.4,1587.7,1621.21,127053.3
2026-08-14 14:45:00,1621.32,1634.75,1616.99,1625.97,63181.7
2026-08-14 15:00:00,1625.97,1647.58,1624.57,1635.59,99154.56
2026-08-14 15:15:00,1635.58,1643.86,1613.0,1622.56,78643.12
2026-08-14 15:30:00,1622.62,1630.99,1610.29,1619.68,64435.16
2026-08-14 15:45:00,1619.59,1626.47,1607.54,1622.61,54313.32
2026-08-14 16:00:00,1622.68,1626.71,1610.47,1613.89,42514.53
2026-08-14 16:15:00,1613.94,1623.81,1613.94,1618.59,26839.2
2026-08-14 16:30:00,1618.59,1629.75,1613.16,1628.99,30057.78
2026-08-14 16:45:00,1629.0,1631.7,1625.44,1627.35,25889.82
2026-08-14 17:00:00,1627.34,1632.69,1624.62,1629.7,17712.55
2026-08-14 17:15:00,1629.71,1633.6,1624.09,1627.15,20595.05
2026-08-14 17:30:00,1627.17,1632.36,1620.01,1622.66,21186.02
2026-08-14 17:45:00,1622.65,1632.73,1622.52,1631.29,15469.83
2026-08-14 18:00:00,1631.29,1637.86,1628.35,1630.14,26136.53
2026-08-14 18:15:00,1630.14,1634.59,1626.19,1627.21,12598.13
2026-08-14 18:30:00,1627.22,1633.39,1623.31,1632.33,15886.25
2026-08-14 18:45:00,1632.33,1634.86,1628.51,1631.08,10906.1
2026-08-14 19:00:00,1631.14,1635.5,1628.13,1628.74,13836.15
2026-08-14 19:15:00,1628.74,1634.04,1622.45,1624.89,15293.92
2026-08-14 19:30:00,1624.87,1625.62,1611.25,1614.27,35575.55
2026-08-14 19:45:00,1614.23,1646.77,1613.6,1640.88,50892.74
2026-08-14 20:00:00,1640.92,1654.28,1634.94,1639.97,39475.11
2026-08-14 20:15:00,1639.97,1647.54,1639.97,1641.68,13094.9
2026-08-14 20:30:00,1641.68,1643.98,1638.78,1643.24,4953.14
2026-08-14 20:45:00,1643.27,1645.7,1641.37,1644.3,7921.29
2026-08-14 21:00:00,1644.28,1645.89,1642.61,1643.19,4101.99
2026-08-14 21:15:00,1643.18,1653.65,1642.78,1652.65,9214.64
2026-08-14 21:30:00,1652.65,1666.66,1651.42,1657.0,25765.75
2026-08-14 21:45:00,1657.0,1666.65,1657.0,1661.09,10505.39
2026-08-14 22:00:00,1661.0,1680.0,1659.66,1665.2,24474.04
2026-08-14 22:15:00,1665.19,1665.89,1660.86,1661.51,8007.01
2026-08-14 22:30:00,1661.57,1661.99,1655.08,1656.51,6774.0
2026-08-14 22:45:00,1656.5,1658.23,1651.57,1655.83,6111.18
2026-08-14 23:00:00,1655.81,1660.29,1653.89,1659.45,4703.67
2026-08-14 23:15:00,1659.45,1661.67,1657.96,1658.32,3651.83
2026-08-14 23:30:00,1658.32,1658.44,1654.0,1655.92,4742.53
2026-08-14 23:45:00,1655.92,1658.77,1655.74,1658.74,2834.09
2026-08-15 00:00:00,1658.7,1658.7,1652.0,1653.84,5438.8
2026-08-15 00:15:00,1653.84,1654.47,1652.05,1653.3,3237.09
2026-08-15 00:30:00,1653.31,1655.32,1650.01,1654.37,3318.75
2026-08-15 00:45:00,1654.39,1657.49,1652.22,1652.31,3656.51
2026-08-15 01:00:00,1652.32,1653.62,1645.27,1648.9,7296.95
2026-08-15 01:15:00,1648.9,1650.5,1648.0,1649.7,2492.24
2026-08-15 01:30:00,1649.69,1649.72,1646.3,1646.93,2752.55
2026-08-15 01:45:00,1646.94,1648.65,1643.84,1648.16,3406.38
2026-08-15 02:00:00,1648.16,1648.6,1642.53,1643.07,4596.79
2026-08-15 02:15:00,1643.1,1648.31,1642.97,1645.99,4299.31
2026-08-15 02:30:00,1646.0,1647.0,1643.68,1645.0,2852.82
2026-08-15 02:45:00,1644.99,1647.85,1644.89,1646.32,2614.08
2026-08-15 03:00:00,1646.32,1647.11,1644.42,1644.51,2020.59
2026-08-15 03:15:00,1644.51,1647.3,1644.51,1647.02,1728.78
2026-08-15 03:30:00,1647.02,1651.34,1646.01,1648.91,3539.88
2026-08-15 03:45:00,1648.9,1650.65,1648.0,1648.13,2726.14
2026-08-15 04:00:00,1648.13,1650.0,1647.2,1648.52,2175.42
2026-08-15 04:15:00,1648.52,1648.61,1646.07,1647.19,1429.96
2026-08-15 04:30:00,1647.18,1649.23,1646.85,1647.52,1988.98
2026-08-15 04:45:00,1647.52,1648.56,1647.16,1648.26,1295.25
2026-08-15 05:00:00,1648.26,1648.47,1646.89,1647.74,934.15
2026-08-15 05:15:00,1647.74,1649.05,1647.62,1649.02,1749.76
2026-08-15 05:30:00,1649.02,1649.04,1646.85,1647.83,2351.43
2026-08-15 05:45:00,1647.82,1649.0,1647.5,1647.94,1553.31
2026-08-15 06:00:00,1647.94,1649.36,1647.7,1648.27,1806.4
2026-08-15 06:15:00,1648.27,1650.0,1648.27,1649.7,1587.36
2026-08-15 06:30:00,1649.7,1651.0,1649.0,1650.94,2813.17
2026-08-15 06:45:00,1650.93,1654.88,1650.8,1653.77,4623.5
2026-08-15 07:00:00,1653.72,1655.94,1652.22,1652.39,4128.29
2026-08-15 07:15:00,1652.39,1652.73,1650.48,1651.34,2646.79
2026-08-15 07:30:00,1651.34,1654.25,1651.34,1653.11,2560.14
2026-08-15 07:45:00,1653.11,1654.69,1652.82,1654.55,1880.8
2026-08-15 08:00:00,1654.56,1654.8,1652.23,1654.15,1575.39
2026-08-15 08:15:00,1654.15,1654.77,1652.54,1653.22,1551.81
2026-08-15 08:30:00,1653.22,1653.72,1652.56,1653.52,1039.69
2026-08-15 08:45:00,1653.52,1654.14,1653.01,1653.63,929.86
2026-08-15 09:00:00,1653.64,1653.79,1651.75,1652.93,1101.52
2026-08-15 09:15:00,1652.92,1652.98,1651.36,1651.99,1600.84
2026-08-15 09:30:00,1651.98,1652.33,1650.1,1650.49,2091.61
2026-08-15 09:45:00,1650.52,1652.08,1650.1,1651.23,1363.39
2026-08-15 10:00:00,1651.23,1651.91,1650.06,1651.55,1705.4
2026-08-15 10:15:00,1651.56,1652.9,1651.04,1652.4,1552.72
2026-08-15 10:30:00,1652.39,1653.54,1651.94,1652.65,1492.4
2026-08-15 10:45:00,1652.66,1652.81,1651.91,1652.47,669.16
2026-08-15 11:00:00,1652.55,1652.55,1649.84,1650.14,2421.44
2026-08-15 11:15:00,1650.15,1651.14,1650.04,1650.5,825.51
2026-08-15 11:30:00,1650.5,1652.0,1650.3,1651.99,894.46
2026-08-15 11:45:00,1652.0,1652.0,1650.18,1650.63,940.89
2026-08-15 12:00:00,1650.62,1652.39,1650.57,1652.3,2094.97
2026-08-15 12:15:00,1652.29,1652.33,1650.96,1651.93,1576.26
2026-08-15 12:30:00,1651.94,1652.89,1651.56,1652.78,1797.37
2026-08-15 12:45:00,1652.78,1653.5,1652.29,1653.28,1185.1
2026-08-15 13:00:00,1653.29,1653.9,1652.13,1653.81,1895.24
2026-08-15 13:15:00,1653.82,1654.5,1652.75,1652.75,1763.83
2026-08-15 13:30:00,1652.74,1654.65,1652.24,1654.12,1838.16
2026-08-15 13:45:00,1654.12,1654.47,1653.27,1653.28,1393.18
2026-08-15 14:00:00,1653.27,1654.29,1653.13,1653.86,1449.8
2026-08-15 14:15:00,1653.87,1654.0,1652.31,1653.01,1117.63
2026-08-15 14:30:00,1653.01,1653.39,1652.45,1653.06,880.0
2026-08-15 14:45:00,1653.05,1653.32,1651.6,1652.07,1502.9
2026-08-15 15:00:00,1652.06,1652.99,1651.0,1651.95,1114.99
2026-08-15 15:15:00,1651.94,1653.52,1651.26,1653.14,1322.03
2026-08-15 15:30:00,1653.14,1654.5,1652.72,1653.77,2049.64
2026-08-15 15:45:00,1653.77,1653.89,1652.37,1652.9,1077.67
2026-08-15 16:00:00,1652.91,1653.6,1652.19,1652.61,1332.67
2026-08-15 16:15:00,1652.6,1653.06,1650.8,1652.06,1763.81
2026-08-15 16:30:00,1652.07,1652.27,1650.72,1651.08,1405.84
2026-08-15 16:45:00,1651.09,1651.15,1649.31,1649.46,2610.66
2026-08-15 17:00:00,1649.45,1651.27,1649.13,1650.96,1979.91
2026-08-15 17:15:00,1650.95,1652.27,1650.91,1651.99,854.92
2026-08-15 17:30:00,1651.98,1653.4,1651.63,1653.28,1561.28
2026-08-15 17:45:00,1653.25,1653.32,1651.95,1652.01,1061.25
2026-08-15 18:00:00,1652.02,1652.53,1651.51,1652.03,566.56
2026-08-15 18:15:00,1652.02,1653.5,1651.8,1653.34,620.31
2026-08-15 18:30:00,1653.34,1653.36,1652.1,1652.43,432.6
2026-08-15 18:45:00,1652.42,1652.69,1652.04,1652.27,354.31
2026-08-15 19:00:00,1652.3,1653.32,1652.0,1653.32,424.21
2026-08-15 19:15:00,1653.33,1653.71,1653.05,1653.24,675.94
2026-08-15 19:30:00,1653.24,1654.0,1653.01,1653.02,622.08
2026-08-15 19:45:00,1653.02,1653.19,1650.53,1651.11,746.36
2026-08-15 20:00:00,1651.1,1652.24,1650.47,1651.77,810.34
2026-08-15 20:15:00,1651.76,1652.49,1651.54,1651.79,564.81
2026-08-15 20:30:00,1651.79,1652.63,1651.5,1652.5,251.88
2026-08-15 20:45:00,1652.49,1652.72,1651.76,1652.2,273.17
2026-08-15 21:00:00,1652.2,1653.0,1652.0,1652.89,343.75
2026-08-15 21:15:00,1652.89,1653.67,1652.8,1653.43,390.9
2026-08-15 21:30:00,1653.43,1653.72,1652.77,1653.41,531.72
2026-08-15 21:45:00,1653.41,1653.89,1652.9,1653.22,415.91
2026-08-15 22:00:00,1653.24,1653.48,1651.56,1651.84,478.27
2026-08-15 22:15:00,1651.83,1652.42,1651.36,1651.96,624.48
2026-08-15 22:30:00,1652.02,1652.4,1651.61,1652.35,408.03
2026-08-15 22:45:00,1652.36,1653.49,1652.28,1653.01,634.96
2026-08-15 23:00:00,1653.02,1653.54,1652.63,1653.1,730.57
2026-08-15 23:15:00,1653.1,1653.24,1652.0,1652.21,384.19
2026-08-15 23:30:00,1652.2,1653.78,1652.02,1653.55,494.05
2026-08-15 23:45:00,1653.56,1653.74,1652.47,1652.78,1366.12
2026-08-16 00:00:00,1652.78,1653.8,1652.78,1653.57,986.95
2026-08-16 00:15:00,1653.55,1653.98,1653.28,1653.58,403.42
2026-08-16 00:30:00,1653.51,1654.7,1653.51,1654.05,1155.62
2026-08-16 00:45:00,1654.06,1654.28,1653.03,1653.5,431.02
2026-08-16 01:00:00,1653.51,1654.48,1653.29,1654.01,1286.91
2026-08-16 01:15:00,1654.0,1654.42,1653.68,1654.35,458.75
2026-08-16 01:30:00,1654.38,1654.8,1654.05,1654.74,966.79
2026-08-16 01:45:00,1654.75,1654.99,1653.97,1654.8,864.17
2026-08-16 02:00:00,1654.81,1663.47,1654.74,1661.6,11327.02
2026-08-16 02:15:00,1661.55,1661.69,1658.39,1660.61,3743.61
2026-08-16 02:30:00,1660.61,1661.46,1658.0,1659.11,2252.53
2026-08-16 02:45:00,1659.1,1659.12,1657.56,1658.02,1279.1
2026-08-16 03:00:00,1657.95,1661.13,1657.84,1661.03,2072.72
2026-08-16 03:15:00,1661.01,1663.75,1661.01,1663.52,4137.67
2026-08-16 03:30:00,1663.57,1673.5,1663.57,1664.23,13940.82
2026-08-16 03:45:00,1664.24,1668.26,1663.13,1665.31,5637.78
2026-08-16 04:00:00,1665.32,1665.5,1663.3,1665.28,2709.69
2026-08-16 04:15:00,1665.24,1665.24,1661.8,1662.25,2540.9
2026-08-16 04:30:00,1662.26,1663.43,1660.41,1661.35,3150.13
2026-08-16 04:45:00,1661.34,1665.23,1661.12,1662.4,2071.78
2026-08-16 05:00:00,1662.4,1663.55,1661.69,1662.87,1830.89
2026-08-16 05:15:00,1662.87,1664.4,1662.87,1663.65,928.35
2026-08-16 05:30:00,1663.64,1663.99,1661.8,1662.74,1393.66
2026-08-16 05:45:00,1662.74,1663.3,1662.16,1662.92,861.41
2026-08-16 06:00:00,1662.94,1663.99,1662.41,1662.74,1891.87
2026-08-16 06:15:00,1662.74,1665.51,1662.4,1665.5,2832.31
2026-08-16 06:30:00,1665.5,1665.91,1664.61,1664.84,1227.16
2026-08-16 06:45:00,1664.8,1666.6,1664.32,1666.02,1608.78
2026-08-16 07:00:00,1666.01,1666.05,1663.77,1664.13,1296.2
2026-08-16 07:15:00,1664.12,1664.96,1662.83,1663.7,1066.67
2026-08-16 07:30:00,1663.67,1664.98,1662.84,1663.97,1164.92
2026-08-16 07:45:00,1663.9,1665.31,1663.82,1664.6,863.89
2026-08-16 08:00:00,1664.62,1664.89,1663.52,1663.69,956.14
2026-08-16 08:15:00,1663.7,1665.2,1663.37,1665.17,1157.52
2026-08-16 08:30:00,1665.17,1665.17,1663.22,1663.73,821.66
2026-08-16 08:45:00,1663.7,1663.97,1663.01,1663.14,780.23
2026-08-16 09:00:00,1663.14,1664.05,1662.9,1663.09,1208.44
2026-08-16 09:15:00,1663.09,1663.28,1660.84,1661.21,1784.77
2026-08-16 09:30:00,1661.21,1661.21,1658.29,1659.5,3947.28
2026-08-16 09:45:00,1659.5,1660.94,1658.11,1659.78,1671.09
2026-08-16 10:00:00,1659.79,1660.37,1656.62,1659.37,2558.6
2026-08-16 10:15:00,1659.42,1662.3,1659.21,1661.48,1770.33
2026-08-16 10:30:00,1661.47,1662.18,1660.91,1661.21,1295.92
2026-08-16 10:45:00,1661.2,1661.64,1659.65,1661.11,1233.84
2026-08-16 11:00:00,1661.12,1661.17,1658.42,1658.92,1559.52
2026-08-16 11:15:00,1658.91,1660.24,1658.26,1659.77,1455.72
2026-08-16 11:30:00,1659.76,1660.74,1659.11,1659.67,946.95
2026-08-16 11:45:00,1659.66,1661.02,1659.63,1659.69,819.89
2026-08-16 12:00:00,1659.68,1659.68,1657.46,1657.47,1171.54
2026-08-16 12:15:00,1657.46,1657.92,1653.51,1655.06,4084.35
2026-08-16 12:30:00,1655.06,1655.24,1647.28,1651.16,12300.25
2026-08-16 12:45:00,1651.16,1653.91,1647.88,1650.26,6219.78
2026-08-16 13:00:00,1650.26,1652.81,1649.64,1650.96,2627.31
2026-08-16 13:15:00,1650.96,1658.26,1650.96,1654.22,4526.05
2026-08-16 13:30:00,1654.26,1656.34,1652.02,1655.5,2530.68
2026-08-16 13:45:00,1655.5,1655.65,1653.22,1653.67,973.97
2026-08-16 14:00:00,1653.67,1653.72,1651.75,1651.89,1172.41
2026-08-16 14:15:00,1651.9,1656.3,1651.8,1655.59,1616.94
2026-08-16 14:30:00,1655.6,1656.0,1652.9,1654.71,1708.51
2026-08-16 14:45:00,1654.71,1655.0,1653.67,1654.31,885.51
2026-08-16 15:00:00,1654.31,1656.4,1653.33,1655.13,1532.95
2026-08-16 15:15:00,1655.05,1657.86,1655.05,1657.14,1563.99
2026-08-16 15:30:00,1657.13,1660.56,1656.76,1656.91,2218.81
2026-08-16 15:45:00,1656.87,1658.79,1656.83,1658.1,1113.56
2026-08-16 16:00:00,1658.16,1662.98,1656.15,1660.24,3110.77
2026-08-16 16:15:00,1660.24,1660.86,1657.47,1657.99,1724.02
2026-08-16 16:30:00,1657.99,1663.8,1656.24,1662.87,3501.96
2026-08-16 16:45:00,1662.87,1664.6,1661.6,1661.86,3735.32
2026-08-16 17:00:00,1661.86,1664.75,1661.53,1663.29,3337.97
2026-08-16 17:15:00,1663.29,1664.34,1661.96,1662.79,1151.36
2026-08-16 17:30:00,1662.8,1664.0,1662.01,1663.96,1217.53
2026-08-16 17:45:00,1663.96,1665.28,1662.97,1664.28,2013.13
2026-08-16 18:00:00,1664.28,1665.98,1664.24,1665.43,1583.48
2026-08-16 18:15:00,1665.4,1668.35,1663.35,1664.67,4126.67
2026-08-16 18:30:00,1664.67,1666.08,1663.45,1663.66,778.76
2026-08-16 18:45:00,1663.66,1663.73,1662.06,1663.46,844.07
2026-08-16 19:00:00,1663.47,1663.61,1662.17,1662.91,761.29
2026-08-16 19:15:00,1662.91,1663.61,1660.15,1661.15,1077.44
2026-08-16 19:30:00,1661.16,1663.29,1660.62,1662.07,933.21
2026-08-16 19:45:00,1662.06,1662.33,1659.59,1659.98,659.77
2026-08-16 20:00:00,1659.98,1663.84,1659.34,1663.28,970.78
2026-08-16 20:15:00,1663.29,1663.52,1661.56,1662.25,471.58
2026-08-16 20:30:00,1662.23,1662.99,1661.5,1662.38,542.7
2026-08-16 20:45:00,1662.38,1663.17,1661.01,1661.1,763.7
2026-08-16 21:00:00,1661.1,1663.5,1660.24,1661.55,947.39
2026-08-16 21:15:00,1661.57,1662.69,1661.34,1662.14,458.5
2026-08-16 21:30:00,1662.15,1662.91,1659.41,1661.99,1238.73
2026-08-16 21:45:00,1661.99,1661.99,1660.27,1660.61,867.24
2026-08-16 22:00:00,1660.64,1665.52,1658.48,1660.8,4545.39
2026-08-16 22:15:00,1660.8,1662.47,1658.0,1659.3,2444.17
2026-08-16 22:30:00,1659.3,1660.05,1654.61,1655.57,3792.65
2026-08-16 22:45:00,1655.55,1657.94,1654.89,1656.91,2114.23
2026-08-16 23:00:00,1656.96,1658.3,1653.68,1656.07,2846.01
2026-08-16 23:15:00,1656.05,1657.07,1654.61,1655.7,1632.05
2026-08-16 23:30:00,1655.74,1657.16,1654.13,1655.6,1911.62
2026-08-16 23:45:00,1655.6,1658.0,1655.1,1657.14,1839.18
2026-08-17 00:00:00,1657.14,1687.0,1656.95,1673.51,70207.41
2026-08-17 00:15:00,1673.52,1675.25,1665.8,1671.13,21062.83
2026-08-17 00:30:00,1671.13,1674.31,1668.52,1672.67,10162.97
2026-08-17 00:45:00,1672.69,1678.72,1671.87,1675.84,12265.38
2026-08-17 01:00:00,1675.85,1680.79,1673.69,1677.02,10598.8
2026-08-17 01:15:00,1677.01,1682.67,1676.11,1682.57,11689.48
2026-08-17 01:30:00,1682.57,1683.57,1675.11,1676.17,10069.44
2026-08-17 01:45:00,1676.17,1676.18,1670.49,1670.49,7771.13
2026-08-17 02:00:00,1670.5,1675.0,1670.25,1673.04,5837.8
2026-08-17 02:15:00,1673.08,1774.0,1673.08,1704.13,154843.71
2026-08-17 02:30:00,1704.11,1716.65,1704.06,1713.57,38177.3
2026-08-17 02:45:00,1713.57,1734.0,1713.57,1718.22,49600.96
2026-08-17 03:00:00,1718.22,1725.83,1715.41,1723.47,21404.37
2026-08-17 03:15:00,1723.47,1731.7,1722.04,1728.13,19414.84
2026-08-17 03:30:00,1728.1,1729.31,1723.27,1726.63,11286.99
2026-08-17 03:45:00,1726.64,1727.08,1720.7,1721.23,10788.23
2026-08-17 04:00:00,1721.22,1724.22,1714.0,1723.92,18179.07
2026-08-17 04:15:00,1723.9,1726.19,1722.0,1724.09,8107.77
2026-08-17 04:30:00,1724.01,1727.69,1722.75,1727.31,5761.87
2026-08-17 04:45:00,1727.31,1730.29,1720.0,1722.84,13824.72
2026-08-17 05:00:00,1722.85,1728.71,1722.85,1727.26,7694.88
2026-08-17 05:15:00,1727.28,1730.71,1725.51,1727.38,8599.89
2026-08-17 05:30:00,1727.36,1759.63,1725.12,1736.72,32599.18
2026-08-17 05:45:00,1736.72,1747.96,1735.1,1743.8,30737.42
2026-08-17 06:00:00,1743.8,1751.98,1738.82,1740.68,26832.23
2026-08-17 06:15:00,1740.7,1743.35,1736.18,1742.35,12452.69
2026-08-17 06:30:00,1742.37,1743.61,1737.78,1738.36,8520.54
2026-08-17 06:45:00,1738.36,1742.5,1735.72,1740.82,11263.58
2026-08-17 07:00:00,1740.82,1742.96,1731.72,1732.04,16486.22
2026-08-17 07:15:00,1732.05,1737.42,1725.55,1735.81,19698.45
2026-08-17 07:30:00,1735.81,1740.7,1735.02,1739.18,9080.71
2026-08-17 07:45:00,1739.19,1743.0,1738.51,1741.3,9778.89
2026-08-17 08:00:00,1741.3,1741.82,1725.06,1730.46,42046.0
2026-08-17 08:15:00,1730.45,1736.98,1730.34,1734.89,12411.53
2026-08-17 08:30:00,1734.89,1740.0,1732.65,1732.8,10133.45
2026-08-17 08:45:00,1732.75,1737.2,1730.86,1731.15,8883.24
2026-08-17 09:00:00,1731.15,1732.04,1725.25,1725.93,18534.01
2026-08-17 09:15:00,1725.92,1725.92,1715.27,1720.37,31744.02
2026-08-17 09:30:00,1720.46,1725.79,1717.12,1724.86,16469.21
2026-08-17 09:45:00,1724.85,1728.5,1720.53,1720.81,12681.09
2026-08-17 10:00:00,1720.68,1726.97,1720.12,1725.89,7871.58
2026-08-17 10:15:00,1725.93,1734.25,1723.19,1732.81,10954.16
2026-08-17 10:30:00,1732.81,1735.87,1727.54,1733.87,12456.26
2026-08-17 10:45:00,1733.88,1736.24,1730.48,1732.29,8678.18
2026-08-17 11:00:00,1732.28,1737.26,1722.4,1723.65,16064.43
2026-08-17 11:15:00,1723.65,1725.44,1720.36,1722.48,10183.21
2026-08-17 11:30:00,1722.49,1722.69,1706.66,1716.61,39047.45
2026-08-17 11:45:00,1716.6,1719.21,1710.37,1712.55,14852.79
2026-08-17 12:00:00,1712.55,1713.05,1692.27,1709.48,49111.76
2026-08-17 12:15:00,1709.56,1710.79,1698.13,1704.92,26434.03
2026-08-17 12:30:00,1704.92,1711.14,1688.01,1691.18,37209.64
2026-08-17 12:45:00,1691.09,1702.7,1688.49,1699.58,30641.79
2026-08-17 13:00:00,1699.6,1709.64,1697.99,1699.93,25899.33
2026-08-17 13:15:00,1699.93,1711.56,1686.03,1702.73,68462.21
2026-08-17 13:30:00,1702.72,1755.66,1699.57,1742.62,287416.86
2026-08-17 13:45:00,1742.63,1780.0,1735.0,1779.06,201380.16
2026-08-17 14:00:00,1779.06,1787.99,1755.04,1783.33,174739.82
2026-08-17 14:15:00,1783.33,1783.89,1767.15,1778.17,82229.57
2026-08-17 14:30:00,1778.24,1796.93,1775.87,1787.09,116913.13
2026-08-17 14:45:00,1787.09,1818.0,1786.56,1808.3,161234.24
2026-08-17 15:00:00,1808.3,1826.57,1807.53,1811.53,114453.55
2026-08-17 15:15:00,1811.53,1818.68,1797.39,1797.7,73908.01
2026-08-17 15:30:00,1797.57,1807.81,1785.36,1791.6,71654.86
2026-08-17 15:45:00,1791.6,1796.25,1778.41,1783.45,64301.15
2026-08-17 16:00:00,1783.44,1799.09,1783.35,1790.33,39298.63
2026-08-17 16:15:00,1790.34,1801.45,1790.0,1791.14,32366.96
2026-08-17 16:30:00,1791.13,1795.4,1783.87,1792.8,28115.1
2026-08-17 16:45:00,1792.8,1806.37,1789.89,1804.4,36177.19
2026-08-17 17:00:00,1804.4,1812.8,1795.71,1796.3,33743.06
2026-08-17 17:15:00,1796.28,1802.7,1784.18,1785.35,35333.59
2026-08-17 17:30:00,1785.3,1798.0,1784.18,1795.17,20240.68
2026-08-17 17:45:00,1795.13,1798.39,1789.62,1790.53,15649.76
2026-08-17 18:00:00,1790.53,1795.82,1781.03,1792.75,26028.88
2026-08-17 18:15:00,1792.73,1793.68,1785.29,1789.4,11589.85
2026-08-17 18:30:00,1789.41,1791.58,1782.93,1783.48,15168.19
2026-08-17 18:45:00,1783.5,1787.64,1776.13,1780.88,32364.67
2026-08-17 19:00:00,1780.91,1784.42,1762.23,1766.99,33533.3
2026-08-17 19:15:00,1766.93,1779.0,1761.06,1778.08,33407.52
2026-08-17 19:30:00,1778.04,1789.89,1772.8,1782.19,34118.17
2026-08-17 19:45:00,1782.17,1789.82,1774.61,1786.63,26189.0
2026-08-17 20:00:00,1786.78,1794.53,1780.72,1782.59,13984.77
2026-08-17 20:15:00,1782.61,1787.31,1781.66,1784.75,6162.32
2026-08-17 20:30:00,1784.71,1784.71,1774.54,1776.23,8535.36
2026-08-17 20:45:00,1776.21,1781.76,1775.51,1778.77,4145.31
2026-08-17 21:00:00,1778.78,1782.3,1778.49,1781.91,2990.48
2026-08-17 21:15:00,1782.0,1783.74,1778.88,1781.73,3745.87
2026-08-17 21:30:00,1781.73,1786.86,1781.67,1784.51,3898.82
2026-08-17 21:45:00,1784.51,1792.56,1783.31,1790.12,4404.43
2026-08-17 22:00:00,1790.11,1808.89,1788.72,1799.33,27592.79
2026-08-17 22:15:00,1799.28,1810.79,1798.67,1808.59,11234.27
2026-08-17 22:30:00,1808.58,1811.11,1805.02,1806.82,7477.75
2026-08-17 22:45:00,1806.86,1815.88,1805.22,1814.82,10835.61
2026-08-17 23:00:00,1814.85,1814.97,1808.21,1811.37,11202.78
2026-08-17 23:15:00,1811.37,1817.91,1810.02,1814.5,9825.66
2026-08-17 23:30:00,1814.49,1819.93,1811.6,1812.81,12959.89
2026-08-17 23:45:00,1812.81,1813.5,1804.67,1805.3,16703.85
2026-08-18 00:00:00,1805.37,1809.76,1794.47,1802.17,31075.84
2026-08-18 00:15:00,1802.17,1806.32,1796.5,1801.53,11541.51
2026-08-18 00:30:00,1801.53,1815.0,1800.6,1806.32,19090.11
2026-08-18 00:45:00,1806.32,1808.93,1798.79,1801.1,10791.43
2026-08-18 01:00:00,1801.09,1802.57,1796.16,1798.83,9706.07
2026-08-18 01:15:00,1798.84,1799.73,1793.14,1796.3,9394.62
2026-08-18 01:30:00,1796.3,1796.36,1768.26,1768.34,35147.33
2026-08-18 01:45:00,1768.33,1773.45,1701.1,1749.13,126003.88
2026-08-18 02:00:00,1749.13,1753.6,1737.41,1741.71,56358.17
2026-08-18 02:15:00,1741.7,1742.66,1724.09,1730.92,55946.39
2026-08-18 02:30:00,1730.91,1741.25,1721.73,1727.52,58351.04
2026-08-18 02:45:00,1727.55,1729.12,1711.96,1721.25,63501.11
2026-08-18 03:00:00,1721.28,1728.57,1711.13,1714.47,36786.53
2026-08-18 03:15:00,1714.47,1720.66,1706.96,1718.56,39716.97
2026-08-18 03:30:00,1718.57,1735.0,1709.84,1731.02,43081.31
2026-08-18 03:45:00,1731.02,1734.12,1722.26,1724.34,30968.68
2026-08-18 04:00:00,1724.33,1729.26,1715.33,1728.93,19848.56
2026-08-18 04:15:00,1728.87,1731.49,1721.18,1730.79,14264.27
2026-08-18 04:30:00,1730.79,1736.56,1725.82,1726.7,22909.95
2026-08-18 04:45:00,1726.75,1731.59,1723.55,1729.01,11405.17
2026-08-18 05:00:00,1729.02,1729.08,1716.66,1717.98,15029.54
2026-08-18 05:15:00,1717.97,1722.3,1713.51,1715.57,15489.18
2026-08-18 05:30:00,1715.56,1719.19,1713.25,1716.67,12126.26
2026-08-18 05:45:00,1716.67,1719.35,1711.18,1711.44,13633.13
2026-08-18 06:00:00,1711.46,1720.95,1709.0,1719.33,24401.18
2026-08-18 06:15:00,1719.33,1725.67,1716.3,1725.26,18412.76
2026-08-18 06:30:00,1725.27,1727.61,1720.55,1721.3,12689.24
2026-08-18 06:45:00,1721.31,1728.79,1720.94,1727.75,7414.37
2026-08-18 07:00:00,1727.74,1731.46,1721.77,1721.77,15212.07
2026-08-18 07:15:00,1721.77,1723.94,1716.74,1717.15,9854.48
2026-08-18 07:30:00,1717.16,1720.26,1713.0,1717.17,10654.56
2026-08-18 07:45:00,1717.16,1720.05,1715.7,1715.91,6871.64
2026-08-18 08:00:00,1715.91,1719.93,1681.0,1686.46,119726.9
2026-08-18 08:15:00,1686.46,1691.02,1673.43,1682.11,72860.64
2026-08-18 08:30:00,1682.12,1695.73,1678.58,1691.14,62845.08
2026-08-18 08:45:00,1691.02,1691.3,1681.86,1684.75,29951.01
2026-08-18 09:00:00,1684.76,1688.22,1677.32,1686.47,29016.01
2026-08-18 09:15:00,1686.54,1689.01,1679.0,1680.85,26922.33
2026-08-18 09:30:00,1680.86,1683.29,1673.01,1679.64,30009.15
2026-08-18 09:45:00,1679.64,1683.69,1674.78,1682.93,19693.61
2026-08-18 10:00:00,1682.93,1687.28,1679.52,1681.35,18289.55
2026-08-18 10:15:00,1681.41,1686.59,1676.03,1682.23,13532.67
2026-08-18 10:30:00,1682.24,1685.32,1679.57,1682.46,11521.3
2026-08-18 10:45:00,1682.5,1690.68,1680.81,1689.01,21085.21
2026-08-18 11:00:00,1689.07,1716.99,1686.06,1712.19,91352.05
2026-08-18 11:15:00,1712.17,1716.38,1702.79,1706.06,31530.65
2026-08-18 11:30:00,1706.07,1706.07,1690.92,1703.22,34981.42
2026-08-18 11:45:00,1703.2,1708.83,1700.85,1703.7,18138.94
2026-08-18 12:00:00,1703.82,1711.65,1693.16,1693.28,28571.03
2026-08-18 12:15:00,1693.29,1697.38,1685.47,1687.39,42027.3
2026-08-18 12:30:00,1687.4,1690.92,1681.18,1687.75,26766.78
2026-08-18 12:45:00,1687.75,1692.94,1683.27,1686.17,15191.91
2026-08-18 13:00:00,1686.23,1687.04,1673.73,1678.65,27264.03
2026-08-18 13:15:00,1678.66,1691.7,1676.38,1679.28,61079.48
2026-08-18 13:30:00,1679.27,1724.7,1678.04,1693.2,279484.31
2026-08-18 13:45:00,1693.11,1694.34,1650.0,1674.9,246750.89
2026-08-18 14:00:00,1674.94,1684.71,1653.57,1657.84,124413.01
2026-08-18 14:15:00,1657.78,1675.71,1654.58,1670.63,90387.38
2026-08-18 14:30:00,1670.65,1675.24,1643.23,1644.09,93640.21
2026-08-18 14:45:00,1644.11,1647.61,1618.01,1621.92,154536.2
2026-08-18 15:00:00,1621.91,1631.83,1614.44,1627.2,117911.29
2026-08-18 15:15:00,1627.2,1651.12,1622.22,1648.65,110953.62
2026-08-18 15:30:00,1648.66,1649.08,1628.16,1647.16,73458.99
2026-08-18 15:45:00,1647.17,1657.92,1639.08,1646.49,87188.08
2026-08-18 16:00:00,1646.5,1649.67,1639.38,1639.47,28093.45
2026-08-18 16:15:00,1639.47,1640.55,1624.14,1624.14,54313.23
2026-08-18 16:30:00,1624.14,1633.93,1619.81,1628.41,51571.43
2026-08-18 16:45:00,1628.42,1638.81,1624.0,1625.84,41998.38
2026-08-18 17:00:00,1625.85,1630.9,1618.26,1622.92,34407.42
2026-08-18 17:15:00,1622.88,1623.26,1610.21,1620.77,40628.58
2026-08-18 17:30:00,1620.72,1622.62,1604.35,1610.62,39950.33
2026-08-18 17:45:00,1610.58,1616.48,1608.1,1612.43,23584.04
2026-08-18 18:00:00,1612.44,1615.16,1601.44,1607.98,37393.73
2026-08-18 18:15:00,1607.99,1614.68,1606.46,1611.79,21884.58
2026-08-18 18:30:00,1611.78,1616.86,1605.7,1611.95,26680.99
2026-08-18 18:45:00,1612.0,1619.64,1609.82,1614.21,19713.83
2026-08-18 19:00:00,1614.87,1614.87,1603.88,1610.51,24955.19
2026-08-18 19:15:00,1610.59,1628.8,1607.56,1625.64,48485.8
2026-08-18 19:30:00,1625.54,1629.12,1618.47,1627.6,27473.69
2026-08-18 19:45:00,1627.59,1636.1,1612.24,1626.45,52590.97
2026-08-18 20:00:00,1626.49,1629.3,1613.84,1615.51,16758.82
2026-08-18 20:15:00,1615.51,1621.03,1613.0,1620.9,7970.66
2026-08-18 20:30:00,1620.91,1622.45,1618.42,1618.92,5656.4
2026-08-18 20:45:00,1618.91,1620.54,1613.93,1615.69,9041.44
2026-08-18 21:00:00,1615.69,1617.78,1612.23,1616.75,7480.0
2026-08-18 21:15:00,1616.82,1619.69,1614.33,1619.54,3244.38
2026-08-18 21:30:00,1619.55,1619.99,1611.1,1613.16,6675.64
2026-08-18 21:45:00,1613.16,1614.31,1610.58,1612.27,3616.68
2026-08-18 22:00:00,1612.28,1617.3,1611.1,1615.5,7382.73
2026-08-18 22:15:00,1615.5,1623.2,1615.35,1615.72,7912.64
2026-08-18 22:30:00,1615.71,1615.88,1606.87,1607.55,8153.92
2026-08-18 22:45:00,1607.56,1607.76,1580.0,1591.09,40428.07
2026-08-18 23:00:00,1591.07,1596.68,1586.83,1592.38,33807.12
2026-08-18 23:15:00,1592.39,1598.34,1589.23,1594.65,18375.48
2026-08-18 23:30:00,1594.63,1595.6,1582.0,1587.46,15481.53
2026-08-18 23:45:00,1587.36,1590.38,1583.01,1588.2,15144.61
2026-08-19 00:00:00,1588.24,1590.46,1565.82,1571.08,65498.63
2026-08-19 00:15:00,1571.06,1587.5,1569.0,1583.57,35957.25
2026-08-19 00:30:00,1583.58,1604.75,1581.91,1603.11,34392.31
2026-08-19 00:45:00,1603.11,1618.55,1594.46,1595.6,52555.1
2026-08-19 01:00:00,1595.6,1620.61,1594.93,1613.38,40530.57
2026-08-19 01:15:00,1613.38,1626.33,1608.64,1619.59,37226.29
2026-08-19 01:30:00,1619.59,1622.4,1609.75,1614.18,19661.92
2026-08-19 01:45:00,1614.17,1620.73,1609.51,1614.39,13987.87
2026-08-19 02:00:00,1614.45,1615.08,1591.27,1594.84,36766.29
2026-08-19 02:15:00,1594.83,1601.99,1590.31,1596.82,23080.41
2026-08-19 02:30:00,1596.81,1598.83,1591.0,1595.59,14002.78
2026-08-19 02:45:00,1595.59,1602.51,1594.3,1598.0,14756.05
2026-08-19 03:00:00,1597.99,1605.78,1594.36,1597.38,15405.94
2026-08-19 03:15:00,1597.34,1601.5,1595.24,1599.3,10176.39
2026-08-19 03:30:00,1599.29,1602.5,1595.77,1596.69,11811.74
2026-08-19 03:45:00,1596.67,1598.15,1591.0,1594.6,14510.07
2026-08-19 04:00:00,1594.61,1595.52,1586.4,1588.87,19150.58
2026-08-19 04:15:00,1588.87,1597.3,1587.6,1593.27,14853.35
2026-08-19 04:30:00,1593.27,1595.12,1581.32,1583.04,19940.83
2026-08-19 04:45:00,1583.04,1583.8,1571.77,1576.3,31920.93
2026-08-19 05:00:00,1576.3,1584.66,1574.56,1576.3,23696.9
2026-08-19 05:15:00,1576.21,1581.07,1572.76,1580.38,18336.17
2026-08-19 05:30:00,1580.38,1582.17,1573.57,1577.12,15946.45
2026-08-19 05:45:00,1577.12,1577.12,1568.26,1570.6,30110.13
2026-08-19 06:00:00,1570.59,1573.71,1567.5,1570.84,23178.86
2026-08-19 06:15:00,1570.83,1580.05,1570.3,1573.9,30885.57
2026-08-19 06:30:00,1573.89,1591.8,1569.47,1590.68,31156.88
2026-08-19 06:45:00,1590.7,1618.81,1590.7,1612.38,101755.55
2026-08-19 07:00:00,1612.39,1624.84,1602.81,1616.01,67306.69
2026-08-19 07:15:00,1616.11,1658.84,1615.36,1653.68,133545.58
2026-08-19 07:30:00,1653.7,1654.11,1641.45,1653.0,53989.14
2026-08-19 07:45:00,1652.99,1682.25,1652.04,1669.36,109570.78
2026-08-19 08:00:00,1669.36,1693.0,1657.91,1682.34,145716.48
2026-08-19 08:15:00,1682.33,1684.51,1663.22,1669.59,78902.66
2026-08-19 08:30:00,1669.59,1670.09,1653.61,1664.35,57375.3
2026-08-19 08:45:00,1664.35,1673.49,1661.51,1663.09,28378.0
2026-08-19 09:00:00,1663.08,1668.83,1655.78,1656.6,26508.14
2026-08-19 09:15:00,1656.55,1660.17,1635.5,1637.75,70753.31
2026-08-19 09:30:00,1637.76,1647.73,1620.67,1623.01,69650.74
2026-08-19 09:45:00,1622.98,1627.42,1612.41,1618.44,80377.52
2026-08-19 10:00:00,1618.43,1620.78,1593.41,1607.9,88609.24
2026-08-19 10:15:00,1607.75,1617.56,1598.88,1603.2,64995.78
2026-08-19 10:30:00,1603.21,1619.88,1602.98,1616.37,51427.77
2026-08-19 10:45:00,1616.38,1622.61,1608.34,1611.01,36703.18
2026-08-19 11:00:00,1611.0,1648.64,1605.68,1627.49,117606.7
2026-08-19 11:15:00,1627.44,1634.3,1621.62,1625.9,39040.91
2026-08-19 11:30:00,1625.88,1628.15,1613.09,1619.02,35879.73
2026-08-19 11:45:00,1618.9,1631.87,1615.69,1629.36,26204.43
2026-08-19 12:00:00,1629.36,1639.03,1624.37,1637.71,36861.63
2026-08-19 12:15:00,1637.7,1667.44,1637.15,1662.11,80443.11
2026-08-19 12:30:00,1662.11,1689.0,1654.03,1688.67,111840.74
2026-08-19 12:45:00,1688.67,1707.34,1678.75,1706.18,110495.72
2026-08-19 13:00:00,1706.18,1706.25,1686.4,1693.32,73017.54
2026-08-19 13:15:00,1693.32,1711.92,1683.16,1684.29,87286.05
2026-08-19 13:30:00,1684.27,1702.34,1621.43,1648.86,362174.84
2026-08-19 13:45:00,1648.86,1659.79,1572.56,1590.4,314301.65
2026-08-19 14:00:00,1590.27,1597.2,1545.81,1552.01,225141.83
2026-08-19 14:15:00,1552.0,1577.23,1550.17,1575.65,143734.04
2026-08-19 14:30:00,1575.65,1608.83,1564.01,1588.76,173471.84
2026-08-19 14:45:00,1588.77,1589.15,1562.71,1586.38,131978.78
2026-08-19 15:00:00,1586.39,1599.58,1576.88,1598.61,73876.62
2026-08-19 15:15:00,1598.61,1599.32,1586.67,1594.69,60119.98
2026-08-19 15:30:00,1594.78,1597.95,1573.74,1595.11,61366.58
2026-08-19 15:45:00,1595.1,1595.27,1578.76,1590.12,36337.22
2026-08-19 16:00:00,1590.11,1599.91,1584.03,1588.59,35361.58
2026-08-19 16:15:00,1588.58,1598.8,1580.02,1585.78,39354.49
2026-08-19 16:30:00,1585.73,1594.37,1582.74,1590.56,24058.5
2026-08-19 16:45:00,1590.54,1592.61,1582.02,1585.41,21843.04
2026-08-19 17:00:00,1585.35,1589.96,1581.07,1582.41,19070.71
2026-08-19 17:15:00,1582.41,1584.96,1565.85,1569.0,50198.93
2026-08-19 17:30:00,1569.01,1571.09,1556.82,1562.41,39215.05
2026-08-19 17:45:00,1562.45,1567.42,1558.37,1566.7,25865.3
2026-08-19 18:00:00,1566.7,1573.79,1552.2,1552.98,50489.67
2026-08-19 18:15:00,1552.96,1562.31,1547.23,1561.87,56588.62
2026-08-19 18:30:00,1561.92,1569.88,1557.71,1567.13,35596.85
2026-08-19 18:45:00,1567.15,1567.35,1557.77,1566.7,19139.01
2026-08-19 19:00:00,1566.62,1571.07,1562.56,1564.44,19363.13
2026-08-19 19:15:00,1564.47,1579.74,1563.04,1570.84,24589.28
2026-08-19 19:30:00,1570.81,1575.23,1562.47,1564.79,21990.61
2026-08-19 19:45:00,1564.86,1573.78,1555.06,1569.6,37051.51
2026-08-19 20:00:00,1569.71,1587.09,1569.53,1579.74,29084.51
2026-08-19 20:15:00,1579.73,1586.16,1577.45,1580.44,10297.09
2026-08-19 20:30:00,1580.43,1582.56,1579.61,1581.86,4180.06
2026-08-19 20:45:00,1581.9,1591.98,1581.89,1590.6,21057.06
2026-08-19 21:00:00,1590.6,1598.14,1586.4,1593.98,25325.14
2026-08-19 21:15:00,1593.98,1603.35,1589.66,1592.8,31081.54
2026-08-19 21:30:00,1592.8,1592.8,1585.6,1587.69,8158.19
2026-08-19 21:45:00,1587.7,1591.63,1586.93,1589.65,5360.19
2026-08-19 22:00:00,1589.67,1599.36,1588.06,1598.25,8993.51
2026-08-19 22:15:00,1598.2,1600.24,1595.11,1596.8,6080.06
2026-08-19 22:30:00,1596.8,1608.37,1596.74,1607.26,12180.51
2026-08-19 22:45:00,1607.26,1611.54,1604.22,1609.11,14628.49
2026-08-19 23:00:00,1609.1,1613.49,1602.82,1603.44,15998.36
2026-08-19 23:15:00,1603.45,1603.8,1595.8,1597.4,10396.13
2026-08-19 23:30:00,1597.42,1608.57,1597.41,1605.57,10991.92
2026-08-19 23:45:00,1605.53,1607.5,1601.9,1605.72,7751.42
2026-08-20 00:00:00,1605.71,1608.24,1576.05,1598.02,45255.63
2026-08-20 00:15:00,1598.01,1610.43,1592.84,1593.36,27950.68
2026-08-20 00:30:00,1593.39,1604.31,1586.41,1602.15,24362.8
2026-08-20 00:45:00,1602.1,1612.98,1593.78,1612.09,21839.3
2026-08-20 01:00:00,1612.09,1621.55,1600.76,1601.3,34175.0
2026-08-20 01:15:00,1601.32,1607.8,1595.16,1596.64,23059.67
2026-08-20 01:30:00,1596.64,1610.81,1595.48,1610.42,15454.08
2026-08-20 01:45:00,1610.43,1611.41,1598.98,1602.14,14550.21
2026-08-20 02:00:00,1602.21,1610.38,1601.37,1606.14,15205.23
2026-08-20 02:15:00,1606.14,1606.39,1596.79,1602.57,11800.96
2026-08-20 02:30:00,1602.58,1606.0,1596.97,1601.64,9221.94
2026-08-20 02:45:00,1601.62,1603.1,1592.71,1598.13,12840.67
2026-08-20 03:00:00,1598.13,1603.87,1592.61,1598.17,10852.22
2026-08-20 03:15:00,1598.17,1601.19,1597.26,1599.19,6801.08
2026-08-20 03:30:00,1599.19,1602.7,1593.74,1601.51,8404.79
2026-08-20 03:45:00,1601.55,1606.32,1601.02,1603.71,9264.26
2026-08-20 04:00:00,1603.7,1618.11,1602.05,1616.73,17925.47
2026-08-20 04:15:00,1616.73,1617.1,1610.24,1614.8,12270.69
2026-08-20 04:30:00,1614.8,1614.87,1607.23,1612.45,8810.16
2026-08-20 04:45:00,1612.46,1612.52,1602.33,1604.17,8762.56
2026-08-20 05:00:00,1604.2,1606.24,1599.36,1602.81,9185.93
2026-08-20 05:15:00,1602.81,1611.14,1602.44,1606.01,7578.26
2026-08-20 05:30:00,1606.06,1608.77,1603.26,1604.26,6462.9
2026-08-20 05:45:00,1604.26,1607.65,1602.6,1603.5,6853.54
2026-08-20 06:00:00,1603.52,1614.56,1603.5,1613.16,15187.33
2026-08-20 06:15:00,1613.16,1613.32,1606.63,1610.58,8443.78
2026-08-20 06:30:00,1610.55,1636.27,1609.49,1631.21,34527.37
2026-08-20 06:45:00,1631.22,1632.4,1622.9,1624.92,15774.31
2026-08-20 07:00:00,1624.89,1624.89,1615.63,1615.98,14394.79
2026-08-20 07:15:00,1615.91,1623.67,1615.81,1616.64,9005.33
2026-08-20 07:30:00,1616.67,1617.95,1612.42,1614.56,9110.71
2026-08-20 07:45:00,1614.55,1618.33,1610.32,1610.9,8712.64
2026-08-20 08:00:00,1610.89,1617.14,1585.05,1589.57,57427.21
2026-08-20 08:15:00,1589.57,1594.81,1577.06,1579.97,45945.85
2026-08-20 08:30:00,1579.94,1589.26,1572.27,1585.96,32583.87
2026-08-20 08:45:00,1585.95,1588.08,1575.19,1581.79,20080.88
2026-08-20 09:00:00,1581.79,1595.94,1579.88,1592.5,26833.31
2026-08-20 09:15:00,1592.51,1597.48,1586.33,1595.37,16395.58
2026-08-20 09:30:00,1595.38,1596.24,1588.69,1595.78,14817.47
2026-08-20 09:45:00,1595.77,1599.34,1592.22,1597.35,12426.98
2026-08-20 10:00:00,1597.34,1602.39,1590.65,1601.91,15452.87
2026-08-20 10:15:00,1601.9,1602.04,1590.42,1592.37,14274.05
2026-08-20 10:30:00,1592.37,1593.31,1585.53,1591.32,13274.92
2026-08-20 10:45:00,1591.33,1597.81,1591.33,1596.95,8921.97
2026-08-20 11:00:00,1596.92,1598.48,1578.28,1583.4,21485.43
2026-08-20 11:15:00,1583.43,1584.19,1570.74,1573.09,28070.41
2026-08-20 11:30:00,1573.08,1583.41,1572.51,1575.0,22475.51
2026-08-20 11:45:00,1575.0,1576.51,1556.57,1564.81,39553.34
2026-08-20 12:00:00,1564.75,1568.78,1548.67,1549.8,47330.05
2026-08-20 12:15:00,1549.8,1555.0,1534.87,1541.87,80124.77
2026-08-20 12:30:00,1541.88,1549.09,1528.36,1546.32,60418.22
2026-08-20 12:45:00,1546.33,1556.9,1543.16,1555.45,33653.95
2026-08-20 13:00:00,1555.48,1558.9,1544.0,1547.25,26258.99
2026-08-20 13:15:00,1547.24,1572.55,1545.07,1569.5,44661.75
2026-08-20 13:30:00,1569.53,1622.55,1566.87,1608.48,328496.05
2026-08-20 13:45:00,1608.5,1613.13,1556.61,1586.08,211207.23
2026-08-20 14:00:00,1586.04,1610.69,1576.74,1604.06,120310.27
2026-08-20 14:15:00,1604.06,1620.0,1590.26,1605.24,105695.29
2026-08-20 14:30:00,1605.26,1631.99,1601.49,1629.01,91344.72
2026-08-20 14:45:00,1629.02,1629.99,1600.53,1609.02,76868.03
2026-08-20 15:00:00,1609.0,1620.69,1592.56,1598.83,73352.22
2026-08-20 15:15:00,1598.97,1604.52,1591.0,1603.95,38203.47
2026-08-20 15:30:00,1603.98,1606.5,1592.75,1593.71,30780.97
2026-08-20 15:45:00,1593.7,1605.69,1587.49,1601.84,27289.31
2026-08-20 16:00:00,1601.92,1612.22,1595.15,1596.4,30746.14
2026-08-20 16:15:00,1596.4,1608.93,1596.03,1604.93,16971.6
2026-08-20 16:30:00,1604.96,1607.83,1595.0,1606.23,18818.49
2026-08-20 16:45:00,1606.23,1608.32,1596.69,1597.29,16552.8
2026-08-20 17:00:00,1597.28,1599.38,1589.56,1594.21,19650.42
2026-08-20 17:15:00,1594.21,1594.48,1585.79,1588.56,19297.61
2026-08-20 17:30:00,1588.6,1589.56,1583.0,1584.21,14086.31
2026-08-20 17:45:00,1584.19,1593.16,1584.07,1586.09,17132.28
2026-08-20 18:00:00,1586.09,1588.47,1572.89,1578.08,29559.79
2026-08-20 18:15:00,1578.07,1578.76,1570.12,1573.42,18885.14
2026-08-20 18:30:00,1573.41,1578.17,1567.06,1577.58,15943.55
2026-08-20 18:45:00,1577.59,1587.41,1577.01,1583.83,18491.13
2026-08-20 19:00:00,1583.82,1596.0,1583.04,1590.91,19295.83
2026-08-20 19:15:00,1590.97,1601.51,1586.56,1596.29,18322.72
2026-08-20 19:30:00,1596.32,1601.81,1591.25,1592.75,16615.15
2026-08-20 19:45:00,1592.76,1607.56,1589.5,1601.45,28297.3
2026-08-20 20:00:00,1601.48,1607.28,1596.16,1596.71,15731.92
2026-08-20 20:15:00,1596.74,1598.49,1593.99,1596.37,6866.37
2026-08-20 20:30:00,1596.4,1597.4,1590.6,1592.94,7336.85
2026-08-20 20:45:00,1592.94,1597.0,1592.94,1596.74,2765.29
2026-08-20 21:00:00,1596.72,1598.49,1588.39,1589.49,6589.08
2026-08-20 21:15:00,1589.49,1594.44,1589.48,1593.0,2861.77
2026-08-20 21:30:00,1592.97,1593.33,1588.67,1589.01,1706.25
2026-08-20 21:45:00,1589.01,1593.22,1589.01,1591.11,1733.6
2026-08-20 22:00:00,1591.1,1592.57,1583.27,1583.38,9194.26
2026-08-20 22:15:00,1583.38,1590.32,1583.19,1588.77,3776.48
2026-08-20 22:30:00,1588.76,1593.59,1586.3,1591.6,3294.15
2026-08-20 22:45:00,1591.61,1594.65,1590.83,1592.2,3145.18
2026-08-20 23:00:00,1592.2,1594.8,1586.69,1589.02,5251.57
2026-08-20 23:15:00,1588.93,1590.79,1584.55,1584.68,6585.64
2026-08-20 23:30:00,1584.68,1590.28,1583.28,1588.77,4798.12
2026-08-20 23:45:00,1588.77,1588.77,1577.69,1577.82,10928.84
2026-08-21 00:00:00,1577.82,1601.21,1576.4,1598.5,23665.22
2026-08-21 00:15:00,1598.53,1598.81,1587.28,1588.85,13237.1
2026-08-21 00:30:00,1589.0,1600.81,1582.18,1599.71,17233.5
2026-08-21 00:45:00,1599.71,1606.81,1594.65,1595.07,16139.43
2026-08-21 01:00:00,1595.01,1597.62,1585.02,1595.59,15163.57
2026-08-21 01:15:00,1595.61,1602.86,1592.17,1600.61,14154.51
2026-08-21 01:30:00,1600.63,1606.64,1595.43,1604.8,12430.5
2026-08-21 01:45:00,1604.84,1614.34,1600.84,1603.95,17290.01
2026-08-21 02:00:00,1603.93,1610.84,1600.76,1610.27,9010.52
2026-08-21 02:15:00,1610.27,1612.09,1604.3,1607.1,8109.34
2026-08-21 02:30:00,1607.12,1608.96,1603.45,1604.94,6811.01
2026-08-21 02:45:00,1604.94,1611.33,1603.91,1609.14,7681.41
2026-08-21 03:00:00,1609.14,1610.55,1598.17,1598.27,7771.34
2026-08-21 03:15:00,1598.31,1604.88,1598.23,1602.69,5617.8
2026-08-21 03:30:00,1602.68,1605.21,1599.0,1599.5,4847.02
2026-08-21 03:45:00,1599.5,1599.71,1595.87,1597.23,7861.33
2026-08-21 04:00:00,1597.11,1601.5,1595.3,1598.34,4657.91
2026-08-21 04:15:00,1598.36,1599.09,1589.93,1591.78,7817.74
2026-08-21 04:30:00,1591.74,1595.35,1589.72,1594.94,4459.95
2026-08-21 04:45:00,1594.93,1602.31,1593.58,1600.87,7757.46
2026-08-21 05:00:00,1600.86,1606.27,1598.61,1603.91,6895.56
2026-08-21 05:15:00,1603.9,1606.75,1601.59,1603.76,7554.0
2026-08-21 05:30:00,1603.75,1607.47,1600.58,1601.81,6138.88
2026-08-21 05:45:00,1601.84,1602.32,1596.0,1599.09,6791.09
2026-08-21 06:00:00,1599.1,1601.33,1594.39,1600.73,7184.54
2026-08-21 06:15:00,1600.73,1607.74,1598.4,1607.03,8639.55
2026-08-21 06:30:00,1607.0,1609.19,1603.97,1604.66,9093.59
2026-08-21 06:45:00,1604.68,1609.52,1604.61,1608.43,5372.28
2026-08-21 07:00:00,1608.43,1616.0,1607.68,1615.39,15822.2
2026-08-21 07:15:00,1615.39,1628.31,1615.11,1619.05,29041.94
2026-08-21 07:30:00,1619.04,1621.92,1609.03,1609.79,12955.36
2026-08-21 07:45:00,1609.79,1615.8,1609.51,1615.53,7702.63
2026-08-21 08:00:00,1615.54,1624.23,1592.46,1597.5,54445.77
2026-08-21 08:15:00,1597.5,1600.56,1586.36,1594.74,41106.16
2026-08-21 08:30:00,1594.8,1604.21,1593.11,1602.6,20472.39
2026-08-21 08:45:00,1602.65,1605.24,1596.7,1601.17,18605.19
2026-08-21 09:00:00,1601.15,1605.49,1596.66,1602.84,20742.96
2026-08-21 09:15:00,1602.85,1607.3,1601.34,1604.05,10732.7
2026-08-21 09:30:00,1604.06,1617.19,1602.16,1611.0,17017.39
2026-08-21 09:45:00,1611.1,1615.77,1609.6,1612.6,9517.56
2026-08-21 10:00:00,1612.6,1618.6,1608.76,1611.37,14069.28
2026-08-21 10:15:00,1611.38,1614.42,1607.01,1614.31,7079.64
2026-08-21 10:30:00,1614.31,1615.19,1603.49,1606.58,10397.16
2026-08-21 10:45:00,1606.54,1610.61,1604.03,1606.62,9965.34
2026-08-21 11:00:00,1606.61,1609.89,1597.5,1601.78,12085.2
2026-08-21 11:15:00,1601.78,1611.9,1601.26,1611.45,10183.21
2026-08-21 11:30:00,1611.34,1619.38,1610.4,1619.18,12979.86
2026-08-21 11:45:00,1619.07,1619.19,1610.29,1612.45,9918.72
2026-08-21 12:00:00,1612.46,1618.27,1610.1,1615.97,9318.22
2026-08-21 12:15:00,1616.0,1622.19,1614.2,1621.6,12011.05
2026-08-21 12:30:00,1621.59,1622.52,1616.52,1620.43,12607.63
2026-08-21 12:45:00,1620.43,1624.51,1617.36,1618.27,13057.51
2026-08-21 13:00:00,1618.27,1620.12,1611.85,1613.4,11361.36
2026-08-21 13:15:00,1613.41,1617.28,1602.0,1606.69,28121.41
2026-08-21 13:30:00,1606.79,1616.24,1572.63,1592.33,158452.7
2026-08-21 13:45:00,1592.32,1611.56,1582.02,1598.76,88287.28
2026-08-21 14:00:00,1598.7,1603.58,1585.75,1587.86,44432.05
2026-08-21 14:15:00,1587.72,1595.36,1575.68,1587.82,56686.47
2026-08-21 14:30:00,1587.75,1599.75,1581.15,1592.1,38093.86
2026-08-21 14:45:00,1592.09,1596.64,1583.7,1591.16,25220.46
2026-08-21 15:00:00,1591.16,1592.95,1583.75,1590.54,20830.75
2026-08-21 15:15:00,1590.36,1595.77,1587.49,1589.01,16643.53
2026-08-21 15:30:00,1589.09,1601.26,1588.06,1596.28,17525.4
2026-08-21 15:45:00,1596.29,1602.21,1591.23,1598.69,19062.88
2026-08-21 16:00:00,1598.66,1599.67,1587.18,1591.05,14814.47
2026-08-21 16:15:00,1591.04,1602.72,1589.78,1596.5,13928.99
2026-08-21 16:30:00,1596.52,1608.51,1594.55,1607.36,21539.57
2026-08-21 16:45:00,1607.32,1611.45,1603.4,1605.45,14162.75
2026-08-21 17:00:00,1605.46,1608.0,1599.58,1601.06,8996.87
2026-08-21 17:15:00,1601.0,1602.81,1598.36,1600.69,19851.84
2026-08-21 17:30:00,1600.64,1605.77,1600.54,1605.59,6944.37
2026-08-21 17:45:00,1605.59,1607.09,1601.48,1602.51,7361.86
2026-08-21 18:00:00,1602.48,1605.12,1598.45,1598.51,9085.18
2026-08-21 18:15:00,1598.51,1603.21,1598.08,1599.55,8984.54
2026-08-21 18:30:00,1599.55,1601.12,1598.15,1600.33,5324.17
2026-08-21 18:45:00,1600.34,1605.5,1600.31,1603.53,6161.95
2026-08-21 19:00:00,1603.54,1604.7,1600.0,1600.52,5733.02
2026-08-21 19:15:00,1600.52,1602.69,1600.05,1601.25,4495.04
2026-08-21 19:30:00,1601.23,1602.84,1594.79,1595.01,11983.82
2026-08-21 19:45:00,1595.0,1599.59,1591.75,1597.45,16413.83
2026-08-21 20:00:00,1597.29,1600.01,1593.15,1594.31,6807.94
2026-08-21 20:15:00,1594.3,1596.59,1592.72,1595.44,7843.66
2026-08-21 20:30:00,1595.49,1598.42,1595.4,1596.51,2487.42
2026-08-21 20:45:00,1596.51,1598.78,1596.35,1596.64,2969.88
2026-08-21 21:00:00,1596.64,1597.97,1596.15,1597.61,4096.4
2026-08-21 21:15:00,1597.6,1599.42,1596.12,1598.2,4154.76
2026-08-21 21:30:00,1598.19,1601.38,1597.73,1600.58,3637.12
2026-08-21 21:45:00,1600.58,1600.71,1598.45,1598.9,4102.01
2026-08-21 22:00:00,1598.82,1602.0,1597.51,1601.76,3709.53
2026-08-21 22:15:00,1601.75,1602.42,1600.86,1601.97,2687.27
2026-08-21 22:30:00,1601.98,1602.04,1597.26,1597.78,2785.75
2026-08-21 22:45:00,1597.78,1599.95,1597.39,1598.01,2725.64
2026-08-21 23:00:00,1598.01,1598.1,1595.61,1595.62,1905.73
2026-08-21 23:15:00,1595.61,1595.96,1588.53,1591.91,7666.16
2026-08-21 23:30:00,1591.92,1596.44,1591.77,1595.57,2519.66
2026-08-21 23:45:00,1595.62,1596.72,1594.28,1594.31,1939.63
2026-08-22 00:00:00,1594.31,1600.4,1594.25,1600.32,2982.95
2026-08-22 00:15:00,1600.32,1601.77,1598.74,1600.59,2689.68
2026-08-22 00:30:00,1600.59,1601.55,1599.39,1601.46,2465.41
2026-08-22 00:45:00,1601.44,1603.93,1601.17,1601.18,2817.11
2026-08-22 01:00:00,1601.18,1601.2,1594.41,1595.03,3517.5
2026-08-22 01:15:00,1595.03,1596.99,1593.4,1595.92,2774.17
2026-08-22 01:30:00,1595.92,1595.92,1593.27,1594.24,1620.88
2026-08-22 01:45:00,1594.21,1598.27,1594.21,1596.41,2145.21
2026-08-22 02:00:00,1596.41,1600.19,1596.39,1599.06,2320.31
2026-08-22 02:15:00,1599.06,1599.94,1597.21,1597.33,2263.83
2026-08-22 02:30:00,1597.33,1598.78,1595.6,1598.46,2060.51
2026-08-22 02:45:00,1598.41,1600.75,1598.38,1600.01,2382.04
2026-08-22 03:00:00,1600.01,1600.67,1597.08,1598.71,2309.73
2026-08-22 03:15:00,1598.71,1599.03,1596.0,1596.77,2608.8
2026-08-22 03:30:00,1596.72,1598.62,1595.5,1598.35,3061.56
2026-08-22 03:45:00,1598.36,1599.26,1595.73,1596.28,1507.06
2026-08-22 04:00:00,1596.26,1598.99,1596.26,1598.44,2306.92
2026-08-22 04:15:00,1598.44,1598.65,1596.52,1596.72,1455.17
2026-08-22 04:30:00,1596.7,1597.4,1595.0,1595.99,3259.09
2026-08-22 04:45:00,1596.0,1597.78,1595.91,1596.91,1311.78
2026-08-22 05:00:00,1596.91,1598.36,1581.82,1588.2,16513.18
2026-08-22 05:15:00,1588.07,1597.0,1586.36,1594.38,12012.94
2026-08-22 05:30:00,1594.38,1598.0,1593.0,1597.26,3772.9
2026-08-22 05:45:00,1597.24,1599.77,1597.24,1599.1,3414.67
2026-08-22 06:00:00,1599.11,1599.5,1597.33,1598.5,3086.11
2026-08-22 06:15:00,1598.57,1599.54,1598.46,1598.79,2590.41
2026-08-22 06:30:00,1598.79,1604.94,1598.07,1604.23,4726.65
2026-08-22 06:45:00,1604.22,1604.3,1601.73,1601.75,2899.68
2026-08-22 07:00:00,1601.75,1603.14,1599.97,1600.96,3237.46
2026-08-22 07:15:00,1600.89,1602.73,1600.89,1602.17,846.79
2026-08-22 07:30:00,1602.18,1602.6,1601.01,1602.31,993.98
2026-08-22 07:45:00,1602.32,1602.46,1601.45,1601.79,677.18
2026-08-22 08:00:00,1601.7,1601.99,1600.52,1600.81,739.99
2026-08-22 08:15:00,1600.81,1601.06,1599.01,1599.75,1347.14
2026-08-22 08:30:00,1599.76,1601.98,1598.91,1601.91,1707.97
2026-08-22 08:45:00,1601.91,1602.95,1600.92,1601.83,1091.57
2026-08-22 09:00:00,1601.81,1602.38,1600.69,1600.69,1090.55
2026-08-22 09:15:00,1600.69,1601.23,1599.2,1600.84,2268.47
2026-08-22 09:30:00,1600.85,1602.2,1600.54,1601.35,2234.11
2026-08-22 09:45:00,1601.35,1602.16,1600.68,1601.84,1402.74
2026-08-22 10:00:00,1601.84,1602.16,1599.13,1599.51,2511.35
2026-08-22 10:15:00,1599.51,1601.15,1597.1,1599.42,2922.68
2026-08-22 10:30:00,1599.42,1601.32,1598.4,1600.92,1200.45
2026-08-22 10:45:00,1600.93,1601.17,1600.08,1600.22,1077.14
2026-08-22 11:00:00,1600.22,1600.55,1597.83,1598.0,1423.25
2026-08-22 11:15:00,1598.0,1599.84,1597.82,1599.23,1511.2
2026-08-22 11:30:00,1599.24,1600.37,1598.83,1600.01,1005.84
2026-08-22 11:45:00,1600.01,1600.44,1599.07,1599.43,821.77
2026-08-22 12:00:00,1599.43,1600.96,1599.43,1600.83,710.66
2026-08-22 12:15:00,1600.83,1601.39,1600.0,1600.01,749.32
2026-08-22 12:30:00,1600.0,1600.31,1598.14,1599.55,1747.78
2026-08-22 12:45:00,1599.55,1599.73,1598.7,1598.71,719.94
2026-08-22 13:00:00,1598.71,1599.7,1598.56,1599.57,814.8
2026-08-22 13:15:00,1599.57,1599.73,1598.47,1599.57,566.08
2026-08-22 13:30:00,1599.57,1599.74,1598.35,1598.9,1626.22
2026-08-22 13:45:00,1598.95,1599.34,1598.0,1598.0,844.57
2026-08-22 14:00:00,1598.0,1598.48,1597.35,1598.03,1362.45
2026-08-22 14:15:00,1598.03,1599.6,1597.76,1599.3,702.17
2026-08-22 14:30:00,1599.3,1599.44,1596.43,1596.82,1293.02
2026-08-22 14:45:00,1596.82,1597.55,1596.6,1597.55,1228.42
2026-08-22 15:00:00,1597.55,1597.71,1590.45,1593.07,5317.96
2026-08-22 15:15:00,1593.01,1595.88,1592.44,1595.26,1813.59
2026-08-22 15:30:00,1595.23,1595.37,1594.1,1594.52,876.26
2026-08-22 15:45:00,1594.52,1594.87,1593.79,1593.95,837.7
2026-08-22 16:00:00,1593.96,1595.13,1593.66,1594.73,564.97
2026-08-22 16:15:00,1594.74,1596.12,1594.74,1595.42,778.18
2026-08-22 16:30:00,1595.43,1595.6,1594.08,1594.28,1007.3
2026-08-22 16:45:00,1594.27,1595.14,1593.34,1593.71,1113.89
2026-08-22 17:00:00,1593.71,1596.11,1593.65,1595.77,1104.53
2026-08-22 17:15:00,1595.77,1596.38,1594.88,1594.98,616.72
2026-08-22 17:30:00,1594.95,1596.21,1594.91,1595.99,621.65
2026-08-22 17:45:00,1595.99,1597.44,1595.96,1596.29,1098.83
2026-08-22 18:00:00,1596.3,1596.87,1595.87,1596.79,454.98
2026-08-22 18:15:00,1596.79,1596.94,1594.81,1595.23,659.24
2026-08-22 18:30:00,1595.23,1595.53,1594.82,1595.31,378.06
2026-08-22 18:45:00,1595.3,1596.2,1594.88,1596.2,963.21
2026-08-22 19:00:00,1596.2,1597.0,1596.02,1596.94,597.49
2026-08-22 19:15:00,1596.94,1597.55,1596.6,1597.5,473.55
2026-08-22 19:30:00,1597.51,1597.92,1596.03,1596.17,373.06
2026-08-22 19:45:00,1596.17,1596.89,1595.21,1595.24,490.83
2026-08-22 20:00:00,1595.24,1597.19,1595.0,1596.86,575.34
2026-08-22 20:15:00,1596.86,1596.86,1596.05,1596.49,327.53
2026-08-22 20:30:00,1596.52,1597.45,1596.52,1597.09,264.5
2026-08-22 20:45:00,1597.1,1597.41,1596.52,1596.82,552.42
2026-08-22 21:00:00,1596.82,1597.18,1593.5,1593.54,940.95
2026-08-22 21:15:00,1593.54,1594.77,1593.54,1594.45,800.95
2026-08-22 21:30:00,1594.46,1594.96,1593.11,1593.58,775.33
2026-08-22 21:45:00,1593.58,1595.0,1593.01,1594.63,801.23
2026-08-22 22:00:00,1594.63,1596.39,1592.86,1593.03,1145.16
2026-08-22 22:15:00,1593.03,1594.86,1591.88,1593.39,1033.99
2026-08-22 22:30:00,1593.32,1593.32,1591.0,1591.87,1077.5
2026-08-22 22:45:00,1591.87,1592.73,1590.91,1591.57,946.88
2026-08-22 23:00:00,1591.58,1592.4,1591.1,1592.11,919.13
2026-08-22 23:15:00,1592.11,1593.53,1591.61,1592.92,442.36
2026-08-22 23:30:00,1592.93,1595.74,1592.9,1595.48,851.36
2026-08-22 23:45:00,1595.48,1595.67,1594.16,1595.13,536.34
2026-08-23 00:00:00,1595.13,1596.0,1594.64,1595.28,1106.18
2026-08-23 00:15:00,1595.29,1596.85,1594.7,1594.7,926.7
2026-08-23 00:30:00,1594.68,1597.09,1594.52,1596.09,737.17
2026-08-23 00:45:00,1596.1,1596.86,1595.32,1595.85,618.3
2026-08-23 01:00:00,1595.86,1596.51,1594.45,1595.08,693.46
2026-08-23 01:15:00,1595.08,1596.0,1592.32,1593.39,1524.96
2026-08-23 01:30:00,1593.39,1595.0,1593.14,1594.75,611.86
2026-08-23 01:45:00,1594.75,1595.76,1594.11,1595.3,751.86
2026-08-23 02:00:00,1595.29,1596.0,1594.58,1594.87,936.23
2026-08-23 02:15:00,1594.87,1596.64,1594.35,1595.31,859.84
2026-08-23 02:30:00,1595.31,1598.49,1594.72,1598.11,1960.3
2026-08-23 02:45:00,1598.1,1598.5,1597.26,1597.66,1043.36
2026-08-23 03:00:00,1597.7,1598.22,1596.1,1596.39,1236.66
2026-08-23 03:15:00,1596.39,1596.63,1595.74,1596.25,546.77
2026-08-23 03:30:00,1596.25,1597.71,1595.61,1596.21,829.13
2026-08-23 03:45:00,1596.2,1599.79,1595.7,1598.97,2632.85
2026-08-23 04:00:00,1598.97,1599.65,1596.9,1598.74,1403.26
2026-08-23 04:15:00,1598.74,1599.95,1598.7,1598.78,833.54
2026-08-23 04:30:00,1598.78,1599.87,1598.71,1599.08,696.24
2026-08-23 04:45:00,1599.08,1599.44,1596.73,1598.75,1658.93
2026-08-23 05:00:00,1598.75,1599.35,1597.0,1597.34,1488.21
2026-08-23 05:15:00,1597.34,1597.5,1594.41,1594.9,2172.71
2026-08-23 05:30:00,1594.8,1595.49,1593.23,1593.41,2213.49
2026-08-23 05:45:00,1593.4,1594.51,1592.73,1593.43,1730.43
2026-08-23 06:00:00,1593.42,1593.87,1584.2,1587.01,11565.04
2026-08-23 06:15:00,1587.0,1587.62,1585.01,1587.49,4071.11
2026-08-23 06:30:00,1587.5,1589.45,1587.05,1589.32,1337.91
2026-08-23 06:45:00,1589.32,1589.5,1587.66,1588.0,1078.77
2026-08-23 07:00:00,1588.0,1590.3,1587.67,1589.1,1053.21
2026-08-23 07:15:00,1589.1,1591.99,1588.8,1591.18,1206.33
2026-08-23 07:30:00,1591.17,1591.6,1590.6,1590.6,700.82
2026-08-23 07:45:00,1590.6,1593.02,1590.51,1592.23,807.0
2026-08-23 08:00:00,1592.23,1593.19,1591.33,1591.65,1308.95
2026-08-23 08:15:00,1591.66,1593.84,1591.65,1593.34,1545.65
2026-08-23 08:30:00,1593.33,1594.87,1593.1,1594.47,1424.3
2026-08-23 08:45:00,1594.47,1594.78,1594.07,1594.4,630.49
2026-08-23 09:00:00,1594.4,1594.61,1591.51,1592.0,1398.74
2026-08-23 09:15:00,1592.01,1593.78,1591.76,1593.62,864.83
2026-08-23 09:30:00,1593.61,1593.61,1591.5,1592.28,668.18
2026-08-23 09:45:00,1592.29,1593.3,1591.58,1592.74,624.9
2026-08-23 10:00:00,1592.75,1593.48,1591.97,1593.26,507.81
2026-08-23 10:15:00,1593.26,1593.29,1592.1,1592.27,637.2
2026-08-23 10:30:00,1592.27,1592.27,1590.04,1590.16,1065.26
2026-08-23 10:45:00,1590.17,1593.0,1590.0,1592.81,1064.61
2026-08-23 11:00:00,1592.81,1593.73,1592.56,1593.73,511.12
2026-08-23 11:15:00,1593.74,1593.84,1592.45,1593.51,1596.94
2026-08-23 11:30:00,1593.5,1596.29,1593.35,1595.83,4314.14
2026-08-23 11:45:00,1595.83,1597.09,1595.83,1596.78,1905.16
2026-08-23 12:00:00,1596.78,1597.0,1595.77,1596.59,968.1
2026-08-23 12:15:00,1596.6,1596.69,1595.43,1596.08,588.79
2026-08-23 12:30:00,1596.1,1596.38,1595.93,1596.38,263.54
2026-08-23 12:45:00,1596.38,1597.6,1596.38,1597.19,837.57
2026-08-23 13:00:00,1597.19,1598.2,1596.01,1597.74,1052.69
2026-08-23 13:15:00,1597.74,1599.1,1597.04,1598.28,2254.85
2026-08-23 13:30:00,1598.29,1599.39,1598.05,1598.53,1455.86
2026-08-23 13:45:00,1598.52,1599.22,1592.0,1596.29,4387.8
2026-08-23 14:00:00,1596.3,1597.14,1594.58,1596.73,1058.32
2026-08-23 14:15:00,1596.75,1598.5,1596.61,1598.31,897.02
2026-08-23 14:30:00,1598.31,1599.0,1594.98,1596.21,2326.15
2026-08-23 14:45:00,1596.2,1598.19,1595.54,1597.4,974.69
2026-08-23 15:00:00,1597.39,1623.25,1596.6,1616.32,15736.2
2026-08-23 15:15:00,1616.26,1616.53,1607.76,1608.01,7086.55
2026-08-23 15:30:00,1608.01,1615.85,1607.57,1611.59,5513.37
2026-08-23 15:45:00,1611.55,1615.37,1610.22,1612.36,3368.63
2026-08-23 16:00:00,1612.36,1619.64,1611.08,1612.62,6010.83
2026-08-23 16:15:00,1612.7,1614.91,1612.46,1614.58,1067.86
2026-08-23 16:30:00,1614.57,1616.93,1614.12,1616.13,1995.58
2026-08-23 16:45:00,1616.28,1617.43,1612.93,1613.8,1945.44
2026-08-23 17:00:00,1613.8,1615.69,1611.03,1614.16,1897.12
2026-08-23 17:15:00,1614.16,1615.77,1613.46,1615.1,1053.9
2026-08-23 17:30:00,1615.09,1618.96,1614.68,1616.96,1777.55
2026-08-23 17:45:00,1616.95,1617.81,1615.05,1615.8,944.08
2026-08-23 18:00:00,1615.81,1618.51,1615.4,1616.26,823.33
2026-08-23 18:15:00,1616.3,1618.22,1616.3,1617.04,610.01
2026-08-23 18:30:00,1617.03,1621.3,1616.0,1619.79,1335.82
2026-08-23 18:45:00,1619.79,1623.51,1619.05,1623.19,2315.37
2026-08-23 19:00:00,1623.1,1623.2,1620.51,1622.82,1472.18
2026-08-23 19:15:00,1622.77,1623.28,1620.03,1621.16,1077.11
2026-08-23 19:30:00,1621.11,1623.51,1617.51,1622.35,3120.15
2026-08-23 19:45:00,1622.33,1623.16,1615.72,1617.56,2820.96
2026-08-23 20:00:00,1617.53,1619.45,1616.64,1618.46,1219.37
2026-08-23 20:15:00,1618.46,1618.63,1615.03,1615.26,967.79
2026-08-23 20:30:00,1615.27,1616.48,1614.11,1614.8,534.48
2026-08-23 20:45:00,1614.81,1615.89,1614.04,1614.18,515.29
2026-08-23 21:00:00,1614.18,1617.2,1613.42,1615.99,1284.85
2026-08-23 21:15:00,1616.0,1617.1,1613.66,1613.81,1297.29
2026-08-23 21:30:00,1613.82,1615.52,1613.28,1614.67,1525.37
2026-08-23 21:45:00,1614.7,1618.16,1614.53,1617.24,2959.47
2026-08-23 22:00:00,1617.35,1621.28,1610.92,1613.52,5626.43
2026-08-23 22:15:00,1613.52,1616.92,1611.23,1616.14,2788.06
2026-08-23 22:30:00,1616.14,1617.31,1614.55,1617.19,846.9
2026-08-23 22:45:00,1617.19,1619.34,1615.11,1616.01,1082.5
2026-08-23 23:00:00,1616.02,1622.0,1614.83,1621.57,1863.54
2026-08-23 23:15:00,1621.5,1628.69,1621.02,1621.83,6384.24
2026-08-23 23:30:00,1621.83,1625.43,1620.94,1623.03,2545.75
2026-08-23 23:45:00,1623.03,1628.4,1621.11,1627.23,4408.33
2026-08-24 00:00:00,1627.22,1628.14,1601.11,1606.87,39121.59
2026-08-24 00:15:00,1606.87,1607.35,1589.02,1591.55,23940.96
2026-08-24 00:30:00,1591.56,1596.78,1585.04,1590.44,17071.81
2026-08-24 00:45:00,1590.38,1598.35,1587.46,1598.08,9262.43
2026-08-24 01:00:00,1598.05,1599.0,1591.8,1593.76,7151.84
2026-08-24 01:15:00,1593.72,1596.0,1587.87,1590.14,5892.05
2026-08-24 01:30:00,1590.12,1590.19,1577.46,1580.9,15098.16
2026-08-24 01:45:00,1580.9,1584.0,1567.4,1568.59,22661.65
2026-08-24 02:00:00,1568.59,1572.34,1561.11,1568.36,24781.16
2026-08-24 02:15:00,1568.35,1571.37,1561.1,1563.47,11224.46
2026-08-24 02:30:00,1563.46,1567.99,1560.71,1562.0,10028.36
2026-08-24 02:45:00,1561.97,1563.77,1551.58,1558.83,16523.02
2026-08-24 03:00:00,1558.83,1558.97,1542.45,1543.41,19059.67
2026-08-24 03:15:00,1543.41,1546.35,1535.68,1536.6,29381.0
2026-08-24 03:30:00,1536.55,1536.55,1521.66,1530.36,46648.6
2026-08-24 03:45:00,1530.36,1537.31,1527.38,1532.76,18725.85
2026-08-24 04:00:00,1532.71,1542.2,1530.74,1541.75,15423.39
2026-08-24 04:15:00,1541.75,1545.77,1537.65,1541.97,13497.63
2026-08-24 04:30:00,1541.96,1543.6,1539.09,1543.31,6111.82
2026-08-24 04:45:00,1543.25,1544.42,1534.13,1535.86,7638.16
2026-08-24 05:00:00,1535.85,1543.62,1533.02,1543.07,8615.97
2026-08-24 05:15:00,1543.07,1543.21,1535.0,1535.02,8693.25
2026-08-24 05:30:00,1535.01,1537.74,1528.65,1534.25,11898.61
2026-08-24 05:45:00,1534.24,1536.0,1531.02,1532.74,8141.14
2026-08-24 06:00:00,1532.7,1535.59,1527.83,1529.94,9599.64
2026-08-24 06:15:00,1529.94,1534.47,1527.11,1532.14,9050.32
2026-08-24 06:30:00,1532.08,1533.79,1527.6,1527.6,8218.11
2026-08-24 06:45:00,1527.6,1532.78,1526.9,1529.85,7751.3
2026-08-24 07:00:00,1529.85,1538.55,1528.02,1536.1,9221.63
2026-08-24 07:15:00,1536.11,1537.4,1532.3,1534.33,4737.38
2026-08-24 07:30:00,1534.32,1536.35,1527.42,1527.71,6397.1
2026-08-24 07:45:00,1527.71,1528.69,1516.9,1523.73,26363.74
2026-08-24 08:00:00,1523.73,1531.49,1513.09,1529.76,49679.17
2026-08-24 08:15:00,1529.75,1533.68,1525.94,1529.75,15286.69
2026-08-24 08:30:00,1529.74,1533.71,1526.62,1533.36,8750.67
2026-08-24 08:45:00,1533.36,1535.43,1530.01,1532.21,8950.59
2026-08-24 09:00:00,1532.22,1533.92,1525.55,1525.93,9350.71
2026-08-24 09:15:00,1525.97,1527.71,1522.04,1524.16,10297.35
2026-08-24 09:30:00,1524.14,1528.95,1523.58,1527.97,5809.92
2026-08-24 09:45:00,1527.96,1529.56,1519.06,1523.69,9386.1
2026-08-24 10:00:00,1523.69,1526.19,1515.43,1515.66,16036.45
2026-08-24 10:15:00,1515.66,1522.08,1515.6,1516.98,11800.95
2026-08-24 10:30:00,1516.99,1523.49,1516.2,1519.06,9854.06
2026-08-24 10:45:00,1519.05,1520.39,1514.79,1519.18,9384.55
2026-08-24 11:00:00,1519.17,1520.07,1506.0,1512.71,35361.53
2026-08-24 11:15:00,1512.7,1517.34,1510.73,1512.7,10074.8
2026-08-24 11:30:00,1512.74,1529.09,1512.15,1523.86,27519.36
2026-08-24 11:45:00,1523.85,1523.85,1516.25,1516.9,13503.14
2026-08-24 12:00:00,1516.89,1516.89,1506.06,1510.87,18676.53
2026-08-24 12:15:00,1510.86,1514.64,1507.1,1513.34,23640.19
2026-08-24 12:30:00,1513.34,1514.34,1503.53,1509.85,21989.75
2026-08-24 12:45:00,1509.82,1515.21,1505.75,1506.32,14842.45
2026-08-24 13:00:00,1506.33,1507.04,1496.07,1503.61,36513.42
2026-08-24 13:15:00,1503.6,1511.59,1491.12,1495.56,48415.95
2026-08-24 13:30:00,1495.55,1503.99,1428.75,1428.91,345605.29
2026-08-24 13:45:00,1428.9,1439.19,1419.66,1431.62,147700.37
2026-08-24 14:00:00,1431.56,1445.5,1420.61,1445.0,100080.55
2026-08-24 14:15:00,1445.01,1447.0,1430.74,1438.45,69035.37
2026-08-24 14:30:00,1438.48,1455.99,1437.28,1451.12,61210.3
2026-08-24 14:45:00,1451.17,1469.85,1448.87,1462.46,75260.56
2026-08-24 15:00:00,1462.41,1465.18,1454.66,1460.54,48189.95
2026-08-24 15:15:00,1460.54,1466.99,1455.18,1464.91,32807.12
2026-08-24 15:30:00,1464.95,1484.7,1464.58,1482.29,57787.72
2026-08-24 15:45:00,1482.29,1494.59,1481.9,1488.63,88145.95
2026-08-24 16:00:00,1488.64,1498.45,1483.0,1498.0,43864.07
2026-08-24 16:15:00,1498.01,1517.4,1496.44,1511.8,69355.68
2026-08-24 16:30:00,1511.8,1515.21,1504.38,1506.91,36589.67
2026-08-24 16:45:00,1506.92,1506.98,1492.87,1493.99,43220.79
2026-08-24 17:00:00,1493.99,1498.3,1484.18,1490.01,47026.01
2026-08-24 17:15:00,1490.01,1490.65,1482.74,1484.09,30914.79
2026-08-24 17:30:00,1484.08,1484.11,1474.33,1478.41,37064.15
2026-08-24 17:45:00,1478.4,1484.52,1477.9,1480.24,16442.38
2026-08-24 18:00:00,1480.23,1500.98,1480.16,1499.94,49591.71
2026-08-24 18:15:00,1499.94,1513.34,1496.28,1508.86,29728.51
2026-08-24 18:30:00,1508.83,1513.74,1501.47,1502.48,27062.42
2026-08-24 18:45:00,1502.49,1503.94,1497.04,1497.78,14337.81
2026-08-24 19:00:00,1497.68,1502.4,1493.34,1496.14,11801.37
2026-08-24 19:15:00,1496.15,1498.17,1491.55,1492.86,8433.91
2026-08-24 19:30:00,1492.83,1497.13,1484.4,1485.34,17733.21
2026-08-24 19:45:00,1485.34,1495.3,1476.12,1493.5,31975.16
2026-08-24 20:00:00,1493.52,1507.24,1490.35,1498.52,24545.15
2026-08-24 20:15:00,1498.51,1498.93,1491.94,1492.19,5984.59
2026-08-24 20:30:00,1492.14,1494.23,1491.4,1491.93,3542.85
2026-08-24 20:45:00,1491.91,1492.93,1487.84,1491.03,3677.94
2026-08-24 21:00:00,1491.0,1491.23,1487.27,1488.96,3470.37
2026-08-24 21:15:00,1488.97,1489.52,1487.03,1487.9,2063.53
2026-08-24 21:30:00,1487.92,1491.37,1487.7,1490.3,3217.74
2026-08-24 21:45:00,1490.31,1490.39,1487.85,1488.59,1571.36
2026-08-24 22:00:00,1488.55,1489.63,1484.68,1485.59,3583.29
2026-08-24 22:15:00,1485.59,1486.24,1484.04,1485.19,3880.45
2026-08-24 22:30:00,1485.19,1485.5,1481.56,1483.76,4744.73
2026-08-24 22:45:00,1483.77,1484.03,1479.6,1481.22,5606.03
2026-08-24 23:00:00,1481.21,1484.87,1480.33,1483.5,3893.88
2026-08-24 23:15:00,1483.51,1484.74,1476.7,1476.75,4635.73
2026-08-24 23:30:00,1476.78,1480.49,1476.09,1477.64,5108.77
2026-08-24 23:45:00,1477.64,1478.22,1472.25,1475.13,7579.14
2026-08-25 00:00:00,1475.12,1481.9,1462.04,1462.21,38759.82
2026-08-25 00:15:00,1462.22,1477.99,1455.95,1473.85,23089.95
2026-08-25 00:30:00,1473.86,1482.46,1471.65,1479.75,14484.7
2026-08-25 00:45:00,1479.76,1485.75,1476.42,1480.09,11150.16
2026-08-25 01:00:00,1480.14,1481.29,1473.63,1476.76,8426.22
2026-08-25 01:15:00,1476.71,1477.15,1467.83,1470.86,8283.26
2026-08-25 01:30:00,1470.85,1486.25,1470.58,1481.46,16848.0
2026-08-25 01:45:00,1481.46,1490.54,1480.58,1483.71,12234.59
2026-08-25 02:00:00,1483.7,1489.58,1480.52,1484.49,6541.08
2026-08-25 02:15:00,1484.49,1496.6,1481.26,1494.21,15194.32
2026-08-25 02:30:00,1494.21,1499.76,1484.59,1485.69,10176.45
2026-08-25 02:45:00,1485.69,1486.3,1476.63,1480.57,11887.68
2026-08-25 03:00:00,1480.57,1490.22,1480.35,1487.6,7835.3
2026-08-25 03:15:00,1487.59,1494.94,1487.45,1494.75,6274.43
2026-08-25 03:30:00,1494.75,1500.91,1491.94,1494.18,9116.8
2026-08-25 03:45:00,1494.19,1495.25,1488.7,1495.07,4962.65
2026-08-25 04:00:00,1495.07,1499.92,1492.5,1498.63,7201.71
2026-08-25 04:15:00,1498.59,1508.31,1496.0,1504.01,10598.7
2026-08-25 04:30:00,1504.0,1513.03,1501.38,1511.39,13300.74
2026-08-25 04:45:00,1511.39,1511.39,1503.58,1507.55,6860.66
2026-08-25 05:00:00,1507.54,1512.62,1504.85,1509.58,7323.66
2026-08-25 05:15:00,1509.57,1522.32,1509.4,1521.06,16955.97
2026-08-25 05:30:00,1521.05,1528.88,1518.77,1518.87,22611.95
2026-08-25 05:45:00,1518.87,1526.4,1518.01,1519.7,9612.54
2026-08-25 06:00:00,1519.7,1525.32,1519.32,1521.9,8022.21
2026-08-25 06:15:00,1521.89,1530.0,1521.76,1526.08,14608.72
2026-08-25 06:30:00,1526.08,1526.08,1518.08,1524.19,13226.39
2026-08-25 06:45:00,1524.18,1524.77,1513.2,1517.79,10470.35
2026-08-25 07:00:00,1517.72,1529.6,1517.21,1527.52,11229.06
2026-08-25 07:15:00,1527.51,1529.24,1520.99,1522.4,7684.0
2026-08-25 07:30:00,1522.4,1523.2,1518.51,1520.54,5356.01
2026-08-25 07:45:00,1520.54,1521.66,1506.49,1513.0,17216.32
2026-08-25 08:00:00,1513.02,1529.11,1511.8,1516.39,39219.6
2026-08-25 08:15:00,1516.4,1529.44,1516.25,1525.95,22383.7
2026-08-25 08:30:00,1525.95,1528.1,1521.34,1526.66,10782.84
2026-08-25 08:45:00,1526.66,1529.03,1523.65,1527.28,8371.85
2026-08-25 09:00:00,1527.29,1540.76,1524.24,1537.22,27096.32
2026-08-25 09:15:00,1537.21,1543.43,1533.52,1535.51,16955.37
2026-08-25 09:30:00,1535.51,1546.79,1534.35,1544.37,22398.31
2026-08-25 09:45:00,1544.36,1555.0,1543.99,1550.8,28546.56
2026-08-25 10:00:00,1550.79,1564.99,1550.04,1563.03,36513.74
2026-08-25 10:15:00,1563.03,1565.0,1553.13,1554.05,21638.17
2026-08-25 10:30:00,1554.06,1554.77,1542.52,1542.81,26266.64
2026-08-25 10:45:00,1542.81,1550.44,1542.48,1546.39,17714.15
2026-08-25 11:00:00,1546.39,1547.33,1537.05,1544.41,23474.61
2026-08-25 11:15:00,1544.47,1551.0,1540.9,1548.06,15960.32
2026-08-25 11:30:00,1548.05,1554.62,1547.36,1552.71,9814.16
2026-08-25 11:45:00,1552.71,1559.53,1550.86,1551.04,12275.01
2026-08-25 12:00:00,1551.04,1558.32,1550.63,1554.79,13298.7
2026-08-25 12:15:00,1554.79,1557.72,1546.93,1549.26,11553.16
2026-08-25 12:30:00,1549.25,1549.39,1536.83,1542.17,17892.47
2026-08-25 12:45:00,1542.17,1542.75,1536.38,1538.49,12592.33
2026-08-25 13:00:00,1538.47,1542.45,1527.77,1539.43,30322.85
2026-08-25 13:15:00,1539.41,1550.5,1535.67,1535.67,28961.5
2026-08-25 13:30:00,1535.67,1567.05,1507.45,1516.83,211782.86
2026-08-25 13:45:00,1516.82,1546.05,1509.4,1519.84,120325.78
2026-08-25 14:00:00,1519.84,1530.66,1510.0,1512.41,66007.89
2026-08-25 14:15:00,1512.41,1520.17,1487.12,1500.62,92421.93
2026-08-25 14:30:00,1500.64,1510.55,1490.12,1500.03,56333.59
2026-08-25 14:45:00,1500.0,1515.74,1497.83,1503.33,35706.66
2026-08-25 15:00:00,1503.38,1508.53,1499.7,1506.69,20589.04
2026-08-25 15:15:00,1506.69,1513.0,1504.69,1512.55,18696.69
2026-08-25 15:30:00,1512.55,1515.44,1503.79,1506.23,20673.37
2026-08-25 15:45:00,1506.23,1507.87,1501.61,1505.07,13853.77
2026-08-25 16:00:00,1505.07,1512.78,1503.51,1509.26,14115.02
2026-08-25 16:15:00,1509.3,1514.33,1504.57,1507.24,16836.92
2026-08-25 16:30:00,1507.24,1507.7,1496.41,1497.53,17167.97
2026-08-25 16:45:00,1497.54,1500.28,1486.61,1491.12,22715.13
2026-08-25 17:00:00,1491.12,1492.49,1478.16,1486.8,32628.8
2026-08-25 17:15:00,1486.76,1490.99,1483.66,1489.2,15627.35
2026-08-25 17:30:00,1489.21,1492.15,1486.48,1489.02,9348.07
2026-08-25 17:45:00,1489.03,1492.84,1487.5,1488.94,8130.65
2026-08-25 18:00:00,1488.94,1489.67,1482.62,1484.86,9231.9
2026-08-25 18:15:00,1484.86,1488.07,1482.13,1482.51,6544.62
2026-08-25 18:30:00,1482.4,1488.32,1480.89,1487.31,8089.66
2026-08-25 18:45:00,1487.3,1489.93,1479.41,1479.56,14274.35
2026-08-25 19:00:00,1479.52,1485.19,1476.66,1481.97,14834.32
2026-08-25 19:15:00,1481.91,1483.81,1475.41,1479.52,10894.66
2026-08-25 19:30:00,1479.61,1481.37,1469.03,1470.46,14442.66
2026-08-25 19:45:00,1470.47,1484.67,1468.25,1482.34,17442.01
2026-08-25 20:00:00,1482.38,1487.69,1480.84,1483.9,7534.11
2026-08-25 20:15:00,1483.9,1488.96,1483.78,1486.59,4952.95
2026-08-25 20:30:00,1486.61,1487.18,1481.55,1482.76,4859.23
2026-08-25 20:45:00,1482.8,1483.27,1477.84,1480.6,4553.55
2026-08-25 21:00:00,1480.6,1481.55,1477.85,1480.23,4580.19
2026-08-25 21:15:00,1480.24,1482.34,1478.1,1479.29,3123.4
2026-08-25 21:30:00,1479.29,1484.16,1479.06,1483.49,2092.64
2026-08-25 21:45:00,1483.49,1487.16,1483.49,1486.71,2099.35
2026-08-25 22:00:00,1486.68,1487.68,1485.01,1485.89,2846.49
2026-08-25 22:15:00,1485.9,1487.55,1484.47,1487.14,1983.29
2026-08-25 22:30:00,1487.14,1487.14,1483.25,1484.27,2030.4
2026-08-25 22:45:00,1484.26,1486.22,1483.93,1485.71,1819.98
2026-08-25 23:00:00,1485.71,1486.81,1482.58,1482.96,3581.73
2026-08-25 23:15:00,1483.0,1484.32,1481.48,1482.83,1908.1
2026-08-25 23:30:00,1482.83,1483.84,1480.43,1481.15,2540.53
2026-08-25 23:45:00,1481.14,1481.14,1476.89,1477.46,8129.58
2026-08-26 00:00:00,1477.47,1488.71,1476.04,1487.48,18299.79
2026-08-26 00:15:00,1487.49,1498.08,1486.62,1490.04,17428.82
2026-08-26 00:30:00,1490.07,1491.61,1476.2,1481.69,15428.22
2026-08-26 00:45:00,1481.65,1484.48,1472.34,1472.77,10621.39
2026-08-26 01:00:00,1472.77,1481.64,1471.33,1478.16,11962.76
2026-08-26 01:15:00,1478.15,1482.22,1472.21,1474.07,11509.33
2026-08-26 01:30:00,1474.08,1477.13,1468.67,1471.41,15595.51
2026-08-26 01:45:00,1471.42,1473.31,1461.54,1469.82,20785.68
2026-08-26 02:00:00,1469.83,1474.78,1465.92,1474.29,9941.17
2026-08-26 02:15:00,1474.3,1481.71,1473.87,1481.32,11696.71
2026-08-26 02:30:00,1481.33,1489.73,1479.89,1489.31,9801.78
2026-08-26 02:45:00,1489.3,1492.95,1483.7,1485.03,12275.47
2026-08-26 03:00:00,1485.03,1488.98,1483.16,1487.4,9082.24
2026-08-26 03:15:00,1487.39,1490.72,1483.21,1483.38,7839.45
2026-08-26 03:30:00,1483.44,1486.9,1480.81,1484.67,5502.07
2026-08-26 03:45:00,1484.71,1493.23,1484.71,1491.42,7803.04
2026-08-26 04:00:00,1491.41,1495.62,1487.3,1493.76,13624.1
2026-08-26 04:15:00,1493.73,1495.13,1491.09,1493.29,4092.28
2026-08-26 04:30:00,1493.28,1495.48,1489.18,1489.87,3659.16
2026-08-26 04:45:00,1489.87,1490.11,1485.31,1487.1,5432.78
2026-08-26 05:00:00,1487.09,1491.25,1484.12,1484.66,5089.07
2026-08-26 05:15:00,1484.66,1485.8,1481.8,1485.26,5661.88
2026-08-26 05:30:00,1485.27,1488.13,1483.05,1487.26,6683.41
2026-08-26 05:45:00,1487.26,1487.88,1483.4,1484.47,7853.87
2026-08-26 06:00:00,1484.47,1485.32,1477.73,1479.03,9245.37
2026-08-26 06:15:00,1479.03,1479.75,1471.96,1475.53,9629.88
2026-08-26 06:30:00,1475.54,1482.14,1473.82,1481.6,6701.1
2026-08-26 06:45:00,1481.59,1482.73,1476.5,1479.46,4771.54
2026-08-26 07:00:00,1479.45,1481.36,1474.26,1477.83,5748.58
2026-08-26 07:15:00,1477.85,1478.67,1473.85,1474.19,3061.09
2026-08-26 07:30:00,1474.2,1474.79,1468.89,1473.32,8791.11
2026-08-26 07:45:00,1473.31,1477.28,1472.3,1476.74,6470.98
2026-08-26 08:00:00,1476.75,1482.73,1472.02,1474.68,24590.47
2026-08-26 08:15:00,1474.71,1476.9,1466.15,1474.85,26015.62
2026-08-26 08:30:00,1474.82,1477.57,1471.46,1473.03,10587.9
2026-08-26 08:45:00,1473.03,1473.92,1468.36,1471.0,7999.12
2026-08-26 09:00:00,1471.02,1471.96,1468.01,1471.91,6412.74
2026-08-26 09:15:00,1471.92,1472.45,1466.62,1468.32,6603.75
2026-08-26 09:30:00,1468.26,1470.73,1467.23,1469.33,6666.85
2026-08-26 09:45:00,1469.33,1473.37,1469.33,1472.69,5130.08
2026-08-26 10:00:00,1472.69,1473.24,1467.64,1467.83,4962.53
2026-08-26 10:15:00,1467.83,1472.26,1467.37,1470.72,6253.9
2026-08-26 10:30:00,1470.73,1478.38,1468.44,1475.89,9937.97
2026-08-26 10:45:00,1475.9,1479.14,1475.25,1478.18,8140.59
2026-08-26 11:00:00,1478.19,1483.51,1477.62,1480.37,11236.41
2026-08-26 11:15:00,1480.37,1483.5,1474.35,1475.25,12188.36
2026-08-26 11:30:00,1475.24,1479.9,1468.03,1471.46,15955.42
2026-08-26 11:45:00,1471.47,1473.09,1468.1,1471.36,8718.88
2026-08-26 12:00:00,1471.37,1474.05,1462.48,1467.17,15560.41
2026-08-26 12:15:00,1467.16,1472.1,1462.41,1471.17,19344.32
2026-08-26 12:30:00,1471.18,1472.68,1451.75,1459.32,46465.23
2026-08-26 12:45:00,1459.32,1463.37,1452.87,1453.48,22075.52
2026-08-26 13:00:00,1453.51,1457.39,1443.6,1450.93,37381.93
2026-08-26 13:15:00,1450.93,1460.1,1444.58,1456.8,45066.76
2026-08-26 13:30:00,1457.31,1489.81,1451.66,1481.22,199733.17
2026-08-26 13:45:00,1481.28,1491.8,1471.7,1484.54,68777.16
2026-08-26 14:00:00,1484.54,1488.71,1460.64,1466.95,56030.81
2026-08-26 14:15:00,1466.95,1472.82,1459.21,1464.29,40765.58
2026-08-26 14:30:00,1464.24,1477.98,1460.5,1476.73,29465.7
2026-08-26 14:45:00,1476.69,1493.73,1475.79,1485.77,48051.93
2026-08-26 15:00:00,1485.81,1503.34,1482.48,1489.45,45855.88
2026-08-26 15:15:00,1489.47,1503.67,1484.49,1500.84,30494.19
2026-08-26 15:30:00,1500.83,1510.64,1495.3,1510.64,29271.29
2026-08-26 15:45:00,1510.64,1510.98,1496.54,1498.83,27785.03
2026-08-26 16:00:00,1498.84,1501.37,1493.62,1498.05,20633.64
2026-08-26 16:15:00,1498.05,1505.25,1496.07,1503.95,13668.17
2026-08-26 16:30:00,1503.96,1507.4,1497.01,1497.89,14653.49
2026-08-26 16:45:00,1497.91,1503.38,1497.21,1501.04,15932.96
2026-08-26 17:00:00,1501.03,1509.17,1499.34,1506.64,9794.15
2026-08-26 17:15:00,1506.68,1508.05,1503.37,1506.03,7094.31
2026-08-26 17:30:00,1506.04,1511.97,1505.0,1506.24,11167.2
2026-08-26 17:45:00,1506.23,1512.36,1502.8,1505.28,21543.73
2026-08-26 18:00:00,1505.32,1505.75,1497.52,1498.95,12011.92
2026-08-26 18:15:00,1498.95,1501.12,1496.38,1498.23,7756.54
2026-08-26 18:30:00,1498.2,1502.67,1497.62,1498.34,5076.19
2026-08-26 18:45:00,1498.35,1501.29,1497.35,1497.87,4298.76
2026-08-26 19:00:00,1497.81,1503.42,1495.16,1497.89,7916.17
2026-08-26 19:15:00,1497.89,1503.21,1496.59,1497.75,13268.43
2026-08-26 19:30:00,1497.76,1503.71,1496.02,1498.78,7739.45
2026-08-26 19:45:00,1498.78,1506.48,1492.47,1498.84,21110.54
2026-08-26 20:00:00,1498.84,1501.19,1488.0,1498.58,19049.64
2026-08-26 20:15:00,1498.58,1514.44,1481.06,1507.11,64095.37
2026-08-26 20:30:00,1507.11,1519.77,1501.05,1515.81,28287.6
2026-08-26 20:45:00,1515.77,1543.9,1513.04,1542.95,46329.18
2026-08-26 21:00:00,1543.0,1553.69,1532.47,1547.75,50381.72
2026-08-26 21:15:00,1547.85,1550.55,1537.13,1544.01,27372.88
2026-08-26 21:30:00,1543.98,1554.53,1543.22,1549.0,13196.58
2026-08-26 21:45:00,1549.0,1566.51,1548.27,1559.16,23972.96
2026-08-26 22:00:00,1559.15,1561.97,1550.54,1552.45,17664.23
2026-08-26 22:15:00,1552.43,1556.17,1549.82,1552.98,8156.26
2026-08-26 22:30:00,1552.99,1558.91,1552.71,1555.94,8696.39
2026-08-26 22:45:00,1555.95,1556.66,1551.38,1552.75,7382.73
2026-08-26 23:00:00,1552.72,1554.43,1545.57,1548.4,10840.05
2026-08-26 23:15:00,1548.41,1552.93,1546.67,1550.35,8475.24
2026-08-26 23:30:00,1550.35,1554.35,1548.67,1552.81,5679.82
2026-08-26 23:45:00,1552.81,1555.0,1550.3,1553.96,8511.43
2026-08-27 00:00:00,1553.96,1558.37,1540.78,1543.23,20835.65
2026-08-27 00:15:00,1543.27,1546.6,1538.64,1543.29,11580.58
2026-08-27 00:30:00,1543.31,1543.55,1527.51,1529.32,19332.33
2026-08-27 00:45:00,1529.3,1529.99,1520.06,1527.67,16605.19
2026-08-27 01:00:00,1527.68,1536.46,1525.21,1528.53,13172.46
2026-08-27 01:15:00,1528.52,1542.08,1527.68,1539.74,10792.35
2026-08-27 01:30:00,1539.72,1544.23,1535.82,1536.05,8697.42
2026-08-27 01:45:00,1536.05,1546.33,1536.05,1542.15,6984.55
2026-08-27 02:00:00,1542.2,1546.48,1539.76,1544.3,6560.83
2026-08-27 02:15:00,1544.24,1547.93,1543.43,1547.3,5267.25
2026-08-27 02:30:00,1547.34,1550.75,1544.49,1546.73,7052.51
2026-08-27 02:45:00,1546.73,1554.64,1544.42,1552.41,9638.01
2026-08-27 03:00:00,1552.41,1555.0,1550.99,1552.54,6758.02
2026-08-27 03:15:00,1552.55,1557.81,1551.25,1552.02,7139.72
2026-08-27 03:30:00,1552.03,1552.59,1545.71,1545.72,7098.96
2026-08-27 03:45:00,1545.77,1548.34,1542.88,1547.4,5385.44
2026-08-27 04:00:00,1547.38,1549.23,1543.38,1545.69,4270.58
2026-08-27 04:15:00,1545.68,1548.24,1543.52,1543.62,3905.99
2026-08-27 04:30:00,1543.63,1545.73,1540.48,1543.19,5337.83
2026-08-27 04:45:00,1543.19,1545.24,1540.22,1544.52,4463.25
2026-08-27 05:00:00,1544.59,1544.95,1537.44,1538.96,5681.46
2026-08-27 05:15:00,1538.95,1538.99,1533.73,1538.18,7433.14
2026-08-27 05:30:00,1538.2,1541.7,1534.46,1538.97,4513.7
2026-08-27 05:45:00,1538.96,1543.75,1538.37,1540.8,6149.09
2026-08-27 06:00:00,1540.8,1543.77,1537.52,1543.17,6566.21
2026-08-27 06:15:00,1543.16,1544.37,1541.37,1544.35,4367.79
2026-08-27 06:30:00,1544.34,1552.73,1544.31,1551.47,9046.8
2026-08-27 06:45:00,1551.47,1551.86,1546.76,1549.76,5379.81
2026-08-27 07:00:00,1549.71,1554.27,1548.13,1552.88,6032.0
2026-08-27 07:15:00,1552.89,1554.8,1551.3,1554.24,4995.5
2026-08-27 07:30:00,1554.26,1554.84,1551.22,1552.04,5234.55
2026-08-27 07:45:00,1552.04,1553.96,1550.92,1552.53,3271.34
2026-08-27 08:00:00,1552.53,1573.75,1551.67,1571.82,38411.16
2026-08-27 08:15:00,1571.75,1578.77,1566.49,1576.24,29763.84
2026-08-27 08:30:00,1576.19,1581.66,1573.13,1576.49,27071.71
2026-08-27 08:45:00,1576.45,1585.52,1575.61,1580.9,18311.19
2026-08-27 09:00:00,1580.92,1583.66,1572.31,1572.83,18053.59
2026-08-27 09:15:00,1572.83,1577.2,1569.33,1572.28,18071.0
2026-08-27 09:30:00,1572.28,1577.27,1571.57,1574.49,9192.61
2026-08-27 09:45:00,1574.5,1578.06,1566.87,1568.05,11424.15
2026-08-27 10:00:00,1568.06,1571.39,1566.49,1570.87,9441.12
2026-08-27 10:15:00,1570.87,1572.0,1565.37,1566.89,10581.39
2026-08-27 10:30:00,1566.88,1567.83,1560.08,1567.06,13859.91
2026-08-27 10:45:00,1567.06,1569.26,1565.32,1567.71,9100.98
2026-08-27 11:00:00,1567.71,1575.63,1563.18,1574.33,18397.49
2026-08-27 11:15:00,1574.29,1574.89,1567.1,1567.59,11061.05
2026-08-27 11:30:00,1567.59,1571.99,1566.0,1570.16,9992.67
2026-08-27 11:45:00,1570.15,1570.21,1561.14,1567.33,9802.53
2026-08-27 12:00:00,1567.33,1570.44,1564.72,1568.19,11560.46
2026-08-27 12:15:00,1568.19,1570.67,1565.84,1569.2,6333.07
2026-08-27 12:30:00,1569.26,1570.68,1565.23,1565.61,12255.41
2026-08-27 12:45:00,1565.61,1565.61,1552.25,1555.64,27593.77
2026-08-27 13:00:00,1555.63,1562.48,1552.57,1557.85,14116.46
2026-08-27 13:15:00,1557.83,1561.99,1547.18,1549.84,30052.98
2026-08-27 13:30:00,1549.82,1559.15,1508.16,1513.73,193184.15
2026-08-27 13:45:00,1513.69,1520.99,1459.62,1474.88,208706.04
2026-08-27 14:00:00,1474.89,1489.63,1470.39,1479.22,104691.2
2026-08-27 14:15:00,1479.22,1495.99,1476.48,1490.14,65299.81
2026-08-27 14:30:00,1490.14,1496.2,1478.42,1482.53,46888.85
2026-08-27 14:45:00,1482.53,1491.03,1472.32,1475.67,53034.12
2026-08-27 15:00:00,1475.68,1482.8,1471.39,1472.91,39375.19
2026-08-27 15:15:00,1472.82,1475.18,1465.1,1473.19,37625.66
2026-08-27 15:30:00,1473.34,1478.07,1464.67,1470.02,27475.4
2026-08-27 15:45:00,1470.03,1480.96,1462.15,1477.36,33599.05
2026-08-27 16:00:00,1477.33,1483.8,1474.53,1475.79,19221.42
2026-08-27 16:15:00,1475.83,1479.38,1469.52,1474.66,15099.08
2026-08-27 16:30:00,1474.66,1481.02,1473.39,1479.18,11972.12
2026-08-27 16:45:00,1479.18,1482.15,1472.64,1478.22,14944.78
2026-08-27 17:00:00,1478.18,1479.59,1473.32,1477.09,12206.8
2026-08-27 17:15:00,1477.09,1483.16,1474.34,1476.6,23336.77
2026-08-27 17:30:00,1476.46,1478.77,1472.25,1472.26,10400.43
2026-08-27 17:45:00,1472.26,1483.61,1471.77,1478.73,15768.35
2026-08-27 18:00:00,1478.74,1480.93,1474.05,1479.58,14081.6
2026-08-27 18:15:00,1479.6,1481.51,1472.24,1475.14,14649.37
2026-08-27 18:30:00,1475.13,1481.77,1471.0,1480.07,12730.66
2026-08-27 18:45:00,1480.07,1481.57,1475.85,1479.66,6430.11
2026-08-27 19:00:00,1479.65,1484.31,1477.55,1480.43,8754.03
2026-08-27 19:15:00,1480.36,1481.88,1474.53,1475.15,7438.71
2026-08-27 19:30:00,1475.14,1478.87,1471.56,1476.19,14243.17
2026-08-27 19:45:00,1476.2,1488.12,1475.89,1484.48,30446.92
2026-08-27 20:00:00,1484.48,1486.09,1475.63,1476.7,18640.76
2026-08-27 20:15:00,1476.7,1478.98,1475.02,1478.61,6129.04
2026-08-27 20:30:00,1478.62,1481.7,1478.53,1480.87,3517.08
2026-08-27 20:45:00,1480.87,1481.86,1477.78,1479.22,5770.39
2026-08-27 21:00:00,1479.2,1479.63,1474.45,1474.52,5392.74
2026-08-27 21:15:00,1474.52,1475.54,1472.02,1473.12,4759.56
2026-08-27 21:30:00,1473.11,1475.3,1470.85,1471.6,4106.61
2026-08-27 21:45:00,1471.6,1473.74,1471.54,1473.07,1642.48
2026-08-27 22:00:00,1473.07,1473.71,1471.05,1472.79,2508.66
2026-08-27 22:15:00,1472.8,1475.17,1472.32,1474.11,1977.64
2026-08-27 22:30:00,1474.11,1474.79,1473.75,1473.83,1460.36
2026-08-27 22:45:00,1473.83,1474.24,1472.11,1472.31,1325.64
2026-08-27 23:00:00,1472.31,1473.16,1467.14,1467.16,10317.69
2026-08-27 23:15:00,1467.13,1468.58,1462.15,1468.57,10173.53
2026-08-27 23:30:00,1468.58,1468.59,1465.29,1467.56,3470.67
2026-08-27 23:45:00,1467.55,1467.56,1463.34,1466.68,4683.94
2026-08-28 00:00:00,1466.7,1472.71,1457.08,1467.96,29409.1
2026-08-28 00:15:00,1467.96,1470.0,1461.57,1469.53,8119.35
2026-08-28 00:30:00,1469.52,1471.93,1466.13,1470.16,6349.14
2026-08-28 00:45:00,1470.16,1473.83,1466.78,1467.1,6121.83
2026-08-28 01:00:00,1467.14,1470.77,1465.21,1465.65,4702.84
2026-08-28 01:15:00,1465.65,1468.89,1461.8,1462.85,5545.7
2026-08-28 01:30:00,1462.95,1468.64,1461.94,1464.64,4794.48
2026-08-28 01:45:00,1464.65,1468.31,1463.47,1466.64,3074.91
2026-08-28 02:00:00,1466.65,1468.88,1465.53,1465.83,4207.89
2026-08-28 02:15:00,1465.83,1467.64,1463.82,1463.95,3776.95
2026-08-28 02:30:00,1463.98,1464.21,1460.71,1461.04,4139.78
2026-08-28 02:45:00,1461.03,1463.42,1458.68,1463.03,4855.08
2026-08-28 03:00:00,1463.03,1464.48,1460.4,1463.14,2744.73
2026-08-28 03:15:00,1463.14,1464.22,1462.41,1463.36,2567.66
2026-08-28 03:30:00,1463.36,1463.98,1458.14,1458.96,3518.7
2026-08-28 03:45:00,1458.96,1463.46,1457.44,1460.73,4168.72
2026-08-28 04:00:00,1460.73,1461.68,1457.99,1460.61,4605.69
2026-08-28 04:15:00,1460.61,1462.09,1458.08,1458.2,4614.78
2026-08-28 04:30:00,1458.2,1458.59,1450.01,1453.62,20962.74
2026-08-28 04:45:00,1453.65,1456.22,1453.08,1456.13,3436.07
2026-08-28 05:00:00,1456.12,1456.75,1450.77,1451.97,5847.81
2026-08-28 05:15:00,1451.91,1452.33,1445.83,1450.82,12948.41
2026-08-28 05:30:00,1450.82,1451.32,1438.3,1438.75,21442.28
2026-08-28 05:45:00,1438.75,1443.01,1436.18,1442.38,12961.55
2026-08-28 06:00:00,1442.39,1446.47,1441.38,1443.96,7842.8
2026-08-28 06:15:00,1443.95,1445.58,1438.93,1439.12,5494.63
2026-08-28 06:30:00,1439.19,1445.75,1438.11,1442.69,7433.08
2026-08-28 06:45:00,1442.68,1453.22,1442.15,1452.74,15186.11
2026-08-28 07:00:00,1452.74,1454.2,1447.4,1449.46,8399.55
2026-08-28 07:15:00,1449.4,1455.51,1449.22,1453.76,7428.67
2026-08-28 07:30:00,1453.77,1455.28,1450.61,1451.42,4020.67
2026-08-28 07:45:00,1451.41,1455.05,1451.17,1452.4,5750.51
2026-08-28 08:00:00,1452.41,1455.55,1441.16,1442.61,24139.07
2026-08-28 08:15:00,1442.59,1448.0,1439.52,1446.02,10755.52
2026-08-28 08:30:00,1446.07,1450.73,1445.9,1450.1,5685.96
2026-08-28 08:45:00,1450.1,1456.36,1447.0,1455.0,15062.39
2026-08-28 09:00:00,1455.0,1455.58,1449.97,1450.27,6688.41
2026-08-28 09:15:00,1450.27,1452.0,1450.0,1450.32,4325.46
2026-08-28 09:30:00,1450.32,1454.56,1447.57,1448.5,8609.99
2026-08-28 09:45:00,1448.5,1449.98,1447.15,1449.57,4631.4
2026-08-28 10:00:00,1449.6,1449.69,1444.43,1447.01,7497.36
2026-08-28 10:15:00,1447.01,1451.95,1446.68,1450.44,5398.66
2026-08-28 10:30:00,1450.39,1452.57,1449.55,1450.43,6222.68
2026-08-28 10:45:00,1450.42,1453.83,1449.58,1453.32,6668.38
2026-08-28 11:00:00,1453.31,1459.23,1451.52,1453.84,13177.65
2026-08-28 11:15:00,1453.77,1456.58,1453.41,1455.26,4282.88
2026-08-28 11:30:00,1455.26,1456.47,1452.0,1452.5,4232.01
2026-08-28 11:45:00,1452.5,1453.96,1449.45,1450.99,5281.57
2026-08-28 12:00:00,1450.99,1453.33,1447.59,1451.0,8302.01
2026-08-28 12:15:00,1451.0,1456.22,1449.68,1456.21,6923.92
2026-08-28 12:30:00,1456.16,1463.0,1452.23,1461.63,11495.23
2026-08-28 12:45:00,1461.65,1465.54,1458.6,1460.91,13743.78
2026-08-28 13:00:00,1460.91,1464.99,1452.97,1458.06,17097.68
2026-08-28 13:15:00,1458.06,1458.2,1446.74,1448.13,21452.69
2026-08-28 13:30:00,1448.2,1490.98,1436.52,1476.48,192770.48
2026-08-28 13:45:00,1476.48,1498.74,1473.35,1491.82,95025.92
2026-08-28 14:00:00,1491.77,1500.0,1472.32,1480.34,103996.04
2026-08-28 14:15:00,1480.31,1511.6,1480.27,1510.31,88611.1
2026-08-28 14:30:00,1510.31,1516.58,1494.35,1499.71,76276.45
2026-08-28 14:45:00,1499.7,1502.81,1485.0,1496.16,41058.07
2026-08-28 15:00:00,1496.08,1506.58,1491.84,1502.3,32100.3
2026-08-28 15:15:00,1502.32,1512.17,1501.82,1503.62,27212.23
2026-08-28 15:30:00,1503.63,1504.44,1487.0,1487.84,26732.76
2026-08-28 15:45:00,1487.86,1492.18,1477.78,1483.12,43865.13
2026-08-28 16:00:00,1483.11,1488.67,1471.45,1481.43,39952.75
2026-08-28 16:15:00,1481.44,1485.25,1476.52,1483.04,27893.86
2026-08-28 16:30:00,1483.04,1487.61,1477.37,1479.14,20668.34
2026-08-28 16:45:00,1479.16,1490.24,1478.65,1483.48,22863.27
2026-08-28 17:00:00,1483.49,1485.99,1474.11,1485.75,27087.39
2026-08-28 17:15:00,1485.76,1490.29,1482.67,1483.38,14138.58
2026-08-28 17:30:00,1483.38,1486.02,1479.73,1483.04,9469.11
2026-08-28 17:45:00,1483.04,1489.83,1482.5,1485.83,10092.81
2026-08-28 18:00:00,1485.84,1489.59,1485.04,1485.34,9960.36
2026-08-28 18:15:00,1485.34,1487.77,1482.28,1484.37,10259.7
2026-08-28 18:30:00,1484.36,1486.33,1481.39,1484.26,6462.51
2026-08-28 18:45:00,1484.25,1485.23,1477.68,1480.81,6218.71
2026-08-28 19:00:00,1480.84,1484.52,1477.81,1480.6,5170.0
2026-08-28 19:15:00,1480.56,1482.16,1475.43,1476.82,7958.16
2026-08-28 19:30:00,1476.81,1487.17,1475.0,1486.35,10276.63
2026-08-28 19:45:00,1486.34,1489.33,1478.15,1486.28,18672.64
2026-08-28 20:00:00,1486.27,1486.92,1482.0,1485.18,6590.95
2026-08-28 20:15:00,1485.18,1487.27,1484.3,1486.35,2027.5
2026-08-28 20:30:00,1486.35,1487.35,1482.52,1485.11,2775.33
2026-08-28 20:45:00,1485.13,1485.28,1482.0,1482.01,2234.9
2026-08-28 21:00:00,1482.01,1483.94,1482.01,1482.91,2387.6
2026-08-28 21:15:00,1482.91,1483.08,1480.1,1481.5,1719.64
2026-08-28 21:30:00,1481.51,1483.68,1480.54,1480.54,2704.34
2026-08-28 21:45:00,1480.55,1481.57,1480.0,1480.87,1727.98
2026-08-28 22:00:00,1480.87,1481.05,1479.25,1479.48,1176.87
2026-08-28 22:15:00,1479.47,1479.85,1478.66,1479.1,1055.19
2026-08-28 22:30:00,1479.1,1479.11,1477.25,1478.72,1922.98
2026-08-28 22:45:00,1478.72,1479.75,1478.09,1478.58,1590.06
2026-08-28 23:00:00,1478.57,1481.29,1478.2,1481.29,1285.97
2026-08-28 23:15:00,1481.3,1481.82,1479.22,1480.89,1276.9
2026-08-28 23:30:00,1480.89,1482.16,1480.56,1482.15,1216.59
2026-08-28 23:45:00,1482.15,1483.86,1481.7,1483.62,1112.25
2026-08-29 00:00:00,1483.62,1487.0,1483.59,1485.27,1541.25
2026-08-29 00:15:00,1485.29,1485.47,1483.0,1483.18,770.6
2026-08-29 00:30:00,1483.2,1484.65,1482.85,1484.64,887.8
2026-08-29 00:45:00,1484.64,1484.73,1483.98,1484.6,429.26
2026-08-29 01:00:00,1484.59,1484.8,1483.36,1484.58,859.02
2026-08-29 01:15:00,1484.59,1484.84,1484.22,1484.46,643.28
2026-08-29 01:30:00,1484.45,1484.76,1483.42,1484.16,536.01
2026-08-29 01:45:00,1484.11,1484.34,1483.78,1484.04,477.39
2026-08-29 02:00:00,1484.03,1485.05,1483.98,1484.77,748.11
2026-08-29 02:15:00,1484.68,1484.8,1483.51,1484.7,712.11
2026-08-29 02:30:00,1484.69,1486.91,1484.26,1486.91,1167.12
2026-08-29 02:45:00,1486.91,1487.0,1486.01,1486.24,705.79
2026-08-29 03:00:00,1486.24,1486.54,1485.64,1486.08,479.06
2026-08-29 03:15:00,1486.07,1486.8,1485.91,1486.4,469.85
2026-08-29 03:30:00,1486.39,1486.86,1486.26,1486.27,451.5
2026-08-29 03:45:00,1486.27,1487.21,1486.26,1487.2,469.22
2026-08-29 04:00:00,1487.21,1493.15,1487.21,1490.53,3578.17
2026-08-29 04:15:00,1490.53,1492.94,1490.34,1490.67,1308.21
2026-08-29 04:30:00,1490.74,1491.71,1489.61,1491.71,769.99
2026-08-29 04:45:00,1491.74,1492.0,1489.02,1489.61,1029.28
2026-08-29 05:00:00,1489.61,1489.8,1488.1,1488.24,705.77
2026-08-29 05:15:00,1488.2,1489.4,1487.85,1489.4,787.86
2026-08-29 05:30:00,1489.39,1489.44,1486.0,1486.48,1554.53
2026-08-29 05:45:00,1486.47,1487.87,1486.28,1487.84,619.13
2026-08-29 06:00:00,1487.84,1488.88,1487.8,1488.84,746.74
2026-08-29 06:15:00,1488.85,1490.28,1488.36,1489.84,839.02
2026-08-29 06:30:00,1489.82,1490.95,1489.6,1490.39,974.17
2026-08-29 06:45:00,1490.38,1490.81,1489.53,1489.8,585.66
2026-08-29 07:00:00,1489.76,1490.0,1488.75,1488.76,835.09
2026-08-29 07:15:00,1488.76,1490.75,1488.71,1489.36,1349.97
2026-08-29 07:30:00,1489.36,1490.16,1489.01,1489.95,433.43
2026-08-29 07:45:00,1489.95,1490.0,1488.0,1488.6,314.76
2026-08-29 08:00:00,1488.6,1489.27,1487.93,1489.2,489.19
2026-08-29 08:15:00,1489.19,1489.67,1488.64,1488.64,546.37
2026-08-29 08:30:00,1488.64,1488.71,1487.66,1488.1,728.25
2026-08-29 08:45:00,1488.1,1488.59,1480.38,1484.35,8158.16
2026-08-29 09:00:00,1484.34,1486.89,1483.35,1484.06,1892.94
2026-08-29 09:15:00,1484.05,1485.3,1482.0,1483.59,1381.56
2026-08-29 09:30:00,1483.59,1484.54,1483.42,1484.33,376.61
2026-08-29 09:45:00,1484.33,1486.35,1483.56,1485.09,1184.0
2026-08-29 10:00:00,1485.09,1486.15,1484.84,1486.09,537.21
2026-08-29 10:15:00,1486.08,1486.57,1484.59,1484.89,602.26
2026-08-29 10:30:00,1484.89,1485.29,1484.57,1484.93,207.02
2026-08-29 10:45:00,1484.94,1485.36,1484.05,1484.18,455.28
2026-08-29 11:00:00,1484.18,1496.4,1483.35,1492.51,11358.11
2026-08-29 11:15:00,1492.51,1496.4,1490.01,1490.41,3805.43
2026-08-29 11:30:00,1490.41,1491.68,1490.16,1491.14,1035.87
2026-08-29 11:45:00,1491.15,1491.76,1489.85,1489.85,556.08
2026-08-29 12:00:00,1489.85,1490.38,1489.0,1490.14,578.45
2026-08-29 12:15:00,1490.13,1490.31,1488.56,1488.87,799.79
2026-08-29 12:30:00,1488.87,1489.55,1488.83,1489.4,373.21
2026-08-29 12:45:00,1489.39,1492.22,1489.12,1490.67,820.4
2026-08-29 13:00:00,1490.68,1491.82,1490.54,1491.06,687.18
2026-08-29 13:15:00,1491.05,1491.1,1490.0,1490.26,755.73
2026-08-29 13:30:00,1490.25,1490.56,1488.69,1489.25,734.87
2026-08-29 13:45:00,1489.25,1490.3,1488.8,1489.61,706.56
2026-08-29 14:00:00,1489.6,1490.32,1489.45,1489.77,430.04
2026-08-29 14:15:00,1489.77,1490.48,1489.55,1490.3,561.47
2026-08-29 14:30:00,1490.3,1490.74,1489.44,1489.51,690.54
2026-08-29 14:45:00,1489.5,1489.78,1487.47,1488.71,981.8
2026-08-29 15:00:00,1488.7,1488.7,1486.7,1487.8,682.78
2026-08-29 15:15:00,1487.79,1488.11,1486.31,1487.3,816.07
2026-08-29 15:30:00,1487.3,1488.39,1487.18,1487.9,561.34
2026-08-29 15:45:00,1487.9,1488.99,1487.51,1488.79,692.23
2026-08-29 16:00:00,1488.8,1489.0,1488.2,1488.51,317.16
2026-08-29 16:15:00,1488.51,1488.8,1486.86,1487.27,984.56
2026-08-29 16:30:00,1487.27,1488.08,1487.06,1487.66,574.55
2026-08-29 16:45:00,1487.69,1488.23,1487.0,1487.15,556.51
2026-08-29 17:00:00,1487.14,1487.89,1487.07,1487.76,324.13
2026-08-29 17:15:00,1487.76,1488.61,1487.71,1487.94,313.91
2026-08-29 17:30:00,1487.94,1488.16,1487.63,1487.9,211.1
2026-08-29 17:45:00,1487.89,1488.53,1487.75,1487.88,335.36
2026-08-29 18:00:00,1487.88,1488.27,1487.56,1487.84,278.17
2026-08-29 18:15:00,1487.84,1487.95,1487.0,1487.55,405.41
2026-08-29 18:30:00,1487.56,1488.25,1487.56,1488.17,319.59
2026-08-29 18:45:00,1488.19,1488.68,1487.58,1488.68,474.99
2026-08-29 19:00:00,1488.64,1488.74,1488.03,1488.46,369.38
2026-08-29 19:15:00,1488.45,1489.92,1488.45,1489.28,331.13
2026-08-29 19:30:00,1489.28,1492.97,1488.57,1490.58,2111.41
2026-08-29 19:45:00,1490.59,1491.2,1489.9,1490.38,480.04
2026-08-29 20:00:00,1490.38,1491.21,1490.02,1490.83,332.2
2026-08-29 20:15:00,1490.84,1492.71,1490.53,1492.34,565.73
2026-08-29 20:30:00,1492.34,1493.45,1491.7,1492.8,443.08
2026-08-29 20:45:00,1492.8,1492.99,1491.07,1491.31,272.15
2026-08-29 21:00:00,1491.31,1493.99,1490.95,1491.28,1655.53
2026-08-29 21:15:00,1491.25,1491.68,1490.33,1491.26,364.01
2026-08-29 21:30:00,1491.21,1493.08,1491.14,1491.9,666.28
2026-08-29 21:45:00,1491.9,1492.77,1491.13,1491.23,360.45
2026-08-29 22:00:00,1491.23,1492.7,1491.23,1491.84,518.73
2026-08-29 22:15:00,1491.84,1493.93,1491.64,1493.01,818.24
2026-08-29 22:30:00,1493.01,1493.72,1491.64,1492.81,777.7
2026-08-29 22:45:00,1492.78,1493.45,1492.5,1492.93,488.91
2026-08-29 23:00:00,1492.93,1493.31,1492.38,1493.08,402.5
2026-08-29 23:15:00,1493.08,1493.09,1491.68,1492.53,428.97
2026-08-29 23:30:00,1492.54,1493.09,1491.91,1492.82,487.16
2026-08-29 23:45:00,1492.82,1494.17,1492.6,1492.6,745.93
2026-08-30 00:00:00,1492.6,1493.14,1491.27,1491.76,1337.74
2026-08-30 00:15:00,1491.75,1492.49,1490.17,1490.91,783.37
2026-08-30 00:30:00,1490.92,1492.79,1490.91,1491.56,446.57
2026-08-30 00:45:00,1491.56,1492.3,1490.67,1492.11,587.46
2026-08-30 01:00:00,1492.12,1493.0,1491.11,1491.11,798.23
2026-08-30 01:15:00,1491.12,1492.46,1491.11,1492.26,793.64
2026-08-30 01:30:00,1492.27,1492.77,1491.21,1491.79,422.52
2026-08-30 01:45:00,1491.8,1492.29,1491.28,1491.9,453.97
2026-08-30 02:00:00,1491.9,1493.11,1491.7,1493.11,374.12
2026-08-30 02:15:00,1493.11,1496.44,1492.52,1495.21,3367.05
2026-08-30 02:30:00,1495.21,1496.08,1494.06,1494.68,1446.8
2026-08-30 02:45:00,1494.68,1495.12,1493.5,1495.1,588.06
2026-08-30 03:00:00,1495.09,1495.75,1493.92,1494.17,753.48
2026-08-30 03:15:00,1494.16,1495.3,1493.91,1495.02,651.25
2026-08-30 03:30:00,1495.03,1495.04,1493.84,1494.26,568.03
2026-08-30 03:45:00,1494.27,1494.27,1493.17,1493.5,368.58
2026-08-30 04:00:00,1493.56,1494.59,1493.37,1494.29,406.02
2026-08-30 04:15:00,1494.3,1494.96,1494.22,1494.39,446.3
2026-08-30 04:30:00,1494.37,1494.74,1494.21,1494.21,292.37
2026-08-30 04:45:00,1494.21,1494.99,1494.18,1494.68,334.73
2026-08-30 05:00:00,1494.68,1494.87,1494.29,1494.51,319.54
2026-08-30 05:15:00,1494.51,1495.55,1494.44,1494.94,409.94
2026-08-30 05:30:00,1494.94,1497.98,1494.85,1496.66,2139.68
2026-08-30 05:45:00,1496.66,1497.79,1496.66,1496.94,716.49
2026-08-30 06:00:00,1496.94,1497.56,1496.74,1497.3,397.82
2026-08-30 06:15:00,1497.31,1497.55,1496.72,1497.49,612.15
2026-08-30 06:30:00,1497.5,1498.0,1497.26,1497.5,628.59
2026-08-30 06:45:00,1497.5,1503.9,1497.13,1503.29,4178.69
2026-08-30 07:00:00,1503.27,1503.36,1500.87,1502.29,1986.66
2026-08-30 07:15:00,1502.3,1504.93,1502.15,1502.15,1675.75
2026-08-30 07:30:00,1502.15,1502.59,1501.35,1501.52,536.12
2026-08-30 07:45:00,1501.53,1501.88,1499.53,1500.06,808.42
2026-08-30 08:00:00,1500.06,1501.8,1499.59,1501.6,705.61
2026-08-30 08:15:00,1501.6,1501.83,1499.54,1501.23,403.26
2026-08-30 08:30:00,1501.23,1501.73,1499.89,1500.6,382.96
2026-08-30 08:45:00,1500.6,1500.63,1499.22,1500.17,829.16
2026-08-30 09:00:00,1500.18,1501.08,1499.5,1500.01,512.1
2026-08-30 09:15:00,1500.0,1500.14,1498.73,1499.53,439.83
2026-08-30 09:30:00,1499.53,1500.91,1499.53,1500.75,336.58
2026-08-30 09:45:00,1500.74,1501.99,1499.68,1501.74,817.66
2026-08-30 10:00:00,1501.75,1503.15,1501.25,1502.5,742.49
2026-08-30 10:15:00,1502.5,1503.92,1501.72,1502.21,964.33
2026-08-30 10:30:00,1502.2,1502.62,1501.16,1502.01,636.86
2026-08-30 10:45:00,1502.01,1502.98,1501.78,1502.81,218.21
2026-08-30 11:00:00,1502.81,1502.95,1500.8,1500.9,547.07
2026-08-30 11:15:00,1500.9,1501.45,1500.51,1501.4,490.91
2026-08-30 11:30:00,1501.39,1501.4,1500.0,1500.4,689.19
2026-08-30 11:45:00,1500.4,1500.97,1499.82,1500.33,386.38
2026-08-30 12:00:00,1500.32,1501.25,1499.59,1499.59,866.76
2026-08-30 12:15:00,1499.58,1499.59,1495.29,1496.15,2042.02
2026-08-30 12:30:00,1496.14,1496.21,1494.0,1496.14,1713.69
2026-08-30 12:45:00,1496.14,1496.83,1490.18,1492.32,2949.58
2026-08-30 13:00:00,1492.31,1495.0,1491.14,1494.48,1383.78
2026-08-30 13:15:00,1494.51,1494.61,1492.73,1493.64,780.8
2026-08-30 13:30:00,1493.64,1494.92,1492.6,1494.68,995.84
2026-08-30 13:45:00,1494.68,1495.24,1493.46,1494.29,1030.04
2026-08-30 14:00:00,1494.29,1496.66,1494.01,1496.26,585.31
2026-08-30 14:15:00,1496.26,1498.32,1496.0,1497.1,853.23
2026-08-30 14:30:00,1497.1,1497.2,1495.05,1495.49,711.56
2026-08-30 14:45:00,1495.54,1497.09,1495.44,1496.34,1009.97
2026-08-30 15:00:00,1496.34,1496.34,1493.27,1493.43,734.03
2026-08-30 15:15:00,1493.43,1494.43,1493.02,1493.66,1046.16
2026-08-30 15:30:00,1493.65,1494.99,1493.02,1493.33,576.71
2026-08-30 15:45:00,1493.33,1494.58,1492.52,1494.22,744.14
2026-08-30 16:00:00,1494.22,1498.98,1492.82,1498.75,1195.98
2026-08-30 16:15:00,1498.84,1501.27,1497.71,1500.26,2564.92
2026-08-30 16:30:00,1500.26,1501.39,1499.52,1500.74,1943.87
2026-08-30 16:45:00,1500.74,1502.77,1500.73,1502.33,1922.57
2026-08-30 17:00:00,1502.33,1502.34,1500.24,1501.13,1127.3
2026-08-30 17:15:00,1501.12,1501.54,1499.77,1500.42,2177.05
2026-08-30 17:30:00,1500.4,1502.01,1499.38,1499.39,724.85
2026-08-30 17:45:00,1499.38,1499.95,1498.65,1499.4,547.08
2026-08-30 18:00:00,1499.37,1499.99,1498.44,1499.99,501.36
2026-08-30 18:15:00,1499.99,1500.41,1498.46,1499.0,510.01
2026-08-30 18:30:00,1498.96,1499.27,1496.64,1496.65,627.22
2026-08-30 18:45:00,1496.65,1498.73,1496.5,1498.54,728.93
2026-08-30 19:00:00,1498.55,1498.58,1497.47,1497.79,377.04
2026-08-30 19:15:00,1497.79,1497.8,1496.81,1497.25,277.35
2026-08-30 19:30:00,1497.25,1497.9,1495.39,1495.58,505.41
2026-08-30 19:45:00,1495.59,1495.78,1494.03,1494.58,509.99
2026-08-30 20:00:00,1494.59,1494.68,1493.65,1493.8,526.17
2026-08-30 20:15:00,1493.8,1494.56,1493.4,1493.4,431.11
2026-08-30 20:30:00,1493.41,1493.73,1490.66,1490.84,1252.38
2026-08-30 20:45:00,1490.85,1492.75,1490.69,1492.29,435.66
2026-08-30 21:00:00,1492.29,1494.11,1490.24,1491.22,1998.24
2026-08-30 21:15:00,1491.23,1491.97,1490.64,1491.8,564.62
2026-08-30 21:30:00,1491.8,1494.52,1491.67,1493.58,988.71
2026-08-30 21:45:00,1493.58,1493.95,1492.09,1492.45,603.03
2026-08-30 22:00:00,1492.44,1495.41,1490.63,1491.19,5678.3
2026-08-30 22:15:00,1491.19,1491.65,1482.0,1484.28,5500.36
2026-08-30 22:30:00,1484.28,1486.51,1481.01,1484.93,2784.91
2026-08-30 22:45:00,1484.94,1486.08,1481.6,1484.75,2645.41
2026-08-30 23:00:00,1484.75,1485.73,1470.57,1471.44,21241.58
2026-08-30 23:15:00,1471.45,1473.42,1459.0,1459.92,20492.13
2026-08-30 23:30:00,1459.93,1466.31,1458.66,1461.49,10867.49
2026-08-30 23:45:00,1461.48,1463.1,1453.07,1459.84,11491.54
2026-08-31 00:00:00,1459.83,1466.39,1450.01,1463.06,33385.03
2026-08-31 00:15:00,1463.07,1471.73,1461.42,1468.41,11112.38
2026-08-31 00:30:00,1468.4,1474.15,1462.99,1465.6,12038.09
2026-08-31 00:45:00,1465.66,1468.57,1461.61,1462.79,5086.33
2026-08-31 01:00:00,1462.8,1463.38,1456.97,1462.82,8634.89
2026-08-31 01:15:00,1462.89,1465.17,1459.6,1462.19,6497.92
2026-08-31 01:30:00,1462.22,1464.33,1460.34,1461.42,4629.48
2026-08-31 01:45:00,1461.41,1462.62,1458.95,1462.09,5314.72
2026-08-31 02:00:00,1462.08,1465.18,1460.21,1464.35,4963.86
2026-08-31 02:15:00,1464.35,1464.46,1457.12,1459.25,4379.9
2026-08-31 02:30:00,1459.21,1460.08,1452.35,1454.47,6120.1
2026-08-31 02:45:00,1454.47,1460.0,1451.62,1459.8,6410.13
2026-08-31 03:00:00,1459.8,1464.33,1458.76,1463.17,4638.67
2026-08-31 03:15:00,1463.18,1463.51,1460.34,1460.63,2107.44
2026-08-31 03:30:00,1460.61,1462.65,1459.33,1461.24,1838.68
2026-08-31 03:45:00,1461.24,1462.12,1459.82,1461.34,1633.65
2026-08-31 04:00:00,1461.33,1461.71,1458.53,1460.6,1743.65
2026-08-31 04:15:00,1460.62,1461.85,1459.13,1459.76,1310.55
2026-08-31 04:30:00,1459.76,1463.9,1456.18,1463.39,3383.91
2026-08-31 04:45:00,1463.39,1469.49,1461.04,1468.22,4076.85
2026-08-31 05:00:00,1468.22,1476.79,1467.68,1476.49,8046.69
2026-08-31 05:15:00,1476.49,1481.91,1474.88,1478.18,9376.89
2026-08-31 05:30:00,1478.19,1478.26,1473.42,1476.38,5444.23
2026-08-31 05:45:00,1476.38,1478.02,1473.99,1476.23,2965.33
2026-08-31 06:00:00,1476.17,1480.71,1475.6,1480.4,3918.59
2026-08-31 06:15:00,1480.4,1486.8,1480.4,1485.19,8840.83
2026-08-31 06:30:00,1485.18,1488.32,1483.23,1486.96,6776.45
2026-08-31 06:45:00,1486.95,1492.4,1486.65,1489.23,6927.5
2026-08-31 07:00:00,1489.27,1489.69,1484.6,1486.37,6612.16
2026-08-31 07:15:00,1486.37,1486.37,1482.39,1483.7,5613.87
2026-08-31 07:30:00,1483.68,1487.9,1483.49,1486.45,3846.16
2026-08-31 07:45:00,1486.48,1487.35,1484.69,1487.21,5011.69
2026-08-31 08:00:00,1487.21,1509.99,1485.25,1502.76,45000.86
2026-08-31 08:15:00,1502.76,1503.51,1496.04,1498.68,14157.43
2026-08-31 08:30:00,1498.65,1498.83,1493.26,1495.09,8056.99
2026-08-31 08:45:00,1495.09,1496.26,1492.85,1494.82,6047.29
2026-08-31 09:00:00,1494.81,1495.64,1489.6,1494.29,7882.45
2026-08-31 09:15:00,1494.31,1496.84,1492.42,1492.46,4249.36
2026-08-31 09:30:00,1492.46,1493.1,1489.21,1489.32,2966.75
2026-08-31 09:45:00,1489.33,1489.33,1482.0,1483.41,9507.48
2026-08-31 10:00:00,1483.39,1486.25,1480.03,1485.59,9681.17
2026-08-31 10:15:00,1485.58,1491.07,1485.19,1489.49,10578.9
2026-08-31 10:30:00,1489.5,1491.44,1488.44,1491.14,3898.11
2026-08-31 10:45:00,1491.14,1493.8,1490.1,1491.86,5120.89
2026-08-31 11:00:00,1491.91,1491.91,1486.12,1486.13,8300.69
2026-08-31 11:15:00,1486.12,1498.3,1485.85,1494.37,12511.8
2026-08-31 11:30:00,1494.37,1494.62,1487.54,1488.03,5206.01
2026-08-31 11:45:00,1487.97,1489.47,1487.45,1488.8,2721.79
2026-08-31 12:00:00,1488.81,1493.87,1487.48,1490.03,7311.36
2026-08-31 12:15:00,1490.02,1495.94,1483.45,1486.36,9748.83
2026-08-31 12:30:00,1486.36,1488.52,1481.25,1484.46,7764.94
2026-08-31 12:45:00,1484.45,1484.79,1477.43,1480.72,8216.83
2026-08-31 13:00:00,1480.9,1484.77,1475.3,1484.56,14889.14
2026-08-31 13:15:00,1484.56,1490.0,1482.77,1489.59,14743.57
2026-08-31 13:30:00,1489.48,1538.63,1486.11,1530.16,200219.91
2026-08-31 13:45:00,1530.15,1541.48,1518.0,1531.5,103463.93
2026-08-31 14:00:00,1531.46,1536.65,1509.2,1512.95,68042.25
2026-08-31 14:15:00,1512.93,1523.33,1505.56,1516.12,49026.29
2026-08-31 14:30:00,1516.11,1532.29,1513.86,1531.23,39659.93
2026-08-31 14:45:00,1531.2,1532.64,1521.61,1525.75,29211.04
2026-08-31 15:00:00,1525.76,1537.9,1523.44,1535.26,31356.07
2026-08-31 15:15:00,1535.25,1542.23,1530.0,1533.6,37044.39
2026-08-31 15:30:00,1533.6,1533.91,1519.79,1521.98,28498.18
2026-08-31 15:45:00,1521.97,1521.97,1511.0,1515.33,24911.7
2026-08-31 16:00:00,1515.34,1515.56,1495.37,1497.86,36586.46
2026-08-31 16:15:00,1497.85,1501.85,1493.24,1498.4,25765.46
2026-08-31 16:30:00,1498.4,1506.53,1495.54,1504.57,23241.62
2026-08-31 16:45:00,1504.58,1507.95,1501.39,1507.59,11221.82
2026-08-31 17:00:00,1507.62,1510.99,1505.11,1505.8,12579.67
2026-08-31 17:15:00,1505.79,1506.23,1498.37,1499.68,16627.97
2026-08-31 17:30:00,1499.71,1505.59,1499.51,1502.35,7414.51
2026-08-31 17:45:00,1502.39,1504.5,1501.61,1503.0,5355.6
2026-08-31 18:00:00,1503.02,1505.7,1501.83,1503.85,5672.09
2026-08-31 18:15:00,1503.88,1509.59,1503.85,1507.53,6712.81
2026-08-31 18:30:00,1507.53,1510.91,1503.9,1505.94,9766.68
2026-08-31 18:45:00,1505.94,1506.58,1463.05,1473.24,60688.64
2026-08-31 19:00:00,1473.27,1477.37,1452.0,1458.63,37281.88
2026-08-31 19:15:00,1458.64,1476.65,1458.13,1476.63,29443.09
2026-08-31 19:30:00,1476.57,1487.22,1470.0,1486.7,26183.61
2026-08-31 19:45:00,1486.7,1573.37,1485.4,1568.58,149603.74
2026-08-31 20:00:00,1568.35,1579.51,1555.35,1557.96,52123.62
2026-08-31 20:15:00,1557.85,1560.51,1552.12,1555.35,14572.37
2026-08-31 20:30:00,1555.27,1555.87,1551.89,1551.96,7833.18
2026-08-31 20:45:00,1551.97,1554.64,1548.79,1551.0,8256.91
2026-08-31 21:00:00,1551.0,1554.45,1544.21,1545.7,14149.64
2026-08-31 21:15:00,1545.71,1549.42,1545.11,1547.84,3928.56
2026-08-31 21:30:00,1547.91,1552.38,1547.04,1551.5,3848.18
2026-08-31 21:45:00,1551.5,1562.07,1551.44,1554.37,8974.92
2026-08-31 22:00:00,1554.36,1557.45,1551.49,1553.1,3004.44
2026-08-31 22:15:00,1553.12,1554.05,1551.89,1552.0,1618.97
2026-08-31 22:30:00,1552.04,1552.47,1550.12,1550.73,2385.74
2026-08-31 22:45:00,1550.73,1553.26,1549.91,1551.15,4387.36
2026-08-31 23:00:00,1551.16,1551.71,1549.14,1549.2,4847.49
2026-08-31 23:15:00,1549.19,1550.04,1545.98,1549.13,3693.29
2026-08-31 23:30:00,1549.12,1553.63,1549.12,1550.26,4247.77
2026-08-31 23:45:00,1550.26,1552.0,1549.01,1550.34,2636.11
2026-09-01 00:00:00,1550.31,1551.15,1541.73,1542.95,9402.63
2026-09-01 00:15:00,1542.94,1551.75,1542.74,1549.36,5393.53
2026-09-01 00:30:00,1549.35,1556.09,1547.17,1551.22,6461.64
2026-09-01 00:45:00,1551.23,1552.32,1545.01,1550.42,4789.07
2026-09-01 01:00:00,1550.41,1553.45,1548.14,1548.95,4421.19
2026-09-01 01:15:00,1548.95,1552.12,1546.34,1546.91,3586.46
2026-09-01 01:30:00,1546.91,1549.81,1545.43,1549.35,3831.52
2026-09-01 01:45:00,1549.34,1549.55,1542.03,1544.96,5334.57
2026-09-01 02:00:00,1544.96,1546.4,1542.1,1544.53,3045.4
2026-09-01 02:15:00,1544.53,1546.39,1538.47,1540.3,4978.07
2026-09-01 02:30:00,1540.31,1541.12,1537.36,1537.86,5110.12
2026-09-01 02:45:00,1537.86,1543.57,1537.46,1543.31,3007.82
2026-09-01 03:00:00,1543.34,1543.36,1539.81,1540.33,1989.13
2026-09-01 03:15:00,1540.33,1541.2,1538.21,1540.72,2487.46
2026-09-01 03:30:00,1540.72,1544.55,1540.57,1544.36,3324.79
2026-09-01 03:45:00,1544.36,1549.92,1544.25,1546.96,7094.41
2026-09-01 04:00:00,1546.96,1548.45,1545.87,1546.38,1996.87
2026-09-01 04:15:00,1546.46,1554.82,1545.99,1550.6,5326.11
2026-09-01 04:30:00,1550.6,1552.29,1543.51,1545.01,3935.56
2026-09-01 04:45:00,1545.01,1549.21,1545.01,1546.24,2415.34
2026-09-01 05:00:00,1546.25,1547.41,1543.26,1543.57,1946.61
2026-09-01 05:15:00,1543.51,1547.28,1542.17,1546.98,1798.47
2026-09-01 05:30:00,1546.99,1552.0,1545.47,1551.37,3593.34
2026-09-01 05:45:00,1551.34,1553.42,1548.51,1551.96,3511.06
2026-09-01 06:00:00,1551.95,1554.65,1549.29,1550.05,4420.24
2026-09-01 06:15:00,1550.04,1552.0,1547.79,1549.1,3942.54
2026-09-01 06:30:00,1549.08,1551.57,1548.45,1550.49,2055.96
2026-09-01 06:45:00,1550.49,1551.29,1546.45,1547.54,2605.4
2026-09-01 07:00:00,1547.54,1553.14,1547.54,1552.19,4830.42
2026-09-01 07:15:00,1552.2,1553.03,1549.73,1552.77,2210.62
2026-09-01 07:30:00,1552.77,1552.83,1544.91,1546.29,4746.27
2026-09-01 07:45:00,1546.26,1547.99,1544.61,1545.27,2971.75
2026-09-01 08:00:00,1545.28,1547.01,1531.08,1534.2,31273.94
2026-09-01 08:15:00,1534.18,1536.47,1519.74,1522.79,27347.63
2026-09-01 08:30:00,1522.8,1529.98,1521.21,1525.03,19581.19
2026-09-01 08:45:00,1525.05,1527.77,1516.85,1517.1,17565.21
2026-09-01 09:00:00,1517.11,1523.9,1515.0,1521.84,20974.55
2026-09-01 09:15:00,1522.07,1525.44,1518.35,1519.18,10368.92
2026-09-01 09:30:00,1519.19,1524.57,1517.22,1522.93,7161.24
2026-09-01 09:45:00,1522.93,1525.09,1521.18,1522.22,4845.36
2026-09-01 10:00:00,1522.23,1523.99,1517.45,1519.09,7365.54
2026-09-01 10:15:00,1519.22,1521.74,1516.87,1519.33,4634.77
2026-09-01 10:30:00,1519.32,1524.88,1519.1,1522.36,5081.25
2026-09-01 10:45:00,1522.36,1524.6,1519.23,1520.45,5329.53
2026-09-01 11:00:00,1520.45,1521.97,1511.32,1512.43,18809.05
2026-09-01 11:15:00,1512.44,1517.89,1512.41,1516.88,6004.26
2026-09-01 11:30:00,1516.88,1523.0,1516.68,1520.64,7301.17
2026-09-01 11:45:00,1520.61,1526.56,1518.19,1524.62,11265.46
2026-09-01 12:00:00,1524.6,1528.51,1520.86,1526.3,14877.77
2026-09-01 12:15:00,1526.31,1526.98,1518.69,1521.75,8788.86
2026-09-01 12:30:00,1521.75,1525.29,1517.08,1518.21,9702.55
2026-09-01 12:45:00,1518.22,1527.41,1517.81,1523.97,8702.3
2026-09-01 13:00:00,1523.97,1525.39,1519.16,1521.67,9268.22
2026-09-01 13:15:00,1521.68,1532.93,1518.17,1527.42,25848.36
2026-09-01 13:30:00,1527.43,1556.32,1513.88,1536.89,197867.63
2026-09-01 13:45:00,1536.9,1546.67,1529.76,1540.22,63079.99
2026-09-01 14:00:00,1540.22,1548.96,1531.76,1536.23,45080.34
2026-09-01 14:15:00,1536.15,1540.0,1531.0,1537.63,22121.83
2026-09-01 14:30:00,1537.64,1552.98,1536.25,1552.79,40800.26
2026-09-01 14:45:00,1552.79,1566.8,1546.87,1566.79,52932.42
2026-09-01 15:00:00,1566.79,1572.83,1555.34,1558.34,50396.73
2026-09-01 15:15:00,1558.32,1567.9,1552.78,1567.6,24433.55
2026-09-01 15:30:00,1567.6,1597.95,1567.59,1595.83,81968.22
2026-09-01 15:45:00,1595.81,1609.48,1595.63,1599.83,89751.99
2026-09-01 16:00:00,1599.82,1601.52,1589.21,1590.12,45814.93
2026-09-01 16:15:00,1590.13,1592.39,1580.29,1583.67,43530.65
2026-09-01 16:30:00,1583.66,1583.97,1566.64,1568.16,46760.36
2026-09-01 16:45:00,1568.14,1578.0,1567.18,1573.19,26780.52
2026-09-01 17:00:00,1573.2,1575.16,1565.72,1566.99,17198.75
2026-09-01 17:15:00,1566.98,1569.65,1560.18,1565.55,25224.08
2026-09-01 17:30:00,1565.54,1569.0,1562.99,1563.06,12337.77
2026-09-01 17:45:00,1563.08,1564.9,1555.75,1564.8,28350.86
2026-09-01 18:00:00,1564.78,1566.0,1552.21,1552.23,20668.12
2026-09-01 18:15:00,1552.22,1552.84,1542.52,1545.21,29540.31
2026-09-01 18:30:00,1545.21,1547.79,1527.96,1528.73,34740.71
2026-09-01 18:45:00,1528.73,1543.13,1524.64,1539.01,43084.33
2026-09-01 19:00:00,1538.99,1544.7,1534.68,1543.74,14369.28
2026-09-01 19:15:00,1543.79,1544.33,1537.24,1540.95,10898.61
2026-09-01 19:30:00,1540.99,1541.84,1532.93,1540.26,13284.0
2026-09-01 19:45:00,1540.26,1553.8,1530.97,1538.79,39114.81
2026-09-01 20:00:00,1538.78,1541.38,1532.0,1537.3,15789.27
2026-09-01 20:15:00,1537.31,1542.0,1537.31,1539.21,5328.12
2026-09-01 20:30:00,1539.2,1540.12,1536.96,1538.33,3719.88
2026-09-01 20:45:00,1538.34,1538.83,1535.08,1535.33,3364.5
2026-09-01 21:00:00,1535.28,1536.22,1533.68,1535.29,3431.83
2026-09-01 21:15:00,1535.29,1536.54,1533.94,1536.44,2787.72
2026-09-01 21:30:00,1536.44,1536.72,1533.13,1533.64,1381.15
2026-09-01 21:45:00,1533.64,1534.88,1533.37,1534.28,959.08
2026-09-01 22:00:00,1534.29,1535.2,1530.74,1531.68,4652.36
2026-09-01 22:15:00,1531.68,1532.0,1529.28,1531.06,2918.76
2026-09-01 22:30:00,1531.08,1533.82,1530.4,1531.58,2166.66
2026-09-01 22:45:00,1531.51,1535.66,1525.44,1528.85,8626.67
2026-09-01 23:00:00,1528.87,1532.73,1527.45,1531.86,3161.56
2026-09-01 23:15:00,1531.87,1532.49,1529.2,1532.32,2128.08
2026-09-01 23:30:00,1532.33,1534.52,1532.06,1533.13,1910.03
2026-09-01 23:45:00,1533.13,1534.46,1532.24,1533.99,3188.67
2026-09-02 00:00:00,1534.0,1539.96,1525.71,1539.27,16711.86
2026-09-02 00:15:00,1539.31,1545.68,1537.33,1539.09,10952.34
2026-09-02 00:30:00,1539.06,1544.66,1537.0,1540.47,4651.57
2026-09-02 00:45:00,1540.46,1542.03,1536.31,1537.4,3092.81
2026-09-02 01:00:00,1537.3,1542.69,1536.41,1539.84,4137.69
2026-09-02 01:15:00,1539.83,1542.34,1537.86,1538.48,2189.51
2026-09-02 01:30:00,1538.48,1538.69,1530.93,1531.7,4818.5
2026-09-02 01:45:00,1531.66,1535.0,1528.16,1534.49,6839.59
2026-09-02 02:00:00,1534.49,1534.6,1530.86,1533.92,3232.8
2026-09-02 02:15:00,1533.89,1538.58,1533.88,1535.61,3149.53
2026-09-02 02:30:00,1535.61,1536.6,1531.56,1536.6,3122.75
2026-09-02 02:45:00,1536.59,1537.6,1533.69,1534.39,2013.98
2026-09-02 03:00:00,1534.4,1536.85,1533.0,1535.61,3370.34
2026-09-02 03:15:00,1535.62,1536.39,1533.82,1535.47,1557.56
2026-09-02 03:30:00,1535.58,1535.73,1531.06,1532.52,2210.3
2026-09-02 03:45:00,1532.51,1533.39,1531.27,1532.03,1250.9
2026-09-02 04:00:00,1532.07,1532.2,1529.31,1530.14,2241.98
2026-09-02 04:15:00,1530.14,1532.66,1529.57,1531.34,1604.23
2026-09-02 04:30:00,1531.34,1533.0,1530.0,1532.28,1497.51
2026-09-02 04:45:00,1532.29,1533.93,1531.44,1531.44,2381.77
2026-09-02 05:00:00,1531.44,1533.6,1529.1,1532.75,3910.62
2026-09-02 05:15:00,1532.76,1537.74,1532.23,1536.97,5644.65
2026-09-02 05:30:00,1536.98,1540.84,1536.32,1540.54,3740.18
2026-09-02 05:45:00,1540.54,1542.18,1535.5,1537.12,3989.89
2026-09-02 06:00:00,1537.16,1537.79,1532.25,1533.42,5561.67
2026-09-02 06:15:00,1533.46,1534.57,1531.05,1531.27,4055.1
2026-09-02 06:30:00,1531.28,1537.55,1531.0,1535.21,2500.39
2026-09-02 06:45:00,1535.14,1536.45,1532.89,1534.05,1993.25
2026-09-02 07:00:00,1534.08,1538.0,1533.37,1536.58,3542.39
2026-09-02 07:15:00,1536.58,1537.6,1534.33,1535.41,1375.22
2026-09-02 07:30:00,1535.4,1536.25,1534.99,1535.25,944.48
2026-09-02 07:45:00,1535.29,1536.83,1533.15,1533.21,1903.06
2026-09-02 08:00:00,1533.21,1534.47,1528.78,1532.81,11221.54
2026-09-02 08:15:00,1532.81,1533.98,1515.0,1525.65,21338.43
2026-09-02 08:30:00,1525.65,1527.47,1520.0,1521.87,10276.35
2026-09-02 08:45:00,1521.88,1523.37,1516.49,1520.85,10679.32
2026-09-02 09:00:00,1520.9,1526.55,1520.52,1521.26,8718.39
2026-09-02 09:15:00,1521.25,1523.18,1519.0,1521.37,5269.31
2026-09-02 09:30:00,1521.38,1521.71,1514.83,1518.6,8091.89
2026-09-02 09:45:00,1518.6,1523.22,1518.54,1521.99,4928.07
2026-09-02 10:00:00,1521.99,1523.02,1519.06,1522.35,4307.98
2026-09-02 10:15:00,1522.34,1526.08,1521.32,1524.75,6347.9
2026-09-02 10:30:00,1524.75,1524.75,1521.45,1522.69,3862.17
2026-09-02 10:45:00,1522.65,1524.84,1521.6,1524.59,3911.29
2026-09-02 11:00:00,1524.57,1525.51,1515.55,1525.23,12978.14
2026-09-02 11:15:00,1525.2,1525.24,1521.85,1523.61,5735.42
2026-09-02 11:30:00,1523.62,1528.46,1521.69,1522.27,8739.81
2026-09-02 11:45:00,1522.27,1528.0,1521.13,1527.67,5944.11
2026-09-02 12:00:00,1527.66,1535.0,1526.12,1533.58,13177.24
2026-09-02 12:15:00,1533.69,1544.05,1530.37,1540.81,19317.62
2026-09-02 12:30:00,1540.8,1542.19,1537.09,1537.82,10246.71
2026-09-02 12:45:00,1537.83,1538.1,1528.4,1530.47,11346.96
2026-09-02 13:00:00,1530.48,1537.27,1530.25,1532.58,9007.67
2026-09-02 13:15:00,1532.59,1541.79,1532.06,1533.89,18442.92
2026-09-02 13:30:00,1533.9,1582.29,1524.63,1581.35,174180.21
2026-09-02 13:45:00,1581.37,1589.67,1511.8,1525.05,209721.62
2026-09-02 14:00:00,1525.17,1533.9,1516.87,1527.39,91615.66
2026-09-02 14:15:00,1527.41,1540.58,1524.4,1536.52,49295.75
2026-09-02 14:30:00,1536.5,1546.53,1533.68,1544.81,43208.84
2026-09-02 14:45:00,1544.82,1544.83,1523.02,1526.78,41251.18
2026-09-02 15:00:00,1526.79,1538.5,1520.67,1535.9,31576.62
2026-09-02 15:15:00,1535.9,1549.07,1535.52,1547.45,24510.89
2026-09-02 15:30:00,1547.46,1550.77,1542.24,1546.37,25617.2
2026-09-02 15:45:00,1546.38,1547.81,1537.57,1545.44,22418.0
2026-09-02 16:00:00,1545.44,1550.5,1542.95,1543.93,14645.04
2026-09-02 16:15:00,1543.98,1552.95,1541.69,1545.21,16986.47
2026-09-02 16:30:00,1545.18,1550.66,1542.35,1544.42,15043.77
2026-09-02 16:45:00,1544.43,1547.18,1533.0,1538.21,16821.13
2026-09-02 17:00:00,1538.21,1543.29,1536.36,1540.99,8961.94
2026-09-02 17:15:00,1540.99,1545.37,1539.26,1540.89,7180.9
2026-09-02 17:30:00,1540.89,1543.43,1540.14,1541.82,5723.41
2026-09-02 17:45:00,1541.81,1546.33,1539.9,1540.29,7150.94
2026-09-02 18:00:00,1540.3,1542.05,1535.51,1536.91,6022.6
2026-09-02 18:15:00,1536.9,1544.75,1535.27,1543.51,13094.97
2026-09-02 18:30:00,1543.41,1549.97,1543.21,1549.43,10355.75
2026-09-02 18:45:00,1549.47,1550.77,1546.68,1549.48,9707.56
2026-09-02 19:00:00,1549.48,1550.59,1538.63,1542.53,8549.75
2026-09-02 19:15:00,1542.41,1543.89,1540.5,1541.93,4169.65
2026-09-02 19:30:00,1542.01,1548.69,1541.79,1548.03,5578.58
2026-09-02 19:45:00,1548.08,1563.87,1544.6,1553.38,25674.17
2026-09-02 20:00:00,1553.27,1554.27,1546.32,1546.89,8758.41
2026-09-02 20:15:00,1546.82,1546.82,1538.13,1543.5,8645.77
2026-09-02 20:30:00,1543.5,1545.91,1541.74,1545.07,3115.8
2026-09-02 20:45:00,1545.01,1546.61,1540.82,1544.49,2415.66
2026-09-02 21:00:00,1544.49,1546.25,1541.56,1542.13,3358.41
2026-09-02 21:15:00,1542.13,1552.8,1539.73,1549.58,9289.25
2026-09-02 21:30:00,1549.58,1550.69,1546.5,1546.71,2343.98
2026-09-02 21:45:00,1546.71,1548.74,1543.23,1543.27,1838.46
2026-09-02 22:00:00,1543.28,1544.5,1541.33,1543.89,2301.37
2026-09-02 22:15:00,1543.89,1545.3,1543.1,1544.79,1831.3
2026-09-02 22:30:00,1544.8,1545.38,1544.06,1544.31,661.8
2026-09-02 22:45:00,1544.3,1544.52,1543.12,1544.1,919.82
2026-09-02 23:00:00,1544.09,1546.23,1543.5,1544.27,2286.06
2026-09-02 23:15:00,1544.26,1544.45,1542.73,1543.73,960.36
2026-09-02 23:30:00,1543.72,1545.66,1543.62,1545.24,986.99
2026-09-02 23:45:00,1545.23,1548.96,1545.02,1547.63,1986.23
2026-09-03 00:00:00,1547.66,1548.94,1542.04,1542.34,6403.66
2026-09-03 00:15:00,1542.29,1543.36,1538.97,1541.1,3660.47
2026-09-03 00:30:00,1541.05,1544.55,1540.07,1542.33,1939.13
2026-09-03 00:45:00,1542.37,1543.69,1540.18,1541.63,1873.44
2026-09-03 01:00:00,1541.6,1546.39,1541.22,1546.26,2286.55
2026-09-03 01:15:00,1546.39,1547.0,1543.07,1545.84,1940.28
2026-09-03 01:30:00,1545.84,1547.25,1543.67,1543.77,2023.01
2026-09-03 01:45:00,1543.76,1544.16,1541.32,1541.44,1946.83
2026-09-03 02:00:00,1541.49,1544.17,1541.3,1543.99,1380.76
2026-09-03 02:15:00,1543.99,1546.04,1543.41,1545.71,1335.79
2026-09-03 02:30:00,1545.71,1546.59,1543.93,1544.29,1383.75
2026-09-03 02:45:00,1544.29,1546.23,1543.76,1545.6,1386.89
2026-09-03 03:00:00,1545.62,1546.41,1544.99,1546.27,1009.51
2026-09-03 03:15:00,1546.29,1550.44,1546.17,1549.67,2966.75
2026-09-03 03:30:00,1549.68,1553.16,1549.55,1550.63,2996.45
2026-09-03 03:45:00,1550.61,1551.94,1548.15,1551.94,2973.79
2026-09-03 04:00:00,1551.94,1554.48,1551.36,1553.07,2144.69
2026-09-03 04:15:00,1553.07,1553.16,1549.78,1549.91,1368.63
2026-09-03 04:30:00,1549.9,1551.47,1548.0,1548.62,1853.03
2026-09-03 04:45:00,1548.61,1549.54,1547.03,1547.49,1977.59
2026-09-03 05:00:00,1547.49,1548.76,1541.16,1542.34,5008.26
2026-09-03 05:15:00,1542.34,1542.34,1527.93,1535.48,24848.62
2026-09-03 05:30:00,1535.53,1541.58,1535.05,1537.98,9048.79
2026-09-03 05:45:00,1537.99,1544.22,1535.02,1542.81,5721.02
2026-09-03 06:00:00,1542.8,1545.05,1540.3,1542.35,3780.69
2026-09-03 06:15:00,1542.28,1545.76,1541.32,1544.06,5131.42
2026-09-03 06:30:00,1544.03,1545.19,1542.0,1543.18,1926.45
2026-09-03 06:45:00,1543.18,1543.45,1540.53,1542.04,2564.41
2026-09-03 07:00:00,1542.02,1547.36,1541.05,1546.11,3626.99
2026-09-03 07:15:00,1546.1,1547.34,1542.83,1545.11,3092.58
2026-09-03 07:30:00,1545.11,1546.34,1543.14,1546.0,2171.27
2026-09-03 07:45:00,1546.0,1546.59,1544.37,1545.76,1891.58
2026-09-03 08:00:00,1545.8,1551.82,1542.11,1546.41,17703.2
2026-09-03 08:15:00,1546.39,1547.3,1542.72,1544.72,2978.94
2026-09-03 08:30:00,1544.76,1544.76,1541.63,1542.91,2457.62
2026-09-03 08:45:00,1542.91,1544.04,1541.51,1542.53,1533.89
2026-09-03 09:00:00,1542.53,1544.02,1541.64,1543.59,2394.53
2026-09-03 09:15:00,1543.59,1543.96,1535.76,1539.41,5021.75
2026-09-03 09:30:00,1539.41,1540.35,1537.25,1538.74,2371.49
2026-09-03 09:45:00,1538.74,1538.74,1534.0,1535.99,6464.6
2026-09-03 10:00:00,1535.93,1538.85,1535.93,1538.7,4101.76
2026-09-03 10:15:00,1538.71,1540.66,1537.14,1537.91,4795.84
2026-09-03 10:30:00,1537.9,1540.37,1535.89,1539.99,3663.08
2026-09-03 10:45:00,1539.97,1541.28,1537.87,1541.14,3087.11
2026-09-03 11:00:00,1541.13,1543.98,1537.77,1541.71,4517.68
2026-09-03 11:15:00,1541.72,1545.66,1541.7,1543.69,4610.59
2026-09-03 11:30:00,1543.71,1544.75,1539.52,1541.33,7342.73
2026-09-03 11:45:00,1541.33,1541.63,1537.8,1537.98,4530.54
2026-09-03 12:00:00,1537.99,1541.78,1534.04,1534.51,6647.17
2026-09-03 12:15:00,1534.52,1539.86,1534.31,1539.09,5231.02
2026-09-03 12:30:00,1539.1,1549.08,1537.32,1548.66,17115.49
2026-09-03 12:45:00,1548.66,1555.82,1546.53,1551.38,15217.26
2026-09-03 13:00:00,1551.37,1558.68,1546.14,1556.69,13904.9
2026-09-03 13:15:00,1556.67,1557.81,1544.58,1545.71,20923.49
2026-09-03 13:30:00,1545.7,1554.05,1514.94,1529.98,194191.03
2026-09-03 13:45:00,1529.92,1552.51,1523.92,1546.75,86767.87
2026-09-03 14:00:00,1546.72,1546.76,1519.71,1525.06,66434.13
2026-09-03 14:15:00,1525.03,1533.46,1521.66,1526.62,32976.58
2026-09-03 14:30:00,1526.62,1526.94,1515.0,1518.4,43164.05
2026-09-03 14:45:00,1518.4,1530.1,1514.72,1529.94,41942.73
2026-09-03 15:00:00,1529.96,1543.67,1528.43,1531.8,44324.18
2026-09-03 15:15:00,1531.87,1540.19,1531.23,1539.38,19097.43
2026-09-03 15:30:00,1539.35,1544.52,1534.75,1536.18,16249.44
2026-09-03 15:45:00,1536.1,1541.25,1533.12,1537.6,13518.18
2026-09-03 16:00:00,1537.61,1542.33,1534.32,1540.03,16996.43
2026-09-03 16:15:00,1540.03,1541.73,1537.47,1538.39,8322.45
2026-09-03 16:30:00,1538.36,1554.0,1537.66,1548.32,22606.36
2026-09-03 16:45:00,1548.3,1568.6,1546.68,1561.9,34378.62
2026-09-03 17:00:00,1561.91,1572.26,1555.52,1557.17,42295.87
2026-09-03 17:15:00,1557.17,1559.73,1550.34,1551.69,20205.26
2026-09-03 17:30:00,1551.69,1556.28,1551.54,1555.37,8488.64
2026-09-03 17:45:00,1555.36,1564.97,1554.65,1564.12,11945.48
2026-09-03 18:00:00,1564.18,1570.68,1561.41,1562.91,25243.95
2026-09-03 18:15:00,1562.92,1566.0,1559.72,1561.21,7589.67
2026-09-03 18:30:00,1561.22,1567.42,1560.74,1565.4,8651.71
2026-09-03 18:45:00,1565.41,1578.1,1564.58,1565.76,26554.51
2026-09-03 19:00:00,1565.76,1566.54,1545.39,1549.7,25540.08
2026-09-03 19:15:00,1549.71,1551.5,1536.45,1544.87,28891.91
2026-09-03 19:30:00,1544.83,1549.23,1539.12,1544.07,11492.85
2026-09-03 19:45:00,1544.06,1558.56,1543.73,1554.16,28276.58
2026-09-03 20:00:00,1554.13,1556.37,1547.77,1552.3,13007.12
2026-09-03 20:15:00,1552.3,1553.56,1550.11,1550.99,3028.21
2026-09-03 20:30:00,1550.91,1552.73,1550.84,1551.44,1566.86
2026-09-03 20:45:00,1551.44,1551.65,1547.88,1548.96,2342.77
2026-09-03 21:00:00,1548.96,1549.62,1547.0,1548.95,2652.68
2026-09-03 21:15:00,1548.95,1549.57,1547.97,1548.83,1690.24
2026-09-03 21:30:00,1548.86,1549.85,1547.54,1547.8,1627.45
2026-09-03 21:45:00,1547.79,1549.15,1547.57,1548.62,614.94
2026-09-03 22:00:00,1548.62,1549.21,1547.36,1548.68,1648.33
2026-09-03 22:15:00,1548.68,1549.46,1548.26,1548.94,1323.24
2026-09-03 22:30:00,1548.9,1549.92,1548.72,1549.0,862.95
2026-09-03 22:45:00,1549.01,1551.32,1548.8,1551.25,801.68
2026-09-03 23:00:00,1551.25,1551.6,1549.42,1549.66,1963.23
2026-09-03 23:15:00,1549.66,1550.8,1549.47,1549.79,1180.54
2026-09-03 23:30:00,1549.78,1550.76,1549.47,1549.77,1408.34
2026-09-03 23:45:00,1549.77,1550.77,1549.43,1549.67,1679.82
2026-09-04 00:00:00,1549.6,1553.96,1548.53,1551.57,6229.41
2026-09-04 00:15:00,1551.57,1563.24,1550.65,1562.05,8951.92
2026-09-04 00:30:00,1562.05,1562.79,1557.0,1560.64,6431.68
2026-09-04 00:45:00,1560.65,1565.56,1559.96,1562.73,8201.6
2026-09-04 01:00:00,1562.73,1564.81,1555.97,1560.02,6351.07
2026-09-04 01:15:00,1560.03,1563.76,1558.45,1563.09,2645.16
2026-09-04 01:30:00,1563.12,1563.18,1556.81,1557.72,4151.11
2026-09-04 01:45:00,1557.66,1557.66,1553.1,1556.9,6046.76
2026-09-04 02:00:00,1556.91,1558.0,1555.9,1558.0,2320.22
2026-09-04 02:15:00,1558.0,1559.56,1555.94,1558.91,4317.69
2026-09-04 02:30:00,1558.91,1559.63,1557.06,1558.06,2402.26
2026-09-04 02:45:00,1558.04,1560.44,1557.16,1560.42,2019.33
2026-09-04 03:00:00,1560.42,1562.28,1559.39,1559.77,2888.08
2026-09-04 03:15:00,1559.77,1561.28,1558.17,1559.74,2487.94
2026-09-04 03:30:00,1559.76,1563.12,1559.54,1561.26,2116.05
2026-09-04 03:45:00,1561.26,1562.7,1560.98,1562.68,1360.06
2026-09-04 04:00:00,1562.68,1570.92,1562.15,1570.82,11759.97
2026-09-04 04:15:00,1570.82,1571.93,1566.46,1571.86,5356.22
2026-09-04 04:30:00,1571.88,1573.93,1568.93,1570.15,5652.63
2026-09-04 04:45:00,1570.16,1576.59,1569.61,1574.45,9057.24
2026-09-04 05:00:00,1574.45,1582.2,1572.28,1581.74,11429.86
2026-09-04 05:15:00,1581.73,1586.82,1581.17,1584.28,13473.26
2026-09-04 05:30:00,1584.3,1585.82,1581.07,1581.54,9055.56
2026-09-04 05:45:00,1581.59,1584.3,1578.4,1582.36,7875.74
2026-09-04 06:00:00,1582.35,1583.43,1577.85,1580.51,5318.26
2026-09-04 06:15:00,1580.62,1580.62,1575.22,1575.93,5511.11
2026-09-04 06:30:00,1575.94,1575.94,1570.82,1571.58,7777.4
2026-09-04 06:45:00,1571.59,1575.17,1570.58,1572.67,4537.96
2026-09-04 07:00:00,1572.67,1579.39,1572.67,1578.99,6026.31
2026-09-04 07:15:00,1578.99,1582.19,1576.82,1581.81,3833.18
2026-09-04 07:30:00,1581.82,1582.09,1578.19,1580.76,3170.99
2026-09-04 07:45:00,1580.77,1582.25,1580.43,1581.48,3151.19
2026-09-04 08:00:00,1581.47,1595.37,1579.9,1593.77,24208.46
2026-09-04 08:15:00,1593.76,1599.14,1590.8,1597.4,16428.76
2026-09-04 08:30:00,1597.44,1599.98,1594.26,1597.44,10323.96
2026-09-04 08:45:00,1597.45,1598.89,1594.06,1595.52,6961.65
2026-09-04 09:00:00,1595.52,1596.05,1590.24,1590.46,8371.49
2026-09-04 09:15:00,1590.5,1595.87,1589.42,1591.29,10506.21
2026-09-04 09:30:00,1591.3,1596.8,1590.61,1595.9,6694.14
2026-09-04 09:45:00,1595.9,1601.92,1595.14,1601.62,10961.4
2026-09-04 10:00:00,1601.63,1608.34,1598.44,1600.8,17146.42
2026-09-04 10:15:00,1600.79,1602.86,1597.03,1601.81,6984.37
2026-09-04 10:30:00,1601.8,1603.86,1598.27,1599.07,4777.26
2026-09-04 10:45:00,1599.07,1601.44,1595.91,1597.5,4509.53
2026-09-04 11:00:00,1597.51,1598.61,1593.23,1596.83,7261.85
2026-09-04 11:15:00,1596.83,1601.55,1595.53,1597.61,3986.21
2026-09-04 11:30:00,1597.64,1600.38,1596.8,1598.85,3824.12
2026-09-04 11:45:00,1598.81,1606.05,1597.91,1605.24,7026.62
2026-09-04 12:00:00,1605.24,1605.93,1599.19,1601.88,7460.61
2026-09-04 12:15:00,1601.89,1605.9,1597.54,1605.03,10049.31
2026-09-04 12:30:00,1605.03,1608.75,1571.25,1574.78,91487.19
2026-09-04 12:45:00,1574.78,1578.59,1562.56,1577.19,49410.58
2026-09-04 13:00:00,1577.19,1579.65,1570.7,1576.61,19380.84
2026-09-04 13:15:00,1576.61,1586.61,1574.34,1585.95,23767.61
2026-09-04 13:30:00,1586.08,1656.41,1581.6,1639.26,292948.82
2026-09-04 13:45:00,1639.04,1660.8,1630.22,1656.93,106264.61
2026-09-04 14:00:00,1656.94,1665.95,1644.0,1665.45,84617.5
2026-09-04 14:15:00,1665.44,1669.76,1654.39,1669.51,76936.52
2026-09-04 14:30:00,1669.51,1692.28,1661.45,1671.0,108093.6
2026-09-04 14:45:00,1671.0,1688.39,1664.41,1683.4,67177.17
2026-09-04 15:00:00,1683.41,1691.96,1683.3,1688.37,38320.4
2026-09-04 15:15:00,1688.33,1691.83,1681.77,1689.84,33339.69
2026-09-04 15:30:00,1689.85,1690.57,1684.0,1687.0,19191.98
2026-09-04 15:45:00,1686.96,1699.0,1682.13,1698.79,30567.73
2026-09-04 16:00:00,1698.84,1701.67,1694.51,1697.22,38986.29
2026-09-04 16:15:00,1697.21,1713.0,1693.1,1708.66,43032.51
2026-09-04 16:30:00,1708.65,1720.27,1708.54,1717.43,44711.27
2026-09-04 16:45:00,1717.42,1736.62,1715.39,1734.46,47030.18
2026-09-04 17:00:00,1734.44,1736.1,1714.86,1716.95,39273.56
2026-09-04 17:15:00,1716.95,1721.33,1712.14,1714.14,32067.98
2026-09-04 17:30:00,1714.15,1722.73,1712.78,1716.82,21814.08
2026-09-04 17:45:00,1716.8,1720.33,1712.45,1718.65,12367.98
2026-09-04 18:00:00,1718.65,1720.0,1713.5,1716.18,10105.39
2026-09-04 18:15:00,1716.18,1721.09,1714.9,1719.81,8966.54
2026-09-04 18:30:00,1719.8,1720.01,1715.35,1718.56,8466.22
2026-09-04 18:45:00,1718.53,1721.42,1712.57,1718.31,11306.15
2026-09-04 19:00:00,1718.31,1719.22,1704.64,1707.85,23222.65
2026-09-04 19:15:00,1707.84,1714.36,1707.84,1712.78,8478.8
2026-09-04 19:30:00,1712.78,1728.54,1712.72,1722.78,18453.53
2026-09-04 19:45:00,1722.8,1739.96,1720.0,1738.45,38219.71
2026-09-04 20:00:00,1738.45,1745.14,1733.65,1738.34,28024.91
2026-09-04 20:15:00,1738.35,1738.85,1728.65,1731.62,11160.7
2026-09-04 20:30:00,1731.62,1732.13,1728.02,1730.46,10040.04
2026-09-04 20:45:00,1730.46,1733.06,1729.67,1733.01,3571.61
2026-09-04 21:00:00,1733.01,1736.1,1732.05,1733.91,7355.0
2026-09-04 21:15:00,1733.91,1736.91,1730.9,1731.94,3915.76
2026-09-04 21:30:00,1731.95,1732.98,1730.25,1731.03,2711.04
2026-09-04 21:45:00,1731.04,1731.49,1729.21,1730.89,1363.37
2026-09-04 22:00:00,1730.93,1732.11,1730.81,1731.01,1123.78
2026-09-04 22:15:00,1731.0,1733.0,1730.79,1732.68,1506.36
2026-09-04 22:30:00,1732.68,1733.09,1732.15,1732.34,1022.04
2026-09-04 22:45:00,1732.42,1732.67,1730.97,1731.45,1204.25
2026-09-04 23:00:00,1731.45,1731.9,1730.32,1731.4,814.62
2026-09-04 23:15:00,1731.41,1731.52,1729.57,1730.69,1673.31
2026-09-04 23:30:00,1730.68,1730.73,1729.35,1730.73,1304.15
2026-09-04 23:45:00,1730.74,1733.61,1730.21,1732.65,2697.97
2026-09-05 00:00:00,1732.65,1733.3,1731.01,1732.26,1085.64
2026-09-05 00:15:00,1732.27,1733.0,1731.29,1731.95,922.35
2026-09-05 00:30:00,1731.96,1732.06,1729.57,1729.6,1116.59
2026-09-05 00:45:00,1729.59,1731.45,1729.5,1729.56,1251.59
2026-09-05 01:00:00,1729.56,1731.07,1729.55,1730.52,864.21
2026-09-05 01:15:00,1730.55,1732.0,1730.55,1731.32,737.67
2026-09-05 01:30:00,1731.32,1731.95,1730.8,1731.95,1201.93
2026-09-05 01:45:00,1731.95,1733.5,1731.41,1733.15,1785.44
2026-09-05 02:00:00,1733.14,1736.92,1732.82,1735.38,2222.21
2026-09-05 02:15:00,1735.38,1763.0,1735.2,1748.34,36828.23
2026-09-05 02:30:00,1748.35,1754.27,1748.0,1749.11,5074.44
2026-09-05 02:45:00,1749.12,1757.31,1749.03,1754.99,5331.48
2026-09-05 03:00:00,1754.99,1755.28,1751.48,1753.22,3807.03
2026-09-05 03:15:00,1753.22,1753.22,1748.0,1750.63,3840.19
2026-09-05 03:30:00,1750.61,1752.8,1750.41,1752.63,1670.0
2026-09-05 03:45:00,1752.63,1753.41,1751.0,1751.16,1435.32
2026-09-05 04:00:00,1751.16,1752.39,1750.03,1750.61,1154.64
2026-09-05 04:15:00,1750.61,1751.57,1750.16,1751.57,883.47
2026-09-05 04:30:00,1751.57,1758.93,1751.0,1754.64,7181.24
2026-09-05 04:45:00,1754.63,1768.12,1754.6,1761.0,11997.71
2026-09-05 05:00:00,1761.01,1781.37,1761.01,1775.29,27219.06
2026-09-05 05:15:00,1775.29,1776.8,1769.61,1771.4,6681.17
2026-09-05 05:30:00,1771.4,1773.59,1768.1,1769.24,5341.41
2026-09-05 05:45:00,1769.25,1770.95,1767.05,1770.06,4510.74
2026-09-05 06:00:00,1770.14,1770.14,1767.66,1768.07,2441.13
2026-09-05 06:15:00,1768.06,1770.0,1766.43,1769.08,2734.51
2026-09-05 06:30:00,1769.09,1773.9,1769.01,1770.55,4776.19
2026-09-05 06:45:00,1770.55,1770.8,1766.81,1768.99,2225.01
2026-09-05 07:00:00,1768.96,1769.27,1762.0,1763.98,4980.13
2026-09-05 07:15:00,1763.98,1763.98,1751.87,1757.59,8005.9
2026-09-05 07:30:00,1757.6,1759.43,1753.51,1754.6,4408.04
2026-09-05 07:45:00,1754.6,1758.93,1752.98,1758.93,3447.58
2026-09-05 08:00:00,1758.92,1759.8,1755.01,1756.39,2354.29
2026-09-05 08:15:00,1756.4,1758.47,1756.0,1757.75,1180.81
2026-09-05 08:30:00,1757.75,1757.75,1755.6,1755.6,1456.98
2026-09-05 08:45:00,1755.6,1755.84,1750.5,1754.89,3509.04
2026-09-05 09:00:00,1754.89,1757.23,1754.0,1756.29,1618.51
2026-09-05 09:15:00,1756.27,1756.92,1755.98,1756.56,526.89
2026-09-05 09:30:00,1756.57,1758.3,1756.14,1756.99,1467.86
2026-09-05 09:45:00,1756.99,1758.69,1756.24,1758.24,1065.87
2026-09-05 10:00:00,1758.24,1758.8,1756.65,1756.65,996.38
2026-09-05 10:15:00,1756.63,1757.33,1753.02,1755.97,2028.72
2026-09-05 10:30:00,1755.97,1757.7,1755.97,1757.25,819.85
2026-09-05 10:45:00,1757.25,1757.46,1756.05,1756.19,630.89
2026-09-05 11:00:00,1756.2,1759.46,1756.19,1758.86,1128.8
2026-09-05 11:15:00,1758.86,1764.91,1758.71,1762.18,5678.33
2026-09-05 11:30:00,1762.16,1766.41,1762.16,1763.73,2374.6
2026-09-05 11:45:00,1763.73,1764.37,1760.46,1762.6,1113.85
2026-09-05 12:00:00,1762.6,1762.73,1755.01,1759.49,3764.73
2026-09-05 12:15:00,1759.48,1760.98,1758.44,1758.48,842.57
2026-09-05 12:30:00,1758.49,1761.5,1758.46,1760.15,1058.62
2026-09-05 12:45:00,1760.15,1760.15,1759.02,1759.67,569.73
2026-09-05 13:00:00,1759.66,1761.74,1759.64,1760.12,775.8
2026-09-05 13:15:00,1760.13,1761.5,1760.0,1761.13,756.23
2026-09-05 13:30:00,1761.13,1762.33,1758.8,1758.9,1082.22
2026-09-05 13:45:00,1758.9,1760.47,1757.85,1758.88,749.68
2026-09-05 14:00:00,1758.89,1761.6,1758.89,1761.03,683.99
2026-09-05 14:15:00,1761.04,1761.25,1759.93,1760.17,691.56
2026-09-05 14:30:00,1760.17,1760.51,1759.21,1759.72,488.23
2026-09-05 14:45:00,1759.72,1760.53,1758.38,1760.03,848.62
2026-09-05 15:00:00,1760.04,1763.11,1760.04,1761.39,1381.84
2026-09-05 15:15:00,1761.4,1764.21,1761.24,1761.9,1633.14
2026-09-05 15:30:00,1761.9,1763.38,1761.34,1762.49,954.49
2026-09-05 15:45:00,1762.49,1762.67,1760.8,1761.83,867.37
2026-09-05 16:00:00,1761.83,1761.83,1758.87,1760.45,1351.14
2026-09-05 16:15:00,1760.44,1762.57,1760.2,1762.48,566.26
2026-09-05 16:30:00,1762.5,1763.0,1761.2,1761.21,821.63
2026-09-05 16:45:00,1761.21,1762.18,1760.01,1761.9,739.38
2026-09-05 17:00:00,1761.9,1762.7,1761.44,1761.85,541.55
2026-09-05 17:15:00,1761.86,1766.05,1761.26,1765.11,2499.9
2026-09-05 17:30:00,1765.11,1766.77,1763.33,1766.13,1395.24
2026-09-05 17:45:00,1766.17,1768.59,1765.91,1765.91,1684.81
2026-09-05 18:00:00,1765.92,1767.01,1764.4,1766.42,931.88
2026-09-05 18:15:00,1766.43,1768.29,1765.84,1766.55,602.04
2026-09-05 18:30:00,1766.54,1767.38,1765.83,1766.21,1065.9
2026-09-05 18:45:00,1766.21,1766.5,1765.02,1766.14,536.86
2026-09-05 19:00:00,1766.14,1767.69,1765.98,1766.44,571.58
2026-09-05 19:15:00,1766.47,1767.74,1765.84,1765.92,1109.38
2026-09-05 19:30:00,1765.92,1767.39,1765.5,1766.26,510.0
2026-09-05 19:45:00,1766.26,1766.61,1765.53,1766.32,669.0
2026-09-05 20:00:00,1766.32,1769.89,1766.08,1767.22,1102.95
2026-09-05 20:15:00,1767.22,1767.47,1765.22,1765.33,636.12
2026-09-05 20:30:00,1765.33,1765.86,1764.26,1764.73,707.68
2026-09-05 20:45:00,1764.73,1765.04,1762.0,1763.95,705.66
2026-09-05 21:00:00,1763.95,1763.95,1762.44,1762.91,488.58
2026-09-05 21:15:00,1762.92,1763.0,1761.33,1761.69,436.81
2026-09-05 21:30:00,1761.68,1763.08,1760.56,1762.28,608.84
2026-09-05 21:45:00,1762.22,1763.9,1760.13,1763.29,677.02
2026-09-05 22:00:00,1763.29,1763.44,1761.77,1763.18,480.21
2026-09-05 22:15:00,1763.17,1763.46,1761.47,1762.33,316.56
2026-09-05 22:30:00,1762.33,1763.76,1761.82,1762.73,510.49
2026-09-05 22:45:00,1762.73,1764.42,1762.53,1763.51,551.71
2026-09-05 23:00:00,1763.52,1765.73,1763.42,1765.61,515.53
2026-09-05 23:15:00,1765.62,1766.0,1763.5,1764.4,447.58
2026-09-05 23:30:00,1764.42,1764.68,1762.05,1762.64,434.29
2026-09-05 23:45:00,1762.63,1763.71,1762.5,1762.93,254.82
2026-09-06 00:00:00,1762.92,1763.4,1761.79,1761.95,473.41
2026-09-06 00:15:00,1761.95,1763.12,1761.54,1763.12,571.88
2026-09-06 00:30:00,1763.12,1763.12,1761.48,1761.77,259.5
2026-09-06 00:45:00,1761.77,1762.13,1761.29,1761.48,591.42
2026-09-06 01:00:00,1761.48,1766.57,1761.3,1766.19,1693.57
2026-09-06 01:15:00,1766.19,1766.47,1764.73,1765.02,487.27
2026-09-06 01:30:00,1765.01,1765.82,1763.84,1764.39,605.6
2026-09-06 01:45:00,1764.39,1764.93,1763.76,1764.49,486.85
2026-09-06 02:00:00,1764.5,1767.08,1764.08,1766.32,914.31
2026-09-06 02:15:00,1766.33,1768.72,1766.01,1767.16,1265.52
2026-09-06 02:30:00,1767.15,1768.75,1766.65,1767.7,929.13
2026-09-06 02:45:00,1767.74,1769.7,1767.7,1769.0,786.39
2026-09-06 03:00:00,1768.93,1774.2,1767.96,1768.2,4283.47
2026-09-06 03:15:00,1768.21,1771.47,1768.14,1771.07,852.28
2026-09-06 03:30:00,1771.05,1772.2,1769.35,1769.63,1769.72
2026-09-06 03:45:00,1769.63,1771.93,1769.63,1770.28,879.5
2026-09-06 04:00:00,1770.25,1770.49,1768.76,1769.68,965.27
2026-09-06 04:15:00,1769.68,1769.95,1768.34,1769.61,769.47
2026-09-06 04:30:00,1769.61,1773.07,1767.89,1771.41,1934.15
2026-09-06 04:45:00,1771.42,1776.26,1771.17,1773.7,3704.62
2026-09-06 05:00:00,1773.7,1776.07,1772.24,1775.07,1637.5
2026-09-06 05:15:00,1775.06,1775.06,1772.0,1773.09,1026.51
2026-09-06 05:30:00,1773.08,1784.96,1772.11,1779.51,8180.57
2026-09-06 05:45:00,1779.51,1779.51,1776.34,1778.04,2273.92
2026-09-06 06:00:00,1778.06,1782.98,1777.47,1779.82,3466.7
2026-09-06 06:15:00,1779.82,1780.4,1778.88,1780.12,835.88
2026-09-06 06:30:00,1780.13,1783.0,1780.13,1782.69,1427.74
2026-09-06 06:45:00,1782.69,1784.57,1780.64,1780.72,2742.42
2026-09-06 07:00:00,1780.71,1781.29,1774.63,1777.01,2365.5
2026-09-06 07:15:00,1776.94,1780.67,1776.31,1780.15,2019.7
2026-09-06 07:30:00,1780.07,1780.65,1778.56,1780.64,1391.29
2026-09-06 07:45:00,1780.59,1782.62,1780.45,1782.25,1387.09
2026-09-06 08:00:00,1782.26,1787.0,1781.79,1783.51,3659.79
2026-09-06 08:15:00,1783.51,1785.2,1782.5,1782.84,1144.74
2026-09-06 08:30:00,1782.86,1782.98,1777.82,1780.87,2165.03
2026-09-06 08:45:00,1780.91,1782.81,1779.92,1782.72,1279.11
2026-09-06 09:00:00,1782.72,1783.92,1780.18,1780.74,1304.55
2026-09-06 09:15:00,1780.74,1784.69,1780.4,1784.56,1845.34
2026-09-06 09:30:00,1784.55,1784.76,1781.55,1781.93,1169.26
2026-09-06 09:45:00,1781.92,1784.87,1781.67,1784.31,1065.96
2026-09-06 10:00:00,1784.31,1784.94,1783.12,1783.4,1114.48
2026-09-06 10:15:00,1783.4,1785.54,1783.38,1784.47,1715.71
2026-09-06 10:30:00,1784.47,1792.0,1784.1,1788.21,8615.25
2026-09-06 10:45:00,1788.21,1793.25,1787.84,1788.65,4625.59
2026-09-06 11:00:00,1788.66,1791.0,1785.43,1788.7,2814.49
2026-09-06 11:15:00,1788.7,1791.0,1788.7,1790.75,1941.25
2026-09-06 11:30:00,1790.76,1791.25,1788.0,1788.34,1419.33
2026-09-06 11:45:00,1788.34,1791.04,1787.93,1791.03,1299.81
2026-09-06 12:00:00,1791.05,1791.66,1788.08,1790.54,1944.61
2026-09-06 12:15:00,1790.54,1795.85,1790.06,1794.1,4791.9
2026-09-06 12:30:00,1794.1,1797.0,1791.26,1793.13,3798.16
2026-09-06 12:45:00,1793.14,1796.99,1792.3,1793.88,3363.37
2026-09-06 13:00:00,1793.88,1795.29,1779.55,1782.26,10673.51
2026-09-06 13:15:00,1782.26,1785.83,1782.13,1783.59,3014.37
2026-09-06 13:30:00,1783.59,1787.2,1783.3,1786.33,2823.58
2026-09-06 13:45:00,1786.31,1786.99,1783.27,1784.4,1535.85
2026-09-06 14:00:00,1784.38,1784.39,1770.1,1773.22,12065.24
2026-09-06 14:15:00,1773.22,1776.75,1763.01,1767.66,13606.65
2026-09-06 14:30:00,1767.66,1774.98,1760.55,1773.58,12136.37
2026-09-06 14:45:00,1773.6,1774.09,1763.31,1764.37,6574.07
2026-09-06 15:00:00,1764.38,1768.97,1762.85,1768.16,4730.15
2026-09-06 15:15:00,1768.16,1771.68,1766.56,1771.55,2371.82
2026-09-06 15:30:00,1771.55,1771.55,1768.74,1770.36,1397.72
2026-09-06 15:45:00,1770.36,1773.44,1768.55,1773.34,3239.83
2026-09-06 16:00:00,1773.34,1773.44,1768.21,1769.46,2097.69
2026-09-06 16:15:00,1769.46,1770.77,1765.87,1767.53,1776.17
2026-09-06 16:30:00,1767.53,1769.11,1766.1,1767.45,992.37
2026-09-06 16:45:00,1767.45,1769.65,1767.13,1768.71,1193.74
2026-09-06 17:00:00,1768.72,1771.53,1768.43,1770.09,1501.15
2026-09-06 17:15:00,1770.09,1771.58,1768.6,1768.6,1481.95
2026-09-06 17:30:00,1768.6,1771.42,1768.37,1770.75,1040.8
2026-09-06 17:45:00,1770.74,1771.94,1768.99,1770.98,1069.52
2026-09-06 18:00:00,1770.98,1771.58,1769.74,1770.24,1353.44
2026-09-06 18:15:00,1770.21,1771.37,1768.21,1768.88,1291.69
2026-09-06 18:30:00,1768.88,1770.4,1768.88,1769.66,595.84
2026-09-06 18:45:00,1769.66,1774.0,1768.13,1772.17,1837.2
2026-09-06 19:00:00,1772.1,1777.89,1771.44,1776.0,2408.88
2026-09-06 19:15:00,1776.0,1782.87,1775.77,1780.21,2117.35
2026-09-06 19:30:00,1780.26,1781.32,1778.66,1780.95,710.71
2026-09-06 19:45:00,1780.95,1784.4,1780.23,1781.61,1210.08
2026-09-06 20:00:00,1781.61,1787.91,1781.59,1785.31,2821.71
2026-09-06 20:15:00,1785.3,1790.55,1783.82,1786.49,2953.2
2026-09-06 20:30:00,1786.45,1786.73,1782.16,1786.17,1375.87
2026-09-06 20:45:00,1786.15,1786.37,1782.62,1784.97,1338.79
2026-09-06 21:00:00,1784.99,1785.57,1783.66,1783.77,703.36
2026-09-06 21:15:00,1783.76,1783.77,1778.17,1780.46,1312.28
2026-09-06 21:30:00,1780.46,1782.98,1779.7,1781.94,1121.84
2026-09-06 21:45:00,1781.93,1785.34,1781.93,1785.1,411.21
2026-09-06 22:00:00,1785.16,1788.3,1781.41,1782.72,3186.39
2026-09-06 22:15:00,1782.72,1784.65,1780.14,1780.9,1411.47
2026-09-06 22:30:00,1780.91,1782.7,1780.02,1781.33,816.67
2026-09-06 22:45:00,1781.31,1784.51,1781.29,1782.85,791.42
2026-09-06 23:00:00,1782.85,1783.77,1776.89,1779.47,2658.51
2026-09-06 23:15:00,1779.58,1780.98,1777.19,1777.37,1110.68
2026-09-06 23:30:00,1777.29,1779.78,1776.94,1777.32,1236.37
2026-09-06 23:45:00,1777.34,1781.11,1776.14,1779.57,2249.2
2026-09-07 00:00:00,1779.57,1791.73,1779.23,1784.9,7698.29
2026-09-07 00:15:00,1784.91,1789.0,1783.65,1786.36,3342.73
2026-09-07 00:30:00,1786.35,1788.37,1780.29,1782.78,3266.77
2026-09-07 00:45:00,1782.77,1786.91,1773.24,1775.47,4218.5
2026-09-07 01:00:00,1775.41,1775.79,1768.46,1773.63,6309.75
2026-09-07 01:15:00,1773.63,1774.58,1770.5,1773.98,4524.74
2026-09-07 01:30:00,1773.97,1773.97,1763.79,1764.95,5160.7
2026-09-07 01:45:00,1764.91,1772.93,1764.67,1771.68,3813.8
2026-09-07 02:00:00,1771.68,1771.92,1768.19,1769.48,1935.1
2026-09-07 02:15:00,1769.48,1770.93,1767.19,1770.27,1782.85
2026-09-07 02:30:00,1770.31,1778.56,1770.31,1776.85,3543.25
2026-09-07 02:45:00,1776.83,1777.0,1772.05,1772.19,1962.78
2026-09-07 03:00:00,1772.2,1773.38,1771.05,1771.78,1384.7
2026-09-07 03:15:00,1771.78,1775.24,1771.16,1775.05,1325.78
2026-09-07 03:30:00,1775.05,1777.92,1773.79,1773.9,1381.81
2026-09-07 03:45:00,1773.9,1778.96,1773.79,1778.17,1429.46
2026-09-07 04:00:00,1778.16,1789.38,1778.05,1784.43,7785.29
2026-09-07 04:15:00,1784.43,1788.57,1783.01,1785.49,3072.89
2026-09-07 04:30:00,1785.48,1786.0,1782.23,1783.38,2613.46
2026-09-07 04:45:00,1783.39,1785.95,1782.52,1783.54,1207.3
2026-09-07 05:00:00,1783.63,1785.29,1781.63,1784.42,1521.38
2026-09-07 05:15:00,1784.41,1787.78,1784.21,1786.84,1504.72
2026-09-07 05:30:00,1786.95,1788.4,1785.58,1787.59,2280.58
2026-09-07 05:45:00,1787.59,1787.6,1783.11,1784.09,2061.82
2026-09-07 06:00:00,1784.09,1787.8,1782.78,1787.32,2260.69
2026-09-07 06:15:00,1787.41,1787.41,1782.79,1786.04,2236.0
2026-09-07 06:30:00,1786.05,1787.92,1784.62,1787.29,1619.58
2026-09-07 06:45:00,1787.39,1794.28,1786.97,1791.57,4577.5
2026-09-07 07:00:00,1791.61,1791.85,1787.9,1788.86,2953.52
2026-09-07 07:15:00,1788.86,1788.86,1785.35,1785.64,1697.01
2026-09-07 07:30:00,1785.66,1786.27,1783.16,1786.0,3814.17
2026-09-07 07:45:00,1786.0,1788.0,1783.16,1787.42,3299.02
2026-09-07 08:00:00,1787.4,1788.31,1784.38,1786.94,2886.11
2026-09-07 08:15:00,1786.95,1788.65,1785.49,1786.2,2144.97
2026-09-07 08:30:00,1786.25,1788.36,1785.17,1788.12,1714.75
2026-09-07 08:45:00,1788.11,1788.42,1786.24,1787.07,2564.67
2026-09-07 09:00:00,1787.1,1789.66,1786.0,1786.74,2482.88
2026-09-07 09:15:00,1786.74,1787.64,1785.51,1786.72,1205.17
2026-09-07 09:30:00,1786.71,1787.81,1785.29,1786.97,1135.4
2026-09-07 09:45:00,1786.97,1787.54,1783.6,1784.99,1995.6
2026-09-07 10:00:00,1784.98,1786.26,1783.84,1785.53,1601.94
2026-09-07 10:15:00,1785.52,1787.5,1785.51,1786.6,1034.77
2026-09-07 10:30:00,1786.61,1787.39,1785.46,1787.03,1181.39
2026-09-07 10:45:00,1787.03,1787.19,1784.0,1784.89,2187.59
2026-09-07 11:00:00,1784.91,1785.66,1782.29,1783.38,2521.67
2026-09-07 11:15:00,1783.33,1784.56,1778.71,1781.41,3022.44
2026-09-07 11:30:00,1781.4,1783.07,1778.21,1781.84,1994.1
2026-09-07 11:45:00,1781.85,1782.77,1779.01,1779.18,1796.56
2026-09-07 12:00:00,1779.18,1782.73,1779.01,1781.11,1495.72
2026-09-07 12:15:00,1781.11,1783.01,1779.5,1781.64,1928.01
2026-09-07 12:30:00,1781.63,1782.42,1776.15,1776.15,2172.29
2026-09-07 12:45:00,1776.15,1780.46,1776.11,1778.95,2435.51
2026-09-07 13:00:00,1778.94,1782.4,1777.82,1782.34,1862.14
2026-09-07 13:15:00,1782.34,1788.53,1780.3,1788.37,4341.08
2026-09-07 13:30:00,1788.36,1790.97,1782.57,1784.41,8396.42
2026-09-07 13:45:00,1784.41,1785.44,1781.45,1784.79,3669.71
2026-09-07 14:00:00,1784.8,1787.93,1781.7,1782.95,3823.86
2026-09-07 14:15:00,1782.94,1785.91,1782.88,1783.75,1745.56
2026-09-07 14:30:00,1783.77,1787.0,1783.77,1786.57,3016.72
2026-09-07 14:45:00,1786.58,1788.52,1785.15,1786.02,3894.72
2026-09-07 15:00:00,1786.03,1789.87,1785.32,1787.01,2565.71
2026-09-07 15:15:00,1787.01,1788.11,1784.91,1785.27,2067.3
2026-09-07 15:30:00,1785.26,1786.89,1780.46,1782.03,5378.48
2026-09-07 15:45:00,1782.04,1782.13,1779.01,1781.29,2719.79
2026-09-07 16:00:00,1781.3,1784.8,1781.29,1784.25,2087.11
2026-09-07 16:15:00,1784.25,1785.44,1782.74,1782.97,1353.12
2026-09-07 16:30:00,1782.92,1784.43,1782.4,1784.2,1038.08
2026-09-07 16:45:00,1784.21,1785.4,1782.47,1784.76,1342.93
2026-09-07 17:00:00,1784.76,1789.73,1784.76,1789.68,1662.58
2026-09-07 17:15:00,1789.69,1790.87,1786.13,1788.19,3112.14
2026-09-07 17:30:00,1788.19,1788.57,1786.86,1787.81,1156.84
2026-09-07 17:45:00,1787.82,1789.63,1787.3,1787.99,1011.06
2026-09-07 18:00:00,1788.0,1788.86,1786.23,1786.99,763.79
2026-09-07 18:15:00,1786.99,1787.5,1785.0,1786.51,1096.46
2026-09-07 18:30:00,1786.53,1788.57,1785.25,1788.35,1022.62
2026-09-07 18:45:00,1788.34,1788.38,1786.78,1787.35,547.13
2026-09-07 19:00:00,1787.35,1788.64,1786.13,1786.54,542.11
2026-09-07 19:15:00,1786.54,1788.42,1786.41,1788.1,432.63
2026-09-07 19:30:00,1788.09,1788.65,1787.15,1788.39,613.37
2026-09-07 19:45:00,1788.4,1788.55,1787.52,1788.22,769.44
2026-09-07 20:00:00,1788.22,1788.98,1784.28,1785.49,1210.01
2026-09-07 20:15:00,1785.49,1786.2,1784.49,1786.0,398.78
2026-09-07 20:30:00,1786.0,1787.12,1785.54,1785.7,847.91
2026-09-07 20:45:00,1785.71,1786.55,1785.25,1785.98,530.89
2026-09-07 21:00:00,1785.98,1787.93,1785.98,1787.45,826.77
2026-09-07 21:15:00,1787.46,1789.72,1786.99,1788.6,699.14
2026-09-07 21:30:00,1788.65,1788.83,1787.0,1787.39,414.49
2026-09-07 21:45:00,1787.38,1788.61,1786.07,1787.97,721.45
2026-09-07 22:00:00,1787.96,1788.48,1784.02,1785.4,2331.0
2026-09-07 22:15:00,1785.43,1785.78,1780.99,1783.14,3324.27
2026-09-07 22:30:00,1783.14,1783.14,1780.68,1780.9,1326.01
2026-09-07 22:45:00,1780.91,1781.99,1778.25,1778.69,1713.82
2026-09-07 23:00:00,1778.75,1780.16,1777.7,1780.09,3394.06
2026-09-07 23:15:00,1780.09,1780.54,1777.42,1779.38,2688.5
2026-09-07 23:30:00,1779.37,1781.94,1777.62,1781.09,2935.55
2026-09-07 23:45:00,1781.06,1784.94,1780.73,1782.37,4497.32
2026-09-08 00:00:00,1782.37,1815.12,1776.17,1804.61,45996.51
2026-09-08 00:15:00,1804.76,1822.61,1802.77,1811.63,22129.94
2026-09-08 00:30:00,1811.61,1813.31,1794.59,1805.06,18884.68
2026-09-08 00:45:00,1805.06,1811.13,1803.09,1809.25,7329.2
2026-09-08 01:00:00,1809.22,1809.22,1801.45,1807.03,7537.26
2026-09-08 01:15:00,1807.04,1807.07,1797.5,1804.23,5709.51
2026-09-08 01:30:00,1804.27,1806.87,1800.41,1806.38,4377.43
2026-09-08 01:45:00,1806.37,1809.73,1804.24,1805.92,4988.43
2026-09-08 02:00:00,1805.92,1806.11,1801.25,1803.94,4129.61
2026-09-08 02:15:00,1803.85,1806.05,1802.24,1804.79,2317.11
2026-09-08 02:30:00,1804.81,1805.38,1800.76,1801.66,3744.19
2026-09-08 02:45:00,1801.72,1803.2,1798.5,1800.03,3509.7
2026-09-08 03:00:00,1800.04,1804.59,1799.88,1802.04,4306.88
2026-09-08 03:15:00,1802.04,1807.98,1801.85,1807.63,4593.41
2026-09-08 03:30:00,1807.53,1809.58,1805.16,1807.32,5488.14
2026-09-08 03:45:00,1807.4,1809.99,1805.43,1809.01,4145.83
2026-09-08 04:00:00,1808.96,1814.79,1807.65,1812.34,5636.63
2026-09-08 04:15:00,1812.17,1812.31,1806.83,1807.45,4338.78
2026-09-08 04:30:00,1807.48,1807.48,1802.5,1807.01,3568.41
2026-09-08 04:45:00,1807.02,1808.75,1801.04,1801.57,4823.57
2026-09-08 05:00:00,1801.57,1802.82,1787.83,1791.75,16899.71
2026-09-08 05:15:00,1791.75,1797.6,1786.64,1787.47,9009.57
2026-09-08 05:30:00,1787.45,1789.45,1780.33,1780.98,13291.29
2026-09-08 05:45:00,1781.0,1783.05,1776.69,1777.52,14129.8
2026-09-08 06:00:00,1777.52,1779.99,1754.15,1760.98,31569.15
2026-09-08 06:15:00,1760.98,1761.02,1750.59,1756.74,24087.7
2026-09-08 06:30:00,1756.8,1770.37,1755.08,1766.25,21467.67
2026-09-08 06:45:00,1766.25,1771.17,1759.59,1761.55,13095.89
2026-09-08 07:00:00,1761.58,1771.8,1759.56,1766.37,8574.27
2026-09-08 07:15:00,1766.35,1771.98,1766.01,1770.6,4667.36
2026-09-08 07:30:00,1770.63,1770.76,1762.61,1765.53,5677.56
2026-09-08 07:45:00,1765.6,1766.19,1760.61,1761.3,5369.21
2026-09-08 08:00:00,1761.32,1763.0,1732.14,1741.13,60081.1
2026-09-08 08:15:00,1741.14,1747.29,1738.18,1741.34,15187.49
2026-09-08 08:30:00,1741.39,1749.96,1740.35,1741.97,11161.91
2026-09-08 08:45:00,1741.96,1747.43,1739.61,1744.75,6640.9
2026-09-08 09:00:00,1744.74,1753.34,1739.69,1753.0,8273.73
2026-09-08 09:15:00,1753.01,1761.69,1752.64,1760.71,11957.8
2026-09-08 09:30:00,1760.71,1769.66,1758.86,1767.53,13745.17
2026-09-08 09:45:00,1767.54,1773.65,1767.27,1770.6,11746.83
2026-09-08 10:00:00,1770.62,1770.63,1761.62,1764.62,9519.96
2026-09-08 10:15:00,1764.61,1782.6,1764.18,1777.11,23244.29
2026-09-08 10:30:00,1777.14,1777.43,1767.27,1769.73,9408.6
2026-09-08 10:45:00,1769.74,1774.2,1766.53,1772.26,9432.95
2026-09-08 11:00:00,1772.15,1777.0,1758.94,1761.54,18275.39
2026-09-08 11:15:00,1761.54,1766.2,1759.03,1762.59,8653.47
2026-09-08 11:30:00,1762.6,1764.05,1749.45,1750.19,11394.54
2026-09-08 11:45:00,1750.19,1754.8,1745.06,1748.87,14197.07
2026-09-08 12:00:00,1748.93,1748.93,1738.61,1744.01,21212.13
2026-09-08 12:15:00,1744.03,1757.78,1742.33,1757.33,15696.03
2026-09-08 12:30:00,1757.34,1763.8,1754.38,1756.86,14328.41
2026-09-08 12:45:00,1756.87,1765.42,1751.8,1761.37,9193.62
2026-09-08 13:00:00,1761.37,1765.95,1758.83,1764.15,6336.81
2026-09-08 13:15:00,1764.17,1773.0,1763.34,1770.19,18504.37
2026-09-08 13:30:00,1770.11,1793.98,1742.0,1745.49,199277.77
2026-09-08 13:45:00,1745.51,1783.69,1745.26,1779.72,96103.67
2026-09-08 14:00:00,1779.74,1782.58,1761.31,1766.52,44506.58
2026-09-08 14:15:00,1766.55,1776.23,1756.1,1774.77,34717.18
2026-09-08 14:30:00,1774.78,1785.6,1769.23,1784.07,27866.9
2026-09-08 14:45:00,1784.15,1786.0,1776.06,1779.5,28986.64
2026-09-08 15:00:00,1779.51,1782.0,1769.63,1780.8,17934.82
2026-09-08 15:15:00,1780.79,1799.57,1779.0,1783.01,41158.8
2026-09-08 15:30:00,1783.0,1801.66,1782.3,1800.4,24003.1
2026-09-08 15:45:00,1800.39,1807.4,1796.82,1797.93,27159.96
2026-09-08 16:00:00,1797.97,1802.67,1794.67,1797.27,15759.0
2026-09-08 16:15:00,1797.35,1800.15,1794.53,1794.63,10301.58
2026-09-08 16:30:00,1794.64,1798.26,1786.17,1786.9,16548.34
2026-09-08 16:45:00,1786.92,1788.67,1776.07,1778.42,19129.49
2026-09-08 17:00:00,1778.42,1787.37,1778.42,1784.36,10914.39
2026-09-08 17:15:00,1784.35,1786.5,1779.68,1781.81,10824.11
2026-09-08 17:30:00,1781.82,1786.96,1781.82,1785.52,5207.83
2026-09-08 17:45:00,1785.52,1794.71,1784.4,1788.99,10125.1
2026-09-08 18:00:00,1789.0,1796.75,1788.28,1796.09,6805.19
2026-09-08 18:15:00,1796.11,1798.3,1792.62,1794.35,6409.14
2026-09-08 18:30:00,1794.4,1800.27,1794.4,1798.65,7285.93
2026-09-08 18:45:00,1798.65,1801.39,1787.46,1791.27,12646.75
2026-09-08 19:00:00,1791.27,1792.31,1776.73,1780.29,10586.32
2026-09-08 19:15:00,1780.29,1782.5,1768.34,1771.9,11398.23
2026-09-08 19:30:00,1771.88,1772.38,1748.14,1749.5,72278.08
2026-09-08 19:45:00,1749.51,1750.0,1734.14,1738.73,61266.43
2026-09-08 20:00:00,1738.62,1746.61,1731.0,1745.82,16319.97
2026-09-08 20:15:00,1745.92,1747.33,1740.0,1740.76,5592.36
2026-09-08 20:30:00,1740.87,1744.33,1739.25,1741.13,3800.02
2026-09-08 20:45:00,1741.13,1746.3,1740.53,1745.9,3684.72
2026-09-08 21:00:00,1745.96,1747.95,1745.05,1746.83,4592.19
2026-09-08 21:15:00,1746.83,1749.09,1746.25,1746.63,2917.24
2026-09-08 21:30:00,1746.64,1747.72,1745.2,1747.33,1921.79
2026-09-08 21:45:00,1747.33,1747.33,1743.41,1746.28,1644.65
2026-09-08 22:00:00,1746.27,1746.63,1742.24,1742.73,1832.67
2026-09-08 22:15:00,1742.68,1745.64,1742.43,1745.32,1928.26
2026-09-08 22:30:00,1745.27,1752.0,1743.21,1748.15,4250.36
2026-09-08 22:45:00,1748.15,1750.15,1747.27,1749.74,1496.86
2026-09-08 23:00:00,1749.66,1753.95,1749.11,1750.2,3135.17
2026-09-08 23:15:00,1750.16,1752.76,1747.93,1750.57,1847.0
2026-09-08 23:30:00,1750.57,1750.7,1743.5,1744.09,2051.35
2026-09-08 23:45:00,1744.13,1744.13,1741.3,1742.66,2931.53
2026-09-09 00:00:00,1742.65,1754.31,1742.24,1752.36,9750.9
2026-09-09 00:15:00,1752.35,1753.5,1744.62,1746.36,4572.47
2026-09-09 00:30:00,1746.38,1756.18,1743.14,1754.29,6255.19
2026-09-09 00:45:00,1754.29,1756.56,1749.06,1754.44,7864.61
2026-09-09 01:00:00,1754.53,1759.89,1754.07,1757.08,3918.45
2026-09-09 01:15:00,1757.04,1757.75,1754.2,1755.01,3882.41
2026-09-09 01:30:00,1755.01,1757.88,1752.99,1755.5,2908.11
2026-09-09 01:45:00,1755.47,1756.6,1750.74,1753.3,3439.39
2026-09-09 02:00:00,1753.3,1757.79,1753.08,1753.56,3812.04
2026-09-09 02:15:00,1753.54,1757.09,1752.76,1755.93,1700.2
2026-09-09 02:30:00,1755.8,1762.42,1753.98,1761.4,3314.61
2026-09-09 02:45:00,1761.43,1762.46,1757.39,1757.85,3810.46
2026-09-09 03:00:00,1757.84,1759.61,1752.73,1753.75,3021.17
2026-09-09 03:15:00,1753.76,1755.67,1751.5,1752.54,2316.85
2026-09-09 03:30:00,1752.43,1755.65,1752.03,1753.14,1855.24
2026-09-09 03:45:00,1753.15,1753.29,1746.05,1747.01,4519.98
2026-09-09 04:00:00,1747.01,1752.8,1746.19,1747.52,4217.59
2026-09-09 04:15:00,1747.53,1754.41,1746.17,1752.21,4204.63
2026-09-09 04:30:00,1752.19,1760.49,1751.12,1756.62,9281.3
2026-09-09 04:45:00,1756.62,1757.08,1753.82,1754.3,4126.79
2026-09-09 05:00:00,1754.3,1756.69,1752.33,1755.24,3116.31
2026-09-09 05:15:00,1755.18,1755.18,1749.76,1750.01,3574.29
2026-09-09 05:30:00,1750.02,1750.77,1747.73,1749.65,2643.9
2026-09-09 05:45:00,1749.64,1754.15,1748.96,1754.12,1959.96
2026-09-09 06:00:00,1754.15,1758.91,1751.76,1756.8,3716.57
2026-09-09 06:15:00,1756.86,1757.76,1755.2,1755.49,1854.58
2026-09-09 06:30:00,1755.38,1757.48,1754.05,1757.45,1099.91
2026-09-09 06:45:00,1757.47,1758.29,1752.76,1754.96,2590.05
2026-09-09 07:00:00,1755.0,1757.4,1752.4,1752.86,3110.95
2026-09-09 07:15:00,1752.85,1755.93,1751.77,1755.45,1943.72
2026-09-09 07:30:00,1755.46,1755.85,1752.81,1753.72,1218.06
2026-09-09 07:45:00,1753.72,1755.89,1751.61,1755.63,1786.51
2026-09-09 08:00:00,1755.56,1762.2,1753.11,1758.13,9703.42
2026-09-09 08:15:00,1758.16,1760.43,1755.71,1759.56,4226.03
2026-09-09 08:30:00,1759.54,1761.59,1753.78,1754.03,5090.4
2026-09-09 08:45:00,1753.99,1759.4,1752.99,1756.75,5419.2
2026-09-09 09:00:00,1756.74,1757.39,1752.68,1753.96,2511.02
2026-09-09 09:15:00,1753.96,1755.38,1751.68,1752.23,2836.6
2026-09-09 09:30:00,1752.2,1753.67,1741.08,1743.05,10183.75
2026-09-09 09:45:00,1743.05,1743.66,1725.21,1727.43,26596.14
2026-09-09 10:00:00,1727.43,1735.42,1722.18,1726.52,31366.82
2026-09-09 10:15:00,1726.47,1732.0,1721.11,1732.0,12124.8
2026-09-09 10:30:00,1732.0,1735.94,1728.38,1730.84,10715.55
2026-09-09 10:45:00,1730.84,1733.77,1727.71,1732.17,7067.87
2026-09-09 11:00:00,1732.17,1733.17,1727.36,1729.41,7291.51
2026-09-09 11:15:00,1729.55,1736.97,1727.5,1734.48,6791.86
2026-09-09 11:30:00,1734.5,1734.98,1730.79,1730.97,4054.3
2026-09-09 11:45:00,1730.98,1737.9,1730.0,1731.04,10124.03
2026-09-09 12:00:00,1731.0,1731.84,1723.3,1728.22,10226.21
2026-09-09 12:15:00,1728.21,1731.64,1723.94,1730.42,11532.51
2026-09-09 12:30:00,1730.42,1734.7,1729.74,1734.59,6881.6
2026-09-09 12:45:00,1734.6,1736.37,1729.65,1730.3,7844.69
2026-09-09 13:00:00,1730.3,1742.45,1729.64,1742.45,7714.18
2026-09-09 13:15:00,1742.45,1754.43,1739.29,1751.32,20777.49
2026-09-09 13:30:00,1751.47,1757.0,1730.28,1738.21,98825.95
2026-09-09 13:45:00,1738.17,1792.5,1735.71,1791.35,107552.12
2026-09-09 14:00:00,1791.34,1806.47,1790.22,1799.81,97488.82
2026-09-09 14:15:00,1799.8,1800.84,1767.01,1784.42,95091.17
2026-09-09 14:30:00,1784.32,1792.54,1783.34,1791.17,37016.8
2026-09-09 14:45:00,1791.17,1793.75,1781.85,1789.59,26839.26
2026-09-09 15:00:00,1789.69,1796.81,1768.8,1773.16,50941.68
2026-09-09 15:15:00,1773.15,1796.82,1770.79,1776.05,45775.52
2026-09-09 15:30:00,1776.06,1777.5,1764.62,1767.91,36965.61
2026-09-09 15:45:00,1767.89,1771.59,1764.4,1766.95,16639.36
2026-09-09 16:00:00,1766.95,1773.65,1765.61,1766.25,13194.27
2026-09-09 16:15:00,1766.27,1772.8,1764.78,1770.88,10975.3
2026-09-09 16:30:00,1770.85,1780.2,1770.18,1778.54,16445.05
2026-09-09 16:45:00,1778.54,1783.65,1774.21,1777.34,11685.16
2026-09-09 17:00:00,1777.33,1778.31,1771.05,1776.23,6728.42
2026-09-09 17:15:00,1776.28,1780.27,1774.54,1774.8,4370.23
2026-09-09 17:30:00,1774.71,1775.74,1769.2,1772.2,9704.78
2026-09-09 17:45:00,1772.2,1778.39,1770.33,1770.67,7427.44
2026-09-09 18:00:00,1770.71,1774.19,1766.42,1772.88,14200.82
2026-09-09 18:15:00,1772.88,1774.35,1767.23,1768.3,5606.64
2026-09-09 18:30:00,1768.3,1771.97,1766.74,1770.16,8802.89
2026-09-09 18:45:00,1770.17,1773.61,1760.51,1760.51,8489.78
2026-09-09 19:00:00,1760.51,1761.25,1745.05,1748.92,22929.32
2026-09-09 19:15:00,1748.9,1762.13,1748.55,1751.8,17558.92
2026-09-09 19:30:00,1751.81,1763.92,1751.41,1762.72,9013.04
2026-09-09 19:45:00,1762.72,1765.03,1756.65,1762.56,22957.81
2026-09-09 20:00:00,1762.56,1764.47,1759.44,1762.74,5953.83
2026-09-09 20:15:00,1762.74,1764.11,1761.36,1762.33,1579.86
2026-09-09 20:30:00,1762.33,1765.23,1762.33,1764.2,3174.56
2026-09-09 20:45:00,1764.21,1765.6,1763.87,1764.8,1618.43
2026-09-09 21:00:00,1764.81,1765.45,1763.63,1765.04,1335.02
2026-09-09 21:15:00,1765.04,1765.17,1762.04,1763.9,1320.45
2026-09-09 21:30:00,1763.89,1763.98,1760.61,1760.71,636.33
2026-09-09 21:45:00,1760.62,1762.61,1760.32,1762.6,1165.47
2026-09-09 22:00:00,1762.61,1763.19,1758.2,1758.21,4065.97
2026-09-09 22:15:00,1758.21,1760.81,1757.46,1759.34,1643.16
2026-09-09 22:30:00,1759.4,1761.55,1758.94,1761.25,1075.45
2026-09-09 22:45:00,1761.29,1761.91,1758.02,1758.64,1079.24
2026-09-09 23:00:00,1758.64,1761.63,1758.02,1760.0,1870.64
2026-09-09 23:15:00,1760.01,1760.85,1757.84,1758.69,2526.76
2026-09-09 23:30:00,1758.7,1762.5,1758.08,1762.48,2271.12
2026-09-09 23:45:00,1762.49,1764.07,1760.09,1763.45,2476.88
2026-09-10 00:00:00,1763.43,1769.0,1757.31,1757.71,8571.5
2026-09-10 00:15:00,1757.68,1762.18,1755.29,1757.39,4755.77
2026-09-10 00:30:00,1757.36,1757.53,1746.2,1751.26,5421.81
2026-09-10 00:45:00,1751.26,1752.73,1745.09,1745.91,4364.86
2026-09-10 01:00:00,1745.92,1750.35,1745.17,1746.23,5804.34
2026-09-10 01:15:00,1746.22,1749.69,1738.77,1739.84,8089.25
2026-09-10 01:30:00,1739.87,1747.97,1739.14,1747.65,5899.55
2026-09-10 01:45:00,1747.6,1751.65,1745.0,1750.96,4885.75
2026-09-10 02:00:00,1750.95,1753.33,1749.04,1752.93,7458.45
2026-09-10 02:15:00,1752.94,1754.15,1750.53,1751.85,3029.16
2026-09-10 02:30:00,1751.86,1758.85,1751.78,1756.56,3667.56
2026-09-10 02:45:00,1756.57,1760.74,1756.34,1757.37,3990.05
2026-09-10 03:00:00,1757.28,1759.2,1755.09,1755.39,4609.55
2026-09-10 03:15:00,1755.4,1756.41,1752.02,1755.43,2595.47
2026-09-10 03:30:00,1755.44,1757.58,1754.03,1756.86,2125.15
2026-09-10 03:45:00,1756.86,1758.85,1755.0,1756.34,2148.92
2026-09-10 04:00:00,1756.33,1758.68,1756.06,1757.97,1575.67
2026-09-10 04:15:00,1758.03,1760.35,1757.85,1759.4,1483.42
2026-09-10 04:30:00,1759.43,1762.66,1759.2,1762.0,2750.38
2026-09-10 04:45:00,1762.0,1765.0,1761.51,1763.93,2647.56
2026-09-10 05:00:00,1763.94,1764.89,1760.33,1762.87,2899.92
2026-09-10 05:15:00,1762.89,1765.41,1760.85,1765.18,2405.66
2026-09-10 05:30:00,1765.19,1773.07,1764.57,1768.32,5678.6
2026-09-10 05:45:00,1768.43,1770.72,1762.34,1764.78,3178.63
2026-09-10 06:00:00,1764.77,1766.93,1760.73,1760.9,2473.21
2026-09-10 06:15:00,1760.9,1763.43,1759.65,1762.76,2540.1
2026-09-10 06:30:00,1762.79,1766.76,1762.24,1764.49,2344.67
2026-09-10 06:45:00,1764.49,1768.02,1763.01,1764.46,1753.93
2026-09-10 07:00:00,1764.46,1764.8,1761.64,1762.5,1638.45
2026-09-10 07:15:00,1762.52,1762.77,1756.72,1757.09,2103.05
2026-09-10 07:30:00,1757.03,1758.05,1754.27,1757.96,2303.96
2026-09-10 07:45:00,1758.0,1760.1,1757.25,1759.51,2324.62
2026-09-10 08:00:00,1759.5,1762.2,1749.56,1750.21,9289.58
2026-09-10 08:15:00,1750.13,1757.13,1749.05,1756.36,5250.36
2026-09-10 08:30:00,1756.43,1757.17,1751.21,1752.14,4095.42
2026-09-10 08:45:00,1752.15,1753.36,1750.0,1750.54,2914.3
2026-09-10 09:00:00,1750.53,1753.41,1749.05,1751.74,3239.38
2026-09-10 09:15:00,1751.73,1752.18,1742.69,1744.69,10674.67
2026-09-10 09:30:00,1744.7,1747.83,1742.58,1747.4,4816.29
2026-09-10 09:45:00,1747.4,1749.81,1747.0,1748.8,3586.23
2026-09-10 10:00:00,1748.8,1750.0,1745.61,1747.24,3708.84
2026-09-10 10:15:00,1747.23,1749.58,1743.68,1745.5,7136.51
2026-09-10 10:30:00,1745.49,1748.78,1743.06,1747.54,4111.61
2026-09-10 10:45:00,1747.52,1752.0,1746.1,1748.0,4218.19
2026-09-10 11:00:00,1747.93,1748.54,1737.5,1741.97,10800.11
2026-09-10 11:15:00,1741.96,1745.51,1741.67,1743.99,4430.96
2026-09-10 11:30:00,1744.0,1748.62,1743.64,1747.48,3876.77
2026-09-10 11:45:00,1747.48,1748.42,1737.41,1738.29,8066.45
2026-09-10 12:00:00,1738.29,1740.28,1733.61,1738.66,14271.47
2026-09-10 12:15:00,1738.66,1739.4,1731.81,1738.98,14034.23
2026-09-10 12:30:00,1738.98,1741.61,1707.23,1723.2,58521.38
2026-09-10 12:45:00,1723.19,1728.81,1715.47,1718.49,24243.43
2026-09-10 13:00:00,1718.55,1724.79,1715.26,1716.15,14438.57
2026-09-10 13:15:00,1716.15,1730.38,1708.92,1728.07,48219.06
2026-09-10 13:30:00,1728.08,1737.03,1689.5,1705.83,205710.61
2026-09-10 13:45:00,1705.83,1708.91,1685.88,1692.69,90833.08
2026-09-10 14:00:00,1692.54,1708.23,1690.59,1694.8,44319.06
2026-09-10 14:15:00,1694.77,1713.9,1688.98,1708.5,54770.14
2026-09-10 14:30:00,1708.49,1713.77,1696.4,1698.4,26802.61
2026-09-10 14:45:00,1698.4,1702.06,1691.86,1694.56,25652.56
2026-09-10 15:00:00,1694.54,1705.49,1694.54,1704.14,21333.49
2026-09-10 15:15:00,1704.15,1705.71,1693.24,1696.77,13531.13
2026-09-10 15:30:00,1696.77,1700.6,1693.94,1699.84,11300.13
2026-09-10 15:45:00,1699.8,1702.85,1695.8,1700.5,11163.41
2026-09-10 16:00:00,1700.42,1704.17,1691.44,1694.19,13772.91
2026-09-10 16:15:00,1694.17,1695.78,1674.42,1682.88,49822.04
2026-09-10 16:30:00,1682.88,1687.0,1675.46,1685.01,21837.61
2026-09-10 16:45:00,1685.01,1694.39,1683.02,1694.32,17995.6
2026-09-10 17:00:00,1694.31,1704.88,1692.07,1698.61,24228.24
2026-09-10 17:15:00,1698.63,1702.83,1697.17,1702.63,10199.43
2026-09-10 17:30:00,1702.54,1703.99,1700.01,1702.23,6193.43
2026-09-10 17:45:00,1702.23,1710.98,1699.42,1709.28,14687.95
2026-09-10 18:00:00,1709.28,1713.4,1705.46,1712.5,12624.86
2026-09-10 18:15:00,1712.39,1719.52,1710.35,1717.11,14317.42
2026-09-10 18:30:00,1717.11,1722.69,1713.22,1720.56,16183.01
2026-09-10 18:45:00,1720.57,1721.17,1708.45,1711.39,12563.99
2026-09-10 19:00:00,1711.43,1711.43,1698.45,1701.73,13683.01
2026-09-10 19:15:00,1701.73,1716.18,1701.72,1714.24,8941.33
2026-09-10 19:30:00,1714.21,1714.84,1705.45,1709.05,6937.47
2026-09-10 19:45:00,1709.04,1713.02,1691.25,1695.16,17945.6
2026-09-10 20:00:00,1695.15,1696.27,1684.05,1689.21,14091.43
2026-09-10 20:15:00,1689.23,1696.61,1688.22,1693.02,5995.69
2026-09-10 20:30:00,1693.08,1694.2,1690.0,1692.43,2696.47
2026-09-10 20:45:00,1692.44,1693.9,1689.41,1690.44,2332.9
2026-09-10 21:00:00,1690.43,1698.91,1690.43,1694.95,5698.2
2026-09-10 21:15:00,1694.89,1694.89,1691.57,1691.87,1598.39
2026-09-10 21:30:00,1691.78,1692.56,1686.81,1688.35,2879.2
2026-09-10 21:45:00,1688.37,1691.39,1687.28,1691.16,1355.06
2026-09-10 22:00:00,1691.17,1692.46,1687.41,1688.67,3749.41
2026-09-10 22:15:00,1688.71,1690.74,1686.0,1686.0,1498.71
2026-09-10 22:30:00,1686.0,1686.18,1682.91,1683.55,3101.79
2026-09-10 22:45:00,1683.49,1685.56,1683.23,1685.16,2125.0
2026-09-10 23:00:00,1685.16,1687.34,1683.75,1685.12,5186.05
2026-09-10 23:15:00,1685.1,1685.88,1681.42,1684.33,3726.39
2026-09-10 23:30:00,1684.37,1685.46,1683.58,1684.2,1711.94
2026-09-10 23:45:00,1684.21,1684.72,1676.59,1678.36,5344.64
2026-09-11 00:00:00,1678.37,1683.92,1676.0,1679.18,6948.92
2026-09-11 00:15:00,1679.18,1690.74,1678.5,1688.74,6334.37
2026-09-11 00:30:00,1688.88,1690.0,1681.73,1683.16,4687.53
2026-09-11 00:45:00,1683.15,1688.86,1682.77,1688.16,2057.95
2026-09-11 01:00:00,1688.16,1691.18,1686.62,1688.15,4491.28
2026-09-11 01:15:00,1688.13,1688.34,1683.71,1684.0,2456.31
2026-09-11 01:30:00,1683.89,1687.91,1682.01,1682.56,3401.98
2026-09-11 01:45:00,1682.55,1685.1,1679.8,1684.75,2780.8
2026-09-11 02:00:00,1684.74,1687.54,1682.88,1686.47,1641.24
2026-09-11 02:15:00,1686.49,1686.8,1681.15,1681.8,1399.86
2026-09-11 02:30:00,1681.79,1682.53,1677.84,1677.98,3600.78
2026-09-11 02:45:00,1677.97,1681.32,1677.12,1678.89,3766.21
2026-09-11 03:00:00,1678.91,1680.05,1675.5,1678.56,2883.72
2026-09-11 03:15:00,1678.53,1679.33,1668.0,1672.5,10342.76
2026-09-11 03:30:00,1672.44,1675.65,1666.01,1674.27,5814.03
2026-09-11 03:45:00,1674.29,1674.8,1668.7,1669.84,4391.02
2026-09-11 04:00:00,1669.84,1674.27,1668.0,1673.96,3874.63
2026-09-11 04:15:00,1673.96,1681.93,1672.25,1681.29,5928.08
2026-09-11 04:30:00,1681.29,1686.52,1680.25,1685.69,6026.63
2026-09-11 04:45:00,1685.68,1686.72,1682.5,1683.24,4998.25
2026-09-11 05:00:00,1683.3,1687.84,1680.81,1687.31,3855.47
2026-09-11 05:15:00,1687.37,1689.49,1683.89,1684.49,4151.02
2026-09-11 05:30:00,1684.49,1691.31,1684.49,1689.83,4111.24
2026-09-11 05:45:00,1689.82,1697.31,1687.58,1693.7,6659.67
2026-09-11 06:00:00,1693.7,1696.66,1689.71,1691.34,4370.96
2026-09-11 06:15:00,1691.3,1693.43,1688.7,1690.72,2842.46
2026-09-11 06:30:00,1690.73,1694.31,1690.29,1694.31,2515.96
2026-09-11 06:45:00,1694.31,1700.18,1693.79,1696.96,5781.4
2026-09-11 07:00:00,1696.96,1705.33,1696.81,1701.8,6285.85
2026-09-11 07:15:00,1701.81,1702.39,1696.07,1696.29,3281.96
2026-09-11 07:30:00,1696.3,1698.5,1696.09,1697.66,1919.51
2026-09-11 07:45:00,1697.66,1698.9,1696.84,1698.35,1470.74
2026-09-11 08:00:00,1698.36,1705.14,1695.26,1699.28,10150.06
2026-09-11 08:15:00,1699.36,1707.49,1698.85,1705.42,10854.08
2026-09-11 08:30:00,1705.37,1711.93,1705.03,1705.48,9090.85
2026-09-11 08:45:00,1705.45,1709.64,1704.5,1708.33,4205.54
2026-09-11 09:00:00,1708.4,1709.91,1701.29,1702.28,5194.53
2026-09-11 09:15:00,1702.24,1705.0,1701.37,1702.28,2784.6
2026-09-11 09:30:00,1702.24,1703.07,1698.5,1699.16,4273.99
2026-09-11 09:45:00,1699.16,1702.72,1698.8,1700.93,3700.45
2026-09-11 10:00:00,1700.88,1706.16,1697.8,1703.87,5273.49
2026-09-11 10:15:00,1703.88,1704.0,1701.27,1702.03,1702.76
2026-09-11 10:30:00,1701.99,1704.21,1700.45,1700.78,1743.79
2026-09-11 10:45:00,1700.79,1702.39,1699.8,1700.25,1884.91
2026-09-11 11:00:00,1700.25,1700.84,1692.7,1695.91,7166.66
2026-09-11 11:15:00,1695.97,1700.3,1695.0,1699.55,2734.06
2026-09-11 11:30:00,1699.55,1705.14,1696.2,1704.61,4510.82
2026-09-11 11:45:00,1704.63,1708.23,1703.0,1703.77,4199.41
2026-09-11 12:00:00,1703.77,1707.68,1702.0,1705.99,4132.36
2026-09-11 12:15:00,1706.0,1714.7,1704.47,1713.0,10088.12
2026-09-11 12:30:00,1713.05,1726.5,1683.0,1716.84,69496.34
2026-09-11 12:45:00,1716.8,1725.91,1713.54,1724.43,24264.74
2026-09-11 13:00:00,1724.42,1735.46,1724.21,1727.14,28363.1
2026-09-11 13:15:00,1727.18,1727.59,1714.13,1715.0,19607.97
2026-09-11 13:30:00,1715.0,1723.26,1642.8,1653.55,231554.76
2026-09-11 13:45:00,1653.54,1670.92,1632.22,1634.33,106731.15
2026-09-11 14:00:00,1634.35,1642.44,1620.06,1639.99,108197.97
2026-09-11 14:15:00,1639.99,1656.73,1636.64,1644.71,59581.93
2026-09-11 14:30:00,1644.65,1646.71,1628.47,1630.65,41535.64
2026-09-11 14:45:00,1630.65,1638.1,1620.78,1637.03,52217.34
2026-09-11 15:00:00,1637.02,1643.69,1626.07,1626.67,23583.03
2026-09-11 15:15:00,1626.67,1645.41,1626.55,1643.6,20891.21
2026-09-11 15:30:00,1643.58,1647.0,1638.13,1646.41,19169.37
2026-09-11 15:45:00,1646.4,1649.62,1638.63,1641.81,20787.19
2026-09-11 16:00:00,1641.82,1644.2,1632.68,1633.38,14271.74
2026-09-11 16:15:00,1633.33,1636.99,1627.21,1627.48,17759.87
2026-09-11 16:30:00,1627.48,1634.77,1626.68,1633.89,12960.96
2026-09-11 16:45:00,1633.88,1634.85,1627.68,1634.14,8990.96
2026-09-11 17:00:00,1634.23,1641.28,1633.26,1635.68,13218.28
2026-09-11 17:15:00,1635.68,1638.94,1633.15,1633.3,7850.43
2026-09-11 17:30:00,1633.29,1639.45,1632.33,1637.84,6740.1
2026-09-11 17:45:00,1637.84,1641.29,1634.97,1635.65,6825.78
2026-09-11 18:00:00,1635.65,1639.12,1632.15,1633.56,7091.45
2026-09-11 18:15:00,1633.56,1636.79,1632.02,1633.93,5409.04
2026-09-11 18:30:00,1633.95,1639.6,1633.84,1637.44,4990.53
2026-09-11 18:45:00,1637.38,1640.7,1632.62,1633.92,6690.78
2026-09-11 19:00:00,1633.87,1634.19,1630.36,1630.99,5605.71
2026-09-11 19:15:00,1630.99,1634.88,1630.26,1634.44,4345.58
2026-09-11 19:30:00,1634.44,1638.69,1633.03,1635.98,5212.96
2026-09-11 19:45:00,1635.98,1639.21,1630.99,1634.58,16910.26
2026-09-11 20:00:00,1634.58,1636.04,1631.97,1633.02,3829.14
2026-09-11 20:15:00,1632.99,1633.0,1630.48,1631.48,2460.16
2026-09-11 20:30:00,1631.49,1632.73,1631.19,1631.42,1395.7
2026-09-11 20:45:00,1631.43,1632.4,1630.94,1631.4,1986.83
2026-09-11 21:00:00,1631.39,1632.97,1630.82,1631.85,2418.97
2026-09-11 21:15:00,1631.85,1632.62,1631.2,1632.11,730.89
2026-09-11 21:30:00,1632.11,1632.12,1630.29,1631.35,797.92
2026-09-11 21:45:00,1631.36,1631.41,1629.48,1631.11,1324.23
2026-09-11 22:00:00,1631.11,1631.21,1629.8,1631.07,924.49
2026-09-11 22:15:00,1631.08,1632.6,1630.76,1632.27,819.32
2026-09-11 22:30:00,1632.27,1632.93,1631.24,1632.32,733.13
2026-09-11 22:45:00,1632.31,1632.47,1630.9,1631.54,559.07
2026-09-11 23:00:00,1631.55,1632.72,1631.44,1632.23,783.95
2026-09-11 23:15:00,1632.24,1632.79,1631.51,1632.78,977.4
2026-09-11 23:30:00,1632.77,1632.77,1631.72,1632.2,573.03
2026-09-11 23:45:00,1632.2,1634.09,1632.01,1633.17,1156.57
2026-09-12 00:00:00,1633.17,1636.63,1633.16,1636.32,1715.34
2026-09-12 00:15:00,1636.33,1638.0,1635.77,1637.99,1191.41
2026-09-12 00:30:00,1637.99,1641.12,1637.99,1639.01,1683.81
2026-09-12 00:45:00,1639.01,1643.51,1638.48,1641.0,1912.88
2026-09-12 01:00:00,1641.01,1641.68,1637.72,1638.67,1841.19
2026-09-12 01:15:00,1638.67,1639.0,1637.16,1637.83,960.35
2026-09-12 01:30:00,1637.84,1639.33,1637.64,1638.13,683.58
2026-09-12 01:45:00,1638.15,1638.62,1636.42,1636.64,1326.14
2026-09-12 02:00:00,1636.64,1637.37,1633.16,1635.89,4737.66
2026-09-12 02:15:00,1635.89,1637.35,1635.45,1637.34,496.99
2026-09-12 02:30:00,1637.34,1637.68,1636.91,1637.68,534.77
2026-09-12 02:45:00,1637.68,1637.8,1636.45,1636.77,598.17
2026-09-12 03:00:00,1636.77,1636.77,1635.54,1636.24,370.55
2026-09-12 03:15:00,1636.25,1636.48,1634.69,1635.12,624.07
2026-09-12 03:30:00,1635.11,1635.93,1634.66,1635.93,690.34
2026-09-12 03:45:00,1635.92,1636.65,1635.77,1636.64,315.29
2026-09-12 04:00:00,1636.64,1638.0,1635.11,1636.25,1029.17
2026-09-12 04:15:00,1636.25,1636.25,1635.02,1635.53,529.93
2026-09-12 04:30:00,1635.53,1635.53,1633.72,1633.72,1429.79
2026-09-12 04:45:00,1633.73,1634.63,1632.81,1634.57,1713.27
2026-09-12 05:00:00,1634.56,1635.76,1634.26,1635.24,534.24
2026-09-12 05:15:00,1635.25,1635.62,1635.05,1635.57,313.49
2026-09-12 05:30:00,1635.56,1635.79,1634.77,1635.63,510.44
2026-09-12 05:45:00,1635.64,1636.32,1635.37,1635.77,298.6
2026-09-12 06:00:00,1635.77,1636.09,1634.53,1635.08,354.54
2026-09-12 06:15:00,1635.09,1635.74,1635.08,1635.4,255.23
2026-09-12 06:30:00,1635.4,1635.59,1633.0,1633.45,685.37
2026-09-12 06:45:00,1633.48,1633.49,1632.56,1632.71,720.36
2026-09-12 07:00:00,1632.71,1633.37,1632.14,1633.01,1188.86
2026-09-12 07:15:00,1633.01,1633.01,1629.67,1631.46,2665.53
2026-09-12 07:30:00,1631.47,1632.7,1631.22,1631.57,483.29
2026-09-12 07:45:00,1631.57,1633.59,1631.31,1632.42,787.54
2026-09-12 08:00:00,1632.45,1633.16,1631.82,1632.0,333.67
2026-09-12 08:15:00,1632.0,1632.52,1630.72,1630.72,544.71
2026-09-12 08:30:00,1630.72,1631.32,1630.2,1630.8,540.39
2026-09-12 08:45:00,1630.8,1631.48,1630.27,1631.48,435.47
2026-09-12 09:00:00,1631.48,1632.42,1630.96,1632.08,519.28
2026-09-12 09:15:00,1632.09,1632.36,1631.68,1632.08,364.04
2026-09-12 09:30:00,1632.08,1632.08,1630.13,1630.49,735.5
2026-09-12 09:45:00,1630.49,1631.61,1630.33,1631.61,271.17
2026-09-12 10:00:00,1631.61,1632.17,1631.58,1632.17,470.94
2026-09-12 10:15:00,1632.16,1632.56,1631.87,1632.32,414.69
2026-09-12 10:30:00,1632.32,1632.42,1631.12,1631.13,473.08
2026-09-12 10:45:00,1631.13,1632.15,1631.08,1631.44,559.22
2026-09-12 11:00:00,1631.45,1632.37,1631.33,1632.18,309.03
2026-09-12 11:15:00,1632.17,1632.92,1632.17,1632.92,405.58
2026-09-12 11:30:00,1632.92,1634.0,1632.92,1633.66,388.65
2026-09-12 11:45:00,1633.66,1633.76,1632.64,1633.2,456.62
2026-09-12 12:00:00,1633.21,1634.15,1633.21,1633.66,479.2
2026-09-12 12:15:00,1633.66,1633.69,1632.42,1632.42,367.98
2026-09-12 12:30:00,1632.42,1633.84,1632.18,1633.49,521.5
2026-09-12 12:45:00,1633.48,1633.77,1632.32,1632.47,314.91
2026-09-12 13:00:00,1632.48,1633.43,1630.51,1631.21,1328.42
2026-09-12 13:15:00,1631.27,1632.07,1630.74,1631.83,426.57
2026-09-12 13:30:00,1631.83,1632.85,1631.45,1632.07,431.65
2026-09-12 13:45:00,1632.07,1632.16,1631.6,1631.75,312.08
2026-09-12 14:00:00,1631.76,1632.32,1631.35,1631.76,334.44
2026-09-12 14:15:00,1631.75,1632.6,1631.75,1632.52,256.83
2026-09-12 14:30:00,1632.52,1632.86,1632.26,1632.36,314.42
2026-09-12 14:45:00,1632.37,1632.6,1632.11,1632.27,249.68
2026-09-12 15:00:00,1632.27,1632.61,1632.27,1632.45,246.23
2026-09-12 15:15:00,1632.46,1632.65,1632.34,1632.5,169.44
2026-09-12 15:30:00,1632.5,1633.49,1632.35,1633.49,278.38
2026-09-12 15:45:00,1633.49,1633.84,1633.14,1633.83,746.04
2026-09-12 16:00:00,1633.84,1634.2,1633.51,1633.96,487.09
2026-09-12 16:15:00,1633.96,1636.66,1633.83,1636.07,825.77
2026-09-12 16:30:00,1636.07,1636.26,1635.7,1635.81,348.98
2026-09-12 16:45:00,1635.81,1636.2,1635.08,1636.19,498.03
2026-09-12 17:00:00,1636.19,1636.32,1634.07,1634.5,879.36
2026-09-12 17:15:00,1634.5,1634.75,1633.45,1634.63,356.52
2026-09-12 17:30:00,1634.63,1635.57,1634.6,1635.47,384.39
2026-09-12 17:45:00,1635.47,1635.76,1632.41,1634.0,1747.37
2026-09-12 18:00:00,1634.0,1634.56,1633.12,1633.3,409.88
2026-09-12 18:15:00,1633.28,1633.39,1632.2,1632.8,427.74
2026-09-12 18:30:00,1632.83,1634.21,1632.71,1633.89,349.43
2026-09-12 18:45:00,1633.9,1633.95,1632.87,1632.88,276.29
2026-09-12 19:00:00,1632.95,1633.25,1631.87,1631.99,623.98
2026-09-12 19:15:00,1631.99,1633.12,1631.85,1633.09,1058.05
2026-09-12 19:30:00,1633.09,1633.5,1626.14,1628.94,5364.12
2026-09-12 19:45:00,1628.94,1630.1,1628.37,1629.05,896.26
2026-09-12 20:00:00,1629.04,1629.5,1627.53,1628.57,1222.39
2026-09-12 20:15:00,1628.51,1629.11,1626.98,1626.98,1052.28
2026-09-12 20:30:00,1626.98,1627.56,1621.9,1624.88,3610.61
2026-09-12 20:45:00,1624.88,1626.81,1624.37,1625.4,952.76
2026-09-12 21:00:00,1625.4,1626.75,1623.21,1624.25,1469.87
2026-09-12 21:15:00,1624.24,1628.37,1624.24,1627.1,644.98
2026-09-12 21:30:00,1627.1,1627.46,1621.92,1624.25,1297.74
2026-09-12 21:45:00,1624.26,1624.92,1624.0,1624.87,471.42
2026-09-12 22:00:00,1624.87,1626.36,1624.62,1626.28,480.53
2026-09-12 22:15:00,1626.19,1626.4,1625.34,1625.54,336.68
2026-09-12 22:30:00,1625.54,1628.51,1625.53,1628.51,436.82
2026-09-12 22:45:00,1628.55,1629.25,1624.0,1626.21,2060.66
2026-09-12 23:00:00,1626.22,1626.98,1626.21,1626.87,315.65
2026-09-12 23:15:00,1626.95,1626.95,1625.34,1626.52,295.5
2026-09-12 23:30:00,1626.5,1627.55,1625.87,1627.55,338.76
2026-09-12 23:45:00,1627.54,1627.85,1626.83,1627.81,415.91
2026-09-13 00:00:00,1627.81,1633.99,1626.02,1631.6,4482.46
2026-09-13 00:15:00,1631.59,1633.39,1630.22,1630.53,1212.03
2026-09-13 00:30:00,1630.52,1630.68,1629.07,1629.16,379.48
2026-09-13 00:45:00,1629.17,1630.88,1629.1,1629.35,519.19
2026-09-13 01:00:00,1629.32,1631.69,1629.06,1631.01,747.82
2026-09-13 01:15:00,1631.0,1631.66,1629.96,1630.12,674.42
2026-09-13 01:30:00,1630.11,1630.75,1627.77,1627.77,829.72
2026-09-13 01:45:00,1627.76,1628.74,1627.4,1627.7,753.38
2026-09-13 02:00:00,1627.69,1628.41,1627.21,1627.93,443.4
2026-09-13 02:15:00,1627.92,1628.44,1627.0,1627.0,533.02
2026-09-13 02:30:00,1627.01,1628.16,1626.39,1626.42,996.4
2026-09-13 02:45:00,1626.43,1627.06,1626.39,1626.67,412.7
2026-09-13 03:00:00,1626.66,1627.34,1624.36,1625.08,1097.07
2026-09-13 03:15:00,1625.07,1625.98,1623.31,1623.49,1557.19
2026-09-13 03:30:00,1623.49,1626.68,1623.43,1626.51,1224.86
2026-09-13 03:45:00,1626.5,1626.63,1624.54,1624.62,1980.87
2026-09-13 04:00:00,1624.62,1625.48,1623.92,1624.41,1384.23
2026-09-13 04:15:00,1624.42,1626.32,1624.41,1624.59,582.99
2026-09-13 04:30:00,1624.45,1625.61,1624.41,1624.78,527.88
2026-09-13 04:45:00,1624.79,1625.67,1624.7,1625.01,386.29
2026-09-13 05:00:00,1625.0,1625.93,1623.65,1623.77,818.57
2026-09-13 05:15:00,1623.77,1624.34,1584.95,1600.67,29977.81
2026-09-13 05:30:00,1600.67,1616.34,1599.64,1612.6,12651.81
2026-09-13 05:45:00,1612.6,1617.06,1610.88,1611.5,3953.78
2026-09-13 06:00:00,1611.51,1613.14,1606.83,1609.83,3375.56
2026-09-13 06:15:00,1609.84,1611.0,1609.0,1609.04,3329.57
2026-09-13 06:30:00,1609.05,1609.77,1592.89,1597.6,14494.59
2026-09-13 06:45:00,1597.6,1603.29,1597.56,1599.63,6115.18
2026-09-13 07:00:00,1599.63,1601.7,1597.01,1601.39,3576.87
2026-09-13 07:15:00,1601.38,1604.37,1600.36,1603.4,2252.49
2026-09-13 07:30:00,1603.42,1603.6,1600.0,1601.32,1897.1
2026-09-13 07:45:00,1601.32,1601.32,1598.34,1599.64,1834.53
2026-09-13 08:00:00,1599.63,1599.9,1596.26,1596.28,4166.51
2026-09-13 08:15:00,1596.43,1597.28,1585.34,1587.88,10307.75
2026-09-13 08:30:00,1587.88,1591.2,1581.4,1584.25,13232.36
2026-09-13 08:45:00,1584.21,1586.85,1581.41,1584.22,6032.81
2026-09-13 09:00:00,1584.23,1589.18,1583.11,1583.44,4021.03
2026-09-13 09:15:00,1583.43,1584.9,1576.25,1576.82,10348.5
2026-09-13 09:30:00,1576.83,1584.05,1574.18,1582.0,12560.63
2026-09-13 09:45:00,1581.97,1586.45,1581.82,1583.99,3641.45
2026-09-13 10:00:00,1583.99,1586.57,1583.0,1585.5,2578.85
2026-09-13 10:15:00,1585.51,1585.51,1578.81,1579.25,2842.27
2026-09-13 10:30:00,1579.24,1582.5,1577.07,1577.67,2835.91
2026-09-13 10:45:00,1577.8,1580.66,1576.06,1580.03,2316.03
2026-09-13 11:00:00,1580.04,1581.93,1578.43,1579.25,2810.26
2026-09-13 11:15:00,1579.25,1581.2,1577.26,1577.56,1644.73
2026-09-13 11:30:00,1577.56,1579.65,1576.1,1576.84,1893.05
2026-09-13 11:45:00,1576.83,1579.12,1575.42,1577.02,2500.83
2026-09-13 12:00:00,1577.05,1577.32,1574.18,1574.62,2666.34
2026-09-13 12:15:00,1574.73,1582.03,1574.18,1575.53,9496.96
2026-09-13 12:30:00,1575.59,1577.69,1572.12,1576.11,8529.31
2026-09-13 12:45:00,1576.11,1576.97,1571.09,1571.79,4186.59
2026-09-13 13:00:00,1571.85,1573.59,1571.15,1572.14,3387.25
2026-09-13 13:15:00,1572.13,1572.13,1555.86,1562.82,21707.75
2026-09-13 13:30:00,1562.84,1576.0,1561.29,1574.99,13973.33
2026-09-13 13:45:00,1574.99,1588.15,1574.84,1580.68,17510.87
2026-09-13 14:00:00,1580.69,1587.88,1579.63,1581.07,6607.41
2026-09-13 14:15:00,1581.08,1586.04,1581.0,1581.0,4539.06
2026-09-13 14:30:00,1581.01,1583.96,1577.67,1581.24,4602.78
2026-09-13 14:45:00,1581.23,1581.43,1573.08,1577.77,4786.67
2026-09-13 15:00:00,1577.77,1578.76,1573.56,1578.44,2861.14
2026-09-13 15:15:00,1578.44,1580.99,1575.28,1576.98,3150.43
2026-09-13 15:30:00,1576.97,1577.6,1575.37,1576.62,1600.76
2026-09-13 15:45:00,1576.62,1576.76,1572.15,1573.0,2403.55
2026-09-13 16:00:00,1572.99,1585.0,1572.84,1584.77,7059.51
2026-09-13 16:15:00,1584.79,1585.82,1579.28,1580.42,3806.21
2026-09-13 16:30:00,1580.42,1582.02,1580.0,1582.02,1259.28
2026-09-13 16:45:00,1582.01,1583.57,1580.64,1581.7,1126.47
2026-09-13 17:00:00,1581.79,1586.08,1580.72,1584.7,1684.5
2026-09-13 17:15:00,1584.69,1586.12,1583.25,1584.29,1381.09
2026-09-13 17:30:00,1584.29,1585.13,1582.41,1584.58,815.97
2026-09-13 17:45:00,1584.58,1586.2,1584.31,1584.59,823.53
2026-09-13 18:00:00,1584.59,1585.48,1583.67,1584.58,801.16
2026-09-13 18:15:00,1584.58,1584.59,1582.46,1583.29,752.77
2026-09-13 18:30:00,1583.29,1583.74,1581.74,1582.38,612.62
2026-09-13 18:45:00,1582.38,1582.45,1579.64,1581.41,1360.54
2026-09-13 19:00:00,1581.42,1582.16,1576.78,1577.09,1504.01
2026-09-13 19:15:00,1577.1,1577.8,1562.4,1564.55,6585.53
2026-09-13 19:30:00,1564.55,1567.98,1564.31,1567.07,2926.84
2026-09-13 19:45:00,1567.07,1568.48,1566.67,1567.53,2188.55
2026-09-13 20:00:00,1567.54,1567.94,1563.0,1566.5,2620.56
2026-09-13 20:15:00,1566.51,1568.07,1565.77,1566.15,2306.68
2026-09-13 20:30:00,1566.14,1568.21,1566.1,1567.5,2368.79
2026-09-13 20:45:00,1567.49,1579.0,1567.21,1577.73,3499.41
2026-09-13 21:00:00,1577.72,1578.1,1575.13,1575.94,2480.94
2026-09-13 21:15:00,1575.95,1581.78,1575.21,1581.08,1799.34
2026-09-13 21:30:00,1581.07,1584.65,1580.2,1583.32,2102.65
2026-09-13 21:45:00,1583.32,1583.8,1579.0,1580.0,1607.67
2026-09-13 22:00:00,1579.99,1581.06,1568.4,1569.33,10015.45
2026-09-13 22:15:00,1569.36,1571.77,1563.7,1566.31,4079.45
2026-09-13 22:30:00,1566.31,1573.95,1564.56,1570.57,5419.41
2026-09-13 22:45:00,1570.53,1572.25,1566.67,1567.0,3808.8
2026-09-13 23:00:00,1567.0,1577.67,1565.31,1573.05,5398.56
2026-09-13 23:15:00,1573.04,1575.99,1572.08,1573.19,2684.42
2026-09-13 23:30:00,1573.19,1573.86,1568.1,1569.04,2792.19
2026-09-13 23:45:00,1569.05,1569.37,1564.18,1565.35,6170.29
2026-09-14 00:00:00,1565.35,1572.9,1552.46,1561.85,29040.24
2026-09-14 00:15:00,1561.82,1563.89,1555.29,1555.94,10548.33
2026-09-14 00:30:00,1555.93,1560.0,1547.12,1554.53,12891.1
2026-09-14 00:45:00,1554.53,1558.25,1552.51,1552.85,5720.32
2026-09-14 01:00:00,1552.86,1554.67,1549.08,1551.94,9199.89
2026-09-14 01:15:00,1551.9,1558.65,1551.14,1557.84,5951.27
2026-09-14 01:30:00,1557.83,1565.46,1555.0,1561.51,7016.38
2026-09-14 01:45:00,1561.54,1571.72,1560.9,1570.95,7293.71
2026-09-14 02:00:00,1570.87,1574.46,1568.79,1572.54,5746.64
2026-09-14 02:15:00,1572.55,1572.88,1568.98,1572.6,4880.16
2026-09-14 02:30:00,1572.65,1575.14,1565.54,1567.95,5808.19
2026-09-14 02:45:00,1567.94,1574.56,1567.0,1571.59,3673.29
2026-09-14 03:00:00,1571.68,1574.53,1570.3,1572.93,3168.94
2026-09-14 03:15:00,1572.93,1573.31,1567.77,1571.6,3468.97
2026-09-14 03:30:00,1571.59,1571.68,1564.18,1565.65,4625.97
2026-09-14 03:45:00,1565.64,1570.29,1564.78,1568.89,4313.38
2026-09-14 04:00:00,1568.9,1571.39,1566.72,1566.72,3123.61
2026-09-14 04:15:00,1566.71,1568.82,1565.04,1566.69,2593.87
2026-09-14 04:30:00,1566.69,1569.83,1564.06,1567.17,3929.15
2026-09-14 04:45:00,1567.05,1570.65,1566.64,1569.93,3339.06
2026-09-14 05:00:00,1569.93,1571.99,1566.71,1567.21,2969.81
2026-09-14 05:15:00,1567.21,1567.66,1561.61,1564.35,3510.73
2026-09-14 05:30:00,1564.34,1568.11,1561.92,1564.11,3369.27
2026-09-14 05:45:00,1564.05,1565.77,1559.2,1563.67,5264.67
2026-09-14 06:00:00,1563.61,1567.44,1561.29,1562.41,6024.95
2026-09-14 06:15:00,1562.42,1565.51,1560.66,1563.77,3507.7
2026-09-14 06:30:00,1563.73,1566.42,1560.43,1566.1,4149.65
2026-09-14 06:45:00,1566.11,1566.19,1558.44,1560.13,3484.31
2026-09-14 07:00:00,1560.12,1560.51,1553.55,1557.27,5691.58
2026-09-14 07:15:00,1557.26,1557.86,1548.64,1549.01,8385.39
2026-09-14 07:30:00,1549.0,1554.3,1548.2,1550.9,6359.78
2026-09-14 07:45:00,1550.97,1553.57,1548.22,1552.27,5218.23
2026-09-14 08:00:00,1552.41,1555.0,1542.5,1546.9,28208.31
2026-09-14 08:15:00,1546.88,1550.11,1545.22,1545.41,10803.19
2026-09-14 08:30:00,1545.4,1558.87,1544.87,1555.15,8918.96
2026-09-14 08:45:00,1555.14,1555.5,1549.17,1553.06,6045.17
2026-09-14 09:00:00,1553.02,1555.54,1548.89,1549.7,5452.64
2026-09-14 09:15:00,1549.7,1550.3,1543.27,1547.25,7682.03
2026-09-14 09:30:00,1547.2,1551.79,1545.49,1549.42,5789.65
2026-09-14 09:45:00,1549.44,1552.89,1548.94,1551.38,3999.08
2026-09-14 10:00:00,1551.39,1552.73,1546.45,1548.64,4129.73
2026-09-14 10:15:00,1548.64,1556.3,1546.64,1555.09,3635.59
2026-09-14 10:30:00,1555.04,1555.64,1551.93,1555.11,4289.98
2026-09-14 10:45:00,1555.09,1555.82,1551.19,1552.89,5444.3
2026-09-14 11:00:00,1552.9,1553.44,1537.59,1538.93,15982.24
2026-09-14 11:15:00,1538.93,1546.58,1534.54,1545.8,14267.97
2026-09-14 11:30:00,1545.79,1546.17,1536.88,1537.54,6377.03
2026-09-14 11:45:00,1537.54,1539.94,1535.0,1536.3,12805.71
2026-09-14 12:00:00,1536.34,1540.96,1531.84,1539.8,11334.44
2026-09-14 12:15:00,1539.71,1543.33,1537.57,1540.39,8661.19
2026-09-14 12:30:00,1540.39,1540.78,1532.32,1536.3,12083.3
2026-09-14 12:45:00,1536.31,1537.25,1530.16,1534.3,8982.88
2026-09-14 13:00:00,1534.18,1534.26,1525.26,1530.48,17777.24
2026-09-14 13:15:00,1530.49,1537.16,1517.71,1523.46,33117.84
2026-09-14 13:30:00,1523.47,1544.94,1507.07,1521.08,136343.63
2026-09-14 13:45:00,1521.07,1549.0,1520.16,1534.11,86017.8
2026-09-14 14:00:00,1534.03,1563.16,1532.69,1558.86,82327.53
2026-09-14 14:15:00,1558.88,1566.36,1552.61,1556.83,51379.28
2026-09-14 14:30:00,1556.82,1559.34,1545.61,1556.7,36710.46
2026-09-14 14:45:00,1556.64,1560.78,1539.1,1545.1,33504.5
2026-09-14 15:00:00,1545.12,1547.86,1531.64,1533.15,39709.6
2026-09-14 15:15:00,1533.21,1541.87,1526.64,1541.87,25897.1
2026-09-14 15:30:00,1541.87,1554.0,1540.2,1544.37,42796.11
2026-09-14 15:45:00,1544.36,1544.79,1530.98,1536.65,21653.48
2026-09-14 16:00:00,1536.64,1537.87,1529.02,1537.08,17940.82
2026-09-14 16:15:00,1537.07,1547.79,1536.58,1544.51,21972.37
2026-09-14 16:30:00,1544.51,1548.55,1543.25,1548.46,11466.18
2026-09-14 16:45:00,1548.45,1556.0,1546.61,1555.96,19372.13
2026-09-14 17:00:00,1555.9,1571.14,1554.89,1567.53,30302.89
2026-09-14 17:15:00,1567.52,1572.25,1565.28,1572.13,14204.1
2026-09-14 17:30:00,1572.13,1574.19,1567.58,1572.9,10308.51
2026-09-14 17:45:00,1572.89,1581.89,1572.7,1579.19,21997.22
2026-09-14 18:00:00,1579.2,1582.48,1572.45,1574.07,17548.14
2026-09-14 18:15:00,1574.08,1575.14,1564.35,1565.78,15222.35
2026-09-14 18:30:00,1565.73,1568.15,1563.86,1564.52,7942.68
2026-09-14 18:45:00,1564.52,1568.44,1561.7,1565.2,8363.62
2026-09-14 19:00:00,1565.2,1567.69,1557.44,1559.33,8433.31
2026-09-14 19:15:00,1559.33,1563.09,1557.96,1559.65,7026.93
2026-09-14 19:30:00,1559.64,1565.25,1558.01,1565.05,8156.11
2026-09-14 19:45:00,1565.02,1565.9,1551.53,1552.43,19612.8
2026-09-14 20:00:00,1552.41,1554.11,1543.19,1550.37,12436.67
2026-09-14 20:15:00,1550.37,1564.27,1550.05,1559.15,15248.58
2026-09-14 20:30:00,1559.16,1562.21,1558.23,1560.26,4518.12
2026-09-14 20:45:00,1560.24,1563.97,1559.45,1560.73,3641.3
2026-09-14 21:00:00,1560.71,1562.02,1559.09,1561.75,5662.99
2026-09-14 21:15:00,1561.74,1561.91,1558.27,1558.59,1619.02
2026-09-14 21:30:00,1558.59,1558.86,1556.27,1557.39,1443.6
2026-09-14 21:45:00,1557.41,1559.11,1556.0,1558.34,1255.35
2026-09-14 22:00:00,1558.33,1559.47,1557.68,1558.34,1818.37
2026-09-14 22:15:00,1558.34,1559.16,1557.27,1558.04,1471.9
2026-09-14 22:30:00,1558.07,1558.3,1556.77,1557.28,1723.81
2026-09-14 22:45:00,1557.26,1559.99,1556.86,1559.31,2363.3
2026-09-14 23:00:00,1559.31,1566.43,1558.01,1564.25,3829.03
2026-09-14 23:15:00,1564.26,1564.64,1562.2,1563.28,2686.1
2026-09-14 23:30:00,1563.28,1566.36,1562.31,1566.0,1789.37
2026-09-14 23:45:00,1566.0,1566.57,1563.66,1564.71,2216.2
2026-09-15 00:00:00,1564.75,1568.17,1557.47,1563.17,7253.93
2026-09-15 00:15:00,1563.19,1573.37,1560.0,1569.16,6384.6
2026-09-15 00:30:00,1569.14,1579.42,1568.54,1578.06,7559.45
2026-09-15 00:45:00,1578.07,1579.8,1570.88,1572.21,5743.2
2026-09-15 01:00:00,1572.28,1576.99,1570.55,1574.07,3406.18
2026-09-15 01:15:00,1574.06,1578.76,1572.07,1572.07,3553.39
2026-09-15 01:30:00,1572.06,1574.89,1564.1,1565.6,5260.88
2026-09-15 01:45:00,1565.59,1572.0,1564.21,1571.11,3492.99
2026-09-15 02:00:00,1571.06,1572.85,1568.5,1570.64,2476.98
2026-09-15 02:15:00,1570.65,1573.6,1568.42,1573.52,2461.19
2026-09-15 02:30:00,1573.52,1577.57,1572.3,1575.1,3874.12
2026-09-15 02:45:00,1575.11,1577.81,1574.91,1575.47,2739.53
2026-09-15 03:00:00,1575.48,1575.7,1572.01,1572.49,2188.95
2026-09-15 03:15:00,1572.48,1573.15,1569.45,1569.92,2560.11
2026-09-15 03:30:00,1569.92,1571.94,1569.24,1571.46,1846.13
2026-09-15 03:45:00,1571.45,1571.84,1565.53,1565.69,2759.19
2026-09-15 04:00:00,1565.63,1569.69,1565.46,1569.22,2595.16
2026-09-15 04:15:00,1569.21,1570.18,1560.43,1562.51,4675.53
2026-09-15 04:30:00,1562.53,1566.06,1560.67,1564.81,2280.05
2026-09-15 04:45:00,1564.9,1566.73,1557.79,1558.55,2543.19
2026-09-15 05:00:00,1558.48,1560.94,1553.17,1554.75,5730.73
2026-09-15 05:15:00,1554.79,1558.63,1552.38,1557.48,5038.55
2026-09-15 05:30:00,1557.46,1564.43,1555.72,1563.66,3442.88
2026-09-15 05:45:00,1563.7,1566.6,1561.27,1561.57,3269.1
2026-09-15 06:00:00,1561.57,1563.49,1558.02,1562.42,2616.47
2026-09-15 06:15:00,1562.4,1564.39,1560.68,1561.37,1814.25
2026-09-15 06:30:00,1561.35,1561.99,1558.23,1559.29,2311.98
2026-09-15 06:45:00,1559.22,1562.75,1558.88,1562.4,1621.35
2026-09-15 07:00:00,1562.41,1566.19,1560.23,1561.64,2952.63
2026-09-15 07:15:00,1561.61,1565.3,1560.51,1563.39,1690.63
2026-09-15 07:30:00,1563.39,1564.85,1561.83,1562.39,1803.52
2026-09-15 07:45:00,1562.4,1565.2,1562.4,1564.23,2290.78
2026-09-15 08:00:00,1564.24,1564.93,1548.6,1555.58,14306.46
2026-09-15 08:15:00,1555.68,1559.64,1553.76,1555.56,6652.32
2026-09-15 08:30:00,1555.54,1557.2,1553.68,1554.82,3615.36
2026-09-15 08:45:00,1554.82,1555.84,1552.96,1553.6,2848.13
2026-09-15 09:00:00,1553.59,1555.59,1550.18,1554.1,4487.37
2026-09-15 09:15:00,1554.08,1556.25,1551.45,1555.76,3412.27
2026-09-15 09:30:00,1555.77,1560.33,1553.29,1560.05,4814.19
2026-09-15 09:45:00,1560.03,1565.6,1560.03,1563.9,5416.85
2026-09-15 10:00:00,1563.9,1567.64,1563.34,1565.91,4220.11
2026-09-15 10:15:00,1565.91,1568.76,1563.95,1568.59,3394.95
2026-09-15 10:30:00,1568.63,1571.91,1565.74,1566.73,5005.86
2026-09-15 10:45:00,1566.76,1568.76,1564.7,1566.94,2883.68
2026-09-15 11:00:00,1567.0,1574.61,1567.0,1572.89,7202.11
2026-09-15 11:15:00,1572.88,1575.99,1571.03,1572.63,5348.25
2026-09-15 11:30:00,1572.64,1573.2,1567.83,1571.01,4988.58
2026-09-15 11:45:00,1570.97,1572.47,1569.65,1571.59,2916.36
2026-09-15 12:00:00,1571.69,1573.41,1567.74,1570.92,3958.47
2026-09-15 12:15:00,1570.91,1571.18,1565.01,1569.62,5317.09
2026-09-15 12:30:00,1569.62,1573.72,1568.21,1571.52,3722.17
2026-09-15 12:45:00,1571.52,1575.66,1569.72,1571.45,9578.88
2026-09-15 13:00:00,1571.52,1572.52,1569.06,1569.34,5123.73
2026-09-15 13:15:00,1569.35,1572.31,1562.11,1571.54,17279.62
2026-09-15 13:30:00,1571.53,1581.65,1548.52,1552.22,121319.45
2026-09-15 13:45:00,1552.21,1566.78,1551.56,1559.4,51796.46
2026-09-15 14:00:00,1559.41,1569.11,1557.93,1560.95,32678.23
2026-09-15 14:15:00,1560.91,1567.79,1556.53,1564.46,26264.67
2026-09-15 14:30:00,1564.51,1569.67,1552.21,1554.99,26076.65
2026-09-15 14:45:00,1554.99,1556.48,1541.17,1544.89,38386.95
2026-09-15 15:00:00,1544.89,1547.59,1530.36,1538.86,29784.47
2026-09-15 15:15:00,1538.88,1540.7,1534.82,1537.62,14529.56
2026-09-15 15:30:00,1537.62,1545.03,1537.57,1542.4,17297.0
2026-09-15 15:45:00,1542.33,1542.9,1532.0,1533.0,11903.67
2026-09-15 16:00:00,1533.04,1538.16,1518.82,1520.8,33390.72
2026-09-15 16:15:00,1520.81,1532.7,1520.37,1527.16,23931.27
2026-09-15 16:30:00,1527.16,1531.06,1521.55,1528.59,15034.71
2026-09-15 16:45:00,1528.59,1533.55,1527.23,1532.79,7593.9
2026-09-15 17:00:00,1532.75,1536.11,1528.93,1533.91,9671.22
2026-09-15 17:15:00,1533.91,1536.0,1532.95,1533.99,7832.34
2026-09-15 17:30:00,1534.01,1539.79,1533.74,1537.25,11856.97
2026-09-15 17:45:00,1537.25,1537.57,1525.0,1525.64,11744.53
2026-09-15 18:00:00,1525.65,1526.68,1515.39,1518.96,21167.18
2026-09-15 18:15:00,1518.96,1521.5,1515.5,1520.17,12510.13
2026-09-15 18:30:00,1520.19,1520.63,1512.0,1516.68,17976.88
2026-09-15 18:45:00,1516.76,1520.72,1516.13,1518.17,15390.39
2026-09-15 19:00:00,1518.11,1524.11,1517.9,1520.6,9416.75
2026-09-15 19:15:00,1520.6,1524.5,1519.18,1522.67,5765.44
2026-09-15 19:30:00,1522.68,1534.93,1522.41,1534.28,15073.19
2026-09-15 19:45:00,1534.31,1537.8,1530.07,1533.72,18519.56
2026-09-15 20:00:00,1533.67,1535.28,1530.98,1533.26,3820.31
2026-09-15 20:15:00,1533.27,1533.37,1528.69,1530.8,4191.43
2026-09-15 20:30:00,1530.81,1531.98,1530.08,1531.49,1653.88
2026-09-15 20:45:00,1531.48,1532.39,1530.23,1531.06,1432.77
2026-09-15 21:00:00,1531.06,1532.0,1530.82,1531.53,2070.41
2026-09-15 21:15:00,1531.53,1531.53,1530.01,1531.01,1448.02
2026-09-15 21:30:00,1531.01,1531.31,1529.12,1529.26,573.78
2026-09-15 21:45:00,1529.27,1531.22,1529.21,1530.54,1004.58
2026-09-15 22:00:00,1530.53,1533.21,1530.0,1531.09,2898.98
2026-09-15 22:15:00,1531.09,1532.46,1530.69,1531.46,1779.06
2026-09-15 22:30:00,1531.46,1533.96,1531.24,1533.43,2672.26
2026-09-15 22:45:00,1533.44,1533.75,1531.51,1531.87,1642.2
2026-09-15 23:00:00,1531.86,1532.52,1529.84,1530.62,1512.08
2026-09-15 23:15:00,1530.64,1531.57,1529.41,1530.71,1289.1
2026-09-15 23:30:00,1530.64,1532.01,1529.69,1530.01,1630.71
2026-09-15 23:45:00,1530.0,1530.59,1528.28,1528.87,1402.9
2026-09-16 00:00:00,1528.91,1535.3,1527.31,1533.48,7995.17
2026-09-16 00:15:00,1533.48,1536.5,1532.72,1535.45,3533.3
2026-09-16 00:30:00,1535.45,1539.39,1534.33,1538.05,2891.18
2026-09-16 00:45:00,1538.06,1538.51,1534.66,1535.65,1820.97
2026-09-16 01:00:00,1535.66,1536.79,1531.23,1534.85,2081.13
2026-09-16 01:15:00,1534.85,1535.22,1531.13,1531.13,2176.84
2026-09-16 01:30:00,1531.12,1532.0,1526.64,1527.36,2498.11
2026-09-16 01:45:00,1527.35,1528.66,1518.12,1518.55,5797.37
2026-09-16 02:00:00,1518.56,1522.79,1518.26,1521.91,3851.12
2026-09-16 02:15:00,1521.92,1528.64,1521.92,1528.61,3692.15
2026-09-16 02:30:00,1528.62,1531.78,1527.85,1529.65,3007.8
2026-09-16 02:45:00,1529.72,1532.22,1529.45,1531.96,2901.45
2026-09-16 03:00:00,1531.97,1538.21,1531.93,1538.16,4425.31
2026-09-16 03:15:00,1538.15,1538.38,1534.2,1534.34,3892.74
2026-09-16 03:30:00,1534.36,1535.81,1532.0,1535.1,2913.65
2026-09-16 03:45:00,1535.12,1538.85,1535.1,1537.9,2599.1
2026-09-16 04:00:00,1537.9,1543.49,1537.9,1542.93,5315.18
2026-09-16 04:15:00,1542.93,1546.61,1541.17,1541.74,4757.52
2026-09-16 04:30:00,1541.73,1542.41,1538.6,1539.11,2875.86
2026-09-16 04:45:00,1539.12,1540.22,1536.24,1536.66,2483.45
2026-09-16 05:00:00,1536.67,1539.3,1533.99,1538.39,3158.51
2026-09-16 05:15:00,1538.38,1540.4,1536.25,1539.7,1896.01
2026-09-16 05:30:00,1539.7,1542.26,1538.44,1541.88,2608.45
2026-09-16 05:45:00,1541.88,1542.5,1539.06,1539.98,2191.82
2026-09-16 06:00:00,1539.97,1546.4,1539.97,1545.28,3053.31
2026-09-16 06:15:00,1545.3,1545.56,1543.09,1544.84,3485.99
2026-09-16 06:30:00,1544.84,1544.97,1542.14,1544.46,2139.7
2026-09-16 06:45:00,1544.42,1547.89,1542.61,1547.12,3028.5
2026-09-16 07:00:00,1547.11,1550.6,1546.15,1549.18,3824.31
2026-09-16 07:15:00,1549.17,1549.92,1545.52,1548.89,2861.96
2026-09-16 07:30:00,1548.89,1549.8,1546.98,1547.17,2283.65
2026-09-16 07:45:00,1547.17,1547.88,1544.94,1547.71,2281.41
2026-09-16 08:00:00,1547.71,1553.71,1541.8,1543.74,14002.92
2026-09-16 08:15:00,1543.74,1547.0,1540.27,1542.04,6572.59
2026-09-16 08:30:00,1542.06,1545.08,1539.74,1542.73,4560.68
2026-09-16 08:45:00,1542.72,1547.86,1542.43,1547.15,3127.3
2026-09-16 09:00:00,1547.14,1549.21,1545.61,1545.86,3453.0
2026-09-16 09:15:00,1545.91,1549.26,1545.05,1547.96,3004.69
2026-09-16 09:30:00,1547.96,1549.16,1546.57,1547.98,2453.15
2026-09-16 09:45:00,1547.98,1549.49,1547.34,1547.89,1875.65
2026-09-16 10:00:00,1547.89,1547.89,1542.97,1544.68,2705.42
2026-09-16 10:15:00,1544.69,1545.41,1542.0,1543.1,2271.22
2026-09-16 10:30:00,1543.11,1545.86,1542.94,1545.15,1909.25
2026-09-16 10:45:00,1545.15,1546.08,1542.56,1545.59,1538.09
2026-09-16 11:00:00,1545.59,1547.08,1543.64,1543.64,3657.96
2026-09-16 11:15:00,1543.63,1550.0,1543.13,1549.26,2645.42
2026-09-16 11:30:00,1549.26,1552.58,1548.24,1551.52,6100.11
2026-09-16 11:45:00,1551.57,1555.98,1550.14,1551.94,8865.36
2026-09-16 12:00:00,1551.94,1554.01,1548.74,1551.75,4741.7
2026-09-16 12:15:00,1551.76,1552.64,1550.06,1550.98,2778.71
2026-09-16 12:30:00,1550.99,1550.99,1544.5,1544.92,4232.82
2026-09-16 12:45:00,1544.92,1549.13,1542.75,1549.01,3115.28
2026-09-16 13:00:00,1549.0,1549.36,1543.59,1549.32,3871.82
2026-09-16 13:15:00,1549.31,1557.04,1548.23,1551.84,13304.78
2026-09-16 13:30:00,1551.86,1562.02,1522.68,1531.09,108470.7
2026-09-16 13:45:00,1531.05,1543.95,1527.09,1532.5,49333.94
2026-09-16 14:00:00,1532.48,1546.85,1524.63,1545.01,45458.77
2026-09-16 14:15:00,1545.01,1552.84,1541.63,1548.98,35755.08
2026-09-16 14:30:00,1548.96,1550.37,1536.89,1539.7,20109.66
2026-09-16 14:45:00,1539.71,1543.01,1534.0,1540.04,18205.12
2026-09-16 15:00:00,1540.05,1546.04,1538.61,1543.89,15085.4
2026-09-16 15:15:00,1543.9,1544.01,1538.11,1540.49,7920.12
2026-09-16 15:30:00,1540.5,1540.98,1533.68,1533.86,8402.42
2026-09-16 15:45:00,1533.87,1537.42,1531.0,1531.59,13173.03
2026-09-16 16:00:00,1531.6,1535.8,1531.39,1534.02,6182.45
2026-09-16 16:15:00,1534.01,1534.01,1527.76,1528.29,9554.45
2026-09-16 16:30:00,1528.29,1533.55,1527.58,1532.32,6038.8
2026-09-16 16:45:00,1532.31,1538.9,1531.56,1535.39,6790.6
2026-09-16 17:00:00,1535.39,1536.78,1529.91,1532.63,5522.73
2026-09-16 17:15:00,1532.64,1534.16,1530.08,1531.09,5966.6
2026-09-16 17:30:00,1531.09,1534.05,1529.77,1532.39,6557.7
2026-09-16 17:45:00,1532.34,1538.64,1531.14,1537.03,12058.61
2026-09-16 18:00:00,1536.98,1549.96,1524.59,1532.55,58302.25
2026-09-16 18:15:00,1532.55,1534.68,1522.25,1533.72,27842.41
2026-09-16 18:30:00,1533.75,1553.09,1524.86,1549.78,39905.69
2026-09-16 18:45:00,1549.8,1550.32,1522.18,1530.63,43180.48
2026-09-16 19:00:00,1530.63,1540.85,1514.6,1518.65,50219.19
2026-09-16 19:15:00,1518.65,1522.67,1507.42,1518.74,37627.38
2026-09-16 19:30:00,1518.77,1531.0,1517.24,1523.03,28366.5
2026-09-16 19:45:00,1523.01,1531.18,1518.79,1523.5,39294.08
2026-09-16 20:00:00,1523.5,1530.4,1520.0,1528.96,11865.37
2026-09-16 20:15:00,1528.96,1529.03,1525.07,1526.68,3934.82
2026-09-16 20:30:00,1526.67,1528.79,1525.25,1528.76,2306.42
2026-09-16 20:45:00,1528.76,1531.26,1527.91,1529.2,2765.35
2026-09-16 21:00:00,1529.17,1533.43,1528.52,1531.9,4330.89
2026-09-16 21:15:00,1531.9,1531.9,1529.25,1530.29,1238.12
2026-09-16 21:30:00,1530.3,1531.66,1530.12,1531.38,889.1
2026-09-16 21:45:00,1531.38,1531.38,1528.66,1528.67,1048.92
2026-09-16 22:00:00,1528.66,1529.14,1526.62,1528.39,4466.91
2026-09-16 22:15:00,1528.38,1531.94,1527.45,1531.01,1915.55
2026-09-16 22:30:00,1531.02,1536.39,1531.02,1534.36,3471.77
2026-09-16 22:45:00,1534.36,1536.66,1534.0,1535.85,2162.57
2026-09-16 23:00:00,1535.87,1538.82,1535.74,1536.72,6249.18
2026-09-16 23:15:00,1536.72,1542.54,1536.72,1541.53,4042.44
2026-09-16 23:30:00,1541.52,1545.57,1541.11,1545.01,5393.3
2026-09-16 23:45:00,1545.01,1546.22,1540.48,1540.66,4642.28
2026-09-17 00:00:00,1540.71,1546.64,1538.57,1538.75,7428.75
2026-09-17 00:15:00,1538.75,1544.27,1538.6,1539.02,2694.33
2026-09-17 00:30:00,1538.97,1543.11,1538.14,1538.67,2188.7
2026-09-17 00:45:00,1538.66,1540.94,1535.06,1539.76,2749.25
2026-09-17 01:00:00,1539.76,1543.99,1537.85,1542.81,2135.95
2026-09-17 01:15:00,1542.81,1543.17,1539.96,1542.16,1908.06
2026-09-17 01:30:00,1542.13,1543.34,1538.3,1539.07,3127.22
2026-09-17 01:45:00,1539.09,1539.96,1534.88,1536.33,2176.36
2026-09-17 02:00:00,1536.34,1537.89,1532.93,1532.95,2482.36
2026-09-17 02:15:00,1532.93,1533.12,1530.37,1532.45,3148.47
2026-09-17 02:30:00,1532.4,1535.9,1532.22,1534.85,3115.3
2026-09-17 02:45:00,1534.86,1535.1,1532.11,1532.54,1733.29
2026-09-17 03:00:00,1532.54,1534.79,1531.58,1533.62,1810.82
2026-09-17 03:15:00,1533.66,1535.28,1532.43,1535.27,1245.61
2026-09-17 03:30:00,1535.27,1537.49,1534.21,1537.43,2165.71
2026-09-17 03:45:00,1537.42,1538.6,1535.64,1538.21,1308.8
2026-09-17 04:00:00,1538.21,1540.66,1538.04,1539.56,2060.92
2026-09-17 04:15:00,1539.56,1541.17,1538.05,1538.05,1539.45
2026-09-17 04:30:00,1538.05,1539.74,1536.57,1539.2,1667.63
2026-09-17 04:45:00,1539.2,1542.1,1537.25,1537.63,2612.17
2026-09-17 05:00:00,1537.64,1537.91,1534.85,1535.54,2740.6
2026-09-17 05:15:00,1535.56,1535.82,1531.93,1534.1,2730.44
2026-09-17 05:30:00,1534.06,1534.19,1530.46,1531.03,2766.89
2026-09-17 05:45:00,1531.03,1533.68,1530.3,1530.48,1843.13
2026-09-17 06:00:00,1530.44,1532.97,1530.07,1532.21,1359.19
2026-09-17 06:15:00,1532.21,1534.65,1530.98,1534.59,1881.33
2026-09-17 06:30:00,1534.58,1535.36,1533.76,1535.05,1579.6
2026-09-17 06:45:00,1535.08,1535.19,1533.8,1534.9,1072.16
2026-09-17 07:00:00,1534.89,1539.23,1534.26,1538.94,1850.12
2026-09-17 07:15:00,1538.94,1541.72,1538.71,1540.35,3423.99
2026-09-17 07:30:00,1540.37,1540.99,1537.82,1539.99,3258.13
2026-09-17 07:45:00,1539.9,1540.6,1537.34,1539.61,2234.66
2026-09-17 08:00:00,1539.61,1545.67,1538.43,1540.57,9020.76
2026-09-17 08:15:00,1540.67,1542.72,1539.27,1541.9,2727.9
2026-09-17 08:30:00,1541.9,1544.94,1541.09,1544.23,3691.87
2026-09-17 08:45:00,1544.22,1549.0,1543.57,1547.76,4233.46
2026-09-17 09:00:00,1547.83,1551.8,1547.36,1549.48,6957.34
2026-09-17 09:15:00,1549.49,1550.13,1545.09,1546.37,4033.47
2026-09-17 09:30:00,1546.37,1548.35,1545.59,1545.92,3746.99
2026-09-17 09:45:00,1545.91,1546.98,1544.31,1546.67,3088.62
2026-09-17 10:00:00,1546.66,1548.79,1545.14,1547.87,2376.84
2026-09-17 10:15:00,1547.84,1551.49,1547.84,1550.51,3255.95
2026-09-17 10:30:00,1550.51,1551.63,1548.18,1548.3,4089.06
2026-09-17 10:45:00,1548.32,1551.3,1548.15,1550.4,2228.64
2026-09-17 11:00:00,1550.38,1557.56,1550.37,1554.67,9665.88
2026-09-17 11:15:00,1554.67,1557.11,1552.3,1557.11,5233.29
2026-09-17 11:30:00,1557.11,1558.44,1551.86,1551.87,3781.23
2026-09-17 11:45:00,1551.91,1555.83,1550.49,1554.88,3882.21
2026-09-17 12:00:00,1554.82,1559.99,1552.71,1559.31,6226.02
2026-09-17 12:15:00,1559.32,1565.74,1557.33,1564.41,11957.13
2026-09-17 12:30:00,1564.45,1572.79,1562.26,1570.16,17159.08
2026-09-17 12:45:00,1570.2,1575.18,1568.68,1573.06,15393.26
2026-09-17 13:00:00,1573.05,1577.89,1570.08,1576.54,11870.17
2026-09-17 13:15:00,1576.56,1577.14,1567.34,1567.72,16232.48
2026-09-17 13:30:00,1567.64,1617.45,1567.14,1609.0,208787.28
2026-09-17 13:45:00,1609.0,1626.53,1608.84,1616.16,84818.38
2026-09-17 14:00:00,1616.16,1617.5,1586.02,1594.26,80330.88
2026-09-17 14:15:00,1594.26,1600.2,1590.79,1591.9,35387.11
2026-09-17 14:30:00,1591.89,1617.96,1582.34,1611.06,58914.33
2026-09-17 14:45:00,1611.1,1612.01,1602.05,1606.15,23761.09
2026-09-17 15:00:00,1606.15,1614.35,1604.43,1607.91,18105.01
2026-09-17 15:15:00,1607.92,1613.56,1606.42,1610.78,11340.65
2026-09-17 15:30:00,1610.77,1612.52,1601.99,1606.73,11631.14
2026-09-17 15:45:00,1606.72,1609.39,1599.51,1600.75,9778.85
2026-09-17 16:00:00,1600.74,1601.87,1593.88,1595.42,11650.04
2026-09-17 16:15:00,1595.38,1597.32,1590.2,1593.85,11449.08
2026-09-17 16:30:00,1593.85,1595.61,1589.3,1594.7,10162.27
2026-09-17 16:45:00,1594.73,1599.75,1589.29,1591.32,10772.22
2026-09-17 17:00:00,1591.31,1596.56,1589.75,1594.18,7352.93
2026-09-17 17:15:00,1594.19,1600.31,1592.91,1595.59,8347.94
2026-09-17 17:30:00,1595.6,1598.35,1593.74,1596.04,4761.86
2026-09-17 17:45:00,1596.04,1598.46,1594.0,1596.52,5780.59
2026-09-17 18:00:00,1596.53,1597.78,1592.9,1596.52,4640.05
2026-09-17 18:15:00,1596.49,1602.83,1594.46,1601.15,7294.16
2026-09-17 18:30:00,1601.15,1607.8,1601.06,1607.55,9000.87
2026-09-17 18:45:00,1607.55,1612.06,1606.47,1611.83,9972.15
2026-09-17 19:00:00,1611.84,1617.32,1608.44,1611.32,12533.2
2026-09-17 19:15:00,1611.35,1619.51,1610.42,1611.45,11834.95
2026-09-17 19:30:00,1611.45,1614.58,1609.5,1611.25,6914.02
2026-09-17 19:45:00,1611.29,1619.98,1605.7,1615.82,17329.25
2026-09-17 20:00:00,1615.81,1621.6,1613.98,1616.3,7773.87
2026-09-17 20:15:00,1616.3,1616.73,1614.48,1614.86,1322.42
2026-09-17 20:30:00,1614.87,1616.31,1614.19,1614.8,1405.62
2026-09-17 20:45:00,1614.79,1614.82,1611.65,1613.17,2228.18
2026-09-17 21:00:00,1613.18,1617.65,1613.17,1616.02,2126.01
2026-09-17 21:15:00,1616.02,1617.74,1615.65,1616.4,1138.19
2026-09-17 21:30:00,1616.41,1616.46,1614.79,1615.09,591.82
2026-09-17 21:45:00,1615.1,1616.89,1615.09,1615.72,638.94
2026-09-17 22:00:00,1615.71,1615.71,1612.51,1614.03,1716.22
2026-09-17 22:15:00,1614.03,1614.38,1611.52,1612.27,1482.47
2026-09-17 22:30:00,1612.29,1614.99,1612.23,1614.65,980.45
2026-09-17 22:45:00,1614.73,1615.53,1613.55,1615.52,721.02
2026-09-17 23:00:00,1615.52,1615.52,1612.97,1613.6,1686.57
2026-09-17 23:15:00,1613.59,1614.49,1612.36,1613.9,1595.72
2026-09-17 23:30:00,1613.92,1617.78,1613.92,1617.4,1186.8
2026-09-17 23:45:00,1617.41,1617.97,1616.42,1617.14,1455.6
2026-09-18 00:00:00,1617.15,1621.36,1613.71,1617.88,6197.02
2026-09-18 00:15:00,1617.88,1617.88,1612.4,1613.28,1763.15
2026-09-18 00:30:00,1613.28,1614.76,1606.47,1609.86,3272.74
2026-09-18 00:45:00,1609.87,1612.99,1606.77,1609.62,2612.34
2026-09-18 01:00:00,1609.63,1613.86,1609.4,1609.46,1896.46
2026-09-18 01:15:00,1609.46,1610.89,1606.75,1608.4,1865.76
2026-09-18 01:30:00,1608.47,1612.32,1606.61,1609.93,2336.84
2026-09-18 01:45:00,1609.87,1612.0,1608.0,1608.92,2432.54
2026-09-18 02:00:00,1608.94,1610.47,1608.06,1609.89,1550.08
2026-09-18 02:15:00,1609.9,1612.04,1608.83,1611.37,1634.76
2026-09-18 02:30:00,1611.37,1615.72,1611.01,1614.7,2648.92
2026-09-18 02:45:00,1614.7,1615.85,1612.35,1612.97,2069.67
2026-09-18 03:00:00,1613.01,1616.98,1611.72,1616.83,5376.41
2026-09-18 03:15:00,1616.9,1622.62,1615.2,1621.84,5908.31
2026-09-18 03:30:00,1621.8,1627.82,1620.91,1624.91,6622.73
2026-09-18 03:45:00,1624.91,1628.64,1624.5,1627.89,4255.58
2026-09-18 04:00:00,1627.71,1634.78,1627.01,1632.65,10684.17
2026-09-18 04:15:00,1632.65,1638.5,1631.69,1632.8,9739.31
2026-09-18 04:30:00,1632.81,1635.18,1629.23,1633.35,5657.81
2026-09-18 04:45:00,1633.4,1638.75,1632.9,1636.41,5216.12
2026-09-18 05:00:00,1636.49,1638.96,1632.76,1636.3,6223.4
2026-09-18 05:15:00,1636.31,1638.28,1634.22,1635.03,3074.75
2026-09-18 05:30:00,1635.03,1637.8,1633.88,1636.78,3940.07
2026-09-18 05:45:00,1636.79,1637.7,1631.02,1632.08,4812.26
2026-09-18 06:00:00,1632.04,1635.9,1632.04,1635.52,2541.67
2026-09-18 06:15:00,1635.53,1639.37,1633.99,1638.45,6706.52
2026-09-18 06:30:00,1638.42,1645.62,1638.37,1644.02,10953.95
2026-09-18 06:45:00,1644.02,1649.34,1643.0,1646.81,7040.98
2026-09-18 07:00:00,1646.81,1651.5,1645.3,1647.02,10036.51
2026-09-18 07:15:00,1647.07,1651.37,1646.08,1650.6,4848.54
2026-09-18 07:30:00,1650.65,1651.87,1647.42,1649.22,6069.08
2026-09-18 07:45:00,1649.21,1649.76,1644.51,1646.02,3702.43
2026-09-18 08:00:00,1646.02,1650.5,1641.01,1644.39,11972.44
2026-09-18 08:15:00,1644.39,1649.26,1643.97,1645.27,5715.15
2026-09-18 08:30:00,1645.27,1647.89,1644.59,1647.36,3073.04
2026-09-18 08:45:00,1647.39,1647.66,1643.61,1644.38,2980.55
2026-09-18 09:00:00,1644.42,1644.43,1639.38,1639.39,6427.18
2026-09-18 09:15:00,1639.4,1643.49,1636.79,1639.17,6746.3
2026-09-18 09:30:00,1639.17,1640.5,1634.44,1634.53,5295.98
2026-09-18 09:45:00,1634.53,1641.18,1633.33,1638.79,4838.99
2026-09-18 10:00:00,1638.8,1643.92,1638.79,1643.23,3647.83
2026-09-18 10:15:00,1643.21,1646.59,1642.08,1645.62,4964.01
2026-09-18 10:30:00,1645.63,1646.55,1642.52,1642.99,3345.87
2026-09-18 10:45:00,1642.99,1644.08,1641.33,1642.09,2399.48
2026-09-18 11:00:00,1642.09,1648.62,1640.61,1644.42,9359.54
2026-09-18 11:15:00,1644.41,1644.88,1637.66,1637.72,6414.36
2026-09-18 11:30:00,1637.67,1643.45,1637.4,1639.46,3739.67
2026-09-18 11:45:00,1639.46,1641.68,1637.88,1640.95,3969.38
2026-09-18 12:00:00,1640.95,1641.85,1632.5,1632.88,8874.99
2026-09-18 12:15:00,1632.88,1636.74,1629.37,1629.77,9726.06
2026-09-18 12:30:00,1629.73,1631.32,1621.25,1624.31,23377.26
2026-09-18 12:45:00,1624.3,1626.8,1619.13,1619.97,10888.54
2026-09-18 13:00:00,1619.97,1623.82,1617.61,1620.49,16112.37
2026-09-18 13:15:00,1620.5,1632.11,1618.33,1629.43,24971.75
2026-09-18 13:30:00,1629.2,1669.18,1617.68,1664.49,171744.45
2026-09-18 13:45:00,1664.49,1698.1,1661.0,1695.39,104620.56
2026-09-18 14:00:00,1695.4,1708.87,1685.95,1705.67,102794.5
2026-09-18 14:15:00,1705.67,1706.71,1689.13,1701.12,59302.65
2026-09-18 14:30:00,1701.13,1710.89,1698.0,1708.94,36299.56
2026-09-18 14:45:00,1708.9,1720.61,1705.73,1717.51,39182.29
2026-09-18 15:00:00,1717.51,1719.49,1709.39,1718.18,38211.36
2026-09-18 15:15:00,1718.23,1718.61,1709.54,1716.38,24906.24
2026-09-18 15:30:00,1716.36,1727.52,1714.22,1720.47,30546.55
2026-09-18 15:45:00,1720.48,1725.49,1718.61,1721.33,14792.74
2026-09-18 16:00:00,1721.34,1739.65,1721.33,1735.18,33615.57
2026-09-18 16:15:00,1735.18,1737.39,1724.66,1731.54,21984.12
2026-09-18 16:30:00,1731.57,1743.72,1731.06,1742.71,26159.63
2026-09-18 16:45:00,1742.7,1745.29,1738.3,1738.96,18302.02
2026-09-18 17:00:00,1739.0,1744.77,1737.36,1738.88,14078.52
2026-09-18 17:15:00,1738.88,1742.48,1736.26,1739.27,8441.77
2026-09-18 17:30:00,1739.21,1744.86,1738.62,1742.43,11322.57
2026-09-18 17:45:00,1742.47,1745.66,1742.12,1743.99,7714.49
2026-09-18 18:00:00,1744.0,1745.59,1738.6,1739.34,8944.82
2026-09-18 18:15:00,1739.34,1742.93,1735.89,1740.91,10596.15
2026-09-18 18:30:00,1740.94,1741.52,1732.68,1736.57,10297.24
2026-09-18 18:45:00,1736.57,1742.53,1736.12,1740.62,7664.39
2026-09-18 19:00:00,1740.59,1743.76,1736.58,1737.25,9886.01
2026-09-18 19:15:00,1737.23,1741.29,1732.32,1736.65,8458.71
2026-09-18 19:30:00,1736.64,1741.83,1734.9,1735.58,9969.11
2026-09-18 19:45:00,1735.58,1795.56,1735.24,1791.13,85657.59
2026-09-18 20:00:00,1790.99,1794.55,1783.84,1789.78,26075.42
2026-09-18 20:15:00,1789.77,1792.56,1786.62,1787.55,9292.27
2026-09-18 20:30:00,1787.64,1791.85,1785.53,1791.12,5350.08
2026-09-18 20:45:00,1791.09,1797.09,1790.05,1790.36,8327.99
2026-09-18 21:00:00,1790.36,1796.94,1789.91,1796.05,7405.41
2026-09-18 21:15:00,1796.02,1798.99,1793.65,1796.29,5995.04
2026-09-18 21:30:00,1796.29,1796.29,1793.0,1793.98,4280.54
2026-09-18 21:45:00,1793.98,1795.35,1793.46,1795.02,1621.84
2026-09-18 22:00:00,1795.06,1795.81,1793.45,1793.77,2328.68
2026-09-18 22:15:00,1793.68,1794.54,1792.02,1793.22,1744.46
2026-09-18 22:30:00,1793.25,1794.63,1793.21,1793.36,1645.66
2026-09-18 22:45:00,1793.36,1793.72,1791.58,1791.71,2031.67
2026-09-18 23:00:00,1791.59,1797.1,1791.59,1795.85,3286.05
2026-09-18 23:15:00,1795.85,1795.91,1792.13,1793.19,2247.92
2026-09-18 23:30:00,1793.19,1794.69,1793.0,1794.06,2741.66
2026-09-18 23:45:00,1794.06,1796.9,1789.28,1796.57,4703.06
2026-09-19 00:00:00,1796.6,1799.46,1794.57,1796.06,2778.45
2026-09-19 00:15:00,1796.06,1797.0,1794.29,1794.29,1586.32
2026-09-19 00:30:00,1794.29,1795.16,1788.01,1788.36,4033.54
2026-09-19 00:45:00,1788.36,1791.29,1788.0,1788.49,2282.73
2026-09-19 01:00:00,1788.49,1789.59,1785.76,1787.24,3317.41
2026-09-19 01:15:00,1787.24,1787.74,1776.03,1777.3,6872.41
2026-09-19 01:30:00,1777.3,1781.38,1774.38,1781.12,5230.9
2026-09-19 01:45:00,1781.11,1784.13,1779.84,1781.02,3016.98
2026-09-19 02:00:00,1781.01,1781.1,1773.48,1777.07,4266.58
2026-09-19 02:15:00,1777.07,1778.75,1776.21,1777.17,1239.96
2026-09-19 02:30:00,1777.16,1777.8,1775.28,1775.89,1244.76
2026-09-19 02:45:00,1775.89,1779.44,1775.41,1778.3,1374.8
2026-09-19 03:00:00,1778.3,1780.16,1777.2,1777.2,1344.22
2026-09-19 03:15:00,1777.2,1779.55,1777.07,1778.93,1306.77
2026-09-19 03:30:00,1778.93,1782.95,1778.93,1781.6,2093.73
2026-09-19 03:45:00,1781.6,1783.64,1781.01,1782.14,1384.6
2026-09-19 04:00:00,1782.14,1783.98,1782.14,1783.0,1181.62
2026-09-19 04:15:00,1783.01,1783.56,1782.02,1782.49,926.9
2026-09-19 04:30:00,1782.5,1782.74,1777.79,1778.23,1696.7
2026-09-19 04:45:00,1778.24,1780.83,1777.83,1780.0,1106.13
2026-09-19 05:00:00,1780.02,1781.19,1778.76,1780.34,1067.7
2026-09-19 05:15:00,1780.34,1781.1,1779.05,1779.93,1206.07
2026-09-19 05:30:00,1779.93,1779.94,1777.74,1777.85,582.54
2026-09-19 05:45:00,1777.85,1779.12,1777.12,1778.84,1111.8
2026-09-19 06:00:00,1778.84,1778.98,1777.25,1777.82,840.38
2026-09-19 06:15:00,1777.82,1779.57,1777.5,1778.77,1468.65
2026-09-19 06:30:00,1778.77,1781.83,1778.77,1781.32,1232.39
2026-09-19 06:45:00,1781.33,1781.88,1780.26,1780.98,653.46
2026-09-19 07:00:00,1780.98,1783.69,1780.65,1782.23,1052.57
2026-09-19 07:15:00,1782.22,1782.39,1780.46,1780.72,622.45
2026-09-19 07:30:00,1780.71,1781.04,1780.0,1780.27,432.59
2026-09-19 07:45:00,1780.27,1781.91,1780.13,1780.17,808.8
2026-09-19 08:00:00,1780.16,1780.46,1778.7,1779.4,770.64
2026-09-19 08:15:00,1779.38,1779.97,1777.85,1779.36,1112.69
2026-09-19 08:30:00,1779.36,1781.39,1778.69,1780.18,731.11
2026-09-19 08:45:00,1780.19,1780.2,1779.35,1779.55,356.43
2026-09-19 09:00:00,1779.56,1780.04,1778.78,1779.36,469.73
2026-09-19 09:15:00,1779.35,1779.44,1778.22,1778.71,546.64
2026-09-19 09:30:00,1778.71,1780.33,1778.57,1780.1,744.68
2026-09-19 09:45:00,1780.1,1782.03,1779.8,1781.46,878.7
2026-09-19 10:00:00,1781.46,1785.64,1781.46,1785.33,2509.99
2026-09-19 10:15:00,1785.33,1786.05,1783.81,1783.89,1008.86
2026-09-19 10:30:00,1783.89,1783.9,1782.09,1783.15,795.27
2026-09-19 10:45:00,1783.16,1783.44,1782.31,1782.74,645.53
2026-09-19 11:00:00,1782.74,1783.93,1782.66,1783.76,520.89
2026-09-19 11:15:00,1783.76,1784.19,1782.9,1783.05,622.68
2026-09-19 11:30:00,1783.08,1784.53,1783.07,1783.49,580.07
2026-09-19 11:45:00,1783.49,1783.85,1782.3,1782.86,515.49
2026-09-19 12:00:00,1782.86,1783.5,1782.65,1783.24,417.85
2026-09-19 12:15:00,1783.25,1783.25,1781.6,1781.91,612.95
2026-09-19 12:30:00,1781.9,1782.33,1780.74,1781.97,683.26
2026-09-19 12:45:00,1781.97,1782.2,1780.05,1780.2,569.8
2026-09-19 13:00:00,1780.2,1780.75,1779.3,1779.9,693.38
2026-09-19 13:15:00,1779.91,1780.45,1779.5,1779.8,433.95
2026-09-19 13:30:00,1779.8,1782.85,1779.67,1782.58,986.68
2026-09-19 13:45:00,1782.58,1782.58,1781.31,1781.42,443.88
2026-09-19 14:00:00,1781.42,1782.2,1780.72,1781.05,486.02
2026-09-19 14:15:00,1781.02,1781.35,1780.19,1780.19,505.66
2026-09-19 14:30:00,1780.2,1781.68,1779.79,1781.31,738.53
2026-09-19 14:45:00,1781.3,1781.31,1779.49,1780.35,690.99
2026-09-19 15:00:00,1780.35,1782.95,1779.45,1781.6,1334.32
2026-09-19 15:15:00,1781.6,1782.0,1781.31,1781.65,487.37
2026-09-19 15:30:00,1781.62,1782.31,1781.28,1781.5,706.57
2026-09-19 15:45:00,1781.51,1781.65,1779.65,1780.27,973.09
2026-09-19 16:00:00,1780.27,1780.41,1778.82,1779.94,1069.45
2026-09-19 16:15:00,1779.91,1780.48,1779.5,1779.81,489.46
2026-09-19 16:30:00,1779.82,1780.3,1779.15,1780.3,372.25
2026-09-19 16:45:00,1780.3,1781.1,1779.78,1781.09,630.03
2026-09-19 17:00:00,1781.09,1781.57,1779.48,1779.48,1208.6
2026-09-19 17:15:00,1779.48,1779.55,1776.75,1777.41,2649.44
2026-09-19 17:30:00,1777.41,1778.35,1776.42,1778.34,634.53
2026-09-19 17:45:00,1778.34,1779.53,1778.17,1779.52,520.27
2026-09-19 18:00:00,1779.53,1781.12,1779.4,1780.4,734.05
2026-09-19 18:15:00,1780.4,1780.7,1779.55,1779.73,520.57
2026-09-19 18:30:00,1779.74,1781.52,1779.22,1781.36,440.3
2026-09-19 18:45:00,1781.35,1781.43,1779.34,1781.32,1148.49
2026-09-19 19:00:00,1781.33,1781.85,1780.66,1781.31,362.46
2026-09-19 19:15:00,1781.31,1781.68,1780.56,1781.48,553.21
2026-09-19 19:30:00,1781.48,1782.28,1781.36,1782.08,453.61
2026-09-19 19:45:00,1782.08,1783.0,1781.86,1783.0,341.58
2026-09-19 20:00:00,1782.99,1787.6,1782.56,1784.12,3042.04
2026-09-19 20:15:00,1784.11,1784.61,1783.31,1783.6,648.84
2026-09-19 20:30:00,1783.59,1784.5,1782.43,1783.79,969.05
2026-09-19 20:45:00,1783.79,1784.96,1783.51,1784.59,611.48
2026-09-19 21:00:00,1784.59,1785.3,1783.14,1784.23,1352.2
2026-09-19 21:15:00,1784.23,1785.45,1783.77,1785.44,574.9
2026-09-19 21:30:00,1785.45,1785.74,1784.12,1785.16,724.18
2026-09-19 21:45:00,1785.15,1786.03,1784.83,1785.04,269.49
2026-09-19 22:00:00,1785.04,1785.05,1781.91,1781.91,692.03
2026-09-19 22:15:00,1781.91,1784.36,1781.91,1784.36,328.24
2026-09-19 22:30:00,1784.35,1784.36,1783.27,1783.87,332.68
2026-09-19 22:45:00,1783.87,1784.17,1782.42,1783.69,451.12
2026-09-19 23:00:00,1783.69,1784.8,1783.69,1784.79,199.58
2026-09-19 23:15:00,1784.8,1785.95,1784.02,1784.77,522.4
2026-09-19 23:30:00,1784.76,1785.71,1784.26,1785.16,517.14
2026-09-19 23:45:00,1785.15,1785.59,1784.55,1784.73,441.47
2026-09-20 00:00:00,1784.73,1785.34,1783.31,1783.86,796.88
2026-09-20 00:15:00,1783.86,1784.59,1780.59,1781.57,791.97
2026-09-20 00:30:00,1781.57,1786.35,1781.06,1785.09,1743.26
2026-09-20 00:45:00,1785.09,1785.19,1783.88,1784.08,445.63
2026-09-20 01:00:00,1784.08,1784.62,1781.68,1782.58,738.54
2026-09-20 01:15:00,1782.57,1783.94,1782.56,1783.09,489.21
2026-09-20 01:30:00,1783.09,1783.64,1782.01,1783.51,547.35
2026-09-20 01:45:00,1783.52,1784.85,1783.07,1784.83,468.6
2026-09-20 02:00:00,1784.83,1784.83,1782.69,1784.71,854.47
2026-09-20 02:15:00,1784.7,1784.83,1782.82,1783.01,495.55
2026-09-20 02:30:00,1783.0,1783.1,1771.71,1771.71,3477.91
2026-09-20 02:45:00,1771.71,1778.66,1758.24,1758.38,14490.37
2026-09-20 03:00:00,1758.38,1768.84,1752.06,1766.75,12029.99
2026-09-20 03:15:00,1766.75,1772.45,1764.4,1765.1,6571.93
2026-09-20 03:30:00,1765.11,1767.16,1763.19,1764.99,2127.73
2026-09-20 03:45:00,1764.99,1769.03,1763.5,1768.26,1793.57
2026-09-20 04:00:00,1768.26,1769.05,1763.71,1765.22,1669.32
2026-09-20 04:15:00,1765.22,1767.32,1764.6,1765.68,829.76
2026-09-20 04:30:00,1765.68,1766.98,1764.45,1764.98,897.95
2026-09-20 04:45:00,1764.98,1765.39,1760.88,1762.87,2494.96
2026-09-20 05:00:00,1762.87,1764.87,1762.86,1764.19,760.55
2026-09-20 05:15:00,1764.19,1764.73,1760.42,1761.39,1654.04
2026-09-20 05:30:00,1761.4,1763.41,1760.69,1762.29,923.83
2026-09-20 05:45:00,1762.16,1765.21,1761.63,1764.69,750.91
2026-09-20 06:00:00,1764.68,1764.69,1762.43,1762.96,722.29
2026-09-20 06:15:00,1762.96,1763.91,1761.76,1762.61,615.2
2026-09-20 06:30:00,1762.61,1763.41,1760.8,1763.27,789.21
2026-09-20 06:45:00,1763.27,1765.67,1762.94,1763.69,1442.78
2026-09-20 07:00:00,1763.69,1764.91,1763.58,1764.61,438.98
2026-09-20 07:15:00,1764.62,1766.83,1763.0,1766.14,1014.65
2026-09-20 07:30:00,1766.14,1767.14,1764.07,1764.52,956.82
2026-09-20 07:45:00,1764.52,1764.64,1762.85,1763.18,386.44
2026-09-20 08:00:00,1763.18,1765.32,1762.6,1765.12,788.0
2026-09-20 08:15:00,1765.11,1765.7,1764.2,1764.69,426.61
2026-09-20 08:30:00,1764.69,1765.38,1761.22,1762.08,1014.67
2026-09-20 08:45:00,1762.08,1762.91,1761.19,1762.84,753.53
2026-09-20 09:00:00,1762.83,1763.5,1762.31,1762.63,424.93
2026-09-20 09:15:00,1762.63,1762.99,1761.55,1762.51,364.05
2026-09-20 09:30:00,1762.52,1767.67,1762.04,1766.42,1142.32
2026-09-20 09:45:00,1766.43,1766.63,1764.01,1764.31,367.1
2026-09-20 10:00:00,1764.33,1764.53,1761.04,1762.64,852.73
2026-09-20 10:15:00,1762.63,1763.37,1761.24,1762.97,900.45
2026-09-20 10:30:00,1762.96,1765.18,1762.38,1762.7,649.67
2026-09-20 10:45:00,1762.69,1763.8,1762.32,1762.38,1277.34
2026-09-20 11:00:00,1762.37,1764.0,1761.81,1763.52,555.8
2026-09-20 11:15:00,1763.52,1763.72,1762.5,1762.83,237.52
2026-09-20 11:30:00,1762.77,1763.85,1762.45,1763.39,486.2
2026-09-20 11:45:00,1763.39,1766.0,1763.32,1764.3,485.3
2026-09-20 12:00:00,1764.31,1766.2,1763.53,1765.79,528.07
2026-09-20 12:15:00,1765.79,1766.09,1763.1,1763.37,391.48
2026-09-20 12:30:00,1763.37,1763.63,1763.0,1763.29,358.61
2026-09-20 12:45:00,1763.29,1764.82,1763.0,1764.58,452.39
2026-09-20 13:00:00,1764.58,1765.0,1763.52,1764.01,593.57
2026-09-20 13:15:00,1764.01,1764.26,1763.23,1763.25,303.59
2026-09-20 13:30:00,1763.26,1763.63,1762.13,1762.64,1237.59
2026-09-20 13:45:00,1762.63,1763.06,1762.05,1762.57,427.18
2026-09-20 14:00:00,1762.57,1764.5,1761.87,1761.87,627.88
2026-09-20 14:15:00,1761.87,1761.93,1760.33,1761.11,929.23
2026-09-20 14:30:00,1761.11,1762.1,1759.21,1761.89,1050.4
2026-09-20 14:45:00,1761.87,1762.28,1760.7,1760.7,590.51
2026-09-20 15:00:00,1760.69,1764.84,1760.69,1763.47,1558.2
2026-09-20 15:15:00,1763.47,1765.82,1763.01,1763.38,1163.75
2026-09-20 15:30:00,1763.38,1767.29,1763.25,1767.28,1284.65
2026-09-20 15:45:00,1767.23,1779.79,1767.18,1778.91,5903.85
2026-09-20 16:00:00,1778.9,1779.78,1773.45,1775.78,3524.12
2026-09-20 16:15:00,1775.79,1777.37,1773.87,1775.05,1233.12
2026-09-20 16:30:00,1775.05,1778.24,1774.2,1777.18,1392.91
2026-09-20 16:45:00,1777.17,1777.22,1774.81,1775.68,843.33
2026-09-20 17:00:00,1775.69,1776.58,1774.55,1774.79,615.0
2026-09-20 17:15:00,1774.78,1777.48,1774.52,1774.84,795.87
2026-09-20 17:30:00,1774.83,1775.24,1772.58,1774.22,715.57
2026-09-20 17:45:00,1774.26,1775.85,1773.61,1774.04,466.99
2026-09-20 18:00:00,1774.03,1774.33,1771.03,1771.15,813.63
2026-09-20 18:15:00,1771.15,1773.47,1771.02,1772.63,424.24
2026-09-20 18:30:00,1772.64,1772.72,1769.24,1769.76,767.7
2026-09-20 18:45:00,1769.77,1770.41,1768.4,1769.88,622.4
2026-09-20 19:00:00,1769.88,1772.45,1769.88,1771.44,371.09
2026-09-20 19:15:00,1771.45,1773.6,1771.25,1773.6,385.03
2026-09-20 19:30:00,1773.6,1774.0,1772.33,1772.75,461.25
2026-09-20 19:45:00,1772.75,1773.84,1771.27,1773.29,317.11
2026-09-20 20:00:00,1773.29,1774.17,1772.74,1772.91,290.09
2026-09-20 20:15:00,1772.91,1774.45,1772.8,1773.8,336.08
2026-09-20 20:30:00,1773.77,1774.35,1773.55,1774.13,275.42
2026-09-20 20:45:00,1774.14,1774.46,1773.78,1774.45,468.9
2026-09-20 21:00:00,1774.45,1774.46,1771.2,1772.42,1235.87
2026-09-20 21:15:00,1772.43,1773.7,1771.65,1773.53,414.67
2026-09-20 21:30:00,1773.51,1774.46,1773.31,1774.45,472.68
2026-09-20 21:45:00,1774.45,1774.46,1773.92,1774.19,397.22
2026-09-20 22:00:00,1774.19,1784.82,1773.18,1784.61,7265.15
2026-09-20 22:15:00,1784.62,1792.57,1782.78,1789.47,4963.0
2026-09-20 22:30:00,1789.49,1791.53,1786.26,1786.38,2143.48
2026-09-20 22:45:00,1786.38,1791.59,1785.43,1789.6,1972.85
2026-09-20 23:00:00,1789.63,1791.39,1787.31,1788.38,2579.12
2026-09-20 23:15:00,1788.38,1791.46,1787.21,1790.63,1632.74
2026-09-20 23:30:00,1790.63,1791.59,1787.91,1791.46,2115.3
2026-09-20 23:45:00,1791.5,1792.58,1788.95,1790.83,4326.55
2026-09-21 00:00:00,1790.89,1813.69,1790.7,1802.19,29732.04
2026-09-21 00:15:00,1802.19,1807.82,1794.64,1804.1,10400.56
2026-09-21 00:30:00,1804.02,1810.0,1802.18,1805.18,10895.38
2026-09-21 00:45:00,1805.2,1808.93,1804.29,1808.63,3663.67
2026-09-21 01:00:00,1808.62,1811.94,1807.66,1809.03,6577.34
2026-09-21 01:15:00,1809.03,1810.58,1806.26,1806.67,3770.98
2026-09-21 01:30:00,1806.62,1807.01,1803.44,1805.66,6318.21
2026-09-21 01:45:00,1805.66,1806.57,1796.43,1796.53,7934.37
2026-09-21 02:00:00,1796.47,1803.79,1796.23,1801.15,5602.09
2026-09-21 02:15:00,1801.16,1804.09,1799.69,1803.5,3484.61
2026-09-21 02:30:00,1803.37,1803.45,1798.81,1801.09,1962.38
2026-09-21 02:45:00,1801.09,1804.08,1800.45,1801.98,1594.77
2026-09-21 03:00:00,1801.86,1804.73,1801.3,1803.31,1874.61
2026-09-21 03:15:00,1803.42,1805.99,1803.27,1804.1,2344.66
2026-09-21 03:30:00,1804.11,1804.47,1801.91,1802.59,1769.0
2026-09-21 03:45:00,1802.6,1804.22,1801.39,1801.77,911.59
2026-09-21 04:00:00,1801.78,1802.22,1796.69,1798.23,2058.09
2026-09-21 04:15:00,1798.11,1799.93,1797.21,1797.63,1116.91
2026-09-21 04:30:00,1797.64,1797.64,1793.19,1795.95,2614.35
2026-09-21 04:45:00,1795.97,1797.88,1793.64,1793.68,1847.85
2026-09-21 05:00:00,1793.66,1794.0,1781.01,1781.12,6220.27
2026-09-21 05:15:00,1781.12,1786.45,1778.37,1784.57,5774.47
2026-09-21 05:30:00,1784.56,1794.4,1784.11,1792.43,5562.92
2026-09-21 05:45:00,1792.43,1793.18,1789.11,1790.1,1813.33
2026-09-21 06:00:00,1790.1,1794.42,1790.1,1793.1,1764.88
2026-09-21 06:15:00,1793.11,1795.8,1791.74,1792.92,1913.19
2026-09-21 06:30:00,1792.93,1796.3,1792.93,1794.55,1441.86
2026-09-21 06:45:00,1794.56,1799.8,1794.56,1799.67,2842.33
2026-09-21 07:00:00,1799.66,1803.76,1796.57,1798.71,5635.22
2026-09-21 07:15:00,1798.68,1799.79,1795.58,1799.61,2776.67
2026-09-21 07:30:00,1799.61,1801.8,1798.63,1799.82,1965.28
2026-09-21 07:45:00,1799.77,1804.98,1799.11,1804.62,2749.16
2026-09-21 08:00:00,1804.61,1816.28,1803.6,1812.03,18668.06
2026-09-21 08:15:00,1812.01,1813.97,1808.6,1813.33,5958.79
2026-09-21 08:30:00,1813.32,1823.67,1812.98,1821.34,14079.21
2026-09-21 08:45:00,1821.34,1822.74,1818.71,1821.83,8103.44
2026-09-21 09:00:00,1821.76,1823.85,1819.33,1819.45,5526.99
2026-09-21 09:15:00,1819.46,1820.77,1815.11,1819.29,8359.56
2026-09-21 09:30:00,1819.21,1821.88,1817.45,1819.61,4416.32
2026-09-21 09:45:00,1819.62,1819.81,1814.92,1815.66,5770.04
2026-09-21 10:00:00,1815.66,1817.45,1813.91,1815.84,3923.81
2026-09-21 10:15:00,1815.84,1817.91,1814.2,1814.96,2311.59
2026-09-21 10:30:00,1814.96,1820.39,1813.02,1817.16,5274.2
2026-09-21 10:45:00,1817.16,1817.94,1813.08,1813.57,2903.16
2026-09-21 11:00:00,1813.56,1818.25,1810.64,1813.46,4940.22
2026-09-21 11:15:00,1813.41,1815.56,1808.07,1811.31,4674.93
2026-09-21 11:30:00,1811.37,1811.37,1798.14,1803.19,9745.2
2026-09-21 11:45:00,1803.1,1811.24,1800.75,1808.69,7854.65
2026-09-21 12:00:00,1808.68,1818.77,1807.63,1815.84,8782.85
2026-09-21 12:15:00,1815.83,1816.34,1807.9,1808.01,6342.75
2026-09-21 12:30:00,1808.02,1816.89,1807.36,1815.96,4936.15
2026-09-21 12:45:00,1816.05,1817.26,1811.6,1812.54,5672.05
2026-09-21 13:00:00,1812.52,1819.45,1810.24,1813.46,10030.0
2026-09-21 13:15:00,1813.49,1837.0,1813.49,1826.54,42539.34
2026-09-21 13:30:00,1826.55,1835.12,1786.42,1809.21,164987.89
2026-09-21 13:45:00,1809.21,1810.74,1778.4,1779.19,57524.99
2026-09-21 14:00:00,1779.16,1785.49,1767.53,1774.15,66297.86
2026-09-21 14:15:00,1774.15,1790.0,1773.57,1782.57,44345.99
2026-09-21 14:30:00,1782.48,1796.31,1778.56,1791.2,37780.38
2026-09-21 14:45:00,1791.19,1791.19,1773.79,1782.67,24646.8
2026-09-21 15:00:00,1782.7,1785.2,1771.59,1772.57,22618.32
2026-09-21 15:15:00,1772.57,1777.61,1766.29,1772.6,23864.96
2026-09-21 15:30:00,1772.59,1779.35,1766.58,1772.49,15383.36
2026-09-21 15:45:00,1772.48,1775.77,1761.0,1762.09,19897.68
2026-09-21 16:00:00,1762.08,1776.08,1761.59,1771.01,18588.98
2026-09-21 16:15:00,1771.01,1773.26,1766.11,1767.01,6475.37
2026-09-21 16:30:00,1767.05,1767.3,1744.15,1759.21,34445.24
2026-09-21 16:45:00,1759.11,1760.51,1749.26,1750.68,12489.5
2026-09-21 17:00:00,1750.68,1753.6,1742.48,1743.83,14480.64
2026-09-21 17:15:00,1743.91,1745.9,1736.97,1740.5,14858.37
2026-09-21 17:30:00,1740.49,1745.17,1740.24,1742.17,10834.94
2026-09-21 17:45:00,1742.17,1746.46,1739.56,1740.23,7575.1
2026-09-21 18:00:00,1740.21,1752.57,1738.57,1751.47,14764.92
2026-09-21 18:15:00,1751.52,1754.12,1747.57,1748.01,6162.41
2026-09-21 18:30:00,1748.02,1762.79,1746.8,1760.9,9619.32
2026-09-21 18:45:00,1760.89,1766.53,1756.89,1766.39,5700.72
2026-09-21 19:00:00,1766.39,1768.0,1755.67,1756.8,7014.43
2026-09-21 19:15:00,1756.79,1758.85,1749.62,1750.43,5418.48
2026-09-21 19:30:00,1750.4,1756.99,1744.32,1755.15,9474.25
2026-09-21 19:45:00,1755.24,1775.77,1754.96,1765.82,22610.67
2026-09-21 20:00:00,1765.93,1771.34,1761.62,1764.76,7270.82
2026-09-21 20:15:00,1764.78,1764.78,1761.32,1763.75,3329.07
2026-09-21 20:30:00,1763.76,1764.17,1760.23,1761.23,1436.04
2026-09-21 20:45:00,1761.23,1763.55,1759.69,1763.25,1583.2
2026-09-21 21:00:00,1763.25,1765.54,1762.14,1765.02,2218.95
2026-09-21 21:15:00,1764.97,1769.42,1763.73,1769.13,1697.39
2026-09-21 21:30:00,1769.14,1770.76,1768.82,1769.52,1232.57
2026-09-21 21:45:00,1769.52,1771.27,1767.86,1770.91,685.08
2026-09-21 22:00:00,1770.87,1772.86,1769.64,1771.48,1907.71
2026-09-21 22:15:00,1771.48,1774.22,1770.71,1774.08,1834.69
2026-09-21 22:30:00,1774.17,1775.4,1772.95,1774.42,1834.44
2026-09-21 22:45:00,1774.47,1775.62,1773.07,1774.34,1436.45
2026-09-21 23:00:00,1774.35,1779.75,1774.2,1778.48,3414.11
2026-09-21 23:15:00,1778.48,1779.7,1777.65,1778.81,1920.38
2026-09-21 23:30:00,1778.81,1778.9,1776.4,1776.49,1578.29
2026-09-21 23:45:00,1776.5,1778.52,1774.51,1776.55,1990.54
2026-09-22 00:00:00,1776.54,1791.47,1774.26,1787.83,13827.75
2026-09-22 00:15:00,1787.81,1788.0,1781.76,1787.43,4067.0
2026-09-22 00:30:00,1787.45,1793.85,1787.03,1789.86,5633.89
2026-09-22 00:45:00,1789.87,1792.05,1787.96,1788.68,3136.16
2026-09-22 01:00:00,1788.69,1791.51,1785.62,1787.95,3984.45
2026-09-22 01:15:00,1787.94,1788.57,1781.69,1788.05,4388.96
2026-09-22 01:30:00,1788.02,1788.6,1783.8,1786.01,2047.57
2026-09-22 01:45:00,1786.01,1787.09,1781.66,1781.66,1815.32
2026-09-22 02:00:00,1781.66,1786.4,1781.66,1784.88,1926.9
2026-09-22 02:15:00,1784.91,1788.58,1784.55,1786.78,2013.02
2026-09-22 02:30:00,1786.81,1790.17,1785.32,1789.6,1967.97
2026-09-22 02:45:00,1789.6,1790.69,1788.59,1789.81,1890.04
2026-09-22 03:00:00,1789.78,1791.1,1786.21,1788.31,1984.25
2026-09-22 03:15:00,1788.32,1790.47,1787.97,1789.59,1377.34
2026-09-22 03:30:00,1789.6,1791.04,1788.58,1789.56,1393.2
2026-09-22 03:45:00,1789.5,1791.57,1786.35,1786.7,1795.09
2026-09-22 04:00:00,1786.7,1787.75,1778.37,1778.71,5180.53
2026-09-22 04:15:00,1778.71,1780.98,1772.67,1777.5,6694.56
2026-09-22 04:30:00,1777.48,1779.04,1768.89,1771.46,6125.91
2026-09-22 04:45:00,1771.42,1772.74,1760.83,1763.31,9209.05
2026-09-22 05:00:00,1763.31,1774.4,1762.64,1768.12,5993.38
2026-09-22 05:15:00,1768.08,1768.67,1756.11,1758.8,9862.24
2026-09-22 05:30:00,1758.77,1764.98,1754.42,1762.01,8052.53
2026-09-22 05:45:00,1762.09,1770.31,1761.85,1766.47,6646.67
2026-09-22 06:00:00,1766.51,1768.19,1758.58,1760.33,4814.01
2026-09-22 06:15:00,1760.36,1761.0,1757.07,1760.99,3742.3
2026-09-22 06:30:00,1761.0,1765.15,1759.71,1762.08,5279.52
2026-09-22 06:45:00,1762.07,1765.89,1759.01,1759.01,4369.12
2026-09-22 07:00:00,1759.01,1763.28,1757.07,1761.44,3653.97
2026-09-22 07:15:00,1761.43,1764.39,1760.4,1760.93,1891.69
2026-09-22 07:30:00,1760.89,1762.7,1758.71,1761.99,1617.96
2026-09-22 07:45:00,1762.0,1763.21,1760.0,1762.07,1286.27
2026-09-22 08:00:00,1762.09,1763.04,1751.32,1757.01,15127.68
2026-09-22 08:15:00,1757.02,1757.26,1742.52,1743.19,13377.21
2026-09-22 08:30:00,1743.2,1757.31,1742.38,1757.13,11709.31
2026-09-22 08:45:00,1757.14,1760.85,1753.66,1759.24,7341.62
2026-09-22 09:00:00,1759.23,1761.81,1754.2,1757.89,6939.5
2026-09-22 09:15:00,1757.89,1762.34,1757.37,1760.2,3653.89
2026-09-22 09:30:00,1760.25,1768.94,1760.14,1768.34,6837.93
2026-09-22 09:45:00,1768.33,1780.46,1767.69,1776.87,15394.05
2026-09-22 10:00:00,1776.87,1777.02,1770.79,1771.31,4691.86
2026-09-22 10:15:00,1771.31,1772.88,1766.94,1767.82,3457.82
2026-09-22 10:30:00,1767.81,1772.13,1766.33,1771.26,2216.32
2026-09-22 10:45:00,1771.26,1772.78,1769.63,1770.41,1635.33
2026-09-22 11:00:00,1770.41,1774.55,1760.67,1765.06,5974.42
2026-09-22 11:15:00,1765.1,1765.27,1756.89,1757.36,3607.01
2026-09-22 11:30:00,1757.39,1762.04,1757.03,1759.32,3337.48
2026-09-22 11:45:00,1759.32,1761.1,1754.29,1757.17,4310.71
2026-09-22 12:00:00,1757.17,1760.72,1751.58,1754.0,5552.55
2026-09-22 12:15:00,1754.01,1760.41,1751.93,1759.89,4647.99
2026-09-22 12:30:00,1759.93,1765.27,1755.67,1756.08,5020.56
2026-09-22 12:45:00,1756.08,1759.53,1755.75,1757.67,2912.71
2026-09-22 13:00:00,1757.57,1762.88,1756.02,1758.64,5344.31
2026-09-22 13:15:00,1758.65,1765.0,1753.18,1757.73,11534.41
2026-09-22 13:30:00,1757.68,1897.08,1756.93,1883.51,266665.14
2026-09-22 13:45:00,1883.35,1908.69,1868.31,1897.55,180496.58
2026-09-22 14:00:00,1897.52,1899.98,1876.76,1887.95,86957.35
2026-09-22 14:15:00,1887.86,1887.99,1871.25,1876.68,64442.72
2026-09-22 14:30:00,1876.65,1888.28,1866.3,1871.43,54852.5
2026-09-22 14:45:00,1871.46,1875.72,1855.42,1859.09,71205.26
2026-09-22 15:00:00,1859.09,1861.56,1835.82,1850.25,73239.4
2026-09-22 15:15:00,1850.21,1851.29,1840.65,1846.14,19599.3
2026-09-22 15:30:00,1846.13,1865.44,1845.09,1862.43,42642.63
2026-09-22 15:45:00,1862.42,1869.18,1856.67,1869.06,17334.81
2026-09-22 16:00:00,1869.0,1888.77,1868.99,1884.31,54783.78
2026-09-22 16:15:00,1884.31,1885.46,1875.66,1877.21,18837.57
2026-09-22 16:30:00,1877.2,1884.58,1874.0,1881.08,14125.1
2026-09-22 16:45:00,1881.03,1889.43,1879.97,1886.0,17875.4
2026-09-22 17:00:00,1886.0,1888.08,1879.55,1881.76,9736.99
2026-09-22 17:15:00,1881.79,1888.17,1879.59,1887.5,7336.16
2026-09-22 17:30:00,1887.5,1894.27,1883.3,1893.42,14956.69
2026-09-22 17:45:00,1893.42,1895.55,1883.34,1884.65,22126.86
2026-09-22 18:00:00,1884.68,1887.38,1879.68,1884.51,11838.23
2026-09-22 18:15:00,1884.51,1894.49,1884.15,1887.7,11655.63
2026-09-22 18:30:00,1887.72,1888.51,1883.28,1887.87,5944.74
2026-09-22 18:45:00,1887.87,1888.0,1882.18,1887.11,4806.7
2026-09-22 19:00:00,1887.1,1891.65,1884.96,1888.69,5992.74
2026-09-22 19:15:00,1888.68,1893.67,1880.61,1887.96,9974.67
2026-09-22 19:30:00,1887.94,1898.31,1886.7,1893.55,12758.32
2026-09-22 19:45:00,1893.57,1898.05,1884.51,1884.91,18587.83
2026-09-22 20:00:00,1884.89,1885.68,1877.11,1882.49,11202.57
2026-09-22 20:15:00,1882.49,1884.59,1878.79,1880.92,2919.06
2026-09-22 20:30:00,1880.92,1881.71,1878.57,1879.14,2015.37
2026-09-22 20:45:00,1879.15,1883.66,1878.81,1882.81,1958.28
2026-09-22 21:00:00,1882.81,1882.95,1879.42,1879.71,3308.43
2026-09-22 21:15:00,1879.71,1882.49,1879.7,1881.58,1143.53
2026-09-22 21:30:00,1881.62,1882.28,1880.03,1880.15,910.05
2026-09-22 21:45:00,1880.15,1881.33,1880.0,1880.95,716.68
2026-09-22 22:00:00,1880.96,1885.84,1880.95,1885.75,1894.94
2026-09-22 22:15:00,1885.74,1889.34,1885.0,1888.41,2517.26
2026-09-22 22:30:00,1888.41,1891.11,1887.84,1889.05,2621.18
2026-09-22 22:45:00,1889.06,1892.54,1887.02,1891.26,1974.59
2026-09-22 23:00:00,1891.28,1895.0,1889.61,1891.71,5227.78
2026-09-22 23:15:00,1891.78,1893.06,1889.49,1891.23,1737.32
2026-09-22 23:30:00,1891.23,1895.66,1891.23,1894.65,2374.98
2026-09-22 23:45:00,1894.65,1897.21,1892.58,1897.07,3709.37
2026-09-23 00:00:00,1897.06,1897.29,1883.52,1888.17,10150.27
2026-09-23 00:15:00,1888.12,1891.71,1884.41,1888.29,3400.57
2026-09-23 00:30:00,1888.29,1889.82,1883.26,1885.29,3942.57
2026-09-23 00:45:00,1885.31,1886.38,1879.6,1879.95,3976.98
2026-09-23 01:00:00,1879.96,1886.27,1878.02,1884.62,5144.08
2026-09-23 01:15:00,1884.61,1886.0,1882.61,1885.99,1951.71
2026-09-23 01:30:00,1885.99,1887.67,1878.56,1879.24,3681.06
2026-09-23 01:45:00,1879.1,1880.0,1873.0,1873.31,6407.72
2026-09-23 02:00:00,1873.31,1878.55,1871.28,1871.97,3722.59
2026-09-23 02:15:00,1871.99,1879.32,1870.52,1877.12,2870.61
2026-09-23 02:30:00,1877.12,1877.58,1873.77,1875.96,1999.06
2026-09-23 02:45:00,1875.95,1877.16,1875.87,1877.16,2673.73
2026-09-23 03:00:00,1877.16,1877.16,1875.7,1876.83,1781.23
2026-09-23 03:15:00,1876.82,1877.16,1875.1,1876.54,2358.65
2026-09-23 03:30:00,1876.55,1877.16,1875.79,1877.07,2698.62
2026-09-23 03:45:00,1877.07,1877.16,1876.15,1876.73,1348.41
2026-09-23 04:00:00,1876.72,1883.92,1876.58,1882.97,5924.17
2026-09-23 04:15:00,1883.0,1885.62,1881.98,1882.76,3103.41
2026-09-23 04:30:00,1882.75,1886.94,1882.6,1884.57,1837.87
2026-09-23 04:45:00,1884.6,1885.34,1878.83,1880.04,1830.93
2026-09-23 05:00:00,1880.06,1880.77,1876.58,1878.71,1543.55
2026-09-23 05:15:00,1878.7,1880.03,1876.1,1878.68,1409.88
2026-09-23 05:30:00,1878.65,1881.52,1877.83,1880.17,1120.6
2026-09-23 05:45:00,1880.18,1884.23,1879.96,1880.84,1644.87
2026-09-23 06:00:00,1880.83,1885.56,1880.34,1884.95,1748.2
2026-09-23 06:15:00,1884.91,1885.0,1882.26,1884.7,1104.72
2026-09-23 06:30:00,1884.69,1891.21,1884.4,1888.7,2732.48
2026-09-23 06:45:00,1888.76,1890.18,1885.08,1885.9,1843.19
2026-09-23 07:00:00,1885.91,1886.15,1883.34,1885.8,1751.68
2026-09-23 07:15:00,1885.82,1886.12,1884.33,1885.58,731.49
2026-09-23 07:30:00,1885.64,1887.16,1883.73,1883.75,1249.09
2026-09-23 07:45:00,1883.75,1885.16,1882.69,1885.09,1716.05
2026-09-23 08:00:00,1885.07,1885.4,1877.84,1881.2,7395.34
2026-09-23 08:15:00,1881.24,1882.59,1876.56,1881.24,4786.86
2026-09-23 08:30:00,1881.19,1882.83,1877.32,1878.56,2888.58
2026-09-23 08:45:00,1878.53,1878.74,1873.45,1876.33,4770.84
2026-09-23 09:00:00,1876.43,1880.7,1874.69,1880.1,3464.78
2026-09-23 09:15:00,1880.1,1883.31,1879.18,1882.4,2136.81
2026-09-23 09:30:00,1882.41,1883.62,1880.56,1881.43,1320.88
2026-09-23 09:45:00,1881.43,1881.55,1878.29,1880.96,1395.3
2026-09-23 10:00:00,1880.96,1881.59,1879.26,1880.38,1366.63
2026-09-23 10:15:00,1880.39,1882.89,1879.48,1880.89,1557.06
2026-09-23 10:30:00,1880.88,1882.78,1879.94,1882.08,1579.03
2026-09-23 10:45:00,1882.08,1884.89,1880.51,1884.35,2322.46
2026-09-23 11:00:00,1884.35,1885.0,1868.27,1872.55,9346.24
2026-09-23 11:15:00,1872.55,1874.66,1862.01,1864.89,11272.68
2026-09-23 11:30:00,1864.88,1865.15,1856.25,1863.6,12339.17
2026-09-23 11:45:00,1863.54,1867.87,1862.95,1864.33,7691.46
2026-09-23 12:00:00,1864.44,1866.33,1857.34,1862.56,10713.4
2026-09-23 12:15:00,1862.57,1874.44,1861.04,1873.6,12711.7
2026-09-23 12:30:00,1873.6,1883.75,1873.52,1877.33,13967.87
2026-09-23 12:45:00,1877.33,1881.17,1873.24,1880.08,6400.21
2026-09-23 13:00:00,1880.02,1880.02,1871.76,1878.76,5381.12
2026-09-23 13:15:00,1878.75,1896.06,1877.22,1895.26,21585.23
2026-09-23 13:30:00,1895.26,1904.6,1846.17,1849.51,137331.86
2026-09-23 13:45:00,1849.55,1859.0,1841.23,1855.17,70857.15
2026-09-23 14:00:00,1855.17,1861.74,1836.97,1839.54,74357.56
2026-09-23 14:15:00,1839.53,1844.75,1822.41,1834.53,63305.43
2026-09-23 14:30:00,1834.62,1840.79,1823.89,1831.02,36999.49
2026-09-23 14:45:00,1831.03,1847.0,1829.93,1841.12,31259.87
2026-09-23 15:00:00,1841.17,1845.75,1833.04,1841.84,19705.1
2026-09-23 15:15:00,1841.86,1845.63,1834.11,1835.72,13296.19
2026-09-23 15:30:00,1835.66,1836.92,1825.66,1831.12,18040.38
2026-09-23 15:45:00,1831.13,1831.18,1822.27,1830.02,15199.07
2026-09-23 16:00:00,1830.02,1832.59,1825.02,1831.18,11670.99
2026-09-23 16:15:00,1831.18,1833.27,1821.2,1823.92,12592.67
2026-09-23 16:30:00,1823.92,1830.15,1814.42,1814.85,18483.95
2026-09-23 16:45:00,1814.83,1820.92,1812.85,1814.82,12847.18
2026-09-23 17:00:00,1814.88,1818.27,1810.01,1811.53,14078.02
2026-09-23 17:15:00,1811.52,1821.5,1811.35,1815.99,8891.22
2026-09-23 17:30:00,1815.97,1825.35,1815.51,1824.34,9006.27
2026-09-23 17:45:00,1824.34,1831.62,1821.23,1830.62,10166.82
2026-09-23 18:00:00,1830.63,1831.53,1823.74,1824.38,7231.58
2026-09-23 18:15:00,1824.35,1829.43,1823.73,1826.6,4145.58
2026-09-23 18:30:00,1826.58,1828.41,1818.5,1818.64,5971.13
2026-09-23 18:45:00,1818.68,1819.79,1812.38,1814.29,7525.6
2026-09-23 19:00:00,1814.29,1818.8,1811.0,1812.54,6354.46
2026-09-23 19:15:00,1812.66,1817.92,1809.01,1814.46,6569.09
2026-09-23 19:30:00,1814.44,1818.9,1810.62,1812.21,6008.3
2026-09-23 19:45:00,1812.16,1822.0,1801.79,1814.75,27803.58
2026-09-23 20:00:00,1814.74,1823.28,1814.1,1818.63,7809.78
2026-09-23 20:15:00,1818.62,1821.48,1817.09,1819.58,2696.9
2026-09-23 20:30:00,1819.59,1820.56,1817.79,1818.73,1457.73
2026-09-23 20:45:00,1818.74,1819.92,1818.12,1819.53,1211.11
2026-09-23 21:00:00,1819.54,1821.32,1817.91,1819.86,3904.24
2026-09-23 21:15:00,1819.85,1820.05,1818.97,1819.68,732.21
2026-09-23 21:30:00,1819.67,1821.42,1819.02,1820.42,825.84
2026-09-23 21:45:00,1820.42,1821.35,1819.97,1820.5,631.94
2026-09-23 22:00:00,1820.48,1834.96,1820.12,1827.95,8039.5
2026-09-23 22:15:00,1827.94,1828.75,1824.37,1825.02,2308.36
2026-09-23 22:30:00,1825.01,1825.31,1822.69,1824.31,1127.71
2026-09-23 22:45:00,1824.31,1827.04,1824.09,1825.84,877.16
2026-09-23 23:00:00,1825.84,1827.44,1825.15,1825.99,831.68
2026-09-23 23:15:00,1825.96,1826.55,1823.08,1823.21,697.42
2026-09-23 23:30:00,1823.21,1825.17,1822.54,1822.64,1260.27
2026-09-23 23:45:00,1822.7,1823.49,1818.78,1818.83,1220.0
2026-09-24 00:00:00,1818.77,1823.55,1808.45,1812.62,6653.23
2026-09-24 00:15:00,1812.61,1818.78,1812.43,1815.44,2357.31
2026-09-24 00:30:00,1815.43,1819.11,1810.0,1810.73,2027.27
2026-09-24 00:45:00,1810.72,1811.52,1803.26,1806.81,5992.38
2026-09-24 01:00:00,1806.84,1809.45,1804.05,1807.55,4512.22
2026-09-24 01:15:00,1807.55,1807.55,1801.45,1802.36,4357.89
2026-09-24 01:30:00,1802.36,1809.73,1802.25,1805.8,4557.73
2026-09-24 01:45:00,1805.8,1806.18,1801.24,1805.62,3027.75
2026-09-24 02:00:00,1805.63,1806.69,1801.07,1802.69,3243.44
2026-09-24 02:15:00,1802.69,1808.18,1802.69,1806.39,3209.02
2026-09-24 02:30:00,1806.39,1810.52,1805.96,1810.52,2203.64
2026-09-24 02:45:00,1810.52,1812.21,1810.01,1810.78,2593.66
2026-09-24 03:00:00,1810.78,1810.79,1804.74,1807.5,3573.19
2026-09-24 03:15:00,1807.51,1807.88,1802.14,1802.79,2023.01
2026-09-24 03:30:00,1802.8,1804.24,1802.02,1803.07,1922.95
2026-09-24 03:45:00,1803.06,1805.1,1802.13,1803.87,1227.44
2026-09-24 04:00:00,1803.87,1803.94,1782.84,1785.5,28473.05
2026-09-24 04:15:00,1785.5,1790.26,1783.65,1789.93,5661.08
2026-09-24 04:30:00,1789.93,1791.2,1785.29,1785.9,3971.68
2026-09-24 04:45:00,1785.94,1788.67,1781.18,1786.67,5624.24
2026-09-24 05:00:00,1786.67,1795.78,1786.28,1792.15,5847.61
2026-09-24 05:15:00,1792.15,1792.86,1786.21,1792.86,2627.04
2026-09-24 05:30:00,1792.86,1794.37,1790.58,1790.9,2017.88
2026-09-24 05:45:00,1790.94,1790.94,1778.86,1779.56,6474.15
2026-09-24 06:00:00,1779.51,1782.88,1774.59,1781.56,10323.22
2026-09-24 06:15:00,1781.57,1782.5,1775.0,1775.96,6493.8
2026-09-24 06:30:00,1775.95,1778.66,1774.64,1776.56,4016.43
2026-09-24 06:45:00,1776.57,1777.52,1773.78,1774.23,3377.63
2026-09-24 07:00:00,1774.23,1782.93,1772.56,1779.99,5651.59
2026-09-24 07:15:00,1780.0,1781.47,1776.84,1781.02,3936.94
2026-09-24 07:30:00,1781.02,1788.56,1780.67,1786.88,7585.78
2026-09-24 07:45:00,1786.86,1786.86,1781.07,1781.5,2708.76
2026-09-24 08:00:00,1781.46,1784.51,1772.86,1774.17,13497.95
2026-09-24 08:15:00,1774.11,1778.16,1766.67,1768.88,13962.89
2026-09-24 08:30:00,1768.88,1772.86,1756.62,1758.3,18182.77
2026-09-24 08:45:00,1758.3,1762.88,1752.0,1762.64,12813.12
2026-09-24 09:00:00,1762.7,1766.22,1755.7,1759.07,5831.61
2026-09-24 09:15:00,1759.07,1764.8,1759.07,1762.3,6297.48
2026-09-24 09:30:00,1762.34,1762.58,1753.65,1758.74,8661.82
2026-09-24 09:45:00,1758.74,1766.3,1758.26,1765.78,7130.34
2026-09-24 10:00:00,1765.78,1771.2,1765.26,1770.84,7436.6
2026-09-24 10:15:00,1770.82,1771.51,1761.91,1764.74,5453.07
2026-09-24 10:30:00,1764.74,1771.78,1764.32,1771.28,3120.34
2026-09-24 10:45:00,1771.29,1774.85,1769.7,1773.3,4586.15
2026-09-24 11:00:00,1773.29,1782.4,1773.09,1782.24,11754.31
2026-09-24 11:15:00,1782.24,1785.82,1773.52,1773.66,7997.78
2026-09-24 11:30:00,1773.65,1778.27,1770.59,1770.99,4676.03
2026-09-24 11:45:00,1771.0,1775.81,1769.06,1774.5,3804.28
2026-09-24 12:00:00,1774.49,1783.99,1769.06,1782.62,6817.51
2026-09-24 12:15:00,1782.6,1789.68,1780.0,1781.9,11621.07
2026-09-24 12:30:00,1781.89,1782.86,1770.55,1777.15,9542.04
2026-09-24 12:45:00,1777.15,1779.57,1773.0,1775.09,4388.89
2026-09-24 13:00:00,1775.12,1781.99,1774.88,1777.05,4835.08
2026-09-24 13:15:00,1777.05,1790.77,1773.22,1786.36,23285.96
2026-09-24 13:30:00,1786.34,1790.55,1746.89,1770.55,129382.25
2026-09-24 13:45:00,1770.55,1811.16,1764.44,1767.75,140730.04
2026-09-24 14:00:00,1767.75,1787.06,1767.75,1783.14,45954.15
2026-09-24 14:15:00,1783.16,1794.57,1776.97,1793.43,26974.96
2026-09-24 14:30:00,1793.42,1800.0,1784.9,1786.03,30678.41
2026-09-24 14:45:00,1786.08,1790.71,1766.13,1770.59,29529.81
2026-09-24 15:00:00,1770.6,1771.16,1755.82,1761.11,24727.73
2026-09-24 15:15:00,1761.11,1768.58,1760.75,1762.5,19679.58
2026-09-24 15:30:00,1762.5,1769.8,1758.58,1768.22,15866.12
2026-09-24 15:45:00,1768.22,1769.49,1759.94,1762.99,12479.95
2026-09-24 16:00:00,1762.99,1763.84,1750.33,1755.97,16990.64
2026-09-24 16:15:00,1755.99,1771.0,1755.99,1766.22,42306.6
2026-09-24 16:30:00,1766.22,1785.29,1759.35,1774.33,20511.82
2026-09-24 16:45:00,1774.33,1777.21,1763.18,1773.99,17957.04
2026-09-24 17:00:00,1773.95,1778.75,1768.01,1769.27,10494.57
2026-09-24 17:15:00,1769.27,1769.95,1763.01,1765.6,7350.68
2026-09-24 17:30:00,1765.61,1769.52,1753.47,1755.16,9321.79
2026-09-24 17:45:00,1755.07,1758.37,1743.59,1749.41,16030.2
2026-09-24 18:00:00,1749.43,1749.44,1727.18,1734.95,26024.29
2026-09-24 18:15:00,1734.96,1743.97,1733.36,1742.34,11326.27
2026-09-24 18:30:00,1742.33,1745.86,1734.2,1737.73,8687.61
2026-09-24 18:45:00,1737.72,1752.36,1735.01,1751.61,10351.0
2026-09-24 19:00:00,1751.61,1753.66,1739.52,1740.96,11104.84
2026-09-24 19:15:00,1740.96,1747.61,1739.65,1742.19,7014.53
2026-09-24 19:30:00,1742.2,1752.61,1742.1,1749.03,5811.25
2026-09-24 19:45:00,1749.01,1758.93,1748.65,1754.97,13921.87
2026-09-24 20:00:00,1754.88,1756.45,1748.82,1749.45,4937.44
2026-09-24 20:15:00,1749.5,1751.21,1746.41,1747.65,3668.15
2026-09-24 20:30:00,1747.65,1752.82,1747.31,1751.86,2858.05
2026-09-24 20:45:00,1751.87,1754.65,1750.09,1754.07,1532.23
2026-09-24 21:00:00,1754.08,1755.12,1752.81,1754.37,1605.03
2026-09-24 21:15:00,1754.37,1758.05,1753.72,1757.13,1423.58
2026-09-24 21:30:00,1757.12,1761.28,1756.89,1761.08,2447.14
2026-09-24 21:45:00,1761.07,1762.07,1757.29,1758.75,1699.89
2026-09-24 22:00:00,1758.76,1760.0,1755.97,1756.53,2121.19
2026-09-24 22:15:00,1756.53,1757.64,1754.59,1755.6,1842.9
2026-09-24 22:30:00,1755.64,1758.96,1755.56,1758.6,1133.52
2026-09-24 22:45:00,1758.6,1759.99,1758.19,1759.22,1036.77
2026-09-24 23:00:00,1759.22,1760.34,1758.07,1758.44,1516.58
2026-09-24 23:15:00,1758.44,1759.89,1758.43,1759.37,1116.96
2026-09-24 23:30:00,1759.36,1759.76,1757.65,1757.84,982.89
2026-09-24 23:45:00,1757.82,1758.74,1755.13,1755.13,941.98
2026-09-25 00:00:00,1755.13,1759.6,1752.66,1758.67,2970.65
2026-09-25 00:15:00,1758.67,1764.79,1756.54,1761.66,2676.18
2026-09-25 00:30:00,1761.65,1765.0,1761.13,1763.49,1354.71
2026-09-25 00:45:00,1763.46,1764.67,1762.17,1763.87,1172.69
2026-09-25 01:00:00,1764.09,1778.24,1762.06,1775.24,6311.91
2026-09-25 01:15:00,1775.24,1779.55,1773.29,1777.34,5645.07
2026-09-25 01:30:00,1777.32,1783.64,1771.84,1781.19,4500.35
2026-09-25 01:45:00,1781.19,1782.24,1774.76,1777.77,2773.93
2026-09-25 02:00:00,1777.77,1782.72,1775.51,1777.56,3973.89
2026-09-25 02:15:00,1777.6,1780.94,1774.72,1774.99,2149.89
2026-09-25 02:30:00,1774.98,1779.44,1772.81,1777.95,2964.61
2026-09-25 02:45:00,1777.95,1778.05,1771.02,1772.02,3428.99
2026-09-25 03:00:00,1772.04,1776.25,1770.82,1775.26,1816.23
2026-09-25 03:15:00,1775.27,1776.78,1772.1,1774.49,1411.5
2026-09-25 03:30:00,1774.49,1777.98,1773.26,1775.89,1069.64
2026-09-25 03:45:00,1775.98,1780.57,1774.41,1779.42,3502.57
2026-09-25 04:00:00,1779.38,1780.06,1777.36,1779.11,2078.04
2026-09-25 04:15:00,1779.11,1780.11,1775.68,1776.46,2461.67
2026-09-25 04:30:00,1776.46,1778.74,1775.38,1777.77,1080.63
2026-09-25 04:45:00,1777.79,1778.79,1775.25,1776.58,705.25
2026-09-25 05:00:00,1776.57,1779.66,1775.75,1778.54,1079.22
2026-09-25 05:15:00,1778.54,1779.49,1776.77,1778.93,722.42
2026-09-25 05:30:00,1778.89,1781.76,1778.69,1781.76,2715.04
2026-09-25 05:45:00,1781.75,1783.38,1780.2,1782.56,1973.8
2026-09-25 06:00:00,1782.55,1789.1,1782.1,1788.09,4968.59
2026-09-25 06:15:00,1788.09,1792.09,1786.44,1786.97,6118.92
2026-09-25 06:30:00,1786.97,1789.76,1785.76,1787.82,3243.59
2026-09-25 06:45:00,1787.8,1788.73,1783.5,1785.22,3144.35
2026-09-25 07:00:00,1785.22,1787.3,1783.46,1786.7,2992.8
2026-09-25 07:15:00,1786.7,1789.81,1784.64,1789.66,3149.43
2026-09-25 07:30:00,1789.66,1790.55,1786.19,1787.49,2299.94
2026-09-25 07:45:00,1787.48,1789.93,1786.61,1789.13,2001.61
2026-09-25 08:00:00,1789.12,1794.64,1785.13,1793.4,8790.58
2026-09-25 08:15:00,1793.41,1799.63,1790.6,1797.61,10001.19
2026-09-25 08:30:00,1797.54,1799.0,1795.1,1796.57,3344.8
2026-09-25 08:45:00,1796.57,1797.75,1793.07,1796.81,3273.02
2026-09-25 09:00:00,1796.75,1798.76,1795.79,1795.79,2667.75
2026-09-25 09:15:00,1795.85,1799.29,1793.66,1794.33,4834.55
2026-09-25 09:30:00,1794.32,1796.68,1792.61,1792.63,3426.72
2026-09-25 09:45:00,1792.67,1792.76,1788.35,1791.32,4495.02
2026-09-25 10:00:00,1791.32,1792.46,1786.69,1792.38,4235.97
2026-09-25 10:15:00,1792.37,1795.0,1791.95,1793.99,3512.66
2026-09-25 10:30:00,1793.98,1794.5,1789.56,1791.3,2645.63
2026-09-25 10:45:00,1791.39,1793.29,1787.3,1789.22,5034.7
2026-09-25 11:00:00,1789.21,1792.21,1785.33,1791.54,5186.26
2026-09-25 11:15:00,1791.53,1794.72,1791.12,1793.49,3277.51
2026-09-25 11:30:00,1793.48,1795.3,1790.76,1791.42,3116.33
2026-09-25 11:45:00,1791.53,1796.47,1791.04,1793.02,2521.28
2026-09-25 12:00:00,1793.02,1797.52,1790.85,1794.04,7384.21
2026-09-25 12:15:00,1794.01,1798.45,1790.74,1793.19,6116.55
2026-09-25 12:30:00,1793.2,1798.94,1792.33,1797.66,4811.11
2026-09-25 12:45:00,1797.65,1799.35,1794.6,1797.45,5048.36
2026-09-25 13:00:00,1797.45,1813.94,1795.62,1808.4,21573.34
2026-09-25 13:15:00,1808.41,1808.78,1790.72,1792.67,33108.42
2026-09-25 13:30:00,1792.66,1814.88,1781.12,1796.59,112595.29
2026-09-25 13:45:00,1796.6,1797.35,1763.9,1769.14,78432.83
2026-09-25 14:00:00,1769.25,1775.09,1752.26,1753.79,38356.65
2026-09-25 14:15:00,1753.79,1756.53,1743.2,1749.15,43659.49
2026-09-25 14:30:00,1749.11,1767.8,1747.6,1766.8,24635.61
2026-09-25 14:45:00,1766.88,1778.83,1763.82,1771.6,26844.0
2026-09-25 15:00:00,1771.59,1777.0,1766.8,1769.74,16492.3
2026-09-25 15:15:00,1769.82,1775.86,1765.86,1771.04,12727.25
2026-09-25 15:30:00,1771.07,1775.0,1763.25,1764.35,11676.14
2026-09-25 15:45:00,1764.33,1768.97,1757.25,1768.87,15966.48
2026-09-25 16:00:00,1768.98,1784.4,1768.71,1773.88,20203.66
2026-09-25 16:15:00,1773.86,1779.62,1766.29,1772.79,16252.89
2026-09-25 16:30:00,1772.68,1778.56,1769.33,1772.98,10166.49
2026-09-25 16:45:00,1772.87,1775.09,1768.56,1773.86,5291.89
2026-09-25 17:00:00,1773.83,1781.99,1773.3,1780.59,10418.05
2026-09-25 17:15:00,1780.57,1783.55,1777.38,1779.39,5644.02
2026-09-25 17:30:00,1779.39,1787.26,1776.32,1783.3,9995.78
2026-09-25 17:45:00,1783.21,1785.78,1780.76,1782.21,3946.03
2026-09-25 18:00:00,1782.21,1786.09,1777.0,1781.89,5638.0
2026-09-25 18:15:00,1781.84,1782.66,1775.49,1776.13,3284.88
2026-09-25 18:30:00,1776.19,1780.86,1772.9,1776.0,7575.68
2026-09-25 18:45:00,1776.0,1777.43,1772.93,1775.01,3046.04
2026-09-25 19:00:00,1775.02,1782.69,1774.9,1780.15,3946.52
2026-09-25 19:15:00,1780.15,1781.5,1772.5,1775.71,3250.26
2026-09-25 19:30:00,1775.67,1777.96,1771.34,1776.97,2583.5
2026-09-25 19:45:00,1777.0,1779.92,1771.89,1777.16,6024.67
2026-09-25 20:00:00,1777.03,1777.39,1774.55,1774.55,1854.06
2026-09-25 20:15:00,1774.54,1775.34,1773.71,1775.19,805.36
2026-09-25 20:30:00,1775.16,1776.19,1774.85,1775.36,604.95
2026-09-25 20:45:00,1775.36,1775.87,1773.62,1774.32,695.6
2026-09-25 21:00:00,1774.33,1774.52,1772.29,1772.47,1401.02
2026-09-25 21:15:00,1772.47,1778.03,1771.28,1774.59,2281.39
2026-09-25 21:30:00,1774.59,1776.67,1773.87,1776.26,962.1
2026-09-25 21:45:00,1776.35,1776.56,1774.49,1774.5,200.44
2026-09-25 22:00:00,1774.48,1774.98,1773.23,1774.69,562.0
2026-09-25 22:15:00,1774.69,1775.17,1774.54,1774.69,277.86
2026-09-25 22:30:00,1774.7,1775.19,1774.67,1774.91,368.33
2026-09-25 22:45:00,1774.9,1775.17,1774.33,1775.04,378.94
2026-09-25 23:00:00,1775.04,1775.35,1774.7,1775.2,359.7
2026-09-25 23:15:00,1775.2,1775.44,1774.7,1775.18,327.37
2026-09-25 23:30:00,1775.14,1775.17,1773.75,1773.76,1056.01
2026-09-25 23:45:00,1773.76,1773.89,1772.67,1772.81,408.16
2026-09-26 00:00:00,1772.81,1774.96,1772.8,1773.84,500.72
2026-09-26 00:15:00,1773.83,1773.83,1771.72,1772.0,264.26
2026-09-26 00:30:00,1771.99,1771.99,1761.21,1763.35,3872.85
2026-09-26 00:45:00,1763.35,1766.98,1763.19,1765.6,1155.71
2026-09-26 01:00:00,1765.6,1767.51,1765.42,1766.89,865.9
2026-09-26 01:15:00,1766.88,1767.98,1766.6,1767.83,767.63
2026-09-26 01:30:00,1767.83,1772.2,1767.83,1770.35,962.44
2026-09-26 01:45:00,1770.35,1772.36,1769.72,1772.21,407.68
2026-09-26 02:00:00,1772.2,1772.21,1770.21,1771.77,385.4
2026-09-26 02:15:00,1771.77,1772.33,1770.65,1770.65,262.4
2026-09-26 02:30:00,1770.65,1770.98,1768.26,1768.91,495.67
2026-09-26 02:45:00,1768.9,1770.39,1768.86,1770.01,227.44
2026-09-26 03:00:00,1770.03,1770.2,1768.84,1769.54,237.16
2026-09-26 03:15:00,1769.54,1770.99,1769.16,1770.99,259.63
2026-09-26 03:30:00,1770.98,1771.47,1770.2,1770.39,268.18
2026-09-26 03:45:00,1770.4,1772.08,1770.25,1772.08,252.27
2026-09-26 04:00:00,1772.08,1772.47,1770.89,1770.9,309.28
