timestamp,open,high,low,close,volume
2026-07-28 11:15:00,464.57,467.64,463.98,464.21,10512.992
2026-07-28 11:30:00,464.2,466.53,463.6,464.48,13133.342
2026-07-28 11:45:00,464.53,465.99,464.44,464.89,4404.9
2026-07-28 12:00:00,464.9,466.31,462.54,465.91,19336.952
2026-07-28 12:15:00,465.92,467.74,465.42,466.29,7060.252
2026-07-28 12:30:00,466.3,466.82,463.84,464.32,7854.399
2026-07-28 12:45:00,464.31,466.32,463.92,464.1,7395.884
2026-07-28 13:00:00,464.1,465.88,463.7,464.4,4808.408
2026-07-28 13:15:00,464.41,464.41,461.69,462.11,10979.196
2026-07-28 13:30:00,462.11,464.07,457.0,460.46,43440.504
2026-07-28 13:45:00,460.46,462.35,458.85,459.69,15111.093
2026-07-28 14:00:00,459.7,465.74,459.63,463.24,19738.636
2026-07-28 14:15:00,463.21,463.73,460.64,462.42,8904.748
2026-07-28 14:30:00,462.42,464.86,462.07,464.53,8059.686
2026-07-28 14:45:00,464.53,469.94,464.36,468.54,24719.308
2026-07-28 15:00:00,468.55,470.74,467.26,468.41,14772.645
2026-07-28 15:15:00,468.4,475.34,467.2,472.05,27738.311
2026-07-28 15:30:00,472.06,476.88,471.56,475.3,14444.766
2026-07-28 15:45:00,475.3,478.93,474.12,478.44,16115.299
2026-07-28 16:00:00,478.45,478.72,474.33,474.58,15580.896
2026-07-28 16:15:00,474.58,477.75,474.53,475.75,8381.761
2026-07-28 16:30:00,475.74,476.92,474.5,475.79,5966.203
2026-07-28 16:45:00,475.79,477.92,473.67,473.96,8862.477
2026-07-28 17:00:00,473.96,474.05,471.3,471.67,12274.049
2026-07-28 17:15:00,471.67,471.78,468.87,469.02,12585.964
2026-07-28 17:30:00,469.02,469.14,464.0,464.43,19332.095
2026-07-28 17:45:00,464.44,466.01,461.98,465.73,15939.793
2026-07-28 18:00:00,465.73,468.53,465.4,467.78,9942.106
2026-07-28 18:15:00,467.78,468.64,466.92,467.42,3626.097
2026-07-28 18:30:00,467.41,468.04,465.34,466.25,3539.518
2026-07-28 18:45:00,466.26,467.36,465.61,466.07,4010.496
2026-07-28 19:00:00,466.07,468.54,466.07,468.46,3719.341
2026-07-28 19:15:00,468.46,470.69,467.84,469.98,5118.259
2026-07-28 19:30:00,469.98,473.58,469.82,470.41,11379.457
2026-07-28 19:45:00,470.41,471.79,469.4,470.26,5888.948
2026-07-28 20:00:00,470.26,471.31,467.65,469.66,7101.667
2026-07-28 20:15:00,469.65,470.78,469.04,469.28,2758.795
2026-07-28 20:30:00,469.29,470.17,467.92,469.36,2466.993
2026-07-28 20:45:00,469.35,470.62,469.09,469.75,2193.043
2026-07-28 21:00:00,469.75,471.31,468.8,468.81,2835.269
2026-07-28 21:15:00,468.81,470.04,468.28,469.58,3136.234
2026-07-28 21:30:00,469.58,471.21,469.57,470.15,1403.143
2026-07-28 21:45:00,470.15,470.66,469.17,469.45,1636.925
2026-07-28 22:00:00,469.45,471.0,468.36,470.24,2968.054
2026-07-28 22:15:00,470.23,470.67,467.6,467.6,4267.079
2026-07-28 22:30:00,467.6,467.6,464.63,464.71,8070.538
2026-07-28 22:45:00,464.72,464.77,462.21,462.65,9193.755
2026-07-28 23:00:00,462.65,463.95,461.26,462.48,10520.589
2026-07-28 23:15:00,462.49,462.64,460.62,461.15,6013.004
2026-07-28 23:30:00,461.16,464.8,460.93,463.77,7617.632
2026-07-28 23:45:00,463.76,466.3,463.34,465.5,5975.524
2026-07-29 00:00:00,465.5,469.81,465.25,468.0,10727.645
2026-07-29 00:15:00,468.01,469.81,467.61,468.08,6616.02
2026-07-29 00:30:00,468.08,469.56,465.65,469.11,10180.991
2026-07-29 00:45:00,469.11,470.44,465.88,465.88,6753.276
2026-07-29 01:00:00,465.88,467.19,463.27,463.74,10754.511
2026-07-29 01:15:00,463.74,465.54,462.84,463.51,7946.252
2026-07-29 01:30:00,463.5,463.5,460.91,461.73,9183.29
2026-07-29 01:45:00,461.73,462.58,458.0,458.16,17944.403
2026-07-29 02:00:00,458.15,461.52,457.45,460.31,19235.497
2026-07-29 02:15:00,460.31,463.09,458.4,463.09,9078.244
2026-07-29 02:30:00,463.09,465.47,462.6,464.66,11059.572
2026-07-29 02:45:00,464.65,464.65,461.55,461.77,6857.694
2026-07-29 03:00:00,461.77,462.13,460.08,460.33,6342.252
2026-07-29 03:15:00,460.34,460.98,458.31,458.31,8211.253
2026-07-29 03:30:00,458.3,458.31,455.27,455.99,14982.299
2026-07-29 03:45:00,456.0,456.4,453.28,454.03,13900.546
2026-07-29 04:00:00,454.03,456.73,451.54,456.35,24675.107
2026-07-29 04:15:00,456.34,457.63,454.47,456.96,8153.413
2026-07-29 04:30:00,456.96,461.5,456.36,458.48,17646.66
2026-07-29 04:45:00,458.47,460.99,458.12,460.74,6355.837
2026-07-29 05:00:00,460.74,463.7,460.39,463.58,9463.806
2026-07-29 05:15:00,463.59,463.9,461.66,463.34,7642.15
2026-07-29 05:30:00,463.34,466.63,462.36,465.02,10920.271
2026-07-29 05:45:00,465.03,465.91,464.12,465.0,8320.213
2026-07-29 06:00:00,465.01,465.78,462.77,465.55,6667.398
2026-07-29 06:15:00,465.55,467.45,464.3,467.24,7448.376
2026-07-29 06:30:00,467.24,468.95,466.92,468.8,10924.465
2026-07-29 06:45:00,468.79,468.79,466.91,467.2,5774.76
2026-07-29 07:00:00,467.2,468.0,465.27,465.93,5691.142
2026-07-29 07:15:00,465.93,465.98,463.84,465.06,6136.745
2026-07-29 07:30:00,465.06,468.8,464.47,466.43,18070.251
2026-07-29 07:45:00,466.43,467.06,465.36,466.9,4556.965
2026-07-29 08:00:00,466.9,466.92,462.54,462.62,7400.051
2026-07-29 08:15:00,462.61,462.8,460.83,461.41,7331.83
2026-07-29 08:30:00,461.41,462.99,461.02,462.51,5344.553
2026-07-29 08:45:00,462.5,463.96,460.67,460.99,6165.471
2026-07-29 09:00:00,461.0,462.8,460.94,461.48,4339.554
2026-07-29 09:15:00,461.48,461.83,460.5,460.96,3661.389
2026-07-29 09:30:00,460.9,461.8,459.27,460.64,7988.234
2026-07-29 09:45:00,460.64,462.09,458.94,461.66,9006.267
2026-07-29 10:00:00,461.66,462.85,460.68,460.74,5070.925
2026-07-29 10:15:00,460.73,461.09,459.0,459.09,4541.103
2026-07-29 10:30:00,459.09,459.65,457.79,458.97,6549.566
2026-07-29 10:45:00,458.96,459.12,456.08,458.23,12306.36
2026-07-29 11:00:00,458.23,459.58,457.16,459.12,4440.26
2026-07-29 11:15:00,459.12,459.4,457.49,457.9,3057.742
2026-07-29 11:30:00,457.9,459.54,457.39,459.33,3850.165
2026-07-29 11:45:00,459.34,461.0,459.2,459.83,5002.873
2026-07-29 12:00:00,459.83,460.09,458.43,458.6,3581.581
2026-07-29 12:15:00,458.59,462.17,457.0,459.76,24364.187
2026-07-29 12:30:00,459.77,461.71,459.18,460.74,9314.009
2026-07-29 12:45:00,460.74,461.05,459.46,459.59,2599.53
2026-07-29 13:00:00,459.58,460.78,458.91,460.67,3264.985
2026-07-29 13:15:00,460.66,464.83,459.27,463.92,11869.999
2026-07-29 13:30:00,463.92,468.33,462.96,467.59,20348.474
2026-07-29 13:45:00,467.66,467.87,462.95,466.0,10340.367
2026-07-29 14:00:00,466.0,467.41,462.54,462.95,8953.688
2026-07-29 14:15:00,463.0,465.6,461.1,462.28,10830.553
2026-07-29 14:30:00,462.27,464.49,461.55,462.92,5698.247
2026-07-29 14:45:00,462.91,464.38,460.06,460.68,8774.326
2026-07-29 15:00:00,460.68,463.2,460.29,462.75,4793.801
2026-07-29 15:15:00,462.74,463.69,461.31,462.04,6251.933
2026-07-29 15:30:00,462.03,464.75,460.8,461.69,7847.245
2026-07-29 15:45:00,461.66,463.8,461.38,463.68,5416.484
2026-07-29 16:00:00,463.68,464.04,461.92,463.2,5300.801
2026-07-29 16:15:00,463.19,466.4,461.61,465.39,9913.414
2026-07-29 16:30:00,465.37,466.16,461.3,462.65,6478.319
2026-07-29 16:45:00,462.65,463.98,461.33,463.32,4028.116
2026-07-29 17:00:00,463.33,465.21,463.23,465.2,4226.443
2026-07-29 17:15:00,465.2,465.3,463.78,464.1,3394.722
2026-07-29 17:30:00,464.11,465.18,462.68,464.93,6003.994
2026-07-29 17:45:00,464.94,468.36,464.75,467.55,14950.262
2026-07-29 18:00:00,467.54,474.63,467.28,469.06,39315.393
2026-07-29 18:15:00,469.06,469.38,464.6,465.77,12760.251
2026-07-29 18:30:00,465.78,468.36,462.43,467.96,17306.029
2026-07-29 18:45:00,467.95,469.94,466.78,468.09,16011.507
2026-07-29 19:00:00,468.1,468.31,464.83,466.2,5966.138
2026-07-29 19:15:00,466.2,467.11,462.16,463.14,9473.69
2026-07-29 19:30:00,463.14,463.59,460.18,461.67,9170.32
2026-07-29 19:45:00,461.67,461.98,458.26,459.06,15490.634
2026-07-29 20:00:00,459.1,461.94,458.0,461.43,13525.695
2026-07-29 20:15:00,461.42,463.87,459.41,460.28,8716.418
2026-07-29 20:30:00,460.29,464.23,459.68,462.45,5743.67
2026-07-29 20:45:00,462.45,462.6,458.34,458.34,4175.946
2026-07-29 21:00:00,458.34,459.34,456.37,458.56,9009.55
2026-07-29 21:15:00,458.56,460.39,457.45,460.21,4643.513
2026-07-29 21:30:00,460.22,461.45,459.0,459.37,2759.303
2026-07-29 21:45:00,459.37,462.38,459.02,461.9,4578.963
2026-07-29 22:00:00,461.91,466.4,461.78,465.49,9216.972
2026-07-29 22:15:00,465.5,470.85,465.25,469.46,14340.033
2026-07-29 22:30:00,469.47,469.52,466.7,468.12,8123.082
2026-07-29 22:45:00,468.13,468.76,466.85,467.3,4742.799
2026-07-29 23:00:00,467.3,467.73,466.26,467.3,4593.196
2026-07-29 23:15:00,467.29,469.74,467.27,468.93,8836.213
2026-07-29 23:30:00,468.94,469.18,467.75,468.85,2807.553
2026-07-29 23:45:00,468.85,469.35,466.74,467.39,3025.298
2026-07-30 00:00:00,467.4,468.88,466.9,467.64,5004.472
2026-07-30 00:15:00,467.63,468.0,466.05,467.12,4791.285
2026-07-30 00:30:00,467.11,467.11,464.0,464.38,11481.514
2026-07-30 00:45:00,464.39,465.52,463.42,465.52,6132.489
2026-07-30 01:00:00,465.54,468.76,465.11,465.34,8082.97
2026-07-30 01:15:00,465.33,468.17,465.0,468.0,4724.237
2026-07-30 01:30:00,468.0,469.63,467.22,467.39,7906.406
2026-07-30 01:45:00,467.39,471.06,466.8,468.77,13361.37
2026-07-30 02:00:00,468.77,471.9,468.77,470.33,8205.367
2026-07-30 02:15:00,470.33,472.88,469.76,471.38,6811.858
2026-07-30 02:30:00,471.38,473.24,469.63,472.52,6629.993
2026-07-30 02:45:00,472.52,473.31,470.01,470.44,4938.723
2026-07-30 03:00:00,470.44,471.93,467.42,469.03,6625.868
2026-07-30 03:15:00,469.03,472.74,468.73,472.6,4976.501
2026-07-30 03:30:00,472.61,472.88,470.38,472.61,7271.061
2026-07-30 03:45:00,472.61,474.44,471.79,472.16,9604.808
2026-07-30 04:00:00,472.16,473.11,470.7,471.25,5626.874
2026-07-30 04:15:00,471.25,472.08,469.97,470.82,3620.116
2026-07-30 04:30:00,470.82,472.71,470.21,471.21,4663.026
2026-07-30 04:45:00,471.21,471.73,470.0,470.82,2747.734
2026-07-30 05:00:00,470.82,472.32,470.5,471.11,3271.814
2026-07-30 05:15:00,471.11,472.8,471.02,472.09,3683.129
2026-07-30 05:30:00,472.1,476.26,471.98,475.65,12246.896
2026-07-30 05:45:00,475.7,477.97,474.47,476.76,13985.53
2026-07-30 06:00:00,476.77,477.57,474.4,475.07,6525.361
2026-07-30 06:15:00,475.06,475.28,473.58,474.51,5666.925
2026-07-30 06:30:00,474.52,475.44,473.54,473.94,3933.289
2026-07-30 06:45:00,473.93,474.62,472.77,472.87,5442.769
2026-07-30 07:00:00,472.86,476.03,472.56,474.06,7089.596
2026-07-30 07:15:00,474.06,474.17,471.66,472.8,7342.257
2026-07-30 07:30:00,472.8,475.57,471.27,474.84,6754.742
2026-07-30 07:45:00,474.84,475.39,472.96,473.29,3103.921
2026-07-30 08:00:00,473.28,475.69,473.25,474.84,3528.749
2026-07-30 08:15:00,474.82,477.16,474.5,476.1,8375.073
2026-07-30 08:30:00,476.11,476.77,475.04,475.32,4249.66
2026-07-30 08:45:00,475.35,476.18,475.25,475.93,3178.241
2026-07-30 09:00:00,475.91,477.3,475.52,477.11,5164.545
2026-07-30 09:15:00,477.1,477.34,475.68,476.03,4812.961
2026-07-30 09:30:00,476.03,477.59,475.43,476.59,5473.121
2026-07-30 09:45:00,476.6,477.6,475.71,476.26,3431.725
2026-07-30 10:00:00,476.26,478.57,476.1,477.47,6023.82
2026-07-30 10:15:00,477.47,478.93,476.89,477.02,6359.716
2026-07-30 10:30:00,477.01,477.15,474.24,474.67,9583.904
2026-07-30 10:45:00,474.68,475.1,472.37,473.24,7561.584
2026-07-30 11:00:00,473.24,475.74,472.72,474.6,6383.158
2026-07-30 11:15:00,474.59,476.01,473.56,473.95,3469.245
2026-07-30 11:30:00,473.95,476.3,473.95,475.24,7841.919
2026-07-30 11:45:00,475.24,477.62,474.94,476.54,7167.987
2026-07-30 12:00:00,476.55,478.59,476.52,477.57,10278.495
2026-07-30 12:15:00,477.57,477.75,476.0,476.5,5008.705
2026-07-30 12:30:00,476.5,477.5,474.69,475.09,5656.712
2026-07-30 12:45:00,475.09,475.77,474.74,474.98,3663.613
2026-07-30 13:00:00,474.98,476.42,474.38,475.66,4605.273
2026-07-30 13:15:00,475.65,476.61,474.98,475.63,4265.968
2026-07-30 13:30:00,475.62,476.85,472.53,476.31,12620.028
2026-07-30 13:45:00,476.3,479.83,474.85,475.01,20245.375
2026-07-30 14:00:00,475.01,475.71,473.0,473.39,9165.944
2026-07-30 14:15:00,473.4,476.1,471.0,474.83,13947.024
2026-07-30 14:30:00,474.82,476.01,473.3,475.48,4506.997
2026-07-30 14:45:00,475.49,475.55,472.54,474.11,5220.049
2026-07-30 15:00:00,474.12,476.18,473.2,475.72,5942.782
2026-07-30 15:15:00,475.71,476.93,474.24,474.49,7055.426
2026-07-30 15:30:00,474.48,475.65,473.56,475.48,4336.154
2026-07-30 15:45:00,475.48,477.38,474.27,476.36,5752.714
2026-07-30 16:00:00,476.36,477.41,475.16,475.88,5335.409
2026-07-30 16:15:00,475.88,476.55,474.12,474.82,4669.73
2026-07-30 16:30:00,474.83,474.95,472.98,473.3,5802.882
2026-07-30 16:45:00,473.3,474.78,472.77,473.87,3834.734
2026-07-30 17:00:00,473.86,474.01,471.22,471.9,10152.656
2026-07-30 17:15:00,471.89,473.87,471.67,473.58,3069.048
2026-07-30 17:30:00,473.57,474.68,472.07,474.22,3013.005
2026-07-30 17:45:00,474.21,475.75,473.87,474.79,4448.7
2026-07-30 18:00:00,474.81,474.98,472.61,472.7,2164.514
2026-07-30 18:15:00,472.71,474.08,472.43,473.76,2620.78
2026-07-30 18:30:00,473.76,473.87,471.8,472.72,3565.486
2026-07-30 18:45:00,472.72,472.74,471.66,472.34,2069.429
2026-07-30 19:00:00,472.33,473.95,471.9,473.14,3809.019
2026-07-30 19:15:00,473.15,474.99,472.56,474.66,2493.099
2026-07-30 19:30:00,474.66,475.06,472.6,473.26,2824.36
2026-07-30 19:45:00,473.27,474.45,472.61,474.16,2470.408
2026-07-30 20:00:00,474.16,475.98,473.4,473.77,4434.842
2026-07-30 20:15:00,473.76,474.76,472.97,473.13,1495.798
2026-07-30 20:30:00,473.11,474.12,472.74,473.14,2798.964
2026-07-30 20:45:00,473.13,473.84,472.35,472.38,2360.427
2026-07-30 21:00:00,472.38,472.97,471.8,472.49,3301.013
2026-07-30 21:15:00,472.49,473.06,471.64,471.72,1608.341
2026-07-30 21:30:00,471.71,472.49,471.31,471.31,2013.856
2026-07-30 21:45:00,471.32,472.32,470.77,471.95,3624.506
2026-07-30 22:00:00,471.94,474.13,470.8,472.47,7289.637
2026-07-30 22:15:00,472.46,473.24,471.57,473.0,3037.519
2026-07-30 22:30:00,473.01,473.55,472.06,472.8,1763.429
2026-07-30 22:45:00,472.81,474.42,472.35,473.15,3028.315
2026-07-30 23:00:00,473.14,473.97,472.5,473.66,2256.347
2026-07-30 23:15:00,473.65,473.78,472.09,472.67,2143.066
2026-07-30 23:30:00,472.66,475.15,471.43,471.57,7066.021
2026-07-30 23:45:00,471.58,471.87,469.81,469.86,9195.719
2026-07-31 00:00:00,469.87,471.54,467.67,470.34,12817.283
2026-07-31 00:15:00,470.34,471.23,469.63,471.17,3763.65
2026-07-31 00:30:00,471.17,471.61,469.78,471.43,5009.692
2026-07-31 00:45:00,471.44,472.1,470.85,471.77,4213.4
2026-07-31 01:00:00,471.78,477.64,471.78,475.85,14937.229
2026-07-31 01:15:00,475.84,476.78,473.77,475.98,6414.029
2026-07-31 01:30:00,475.97,475.98,469.81,470.07,10453.448
2026-07-31 01:45:00,470.07,470.26,466.11,466.46,16154.891
2026-07-31 02:00:00,466.45,468.12,464.05,464.13,18762.689
2026-07-31 02:15:00,464.13,464.55,462.0,462.14,12753.195
2026-07-31 02:30:00,462.13,463.37,460.34,461.19,12094.182
2026-07-31 02:45:00,461.19,462.58,460.1,462.25,7478.137
2026-07-31 03:00:00,462.25,462.31,460.16,460.71,6201.868
2026-07-31 03:15:00,460.72,463.27,460.37,461.96,5618.491
2026-07-31 03:30:00,461.97,462.37,460.87,461.81,4402.896
2026-07-31 03:45:00,461.81,461.94,460.02,460.17,6711.849
2026-07-31 04:00:00,460.17,461.04,458.66,459.03,8677.471
2026-07-31 04:15:00,459.04,459.32,456.57,459.06,11879.52
2026-07-31 04:30:00,459.05,459.06,455.67,457.77,8792.482
2026-07-31 04:45:00,457.8,458.72,457.23,458.69,8369.046
2026-07-31 05:00:00,458.7,461.98,458.44,461.0,7773.045
2026-07-31 05:15:00,461.01,461.69,459.89,460.17,4386.467
2026-07-31 05:30:00,460.17,460.82,459.09,459.15,3189.051
2026-07-31 05:45:00,459.15,464.14,459.04,461.89,19257.009
2026-07-31 06:00:00,461.9,462.57,461.44,461.66,4340.291
2026-07-31 06:15:00,461.66,463.39,461.11,463.37,3745.481
2026-07-31 06:30:00,463.36,463.39,459.18,459.42,8193.087
2026-07-31 06:45:00,459.43,461.36,459.13,460.6,5355.669
2026-07-31 07:00:00,460.59,460.59,457.23,457.61,11456.349
2026-07-31 07:15:00,457.61,458.47,456.8,457.22,13521.034
2026-07-31 07:30:00,457.22,458.46,456.8,457.6,5831.503
2026-07-31 07:45:00,457.6,459.3,457.6,458.73,3357.73
2026-07-31 08:00:00,458.73,459.57,457.28,458.21,6397.902
2026-07-31 08:15:00,458.21,460.48,458.02,460.1,5732.206
2026-07-31 08:30:00,460.1,460.34,458.19,458.61,6086.667
2026-07-31 08:45:00,458.62,459.77,458.61,459.67,2748.346
2026-07-31 09:00:00,459.68,460.27,457.52,457.75,5994.377
2026-07-31 09:15:00,457.75,458.0,456.0,457.28,9150.456
2026-07-31 09:30:00,457.28,458.09,456.84,457.14,3363.561
2026-07-31 09:45:00,457.14,457.34,455.43,456.41,10632.121
2026-07-31 10:00:00,456.41,459.42,456.02,458.98,5352.74
2026-07-31 10:15:00,458.97,461.21,458.71,461.08,6340.525
2026-07-31 10:30:00,461.08,461.3,459.85,460.38,4333.855
2026-07-31 10:45:00,460.38,461.09,459.26,459.55,3648.209
2026-07-31 11:00:00,459.54,462.12,459.54,460.55,4967.063
2026-07-31 11:15:00,460.55,461.4,459.33,460.75,3221.269
2026-07-31 11:30:00,460.75,460.75,459.51,460.23,2207.965
2026-07-31 11:45:00,460.23,460.89,459.41,460.28,2688.401
2026-07-31 12:00:00,460.27,460.36,457.59,457.67,5201.946
2026-07-31 12:15:00,457.67,459.7,457.5,459.34,2842.817
2026-07-31 12:30:00,459.35,459.35,457.15,457.61,3907.967
2026-07-31 12:45:00,457.61,458.5,457.45,458.22,2634.103
2026-07-31 13:00:00,458.21,459.54,458.13,459.48,3396.259
2026-07-31 13:15:00,459.47,460.67,459.18,460.63,4019.559
2026-07-31 13:30:00,460.62,461.42,458.29,459.21,10738.349
2026-07-31 13:45:00,459.2,460.02,457.01,457.69,10568.867
2026-07-31 14:00:00,457.68,459.92,452.0,458.2,40152.723
2026-07-31 14:15:00,458.19,458.8,455.5,455.86,14718.2
2026-07-31 14:30:00,455.86,456.62,453.22,454.05,15819.872
2026-07-31 14:45:00,454.05,458.04,453.63,454.0,15373.678
2026-07-31 15:00:00,453.99,457.0,452.28,454.6,16445.605
2026-07-31 15:15:00,454.61,457.3,454.19,456.65,14462.46
2026-07-31 15:30:00,456.65,457.57,453.66,455.79,11039.262
2026-07-31 15:45:00,455.79,456.1,453.78,454.31,5050.155
2026-07-31 16:00:00,454.3,458.47,453.8,457.16,14435.963
2026-07-31 16:15:00,457.16,459.35,455.8,458.4,8845.547
2026-07-31 16:30:00,458.4,460.84,458.4,459.1,8984.325
2026-07-31 16:45:00,459.1,460.18,458.13,458.8,6678.859
2026-07-31 17:00:00,458.79,461.0,458.7,460.33,3974.726
2026-07-31 17:15:00,460.33,461.25,459.35,460.99,4082.664
2026-07-31 17:30:00,461.0,462.18,460.6,461.04,6864.543
2026-07-31 17:45:00,461.04,462.14,460.64,461.87,4282.638
2026-07-31 18:00:00,461.86,463.38,460.67,460.99,6054.9
2026-07-31 18:15:00,460.99,461.1,458.22,458.27,4794.287
2026-07-31 18:30:00,458.28,459.14,457.16,458.13,4061.259
2026-07-31 18:45:00,458.13,459.54,458.01,458.53,2327.795
2026-07-31 19:00:00,458.54,459.81,457.7,458.58,2397.86
2026-07-31 19:15:00,458.58,459.14,457.89,458.78,2098.545
2026-07-31 19:30:00,458.77,458.9,456.38,457.26,3945.176
2026-07-31 19:45:00,457.26,458.54,456.72,457.0,2605.851
2026-07-31 20:00:00,456.95,458.24,456.62,457.21,3019.119
2026-07-31 20:15:00,457.22,458.09,456.93,457.37,1756.82
2026-07-31 20:30:00,457.37,458.9,456.96,457.68,3149.989
2026-07-31 20:45:00,457.68,458.17,456.29,456.54,3045.403
2026-07-31 21:00:00,456.54,457.04,455.0,456.58,7766.614
2026-07-31 21:15:00,456.58,456.59,454.62,454.92,3540.035
2026-07-31 21:30:00,454.91,455.56,453.35,455.33,5334.238
2026-07-31 21:45:00,455.32,455.76,453.94,454.78,2802.21
2026-07-31 22:00:00,454.77,456.37,454.03,455.56,2747.724
2026-07-31 22:15:00,455.56,456.77,455.53,456.23,2440.519
2026-07-31 22:30:00,456.22,456.95,455.72,456.15,2274.246
2026-07-31 22:45:00,456.14,456.35,455.25,455.57,3151.906
2026-07-31 23:00:00,455.58,457.79,455.58,456.64,3508.727
2026-07-31 23:15:00,456.65,458.78,456.49,458.69,3116.558
2026-07-31 23:30:00,458.7,459.08,457.78,458.0,2033.402
2026-07-31 23:45:00,458.01,458.01,456.81,457.57,2181.763
2026-08-01 00:00:00,457.58,459.91,457.58,459.37,4307.637
2026-08-01 00:15:00,459.37,460.58,459.32,459.89,3712.376
2026-08-01 00:30:00,459.9,460.26,459.19,459.79,3527.763
2026-08-01 00:45:00,459.8,461.14,458.77,459.41,8001.816
2026-08-01 01:00:00,459.41,459.83,458.33,459.4,3720.656
2026-08-01 01:15:00,459.4,460.26,458.69,458.85,2796.665
2026-08-01 01:30:00,458.85,459.62,458.24,459.4,4111.631
2026-08-01 01:45:00,459.4,461.13,459.16,460.99,3206.897
2026-08-01 02:00:00,461.0,462.15,460.65,460.69,4171.381
2026-08-01 02:15:00,460.7,460.91,459.85,460.51,2859.397
2026-08-01 02:30:00,460.51,460.93,459.88,460.18,2263.308
2026-08-01 02:45:00,460.18,461.27,459.81,460.76,1668.83
2026-08-01 03:00:00,460.77,461.06,459.56,459.64,1796.726
2026-08-01 03:15:00,459.63,460.67,459.19,460.33,2994.136
2026-08-01 03:30:00,460.33,461.32,460.09,460.39,2113.777
2026-08-01 03:45:00,460.39,464.95,460.04,464.03,10650.025
2026-08-01 04:00:00,464.04,466.49,464.04,466.07,11608.452
2026-08-01 04:15:00,466.07,468.8,462.86,464.65,18903.774
2026-08-01 04:30:00,464.65,465.24,463.8,464.46,5197.797
2026-08-01 04:45:00,464.46,464.95,463.91,464.55,2510.342
2026-08-01 05:00:00,464.57,465.69,464.4,464.58,3405.638
2026-08-01 05:15:00,464.58,464.85,463.33,463.37,3534.631
2026-08-01 05:30:00,463.37,466.4,462.4,462.85,6466.769
2026-08-01 05:45:00,462.85,463.4,462.2,463.36,3868.025
2026-08-01 06:00:00,463.36,464.16,463.15,463.91,2220.735
2026-08-01 06:15:00,463.91,464.65,463.57,464.08,2415.057
2026-08-01 06:30:00,464.08,464.62,462.78,463.16,2083.533
2026-08-01 06:45:00,463.18,464.55,463.18,463.93,1961.787
2026-08-01 07:00:00,463.93,465.65,463.93,464.77,2344.656
2026-08-01 07:15:00,464.76,464.83,463.58,464.59,2900.1
2026-08-01 07:30:00,464.59,465.39,463.88,463.91,3216.473
2026-08-01 07:45:00,463.91,465.19,463.67,465.05,2229.734
2026-08-01 08:00:00,465.05,465.91,464.64,464.73,3578.164
2026-08-01 08:15:00,464.73,465.64,464.31,465.38,1965.023
2026-08-01 08:30:00,465.38,466.87,465.29,466.77,3828.202
2026-08-01 08:45:00,466.77,467.79,465.76,465.81,4964.712
2026-08-01 09:00:00,465.8,467.26,465.54,465.96,2922.544
2026-08-01 09:15:00,465.96,467.5,465.57,466.96,3173.296
2026-08-01 09:30:00,466.95,466.95,464.76,465.05,3962.624
2026-08-01 09:45:00,465.05,465.34,463.66,463.77,4814.389
2026-08-01 10:00:00,463.77,464.26,461.84,463.92,6607.745
2026-08-01 10:15:00,463.93,464.73,463.03,463.38,3700.003
2026-08-01 10:30:00,463.39,464.18,462.69,463.34,3602.671
2026-08-01 10:45:00,463.34,464.1,463.0,463.73,3301.889
2026-08-01 11:00:00,463.73,465.18,463.1,465.1,1873.523
2026-08-01 11:15:00,465.09,465.09,463.94,464.09,2878.444
2026-08-01 11:30:00,464.09,464.15,462.78,463.52,2800.405
2026-08-01 11:45:00,463.51,465.0,463.46,464.82,1414.28
2026-08-01 12:00:00,464.82,466.42,464.81,466.17,6318.047
2026-08-01 12:15:00,466.17,466.96,465.56,466.22,5477.912
2026-08-01 12:30:00,466.22,466.22,464.83,465.25,3166.073
2026-08-01 12:45:00,465.26,465.68,464.51,464.78,2341.567
2026-08-01 13:00:00,464.79,467.38,464.34,466.56,6042.629
2026-08-01 13:15:00,466.56,468.0,465.76,466.45,5719.593
2026-08-01 13:30:00,466.44,467.36,465.86,466.81,2632.033
2026-08-01 13:45:00,466.81,467.42,466.21,467.09,2825.399
2026-08-01 14:00:00,467.1,467.91,466.55,466.61,3667.179
2026-08-01 14:15:00,466.61,468.14,466.07,467.86,3375.304
2026-08-01 14:30:00,467.86,469.64,467.64,468.73,5376.1
2026-08-01 14:45:00,468.73,471.88,468.29,470.49,18317.198
2026-08-01 15:00:00,470.49,471.99,469.15,471.5,8424.454
2026-08-01 15:15:00,471.49,471.6,469.83,470.25,4546.044
2026-08-01 15:30:00,470.24,470.88,468.21,470.16,6487.851
2026-08-01 15:45:00,470.16,471.5,469.95,469.99,3678.547
2026-08-01 16:00:00,470.0,470.95,469.04,469.34,5022.219
2026-08-01 16:15:00,469.34,470.96,468.88,470.57,6321.972
2026-08-01 16:30:00,470.58,473.5,470.57,473.02,10104.275
2026-08-01 16:45:00,473.02,473.58,470.8,471.96,5050.432
2026-08-01 17:00:00,471.96,472.28,469.24,469.41,8799.385
2026-08-01 17:15:00,469.41,470.45,468.18,469.0,6604.013
2026-08-01 17:30:00,469.0,469.62,467.2,467.58,7609.365
2026-08-01 17:45:00,467.59,467.59,466.0,466.4,9046.1
2026-08-01 18:00:00,466.39,466.4,462.76,463.07,12437.231
2026-08-01 18:15:00,463.07,463.18,461.42,463.05,13598.144
2026-08-01 18:30:00,463.05,463.37,457.95,461.19,30874.487
2026-08-01 18:45:00,461.2,463.71,458.73,463.4,18500.272
2026-08-01 19:00:00,463.4,465.99,463.09,463.74,22569.422
2026-08-01 19:15:00,463.73,465.57,462.35,464.29,9693.891
2026-08-01 19:30:00,464.28,465.25,462.39,462.73,7411.193
2026-08-01 19:45:00,462.71,464.18,462.26,463.23,3558.077
2026-08-01 20:00:00,463.22,463.59,462.46,463.44,2263.656
2026-08-01 20:15:00,463.44,464.97,462.44,462.65,2951.845
2026-08-01 20:30:00,462.64,462.73,461.18,461.89,3402.662
2026-08-01 20:45:00,461.89,462.5,461.4,462.16,3303.04
2026-08-01 21:00:00,462.15,464.92,462.04,463.21,4714.253
2026-08-01 21:15:00,463.21,463.68,460.15,461.39,6108.079
2026-08-01 21:30:00,461.38,462.62,461.15,461.73,2245.871
2026-08-01 21:45:00,461.73,463.54,461.72,463.4,2211.308
2026-08-01 22:00:00,463.4,463.79,462.45,462.72,2213.614
2026-08-01 22:15:00,462.72,463.42,462.07,463.06,2865.036
2026-08-01 22:30:00,463.06,463.09,462.02,462.09,2226.097
2026-08-01 22:45:00,462.1,462.39,461.34,461.41,2439.958
2026-08-01 23:00:00,461.41,462.28,461.34,461.84,1975.413
2026-08-01 23:15:00,461.85,462.04,461.21,461.97,1096.348
2026-08-01 23:30:00,461.98,462.77,461.18,461.75,1484.147
2026-08-01 23:45:00,461.74,462.33,461.26,461.51,2032.472
2026-08-02 00:00:00,461.51,465.95,461.48,465.32,8283.34
2026-08-02 00:15:00,465.33,465.54,463.51,463.85,5135.992
2026-08-02 00:30:00,463.84,464.2,462.49,463.77,4452.026
2026-08-02 00:45:00,463.77,464.49,463.1,463.71,3962.782
2026-08-02 01:00:00,463.71,468.68,463.45,468.14,10523.518
2026-08-02 01:15:00,468.15,469.81,466.85,467.54,10167.437
2026-08-02 01:30:00,467.54,467.92,466.64,467.53,4743.142
2026-08-02 01:45:00,467.53,468.7,467.34,467.53,2418.74
2026-08-02 02:00:00,467.53,472.45,466.86,471.87,16212.825
2026-08-02 02:15:00,471.88,476.0,471.39,472.45,29760.264
2026-08-02 02:30:00,472.46,474.49,471.65,471.96,13280.653
2026-08-02 02:45:00,471.99,474.17,471.86,473.36,5198.012
2026-08-02 03:00:00,473.36,474.48,472.93,473.92,4275.408
2026-08-02 03:15:00,473.91,473.92,471.45,471.88,6762.278
2026-08-02 03:30:00,471.89,474.66,471.4,474.54,8921.324
2026-08-02 03:45:00,474.55,474.67,472.6,473.1,3169.229
2026-08-02 04:00:00,473.1,474.11,472.54,472.93,3392.828
2026-08-02 04:15:00,472.94,478.0,472.04,475.74,23051.869
2026-08-02 04:30:00,475.75,477.36,474.43,474.66,8910.799
2026-08-02 04:45:00,474.66,475.52,474.37,474.99,3455.026
2026-08-02 05:00:00,475.0,476.27,474.46,474.95,6928.883
2026-08-02 05:15:00,474.95,475.21,474.19,475.0,2889.344
2026-08-02 05:30:00,475.01,475.79,473.08,473.48,4844.426
2026-08-02 05:45:00,473.48,474.72,473.33,473.99,2809.283
2026-08-02 06:00:00,474.0,474.3,473.39,473.58,2680.172
2026-08-02 06:15:00,473.58,474.75,472.37,474.26,3695.336
2026-08-02 06:30:00,474.25,474.64,472.92,474.03,2271.321
2026-08-02 06:45:00,474.02,474.02,472.73,472.91,1858.031
2026-08-02 07:00:00,472.91,475.76,472.9,475.13,6424.86
2026-08-02 07:15:00,475.13,475.69,474.34,474.84,3050.328
2026-08-02 07:30:00,474.85,475.0,472.04,473.02,5136.532
2026-08-02 07:45:00,473.02,473.32,471.13,471.72,9378.139
2026-08-02 08:00:00,471.72,474.0,471.33,473.41,5456.761
2026-08-02 08:15:00,473.41,474.88,473.26,474.65,3121.071
2026-08-02 08:30:00,474.65,474.98,472.28,473.68,7266.352
2026-08-02 08:45:00,473.68,474.77,473.01,473.51,4000.079
2026-08-02 09:00:00,473.51,475.55,472.39,475.1,9185.541
2026-08-02 09:15:00,475.09,475.09,473.81,473.93,1777.578
2026-08-02 09:30:00,473.93,475.93,473.9,474.66,5632.761
2026-08-02 09:45:00,474.65,475.12,474.02,474.44,1565.713
2026-08-02 10:00:00,474.43,476.52,474.38,474.99,3786.45
2026-08-02 10:15:00,474.99,475.71,473.04,473.88,4244.848
2026-08-02 10:30:00,473.88,476.1,473.75,474.96,5321.443
2026-08-02 10:45:00,474.97,475.27,473.87,474.0,2552.473
2026-08-02 11:00:00,473.99,474.45,473.18,473.82,3765.259
2026-08-02 11:15:00,473.82,474.35,473.16,473.19,1854.597
2026-08-02 11:30:00,473.2,473.28,469.5,469.82,14572.578
2026-08-02 11:45:00,469.82,471.87,469.6,470.45,10597.255
2026-08-02 12:00:00,470.46,471.56,470.38,470.92,4993.953
2026-08-02 12:15:00,470.92,472.67,470.31,472.27,4739.585
2026-08-02 12:30:00,472.28,473.92,472.28,473.88,5783.419
2026-08-02 12:45:00,473.88,474.95,473.51,474.23,4715.622
2026-08-02 13:00:00,474.23,474.99,473.16,473.39,4394.161
2026-08-02 13:15:00,473.4,473.63,472.35,472.76,3491.34
2026-08-02 13:30:00,472.75,473.28,471.62,472.89,3683.247
2026-08-02 13:45:00,472.88,473.35,472.15,472.2,1891.513
2026-08-02 14:00:00,472.19,472.41,471.5,472.01,2253.653
2026-08-02 14:15:00,472.0,472.73,471.65,472.01,2867.206
2026-08-02 14:30:00,472.02,473.0,471.52,472.38,3631.259
2026-08-02 14:45:00,472.39,472.83,470.86,471.51,3426.761
2026-08-02 15:00:00,471.51,472.75,471.0,472.72,2246.18
2026-08-02 15:15:00,472.73,472.78,471.5,472.05,1425.68
2026-08-02 15:30:00,472.05,473.48,472.05,472.22,2664.557
2026-08-02 15:45:00,472.23,472.44,471.09,471.69,4595.243
2026-08-02 16:00:00,471.67,471.67,469.61,470.02,7093.882
2026-08-02 16:15:00,470.03,471.54,470.0,471.39,3668.601
2026-08-02 16:30:00,471.4,473.94,471.27,473.47,5279.599
2026-08-02 16:45:00,473.47,473.48,470.92,470.92,2523.946
2026-08-02 17:00:00,470.92,471.49,470.3,471.08,2135.566
2026-08-02 17:15:00,471.08,472.33,470.53,471.07,2068.215
2026-08-02 17:30:00,471.07,472.2,471.0,471.67,2717.235
2026-08-02 17:45:00,471.67,472.08,471.0,471.02,1275.152
2026-08-02 18:00:00,471.02,472.18,471.01,471.81,1868.839
2026-08-02 18:15:00,471.81,472.6,471.37,472.44,1243.384
2026-08-02 18:30:00,472.44,477.72,472.23,474.73,18522.12
2026-08-02 18:45:00,474.74,474.96,473.67,474.65,4941.811
2026-08-02 19:00:00,474.64,475.39,474.09,474.85,3606.793
2026-08-02 19:15:00,474.86,476.37,474.77,476.21,3046.614
2026-08-02 19:30:00,476.22,482.32,476.14,480.91,24895.937
2026-08-02 19:45:00,480.92,487.97,480.68,485.18,41560.232
2026-08-02 20:00:00,485.19,489.7,485.18,487.11,19687.513
2026-08-02 20:15:00,487.11,490.64,486.13,489.63,15828.093
2026-08-02 20:30:00,489.63,493.0,488.09,488.65,27241.318
2026-08-02 20:45:00,488.65,492.19,488.04,490.75,14986.498
2026-08-02 21:00:00,490.75,493.84,489.82,491.96,14668.598
2026-08-02 21:15:00,491.95,493.47,489.6,492.86,11470.327
2026-08-02 21:30:00,492.87,495.7,491.15,493.91,11560.364
2026-08-02 21:45:00,493.91,495.6,490.82,491.74,6292.115
2026-08-02 22:00:00,491.74,494.68,491.31,493.31,9649.103
2026-08-02 22:15:00,493.31,494.02,490.78,491.1,5607.271
2026-08-02 22:30:00,491.11,491.4,486.19,488.44,15003.434
2026-08-02 22:45:00,488.45,489.24,487.0,488.54,6616.876
2026-08-02 23:00:00,488.55,489.26,487.24,488.37,5969.352
2026-08-02 23:15:00,488.36,490.27,487.82,489.36,7763.304
2026-08-02 23:30:00,489.35,489.96,487.35,487.39,5154.562
2026-08-02 23:45:00,487.39,489.8,486.8,489.63,4921.024
2026-08-03 00:00:00,489.62,489.86,483.3,483.36,15407.397
2026-08-03 00:15:00,483.35,484.15,482.26,482.79,7613.555
2026-08-03 00:30:00,482.79,483.65,482.06,482.88,5366.059
2026-08-03 00:45:00,482.87,485.49,482.5,485.27,8776.381
2026-08-03 01:00:00,485.26,485.26,478.04,479.72,16365.521
2026-08-03 01:15:00,479.72,480.45,478.31,478.56,7222.131
2026-08-03 01:30:00,478.66,480.32,478.5,479.93,7141.912
2026-08-03 01:45:00,479.93,480.7,478.88,479.53,3682.293
2026-08-03 02:00:00,479.53,479.93,477.77,478.09,8018.603
2026-08-03 02:15:00,478.09,479.35,476.54,477.25,6894.97
2026-08-03 02:30:00,477.26,478.55,476.39,477.08,4462.182
2026-08-03 02:45:00,477.07,477.53,475.33,477.09,9377.998
2026-08-03 03:00:00,477.09,477.87,475.72,476.55,5115.742
2026-08-03 03:15:00,476.55,478.0,476.03,477.01,4283.426
2026-08-03 03:30:00,477.01,477.78,476.06,477.08,5290.191
2026-08-03 03:45:00,477.08,477.19,474.4,475.55,9910.522
2026-08-03 04:00:00,475.54,477.22,474.65,475.56,5861.312
2026-08-03 04:15:00,475.57,477.76,475.2,477.01,5200.755
2026-08-03 04:30:00,477.0,477.99,476.8,477.12,5258.249
2026-08-03 04:45:00,477.13,477.99,475.9,476.02,5524.105
2026-08-03 05:00:00,476.03,477.77,475.74,477.69,2720.038
2026-08-03 05:15:00,477.68,478.33,476.1,476.14,4777.195
2026-08-03 05:30:00,476.14,476.58,475.29,475.72,4099.275
2026-08-03 05:45:00,475.72,476.83,475.53,476.81,2741.713
2026-08-03 06:00:00,476.81,476.87,475.78,475.95,2504.301
2026-08-03 06:15:00,475.94,476.35,471.62,473.07,17180.485
2026-08-03 06:30:00,473.07,473.87,472.74,473.04,4759.513
2026-08-03 06:45:00,473.05,474.6,472.19,472.9,5206.033
2026-08-03 07:00:00,472.91,473.14,471.41,471.7,6532.32
2026-08-03 07:15:00,471.7,472.98,471.36,472.58,4840.747
2026-08-03 07:30:00,472.59,474.11,471.46,471.68,4480.314
2026-08-03 07:45:00,471.69,472.39,470.62,471.51,7426.37
2026-08-03 08:00:00,471.48,474.07,471.0,472.7,10526.913
2026-08-03 08:15:00,472.7,474.26,470.94,472.73,10509.042
2026-08-03 08:30:00,472.73,474.54,472.22,474.1,5943.234
2026-08-03 08:45:00,474.1,474.42,471.76,473.68,7108.987
2026-08-03 09:00:00,473.68,476.0,473.24,475.22,7107.807
2026-08-03 09:15:00,475.23,475.44,474.17,474.53,3243.427
2026-08-03 09:30:00,474.53,476.05,474.32,475.07,4791.537
2026-08-03 09:45:00,475.07,476.83,475.01,476.47,5578.563
2026-08-03 10:00:00,476.46,477.55,475.31,476.92,7396.857
2026-08-03 10:15:00,476.93,480.69,476.92,479.87,25753.216
2026-08-03 10:30:00,479.87,480.53,478.52,479.73,12223.536
2026-08-03 10:45:00,479.72,481.7,478.17,481.18,8315.061
2026-08-03 11:00:00,481.18,481.41,477.49,477.95,7668.082
2026-08-03 11:15:00,477.95,480.03,477.95,478.69,3411.101
2026-08-03 11:30:00,478.69,483.16,478.57,483.07,14963.216
2026-08-03 11:45:00,483.07,483.38,480.8,481.88,11610.383
2026-08-03 12:00:00,481.89,483.69,481.58,483.5,14378.896
2026-08-03 12:15:00,483.5,485.73,482.75,483.49,13504.541
2026-08-03 12:30:00,483.48,485.0,482.93,484.98,5723.863
2026-08-03 12:45:00,484.98,485.49,483.3,483.78,6651.328
2026-08-03 13:00:00,483.77,484.94,482.58,483.79,7404.606
2026-08-03 13:15:00,483.79,487.52,482.75,483.24,18100.749
2026-08-03 13:30:00,483.24,486.99,481.86,486.78,17633.992
2026-08-03 13:45:00,486.77,494.53,485.87,492.95,38782.21
2026-08-03 14:00:00,492.93,493.88,487.75,489.24,24973.182
2026-08-03 14:15:00,489.24,494.92,488.09,494.11,25585.248
2026-08-03 14:30:00,494.12,494.44,490.5,491.55,15874.548
2026-08-03 14:45:00,491.55,491.88,490.27,491.58,6555.09
2026-08-03 15:00:00,491.57,491.68,488.19,489.4,13690.402
2026-08-03 15:15:00,489.41,490.52,488.13,489.28,9114.463
2026-08-03 15:30:00,489.29,490.42,487.88,487.96,7508.314
2026-08-03 15:45:00,488.0,489.31,487.68,488.5,5964.224
2026-08-03 16:00:00,488.5,489.45,487.61,488.5,5879.715
2026-08-03 16:15:00,488.5,489.98,488.23,489.78,5692.279
2026-08-03 16:30:00,489.77,491.94,488.67,491.67,7811.872
2026-08-03 16:45:00,491.67,493.17,490.54,491.16,7809.194
2026-08-03 17:00:00,491.17,492.76,490.56,491.86,6296.584
2026-08-03 17:15:00,491.85,492.19,489.18,489.93,5419.676
2026-08-03 17:30:00,489.94,490.7,489.16,490.38,3666.727
2026-08-03 17:45:00,490.38,491.63,490.2,490.9,4261.298
2026-08-03 18:00:00,490.9,491.43,490.04,490.65,3169.731
2026-08-03 18:15:00,490.64,491.14,488.86,489.54,4785.271
2026-08-03 18:30:00,489.55,490.17,488.77,489.05,4306.504
2026-08-03 18:45:00,489.05,489.4,487.31,487.51,6352.456
2026-08-03 19:00:00,487.51,488.35,485.53,486.98,9956.265
2026-08-03 19:15:00,486.98,487.46,485.64,486.6,5020.975
2026-08-03 19:30:00,486.59,488.48,486.04,486.25,5359.371
2026-08-03 19:45:00,486.25,487.19,485.54,485.83,3537.134
2026-08-03 20:00:00,485.82,487.07,484.28,486.39,6380.455
2026-08-03 20:15:00,486.4,488.78,486.0,486.21,7012.281
2026-08-03 20:30:00,486.22,487.22,485.13,486.9,3486.416
2026-08-03 20:45:00,486.91,486.91,484.63,485.01,4560.795
2026-08-03 21:00:00,485.0,485.45,483.67,483.9,6209.024
2026-08-03 21:15:00,483.91,484.56,483.51,484.36,2881.37
2026-08-03 21:30:00,484.36,484.51,483.5,484.07,2352.551
2026-08-03 21:45:00,484.07,484.25,483.5,483.73,3442.413
2026-08-03 22:00:00,483.72,484.31,482.22,483.0,6527.644
2026-08-03 22:15:00,483.01,485.1,482.02,482.26,4685.541
2026-08-03 22:30:00,482.26,482.26,480.02,480.12,7457.398
2026-08-03 22:45:00,480.12,481.63,479.59,481.26,5772.742
2026-08-03 23:00:00,481.25,481.25,479.36,480.45,5110.619
2026-08-03 23:15:00,480.45,481.47,480.2,480.76,4815.412
2026-08-03 23:30:00,480.75,482.52,479.1,481.95,8403.358
2026-08-03 23:45:00,481.96,483.68,481.62,482.97,7539.559
2026-08-04 00:00:00,482.96,484.52,482.63,482.7,10197.006
2026-08-04 00:15:00,482.7,483.25,480.7,481.85,8056.008
2026-08-04 00:30:00,481.84,481.84,479.35,480.49,7977.173
2026-08-04 00:45:00,480.49,481.38,478.49,479.53,5627.797
2026-08-04 01:00:00,479.53,480.13,478.32,478.51,4905.396
2026-08-04 01:15:00,478.52,479.91,477.66,479.08,6789.445
2026-08-04 01:30:00,479.08,483.45,478.74,483.05,10795.418
2026-08-04 01:45:00,483.05,483.93,481.68,483.45,6233.709
2026-08-04 02:00:00,483.46,485.65,483.0,484.58,8773.24
2026-08-04 02:15:00,484.52,484.7,481.16,483.26,8798.618
2026-08-04 02:30:00,483.27,486.51,483.04,485.83,6091.388
2026-08-04 02:45:00,485.82,485.93,483.39,484.87,3779.797
2026-08-04 03:00:00,484.86,485.14,481.41,481.81,6963.008
2026-08-04 03:15:00,481.82,483.31,480.94,483.31,4703.715
2026-08-04 03:30:00,483.31,485.58,483.31,484.33,5222.324
2026-08-04 03:45:00,484.33,486.8,483.84,484.81,6489.788
2026-08-04 04:00:00,484.8,485.4,484.12,484.66,2057.737
2026-08-04 04:15:00,484.65,486.29,483.98,484.66,3187.336
2026-08-04 04:30:00,484.66,489.94,484.63,487.19,14565.209
2026-08-04 04:45:00,487.19,487.73,486.02,486.7,5819.818
2026-08-04 05:00:00,486.7,488.62,486.02,487.26,4812.422
2026-08-04 05:15:00,487.25,488.31,487.1,487.53,2265.181
2026-08-04 05:30:00,487.53,489.64,487.37,488.93,3621.879
2026-08-04 05:45:00,488.93,489.55,488.04,488.88,3730.914
2026-08-04 06:00:00,488.87,489.56,488.11,488.35,3334.971
2026-08-04 06:15:00,488.35,488.75,485.62,485.95,5876.947
2026-08-04 06:30:00,485.96,486.7,484.73,485.27,7451.658
2026-08-04 06:45:00,485.28,485.72,484.55,485.61,3308.091
2026-08-04 07:00:00,485.62,485.96,485.05,485.08,2457.862
2026-08-04 07:15:00,485.09,486.99,484.03,486.79,5427.084
2026-08-04 07:30:00,486.79,489.28,486.78,488.5,8432.811
2026-08-04 07:45:00,488.51,488.97,487.32,487.39,3691.262
2026-08-04 08:00:00,487.39,488.68,486.06,486.71,4277.614
2026-08-04 08:15:00,486.7,487.27,486.14,486.52,2302.848
2026-08-04 08:30:00,486.52,486.72,485.72,486.71,2286.607
2026-08-04 08:45:00,486.72,486.86,485.46,486.81,4945.585
2026-08-04 09:00:00,486.8,487.85,486.04,486.55,3875.486
2026-08-04 09:15:00,486.56,486.97,485.0,486.89,3077.623
2026-08-04 09:30:00,486.89,487.38,485.79,486.09,3444.856
2026-08-04 09:45:00,486.1,486.67,485.18,485.88,2383.517
2026-08-04 10:00:00,485.88,486.0,484.75,485.08,2752.096
2026-08-04 10:15:00,485.08,486.73,484.5,485.27,3548.945
2026-08-04 10:30:00,485.28,487.67,484.09,487.23,5337.974
2026-08-04 10:45:00,487.22,489.8,486.73,488.91,7095.617
2026-08-04 11:00:00,488.9,489.33,488.0,488.61,3681.215
2026-08-04 11:15:00,488.61,489.68,488.19,488.6,3384.03
2026-08-04 11:30:00,488.6,489.15,485.97,488.99,7288.223
2026-08-04 11:45:00,488.96,489.55,487.82,488.55,5188.181
2026-08-04 12:00:00,488.54,488.54,486.94,487.1,4073.287
2026-08-04 12:15:00,487.11,487.51,485.68,486.14,4140.844
2026-08-04 12:30:00,486.15,488.24,485.93,487.62,4524.928
2026-08-04 12:45:00,487.6,487.83,486.46,486.79,2651.936
2026-08-04 13:00:00,486.78,487.29,485.94,486.81,3471.539
2026-08-04 13:15:00,486.81,488.6,486.07,486.13,4344.517
2026-08-04 13:30:00,486.14,487.76,484.8,485.83,8099.071
2026-08-04 13:45:00,485.82,487.15,484.14,486.51,10011.268
2026-08-04 14:00:00,486.52,487.5,485.25,487.17,5403.888
2026-08-04 14:15:00,487.18,489.22,486.0,488.02,12562.294
2026-08-04 14:30:00,488.02,492.54,487.53,491.73,19617.179
2026-08-04 14:45:00,491.77,492.77,490.6,492.21,11177.354
2026-08-04 15:00:00,492.21,494.49,491.5,492.19,15590.895
2026-08-04 15:15:00,492.18,492.35,490.53,491.0,7183.799
2026-08-04 15:30:00,490.99,491.8,489.08,491.66,9231.22
2026-08-04 15:45:00,491.66,499.6,491.36,498.39,39823.838
2026-08-04 16:00:00,498.38,499.7,495.15,495.52,17429.745
2026-08-04 16:15:00,495.52,497.14,494.66,494.75,6993.428
2026-08-04 16:30:00,494.75,495.73,493.05,493.94,6475.371
2026-08-04 16:45:00,493.94,495.18,493.12,494.13,5965.864
2026-08-04 17:00:00,494.12,499.5,493.85,498.82,12955.99
2026-08-04 17:15:00,498.81,503.2,497.9,499.68,27926.616
2026-08-04 17:30:00,499.68,501.53,498.44,499.83,8687.533
2026-08-04 17:45:00,499.83,500.97,498.68,499.92,7448.504
2026-08-04 18:00:00,499.91,503.95,499.6,503.04,15964.559
2026-08-04 18:15:00,503.05,503.89,500.57,503.73,11943.467
2026-08-04 18:30:00,503.73,506.24,503.33,506.15,18190.874
2026-08-04 18:45:00,506.16,508.95,504.9,505.51,23240.929
2026-08-04 19:00:00,505.51,508.13,504.79,506.81,8415.947
2026-08-04 19:15:00,506.82,507.99,504.64,505.88,7420.99
2026-08-04 19:30:00,505.87,507.64,505.0,507.53,5473.672
2026-08-04 19:45:00,507.53,508.83,506.02,507.33,7864.351
2026-08-04 20:00:00,507.33,507.72,502.57,504.61,12038.764
2026-08-04 20:15:00,504.6,504.6,502.25,504.02,6477.124
2026-08-04 20:30:00,504.03,507.46,502.7,507.03,10558.224
2026-08-04 20:45:00,507.04,507.22,505.61,505.73,4222.38
2026-08-04 21:00:00,505.74,506.43,504.43,504.87,4726.887
2026-08-04 21:15:00,504.87,506.97,504.54,505.12,3382.715
2026-08-04 21:30:00,505.12,505.22,502.74,503.12,5354.418
2026-08-04 21:45:00,503.13,503.85,502.7,502.74,3380.57
2026-08-04 22:00:00,502.74,503.8,501.76,503.51,7103.276
2026-08-04 22:15:00,503.5,506.39,502.44,505.45,6487.674
2026-08-04 22:30:00,505.46,507.91,505.24,507.54,6109.432
2026-08-04 22:45:00,507.55,513.44,507.47,509.43,28309.178
2026-08-04 23:00:00,509.42,509.77,506.68,507.16,10147.413
2026-08-04 23:15:00,507.16,507.87,505.93,506.77,4741.236
2026-08-04 23:30:00,506.77,507.6,505.42,505.52,5355.552
2026-08-04 23:45:00,505.52,506.56,505.21,506.32,4351.418
2026-08-05 00:00:00,506.32,506.55,503.0,503.94,10788.787
2026-08-05 00:15:00,503.94,505.09,503.2,504.2,5484.928
2026-08-05 00:30:00,504.2,505.4,503.29,503.59,5173.297
2026-08-05 00:45:00,503.6,504.38,502.8,504.01,5229.208
2026-08-05 01:00:00,504.0,506.42,503.33,504.91,5462.958
2026-08-05 01:15:00,504.91,508.31,504.09,507.15,7379.085
2026-08-05 01:30:00,507.15,510.77,506.74,509.07,7608.853
2026-08-05 01:45:00,509.07,511.96,508.83,511.68,8610.269
2026-08-05 02:00:00,511.67,517.08,511.2,514.78,32428.408
2026-08-05 02:15:00,514.77,518.91,514.24,517.18,22264.346
2026-08-05 02:30:00,517.18,517.81,513.39,514.29,13444.377
2026-08-05 02:45:00,514.3,515.69,513.52,514.54,8394.034
2026-08-05 03:00:00,514.54,515.73,512.98,514.34,8632.868
2026-08-05 03:15:00,514.33,515.27,508.94,510.02,22723.549
2026-08-05 03:30:00,510.01,511.31,509.89,511.09,8944.902
2026-08-05 03:45:00,511.08,513.46,510.46,512.76,6517.001
2026-08-05 04:00:00,512.76,513.84,511.59,513.18,4743.916
2026-08-05 04:15:00,513.18,514.01,511.26,511.68,5906.685
2026-08-05 04:30:00,511.67,513.67,511.25,513.48,3104.257
2026-08-05 04:45:00,513.48,514.37,511.82,512.83,5219.292
2026-08-05 05:00:00,512.83,517.32,512.44,516.79,11333.068
2026-08-05 05:15:00,516.8,518.26,516.59,517.71,6713.053
2026-08-05 05:30:00,517.71,519.52,516.63,517.36,11138.824
2026-08-05 05:45:00,517.36,519.8,517.16,518.52,9667.901
2026-08-05 06:00:00,518.52,519.4,517.7,518.67,6145.914
2026-08-05 06:15:00,518.66,521.33,516.53,517.81,17867.713
2026-08-05 06:30:00,517.82,519.23,516.2,518.94,5643.685
2026-08-05 06:45:00,518.94,520.8,518.6,519.55,9543.928
2026-08-05 07:00:00,519.55,520.19,517.69,517.96,7402.994
2026-08-05 07:15:00,517.96,517.96,515.07,515.53,11400.407
2026-08-05 07:30:00,515.53,518.16,515.02,516.78,9413.212
2026-08-05 07:45:00,516.78,517.5,515.74,517.44,4938.796
2026-08-05 08:00:00,517.44,517.81,516.45,516.59,5202.808
2026-08-05 08:15:00,516.59,520.32,516.31,519.37,10226.191
2026-08-05 08:30:00,519.37,519.53,516.69,517.26,5179.734
2026-08-05 08:45:00,517.25,518.03,516.31,517.55,6320.895
2026-08-05 09:00:00,517.55,518.76,516.6,517.61,4581.079
2026-08-05 09:15:00,517.61,518.74,516.36,516.43,4664.921
2026-08-05 09:30:00,516.42,517.54,516.0,516.34,7435.412
2026-08-05 09:45:00,516.34,517.14,516.1,516.16,3007.695
2026-08-05 10:00:00,516.16,518.28,515.42,516.24,8504.565
2026-08-05 10:15:00,516.23,519.01,515.76,518.27,5188.821
2026-08-05 10:30:00,518.28,519.24,517.8,518.73,4117.093
2026-08-05 10:45:00,518.73,518.95,515.51,515.64,6755.386
2026-08-05 11:00:00,515.65,515.85,513.46,514.65,9598.502
2026-08-05 11:15:00,514.64,515.4,513.56,514.83,7437.016
2026-08-05 11:30:00,514.83,517.53,514.73,516.41,6640.955
2026-08-05 11:45:00,516.4,517.51,515.98,517.43,4067.521
2026-08-05 12:00:00,517.43,519.0,516.32,518.04,8689.104
2026-08-05 12:15:00,518.04,524.94,517.51,523.57,39231.182
2026-08-05 12:30:00,523.56,525.7,522.8,523.46,15307.955
2026-08-05 12:45:00,523.44,524.0,521.02,522.22,12169.918
2026-08-05 13:00:00,522.22,522.99,520.44,521.0,10055.771
2026-08-05 13:15:00,521.0,522.51,520.45,520.73,8039.394
2026-08-05 13:30:00,520.73,521.5,513.81,518.56,45950.33
2026-08-05 13:45:00,518.55,519.95,516.5,519.45,11514.344
2026-08-05 14:00:00,519.45,523.99,518.05,522.9,17559.385
2026-08-05 14:15:00,522.89,523.47,518.35,518.54,11219.598
2026-08-05 14:30:00,518.54,518.54,515.81,517.6,15132.318
2026-08-05 14:45:00,517.59,519.82,517.23,518.13,9673.945
2026-08-05 15:00:00,518.13,521.01,517.93,519.14,9389.293
2026-08-05 15:15:00,519.14,520.0,517.21,519.9,6030.872
2026-08-05 15:30:00,519.89,521.45,517.92,518.32,5499.914
2026-08-05 15:45:00,518.33,518.4,515.56,515.87,10628.025
2026-08-05 16:00:00,515.86,519.58,515.83,519.42,6894.113
2026-08-05 16:15:00,519.42,521.6,518.89,520.88,9927.792
2026-08-05 16:30:00,520.87,523.35,520.27,521.39,11248.311
2026-08-05 16:45:00,521.4,521.68,518.75,521.24,8540.573
2026-08-05 17:00:00,521.24,523.9,520.95,521.98,11762.097
2026-08-05 17:15:00,521.97,522.35,520.11,521.17,6158.753
2026-08-05 17:30:00,521.16,522.5,519.69,521.05,7433.85
2026-08-05 17:45:00,521.04,521.43,518.2,518.22,7530.25
2026-08-05 18:00:00,518.22,520.42,518.18,520.23,7363.351
2026-08-05 18:15:00,520.24,520.97,518.74,518.9,3962.659
2026-08-05 18:30:00,518.89,520.02,518.16,519.91,3619.714
2026-08-05 18:45:00,519.9,520.78,518.72,519.97,3090.375
2026-08-05 19:00:00,519.98,522.51,519.92,521.43,7475.648
2026-08-05 19:15:00,521.43,521.52,517.2,517.66,6501.785
2026-08-05 19:30:00,517.65,518.63,516.1,518.01,8600.451
2026-08-05 19:45:00,518.01,518.22,517.04,517.26,5701.81
2026-08-05 20:00:00,517.25,519.98,516.25,519.62,5940.239
2026-08-05 20:15:00,519.63,520.34,517.83,520.23,5668.416
2026-08-05 20:30:00,520.23,522.09,520.1,520.75,5931.375
2026-08-05 20:45:00,520.75,520.76,518.09,518.17,5475.403
2026-08-05 21:00:00,518.17,518.27,515.83,516.7,9151.118
2026-08-05 21:15:00,516.72,517.99,516.54,516.78,3383.635
2026-08-05 21:30:00,516.78,517.81,516.48,516.54,3436.052
2026-08-05 21:45:00,516.53,518.71,516.43,517.95,2700.247
2026-08-05 22:00:00,517.94,518.81,516.74,517.36,3140.265
2026-08-05 22:15:00,517.37,517.86,516.11,516.93,2797.726
2026-08-05 22:30:00,516.93,516.99,515.0,515.39,6401.893
2026-08-05 22:45:00,515.4,516.87,515.35,515.39,3066.093
2026-08-05 23:00:00,515.39,516.71,514.05,516.41,8420.995
2026-08-05 23:15:00,516.4,516.46,514.64,514.76,3041.615
2026-08-05 23:30:00,514.75,515.65,513.68,513.75,5824.405
2026-08-05 23:45:00,513.74,513.83,511.04,512.02,14564.683
2026-08-06 00:00:00,512.01,512.56,511.02,511.25,7435.136
2026-08-06 00:15:00,511.24,512.56,510.83,511.21,7961.218
2026-08-06 00:30:00,511.22,511.33,506.86,507.54,16865.08
2026-08-06 00:45:00,507.53,510.87,506.94,510.28,10653.491
2026-08-06 01:00:00,510.27,510.44,507.78,508.23,9311.581
2026-08-06 01:15:00,508.23,508.99,505.53,506.83,12585.227
2026-08-06 01:30:00,506.83,508.92,506.31,508.06,7257.458
2026-08-06 01:45:00,508.08,510.23,507.37,507.59,8595.439
2026-08-06 02:00:00,507.59,508.6,506.82,507.0,5646.084
2026-08-06 02:15:00,507.0,507.45,505.98,506.62,6986.183
2026-08-06 02:30:00,506.62,508.99,506.15,508.24,7166.978
2026-08-06 02:45:00,508.24,508.88,506.59,508.04,5740.383
2026-08-06 03:00:00,508.04,508.25,506.25,506.85,5156.655
2026-08-06 03:15:00,506.86,509.0,506.46,508.47,5213.77
2026-08-06 03:30:00,508.48,508.83,507.15,507.41,2895.753
2026-08-06 03:45:00,507.41,509.58,507.4,509.14,5839.845
2026-08-06 04:00:00,509.13,509.47,508.1,508.98,6749.309
2026-08-06 04:15:00,508.98,511.5,508.98,510.41,11691.524
2026-08-06 04:30:00,510.4,514.73,510.27,512.36,13572.864
2026-08-06 04:45:00,512.36,512.36,511.1,512.04,3544.063
2026-08-06 05:00:00,512.03,513.69,511.35,511.42,5952.564
2026-08-06 05:15:00,511.41,512.2,510.0,511.01,7027.729
2026-08-06 05:30:00,511.0,511.13,509.04,510.08,6825.48
2026-08-06 05:45:00,510.09,510.41,508.42,509.37,5412.443
2026-08-06 06:00:00,509.37,509.49,506.66,507.09,7379.106
2026-08-06 06:15:00,507.09,508.41,506.36,507.96,4992.837
2026-08-06 06:30:00,507.95,509.16,507.28,508.68,4537.913
2026-08-06 06:45:00,508.68,509.16,507.63,508.19,4847.899
2026-08-06 07:00:00,508.18,508.21,507.0,507.52,3152.396
2026-08-06 07:15:00,507.52,509.6,507.39,508.91,6702.47
2026-08-06 07:30:00,508.91,510.12,507.92,508.29,5046.008
2026-08-06 07:45:00,508.28,509.14,507.91,507.96,3142.646
2026-08-06 08:00:00,507.95,508.03,504.0,504.72,13977.414
2026-08-06 08:15:00,504.72,506.19,503.27,505.31,11120.076
2026-08-06 08:30:00,505.31,506.24,504.65,505.66,4796.053
2026-08-06 08:45:00,505.65,507.28,505.35,506.49,4685.627
2026-08-06 09:00:00,506.48,507.06,502.5,503.69,12202.272
2026-08-06 09:15:00,503.7,505.03,502.99,503.93,7013.817
2026-08-06 09:30:00,503.92,503.93,500.79,501.75,11899.828
2026-08-06 09:45:00,501.76,503.82,501.21,503.45,9517.099
2026-08-06 10:00:00,503.44,503.8,501.61,501.82,6540.908
2026-08-06 10:15:00,501.82,502.49,501.17,502.04,5236.394
2026-08-06 10:30:00,502.05,502.33,498.0,499.07,15788.359
2026-08-06 10:45:00,499.06,500.0,494.31,495.23,29731.072
2026-08-06 11:00:00,495.26,495.45,491.51,493.0,24648.882
2026-08-06 11:15:00,493.01,494.88,492.43,493.54,13549.87
2026-08-06 11:30:00,493.53,495.61,493.36,494.93,11635.649
2026-08-06 11:45:00,494.93,495.86,494.01,494.61,6097.243
2026-08-06 12:00:00,494.6,494.79,492.21,492.54,10043.028
2026-08-06 12:15:00,492.55,494.16,492.55,493.29,5525.715
2026-08-06 12:30:00,493.29,493.9,489.64,491.48,24197.168
2026-08-06 12:45:00,491.47,492.54,490.69,492.02,7092.358
2026-08-06 13:00:00,492.01,492.06,488.24,489.74,17201.094
2026-08-06 13:15:00,489.73,490.8,489.02,490.66,8574.276
2026-08-06 13:30:00,490.66,494.95,489.94,493.69,17995.919
2026-08-06 13:45:00,493.7,495.19,492.56,492.85,15047.073
2026-08-06 14:00:00,492.85,493.87,490.65,490.81,12068.17
2026-08-06 14:15:00,490.8,495.85,490.3,493.51,26824.435
2026-08-06 14:30:00,493.5,495.29,491.83,494.63,12760.216
2026-08-06 14:45:00,494.64,495.29,493.5,494.73,6168.295
2026-08-06 15:00:00,494.73,498.48,494.58,497.47,20159.122
2026-08-06 15:15:00,497.47,497.99,495.46,496.75,11319.267
2026-08-06 15:30:00,496.75,497.52,494.05,495.11,9502.819
2026-08-06 15:45:00,495.1,496.19,491.91,492.21,13595.414
2026-08-06 16:00:00,492.2,494.02,492.2,493.27,10266.331
2026-08-06 16:15:00,493.27,495.27,492.14,493.29,9343.108
2026-08-06 16:30:00,493.3,494.71,492.01,493.82,8114.729
2026-08-06 16:45:00,493.81,495.67,492.92,495.56,6187.242
2026-08-06 17:00:00,495.55,496.49,495.06,495.41,6793.321
2026-08-06 17:15:00,495.42,497.92,494.96,496.65,7554.312
2026-08-06 17:30:00,496.65,497.65,495.91,495.95,4581.252
2026-08-06 17:45:00,495.95,496.94,495.32,496.87,4423.636
2026-08-06 18:00:00,496.87,496.88,494.02,495.51,6430.362
2026-08-06 18:15:00,495.51,497.18,495.32,497.07,3933.961
2026-08-06 18:30:00,497.08,497.39,495.31,495.6,4251.283
2026-08-06 18:45:00,495.59,496.03,494.5,495.11,4129.371
2026-08-06 19:00:00,495.1,496.92,495.0,496.33,2788.739
2026-08-06 19:15:00,496.33,496.37,493.41,493.5,9131.47
2026-08-06 19:30:00,493.5,493.86,491.69,492.65,8027.219
2026-08-06 19:45:00,492.65,494.25,492.5,492.73,5017.565
2026-08-06 20:00:00,492.74,494.83,492.54,494.53,3893.264
2026-08-06 20:15:00,494.53,495.25,493.48,493.98,2929.914
2026-08-06 20:30:00,493.98,494.74,492.95,494.17,2283.641
2026-08-06 20:45:00,494.17,494.25,493.05,493.12,2200.651
2026-08-06 21:00:00,493.12,494.96,493.12,494.65,2823.295
2026-08-06 21:15:00,494.65,495.0,493.8,494.79,1944.805
2026-08-06 21:30:00,494.8,496.19,494.79,495.24,2752.884
2026-08-06 21:45:00,495.24,495.96,494.41,495.12,3404.203
2026-08-06 22:00:00,495.12,495.81,494.25,494.99,3075.597
2026-08-06 22:15:00,494.99,495.99,494.72,495.49,2541.651
2026-08-06 22:30:00,495.49,496.88,494.67,494.91,4034.129
2026-08-06 22:45:00,494.92,495.51,494.47,495.28,3177.362
2026-08-06 23:00:00,495.28,496.26,494.99,495.47,3536.139
2026-08-06 23:15:00,495.46,495.55,493.79,495.26,4194.384
2026-08-06 23:30:00,495.25,496.32,495.03,496.07,2993.705
2026-08-06 23:45:00,496.06,503.71,496.06,502.36,31249.904
2026-08-07 00:00:00,502.36,505.71,501.77,502.86,19544.769
2026-08-07 00:15:00,502.86,504.25,499.42,504.14,12184.047
2026-08-07 00:30:00,504.15,504.64,502.24,503.91,6159.586
2026-08-07 00:45:00,503.9,506.79,503.52,505.68,7904.006
2026-08-07 01:00:00,505.68,507.51,503.63,504.48,8278.219
2026-08-07 01:15:00,504.49,504.58,502.97,504.51,4536.208
2026-08-07 01:30:00,504.48,505.77,503.62,504.81,5508.445
2026-08-07 01:45:00,504.8,506.87,504.39,505.9,4728.912
2026-08-07 02:00:00,505.9,507.93,502.71,504.96,9764.269
2026-08-07 02:15:00,504.97,507.16,500.61,503.16,18525.426
2026-08-07 02:30:00,503.15,505.0,502.93,504.55,4264.731
2026-08-07 02:45:00,504.55,505.81,504.3,504.96,3159.739
2026-08-07 03:00:00,504.95,506.31,503.83,505.25,4504.622
2026-08-07 03:15:00,505.24,505.33,503.36,504.13,4741.514
2026-08-07 03:30:00,504.13,504.94,503.5,503.94,3053.584
2026-08-07 03:45:00,503.94,504.4,503.23,504.12,3264.073
2026-08-07 04:00:00,504.12,505.55,503.73,504.98,4604.234
2026-08-07 04:15:00,504.99,505.46,503.94,504.43,2259.716
2026-08-07 04:30:00,504.42,505.06,503.25,504.25,2375.917
2026-08-07 04:45:00,504.24,504.32,501.8,503.61,8219.79
2026-08-07 05:00:00,503.62,505.0,501.99,502.14,5544.625
2026-08-07 05:15:00,502.15,502.35,498.43,498.6,12697.748
2026-08-07 05:30:00,498.6,500.38,498.06,499.88,6995.405
2026-08-07 05:45:00,499.88,504.37,499.25,503.8,10165.237
2026-08-07 06:00:00,503.8,505.12,501.85,504.86,6608.165
2026-08-07 06:15:00,504.87,505.9,503.93,504.3,5227.173
2026-08-07 06:30:00,504.3,504.67,502.3,502.69,5238.398
2026-08-07 06:45:00,502.7,502.7,500.86,501.48,4859.719
2026-08-07 07:00:00,501.47,504.0,500.35,502.49,6367.977
2026-08-07 07:15:00,502.5,502.68,501.35,502.4,2763.897
2026-08-07 07:30:00,502.39,503.06,501.84,502.05,2531.927
2026-08-07 07:45:00,502.05,503.0,502.0,502.23,2110.857
2026-08-07 08:00:00,502.24,504.84,502.22,504.44,5332.966
2026-08-07 08:15:00,504.45,505.29,503.12,504.13,4406.881
2026-08-07 08:30:00,504.13,505.68,504.0,505.24,6745.494
2026-08-07 08:45:00,505.25,505.62,504.76,505.19,4138.426
2026-08-07 09:00:00,505.19,506.82,504.53,504.93,5128.048
2026-08-07 09:15:00,504.93,505.96,503.9,504.14,3766.991
2026-08-07 09:30:00,504.13,511.32,503.95,508.55,31316.945
2026-08-07 09:45:00,508.55,511.97,508.22,511.32,9452.527
2026-08-07 10:00:00,511.32,513.14,509.28,509.47,12789.288
2026-08-07 10:15:00,509.47,510.36,507.65,509.31,6392.494
2026-08-07 10:30:00,509.32,509.59,507.74,508.23,4495.267
2026-08-07 10:45:00,508.24,509.51,508.23,508.57,2778.965
2026-08-07 11:00:00,508.55,512.9,508.54,512.11,11211.753
2026-08-07 11:15:00,512.12,512.91,510.33,510.4,6227.95
2026-08-07 11:30:00,510.41,511.41,509.11,509.71,6037.191
2026-08-07 11:45:00,509.71,513.13,508.27,511.71,12790.833
2026-08-07 12:00:00,511.71,515.0,511.28,512.18,15065.749
2026-08-07 12:15:00,512.18,512.61,510.12,510.89,7650.55
2026-08-07 12:30:00,510.89,514.42,507.33,509.4,26949.39
2026-08-07 12:45:00,509.39,513.15,508.61,511.47,14360.024
2026-08-07 13:00:00,511.46,511.67,509.51,510.38,6184.718
2026-08-07 13:15:00,510.38,512.22,510.17,511.92,4523.144
2026-08-07 13:30:00,511.89,513.57,510.59,511.94,8480.958
2026-08-07 13:45:00,511.94,512.46,510.0,510.45,7554.701
2026-08-07 14:00:00,510.45,510.58,506.64,506.87,16965.248
2026-08-07 14:15:00,506.86,510.39,506.53,510.31,11754.462
2026-08-07 14:30:00,510.31,511.29,509.05,510.03,9901.51
2026-08-07 14:45:00,510.03,510.59,507.67,509.19,6505.518
2026-08-07 15:00:00,509.2,509.83,507.21,508.29,8494.306
2026-08-07 15:15:00,508.28,509.4,507.54,509.23,3470.286
2026-08-07 15:30:00,509.23,512.7,509.11,511.84,10863.373
2026-08-07 15:45:00,511.83,512.55,511.33,512.03,4899.858
2026-08-07 16:00:00,512.03,517.86,512.03,516.35,17311.076
2026-08-07 16:15:00,516.34,516.98,511.98,512.09,13114.483
2026-08-07 16:30:00,512.11,514.54,511.88,513.39,5995.952
2026-08-07 16:45:00,513.39,515.35,513.39,514.16,6487.54
2026-08-07 17:00:00,514.15,514.68,509.5,509.62,11940.9
2026-08-07 17:15:00,509.63,511.5,509.0,510.93,7498.994
2026-08-07 17:30:00,510.93,512.74,510.09,511.6,5492.16
2026-08-07 17:45:00,511.59,511.97,509.46,511.74,4339.62
2026-08-07 18:00:00,511.74,513.4,511.54,512.96,4472.772
2026-08-07 18:15:00,512.97,513.07,510.79,511.28,2729.644
2026-08-07 18:30:00,511.28,511.87,508.68,509.88,7439.635
2026-08-07 18:45:00,509.88,510.3,509.25,509.68,2877.714
2026-08-07 19:00:00,509.68,512.56,509.41,512.52,4059.661
2026-08-07 19:15:00,512.52,514.64,512.5,514.35,5815.846
2026-08-07 19:30:00,514.36,515.0,513.12,513.68,4502.796
2026-08-07 19:45:00,513.67,514.61,512.91,513.86,3563.189
2026-08-07 20:00:00,513.87,513.97,512.25,513.05,3180.534
2026-08-07 20:15:00,513.06,513.14,511.78,511.85,2014.906
2026-08-07 20:30:00,511.84,512.18,510.55,510.94,2977.984
2026-08-07 20:45:00,510.94,511.53,510.71,511.31,1939.514
2026-08-07 21:00:00,511.31,512.11,510.61,511.45,1963.084
2026-08-07 21:15:00,511.44,511.71,510.07,511.51,2294.159
2026-08-07 21:30:00,511.52,512.59,510.94,511.13,2192.286
2026-08-07 21:45:00,511.12,511.86,509.0,510.26,4765.366
2026-08-07 22:00:00,510.25,511.08,508.75,511.03,8294.553
2026-08-07 22:15:00,511.03,511.09,509.17,509.19,3130.065
2026-08-07 22:30:00,509.18,509.68,507.38,508.15,6052.927
2026-08-07 22:45:00,508.14,509.51,508.0,509.27,2832.561
2026-08-07 23:00:00,509.28,510.27,509.13,510.26,2977.754
2026-08-07 23:15:00,510.26,510.35,508.75,508.75,2198.137
2026-08-07 23:30:00,508.76,512.7,508.66,511.66,6809.039
2026-08-07 23:45:00,511.67,512.55,511.01,511.16,2717.255
2026-08-08 00:00:00,511.15,511.46,509.32,510.1,3111.881
2026-08-08 00:15:00,510.1,510.11,508.16,508.37,3296.141
2026-08-08 00:30:00,508.38,508.82,507.9,508.31,3656.802
2026-08-08 00:45:00,508.31,508.36,506.59,506.95,4890.647
2026-08-08 01:00:00,506.94,508.37,505.72,507.74,7585.899
2026-08-08 01:15:00,507.73,508.9,507.48,508.31,3686.986
2026-08-08 01:30:00,508.32,508.6,507.57,507.9,2582.123
2026-08-08 01:45:00,507.91,507.91,506.84,506.97,2372.185
2026-08-08 02:00:00,506.96,507.7,506.0,506.24,2510.749
2026-08-08 02:15:00,506.23,506.3,504.67,505.34,6121.688
2026-08-08 02:30:00,505.33,506.31,505.04,506.15,3852.807
2026-08-08 02:45:00,506.14,506.85,505.74,506.66,2382.095
2026-08-08 03:00:00,506.67,507.93,506.5,507.33,2985.86
2026-08-08 03:15:00,507.34,509.71,507.3,509.31,6115.022
2026-08-08 03:30:00,509.3,510.2,508.45,508.45,5396.088
2026-08-08 03:45:00,508.46,509.94,508.42,509.66,1830.811
2026-08-08 04:00:00,509.65,510.5,507.54,507.74,5312.177
2026-08-08 04:15:00,507.74,508.25,507.3,508.0,2352.268
2026-08-08 04:30:00,507.98,509.84,507.78,509.55,3434.009
2026-08-08 04:45:00,509.55,509.56,507.69,507.85,1808.753
2026-08-08 05:00:00,507.85,508.16,507.19,507.68,1996.141
2026-08-08 05:15:00,507.69,508.35,507.15,508.3,1351.375
2026-08-08 05:30:00,508.3,508.3,507.12,507.32,1817.422
2026-08-08 05:45:00,507.32,507.5,506.08,506.97,3265.212
2026-08-08 06:00:00,506.97,507.46,506.55,506.72,2191.745
2026-08-08 06:15:00,506.72,507.05,505.12,505.72,5581.095
2026-08-08 06:30:00,505.73,505.8,504.69,505.4,4676.48
2026-08-08 06:45:00,505.4,505.68,504.82,505.42,2765.667
2026-08-08 07:00:00,505.41,506.65,505.06,505.34,2774.688
2026-08-08 07:15:00,505.33,505.53,504.16,504.23,4318.474
2026-08-08 07:30:00,504.24,505.67,504.23,504.76,4991.841
2026-08-08 07:45:00,504.77,505.41,503.03,504.38,5094.701
2026-08-08 08:00:00,504.38,505.13,503.85,505.0,4624.715
2026-08-08 08:15:00,505.0,505.63,504.73,505.53,2859.181
2026-08-08 08:30:00,505.53,506.35,505.18,505.99,3144.481
2026-08-08 08:45:00,505.99,506.54,505.18,506.36,3687.367
2026-08-08 09:00:00,506.36,507.37,506.18,506.77,3874.4
2026-08-08 09:15:00,506.76,507.54,506.56,506.65,1740.517
2026-08-08 09:30:00,506.64,507.69,505.8,506.11,4825.384
2026-08-08 09:45:00,506.1,506.2,505.23,505.71,2965.381
2026-08-08 10:00:00,505.71,507.26,505.71,506.76,3621.342
2026-08-08 10:15:00,506.76,508.58,506.76,507.69,5660.287
2026-08-08 10:30:00,507.68,508.36,507.05,507.27,4594.302
2026-08-08 10:45:00,507.27,507.33,505.07,505.09,5178.072
2026-08-08 11:00:00,505.08,505.64,503.16,503.41,9320.719
2026-08-08 11:15:00,503.4,503.43,498.93,499.9,28245.623
2026-08-08 11:30:00,499.9,499.98,497.6,497.74,13647.105
2026-08-08 11:45:00,497.75,499.42,497.53,498.04,10332.89
2026-08-08 12:00:00,498.04,500.5,497.32,500.28,11543.205
2026-08-08 12:15:00,500.28,501.69,499.06,499.89,12416.989
2026-08-08 12:30:00,499.9,501.1,497.85,499.93,10759.769
2026-08-08 12:45:00,499.94,500.53,499.5,500.06,3409.556
2026-08-08 13:00:00,500.05,502.76,499.99,501.61,10539.922
2026-08-08 13:15:00,501.61,501.99,499.9,501.86,4383.374
2026-08-08 13:30:00,501.86,502.88,501.6,502.78,6284.61
2026-08-08 13:45:00,502.77,503.12,502.03,502.23,3009.175
2026-08-08 14:00:00,502.22,502.43,501.4,502.4,3451.578
2026-08-08 14:15:00,502.4,504.6,502.01,503.08,8220.143
2026-08-08 14:30:00,503.09,504.08,501.7,501.96,5250.262
2026-08-08 14:45:00,501.97,505.0,501.89,504.88,7284.194
2026-08-08 15:00:00,504.86,506.65,504.54,504.56,8912.898
2026-08-08 15:15:00,504.56,505.18,503.62,504.47,4301.237
2026-08-08 15:30:00,504.48,505.2,503.64,505.2,2193.713
2026-08-08 15:45:00,505.19,505.77,503.92,505.02,3842.742
2026-08-08 16:00:00,505.02,505.74,504.22,504.88,2425.073
2026-08-08 16:15:00,504.88,505.33,503.73,503.91,2410.835
2026-08-08 16:30:00,503.9,505.42,503.6,505.18,2814.411
2026-08-08 16:45:00,505.19,507.75,505.15,507.52,9828.293
2026-08-08 17:00:00,507.52,507.98,506.33,506.78,4248.869
2026-08-08 17:15:00,506.79,507.28,505.69,506.23,4724.119
2026-08-08 17:30:00,506.23,507.59,505.93,506.89,3557.376
2026-08-08 17:45:00,506.89,507.09,506.31,506.82,1716.378
2026-08-08 18:00:00,506.81,506.81,505.0,505.35,3846.711
2026-08-08 18:15:00,505.35,505.44,504.2,504.53,3322.682
2026-08-08 18:30:00,504.53,505.08,503.61,504.89,2374.056
2026-08-08 18:45:00,504.89,505.37,504.5,505.29,1570.209
2026-08-08 19:00:00,505.29,506.8,504.91,506.73,2153.016
2026-08-08 19:15:00,506.73,511.4,506.69,509.16,13914.473
2026-08-08 19:30:00,509.15,510.27,509.1,509.39,3685.189
2026-08-08 19:45:00,509.4,510.51,509.21,510.03,3365.49
2026-08-08 20:00:00,510.02,510.83,509.79,510.26,3182.081
2026-08-08 20:15:00,510.27,510.73,509.7,510.07,2622.171
2026-08-08 20:30:00,510.08,511.88,509.91,511.07,4703.788
2026-08-08 20:45:00,511.07,511.07,509.33,510.03,2146.427
2026-08-08 21:00:00,510.02,510.73,509.74,509.74,2189.965
2026-08-08 21:15:00,509.74,510.13,507.51,508.25,5664.05
2026-08-08 21:30:00,508.26,510.31,508.26,509.84,2020.48
2026-08-08 21:45:00,509.84,510.7,509.15,510.39,1656.175
2026-08-08 22:00:00,510.39,511.41,509.45,509.45,2989.989
2026-08-08 22:15:00,509.45,510.02,508.03,508.54,3342.289
2026-08-08 22:30:00,508.55,508.92,507.67,508.2,2470.444
2026-08-08 22:45:00,508.16,508.16,506.58,506.91,3558.06
2026-08-08 23:00:00,506.91,507.64,506.47,506.83,3570.42
2026-08-08 23:15:00,506.84,508.46,506.65,507.61,2199.509
2026-08-08 23:30:00,507.6,507.88,507.17,507.53,1393.454
2026-08-08 23:45:00,507.54,508.27,507.47,507.85,1488.904
2026-08-09 00:00:00,507.84,508.63,507.53,508.27,2825.081
2026-08-09 00:15:00,508.27,509.0,506.61,507.36,3306.169
2026-08-09 00:30:00,507.35,507.48,504.62,505.96,5503.995
2026-08-09 00:45:00,505.96,508.44,505.92,508.27,3162.502
2026-08-09 01:00:00,508.26,510.07,508.05,508.76,4560.894
2026-08-09 01:15:00,508.76,509.6,507.51,508.05,2811.474
2026-08-09 01:30:00,508.05,511.36,507.84,510.92,6790.351
2026-08-09 01:45:00,510.93,514.8,510.92,512.81,17003.947
2026-08-09 02:00:00,512.81,514.99,512.14,514.64,7971.319
2026-08-09 02:15:00,514.63,514.75,513.46,513.53,5628.31
2026-08-09 02:30:00,513.52,513.52,511.49,511.61,5412.999
2026-08-09 02:45:00,511.61,512.75,511.61,511.95,2895.675
2026-08-09 03:00:00,511.94,511.95,510.54,510.8,4408.764
2026-08-09 03:15:00,510.79,512.71,510.59,511.77,2997.968
2026-08-09 03:30:00,511.77,512.79,511.16,511.49,2378.374
2026-08-09 03:45:00,511.48,512.8,509.48,510.75,5274.372
2026-08-09 04:00:00,510.74,512.33,510.54,511.45,2250.247
2026-08-09 04:15:00,511.45,513.51,511.38,513.16,5307.148
2026-08-09 04:30:00,513.16,513.2,511.49,512.06,2635.74
2026-08-09 04:45:00,512.06,512.81,511.76,512.36,1545.889
2026-08-09 05:00:00,512.36,512.62,511.25,511.67,2088.433
2026-08-09 05:15:00,511.67,512.1,509.64,509.91,4500.407
2026-08-09 05:30:00,509.91,510.08,509.16,509.44,5558.956
2026-08-09 05:45:00,509.43,510.0,508.62,509.91,5861.852
2026-08-09 06:00:00,509.9,509.9,508.27,508.94,5103.867
2026-08-09 06:15:00,508.93,510.52,508.78,510.17,3237.926
2026-08-09 06:30:00,510.16,510.99,509.7,509.86,3643.784
2026-08-09 06:45:00,509.87,510.6,509.25,509.58,2844.523
2026-08-09 07:00:00,509.57,512.78,509.38,511.88,6883.443
2026-08-09 07:15:00,511.89,513.41,511.79,512.11,7366.231
2026-08-09 07:30:00,512.12,512.99,511.9,512.31,2856.597
2026-08-09 07:45:00,512.32,512.57,511.63,512.41,2998.556
2026-08-09 08:00:00,512.4,513.22,511.1,511.39,5034.675
2026-08-09 08:15:00,511.39,514.0,510.8,513.57,9422.972
2026-08-09 08:30:00,513.59,514.24,511.39,511.74,7433.357
2026-08-09 08:45:00,511.75,512.84,511.32,512.37,3964.56
2026-08-09 09:00:00,512.36,524.04,512.27,518.19,39210.918
2026-08-09 09:15:00,518.2,519.76,515.7,515.87,12935.399
2026-08-09 09:30:00,515.88,518.5,514.86,518.38,8698.268
2026-08-09 09:45:00,518.39,521.47,517.87,521.01,19224.507
2026-08-09 10:00:00,521.01,531.91,521.01,526.23,73866.859
2026-08-09 10:15:00,526.23,527.28,523.53,524.61,15556.403
2026-08-09 10:30:00,524.62,526.55,524.51,525.99,8478.997
2026-08-09 10:45:00,525.99,527.18,524.34,524.79,7411.115
2026-08-09 11:00:00,524.78,525.89,522.42,524.24,8340.189
2026-08-09 11:15:00,524.25,524.96,522.71,523.65,4844.845
2026-08-09 11:30:00,523.65,525.04,522.56,523.87,5316.46
2026-08-09 11:45:00,523.87,524.43,522.56,524.09,5740.957
2026-08-09 12:00:00,524.09,524.45,520.02,521.03,11518.862
2026-08-09 12:15:00,521.03,523.04,520.77,521.81,7020.202
2026-08-09 12:30:00,521.82,523.4,521.49,523.04,3892.145
2026-08-09 12:45:00,523.04,523.59,521.79,521.96,3040.696
2026-08-09 13:00:00,521.96,525.5,521.56,524.25,9112.084
2026-08-09 13:15:00,524.25,526.99,524.15,526.16,14412.558
2026-08-09 13:30:00,526.17,526.26,524.7,524.87,5234.117
2026-08-09 13:45:00,524.87,525.15,522.73,523.01,5647.073
2026-08-09 14:00:00,523.0,524.5,522.69,523.89,5908.88
2026-08-09 14:15:00,523.88,524.22,522.79,523.32,3869.256
2026-08-09 14:30:00,523.31,524.47,522.48,523.14,3887.401
2026-08-09 14:45:00,523.15,523.86,522.72,523.54,2848.561
2026-08-09 15:00:00,523.53,523.65,522.44,522.8,3451.232
2026-08-09 15:15:00,522.8,523.05,521.31,521.62,4729.974
2026-08-09 15:30:00,521.62,522.34,521.1,522.15,4104.438
2026-08-09 15:45:00,522.15,523.57,521.78,522.85,5354.146
2026-08-09 16:00:00,522.85,523.44,518.0,518.37,16046.401
2026-08-09 16:15:00,518.38,519.1,515.3,515.96,19911.007
2026-08-09 16:30:00,515.97,518.61,515.86,518.04,6747.087
2026-08-09 16:45:00,518.04,518.64,517.58,518.03,4065.136
2026-08-09 17:00:00,518.04,518.4,517.46,518.05,3745.67
2026-08-09 17:15:00,518.05,518.3,514.0,515.27,27526.132
2026-08-09 17:30:00,515.28,516.62,515.08,516.39,6238.513
2026-08-09 17:45:00,516.39,516.39,513.01,514.57,10868.608
2026-08-09 18:00:00,514.57,515.19,513.88,515.13,4860.444
2026-08-09 18:15:00,515.13,515.88,514.56,515.63,5522.516
2026-08-09 18:30:00,515.63,515.84,514.05,514.62,4287.337
2026-08-09 18:45:00,514.62,515.59,514.23,514.72,3111.286
2026-08-09 19:00:00,514.71,515.42,514.5,515.27,2589.149
2026-08-09 19:15:00,515.27,515.87,514.93,515.18,2838.453
2026-08-09 19:30:00,515.18,515.86,514.4,515.31,3812.067
2026-08-09 19:45:00,515.3,515.65,514.62,515.01,2395.563
2026-08-09 20:00:00,515.0,515.56,514.16,514.62,5980.932
2026-08-09 20:15:00,514.62,515.09,514.42,515.09,1298.161
2026-08-09 20:30:00,515.08,516.15,515.0,515.12,3529.277
2026-08-09 20:45:00,515.12,516.3,515.11,515.98,2199.571
2026-08-09 21:00:00,515.97,517.09,515.77,516.62,3799.783
2026-08-09 21:15:00,516.62,517.33,515.65,516.95,3261.143
2026-08-09 21:30:00,516.95,517.68,516.74,517.44,2884.798
2026-08-09 21:45:00,517.44,519.7,516.9,518.74,6228.735
2026-08-09 22:00:00,518.73,520.45,517.72,519.92,7256.233
2026-08-09 22:15:00,519.92,520.23,517.66,517.94,4928.524
2026-08-09 22:30:00,517.95,518.14,514.33,514.85,6431.836
2026-08-09 22:45:00,514.84,514.84,511.86,513.2,12914.25
2026-08-09 23:00:00,513.2,514.37,512.4,512.62,5587.028
2026-08-09 23:15:00,512.62,512.87,511.1,511.45,8355.552
2026-08-09 23:30:00,511.46,511.71,509.5,510.76,11333.861
2026-08-09 23:45:00,510.76,511.45,509.39,509.6,5367.243
2026-08-10 00:00:00,509.6,516.24,508.65,513.7,19786.791
2026-08-10 00:15:00,513.7,515.2,511.54,511.96,13027.542
2026-08-10 00:30:00,511.96,512.45,507.75,508.41,12784.112
2026-08-10 00:45:00,508.41,511.45,507.78,508.08,8544.613
2026-08-10 01:00:00,508.09,509.45,505.8,508.23,13235.579
2026-08-10 01:15:00,508.22,511.14,508.1,509.47,6656.049
2026-08-10 01:30:00,509.46,510.09,508.38,508.87,5054.044
2026-08-10 01:45:00,508.86,513.66,508.66,511.98,8531.053
2026-08-10 02:00:00,511.98,512.26,510.01,510.25,3691.092
2026-08-10 02:15:00,510.25,510.83,507.02,507.83,8463.927
2026-08-10 02:30:00,507.84,510.57,507.84,510.53,5843.584
2026-08-10 02:45:00,510.52,511.02,509.21,510.81,4182.44
2026-08-10 03:00:00,510.81,511.26,507.74,507.95,5032.765
2026-08-10 03:15:00,507.95,509.49,507.3,508.01,5840.347
2026-08-10 03:30:00,508.01,509.34,507.47,508.12,3104.08
2026-08-10 03:45:00,508.12,509.03,507.7,508.06,3007.843
2026-08-10 04:00:00,508.05,508.35,507.16,508.3,3811.109
2026-08-10 04:15:00,508.3,509.25,507.64,507.69,3016.951
2026-08-10 04:30:00,507.69,508.79,506.6,508.17,4833.721
2026-08-10 04:45:00,508.17,508.72,505.35,506.14,6950.252
2026-08-10 05:00:00,506.13,507.62,505.44,506.95,5565.817
2026-08-10 05:15:00,506.96,509.27,506.81,509.05,4276.581
2026-08-10 05:30:00,509.05,509.43,508.1,509.18,5221.76
2026-08-10 05:45:00,509.19,510.71,508.68,509.71,5798.958
2026-08-10 06:00:00,509.71,510.61,509.0,509.93,4854.572
2026-08-10 06:15:00,509.94,510.61,509.0,509.62,2436.159
2026-08-10 06:30:00,509.62,511.34,509.27,511.05,4408.7
2026-08-10 06:45:00,511.05,511.21,509.81,510.95,3779.681
2026-08-10 07:00:00,510.95,511.04,509.3,510.23,4457.613
2026-08-10 07:15:00,510.24,511.17,508.57,508.92,5456.699
2026-08-10 07:30:00,508.88,509.9,508.6,509.26,3473.445
2026-08-10 07:45:00,509.25,509.33,508.13,508.71,7429.475
2026-08-10 08:00:00,508.71,510.2,508.13,510.2,5518.836
2026-08-10 08:15:00,510.19,513.51,509.75,511.46,9229.953
2026-08-10 08:30:00,511.46,512.27,509.11,509.96,5836.249
2026-08-10 08:45:00,509.95,510.99,509.25,510.96,3497.67
2026-08-10 09:00:00,510.95,511.06,509.61,509.97,4690.269
2026-08-10 09:15:00,509.97,509.98,508.31,508.82,3789.311
2026-08-10 09:30:00,508.82,508.82,506.2,506.41,8495.116
2026-08-10 09:45:00,506.41,506.75,503.5,504.33,15232.501
2026-08-10 10:00:00,504.32,506.69,504.13,506.01,6496.701
2026-08-10 10:15:00,506.02,507.57,505.56,506.35,5835.674
2026-08-10 10:30:00,506.35,507.51,505.85,507.11,3802.987
2026-08-10 10:45:00,507.1,507.65,506.74,507.09,2845.393
2026-08-10 11:00:00,507.08,507.44,506.08,506.79,3842.719
2026-08-10 11:15:00,506.79,508.44,506.37,508.07,6903.39
2026-08-10 11:30:00,508.07,508.28,507.51,508.07,2966.949
2026-08-10 11:45:00,508.07,508.46,507.65,508.41,2921.164
2026-08-10 12:00:00,508.41,509.25,506.86,507.08,5304.064
2026-08-10 12:15:00,507.09,507.38,500.04,501.8,19734.768
2026-08-10 12:30:00,501.8,503.39,500.57,502.76,21666.004
2026-08-10 12:45:00,502.77,503.67,501.94,502.8,16532.436
2026-08-10 13:00:00,502.79,504.88,502.55,504.84,9830.713
2026-08-10 13:15:00,504.83,505.82,504.26,505.65,5062.875
2026-08-10 13:30:00,505.65,506.46,503.36,503.74,10547.626
2026-08-10 13:45:00,503.73,506.78,503.51,506.46,11004.421
2026-08-10 14:00:00,506.46,508.29,505.72,505.78,10613.059
2026-08-10 14:15:00,505.77,506.0,504.03,504.23,8124.683
2026-08-10 14:30:00,504.22,505.25,503.45,503.79,4928.64
2026-08-10 14:45:00,503.8,504.17,501.9,502.8,8531.807
2026-08-10 15:00:00,502.79,504.08,498.0,500.7,27109.164
2026-08-10 15:15:00,500.7,502.49,497.67,500.51,24931.458
2026-08-10 15:30:00,500.51,500.97,499.21,500.74,8697.731
2026-08-10 15:45:00,500.73,501.78,500.34,501.42,8063.952
2026-08-10 16:00:00,501.41,504.06,501.04,502.71,9561.442
2026-08-10 16:15:00,502.72,503.68,500.16,500.39,10364.137
2026-08-10 16:30:00,500.38,500.48,497.83,498.82,12665.042
2026-08-10 16:45:00,498.82,499.25,493.78,497.22,28600.086
2026-08-10 17:00:00,497.22,497.39,492.58,496.77,21224.996
2026-08-10 17:15:00,496.77,497.22,495.33,495.82,10895.294
2026-08-10 17:30:00,495.82,497.56,494.83,495.93,6104.112
2026-08-10 17:45:00,495.92,497.39,495.1,497.08,5895.875
2026-08-10 18:00:00,497.07,498.6,496.28,497.4,7269.77
2026-08-10 18:15:00,497.42,498.51,497.07,498.09,4316.204
2026-08-10 18:30:00,498.08,498.69,497.03,497.91,4427.351
2026-08-10 18:45:00,497.91,497.92,496.03,496.37,3985.898
2026-08-10 19:00:00,496.37,497.85,496.37,497.77,4552.028
2026-08-10 19:15:00,497.77,500.57,497.77,500.4,8072.837
2026-08-10 19:30:00,500.4,501.29,498.95,498.95,14119.335
2026-08-10 19:45:00,498.96,499.41,497.8,498.16,4139.661
2026-08-10 20:00:00,498.17,499.51,497.43,499.29,5056.917
2026-08-10 20:15:00,499.28,500.7,499.01,499.64,5235.331
2026-08-10 20:30:00,499.63,500.08,497.84,498.7,6148.945
2026-08-10 20:45:00,498.7,498.91,498.03,498.17,2185.827
2026-08-10 21:00:00,498.16,498.68,495.6,496.35,11139.83
2026-08-10 21:15:00,496.34,497.56,495.79,497.49,2940.851
2026-08-10 21:30:00,497.5,497.91,496.36,496.78,2093.74
2026-08-10 21:45:00,496.78,498.45,496.6,498.25,2978.063
2026-08-10 22:00:00,498.25,499.2,496.3,498.34,3589.895
2026-08-10 22:15:00,498.34,498.95,496.59,497.96,3172.237
2026-08-10 22:30:00,497.97,497.97,495.95,496.48,2477.962
2026-08-10 22:45:00,496.48,496.9,495.84,495.87,1749.219
2026-08-10 23:00:00,495.86,496.15,495.03,496.1,4745.629
2026-08-10 23:15:00,496.1,498.33,496.09,497.97,5148.949
2026-08-10 23:30:00,497.97,498.36,496.33,496.33,2720.459
2026-08-10 23:45:00,496.34,496.85,494.93,496.18,8498.307
2026-08-11 00:00:00,496.18,497.03,495.35,496.91,4223.7
2026-08-11 00:15:00,496.91,496.99,495.35,496.34,2741.919
2026-08-11 00:30:00,496.34,496.4,495.01,495.84,4118.924
2026-08-11 00:45:00,495.84,495.99,494.31,495.47,7022.569
2026-08-11 01:00:00,495.47,495.49,491.12,492.0,18945.036
2026-08-11 01:15:00,492.01,492.53,490.5,490.93,14025.81
2026-08-11 01:30:00,490.93,491.29,489.6,489.79,19137.629
2026-08-11 01:45:00,489.79,493.69,489.63,492.41,7791.863
2026-08-11 02:00:00,492.4,494.59,491.3,491.97,11484.01
2026-08-11 02:15:00,491.96,493.27,491.8,493.13,3370.048
2026-08-11 02:30:00,493.13,493.44,491.73,492.64,2631.77
2026-08-11 02:45:00,492.64,494.41,492.54,493.75,3576.015
2026-08-11 03:00:00,493.75,494.88,493.35,493.88,5572.814
2026-08-11 03:15:00,493.87,495.12,493.55,494.5,5181.799
2026-08-11 03:30:00,494.5,494.5,492.72,493.23,5452.783
2026-08-11 03:45:00,493.23,494.24,492.97,493.85,3808.274
2026-08-11 04:00:00,493.84,494.47,492.51,493.63,4573.932
2026-08-11 04:15:00,493.63,494.45,492.67,492.74,2961.304
2026-08-11 04:30:00,492.74,493.24,492.07,492.59,3215.507
2026-08-11 04:45:00,492.59,493.82,491.83,493.58,3266.092
2026-08-11 05:00:00,493.57,493.93,492.36,492.58,2420.662
2026-08-11 05:15:00,492.58,492.67,490.87,492.66,5815.821
2026-08-11 05:30:00,492.66,493.98,492.16,492.74,3755.313
2026-08-11 05:45:00,492.74,492.82,491.19,491.84,2744.282
2026-08-11 06:00:00,491.84,492.25,490.22,490.38,6683.738
2026-08-11 06:15:00,490.38,490.91,489.62,490.02,5817.027
2026-08-11 06:30:00,490.02,490.93,489.02,490.43,5294.927
2026-08-11 06:45:00,490.42,491.17,489.74,490.78,3394.757
2026-08-11 07:00:00,490.79,490.98,486.0,488.98,16302.541
2026-08-11 07:15:00,488.99,488.99,485.28,486.58,14270.411
2026-08-11 07:30:00,486.58,488.79,486.52,488.29,5897.549
2026-08-11 07:45:00,488.28,488.5,487.26,487.65,5235.53
2026-08-11 08:00:00,487.66,488.19,486.31,486.31,6145.547
2026-08-11 08:15:00,486.32,486.64,485.36,485.64,5771.137
2026-08-11 08:30:00,485.64,486.11,484.02,485.98,10518.246
2026-08-11 08:45:00,485.97,487.0,485.86,486.76,7649.335
2026-08-11 09:00:00,486.75,486.76,485.02,485.14,5067.271
2026-08-11 09:15:00,485.14,487.11,484.7,485.57,4972.735
2026-08-11 09:30:00,485.58,485.93,484.91,485.79,6044.051
2026-08-11 09:45:00,485.79,486.98,485.28,486.87,6634.125
2026-08-11 10:00:00,486.86,486.86,484.59,484.64,6618.198
2026-08-11 10:15:00,484.63,485.08,483.55,484.92,8869.88
2026-08-11 10:30:00,484.92,485.82,484.75,484.8,2876.019
2026-08-11 10:45:00,484.79,485.85,483.68,483.82,5998.43
2026-08-11 11:00:00,483.82,489.88,483.82,488.55,40782.313
2026-08-11 11:15:00,488.55,490.46,487.98,489.64,9251.428
2026-08-11 11:30:00,489.64,489.89,488.4,489.63,4520.579
2026-08-11 11:45:00,489.62,489.68,488.99,489.36,4068.272
2026-08-11 12:00:00,489.35,489.63,487.47,488.73,8074.082
2026-08-11 12:15:00,488.73,488.73,485.32,485.83,9744.965
2026-08-11 12:30:00,485.83,487.36,485.35,486.82,7780.868
2026-08-11 12:45:00,486.82,486.83,485.1,485.54,7373.249
2026-08-11 13:00:00,485.54,488.08,485.54,486.66,4392.057
2026-08-11 13:15:00,486.67,486.79,485.67,486.45,2682.222
2026-08-11 13:30:00,486.45,486.66,485.42,486.17,4359.501
2026-08-11 13:45:00,486.17,486.44,484.39,485.53,4891.13
2026-08-11 14:00:00,485.53,485.88,481.0,481.61,20010.153
2026-08-11 14:15:00,481.61,483.15,479.3,480.36,19396.827
2026-08-11 14:30:00,480.36,480.36,477.71,479.07,21297.809
2026-08-11 14:45:00,479.07,479.72,474.12,477.24,36897.466
2026-08-11 15:00:00,477.24,477.39,474.26,474.68,20577.775
2026-08-11 15:15:00,474.68,475.44,472.77,473.86,22189.371
2026-08-11 15:30:00,473.87,475.0,469.64,470.01,45833.794
2026-08-11 15:45:00,470.01,472.34,469.91,470.9,15267.913
2026-08-11 16:00:00,470.9,472.49,468.4,469.7,21386.344
2026-08-11 16:15:00,469.7,470.1,466.28,467.94,31092.709
2026-08-11 16:30:00,467.95,470.16,466.66,468.14,14072.117
2026-08-11 16:45:00,468.14,469.06,467.0,467.56,8872.676
2026-08-11 17:00:00,467.56,469.97,466.68,468.57,12619.542
2026-08-11 17:15:00,468.56,473.34,468.37,472.78,17088.247
2026-08-11 17:30:00,472.77,473.81,471.8,472.98,10028.26
2026-08-11 17:45:00,472.98,473.5,470.36,470.41,11706.558
2026-08-11 18:00:00,470.42,472.33,470.42,472.1,10655.671
2026-08-11 18:15:00,472.1,473.4,471.45,471.71,6558.316
2026-08-11 18:30:00,471.71,472.66,471.06,472.08,5377.062
2026-08-11 18:45:00,472.08,472.32,470.56,472.26,5271.344
2026-08-11 19:00:00,472.27,472.46,471.44,472.17,3775.512
2026-08-11 19:15:00,472.17,473.52,472.17,472.54,4746.497
2026-08-11 19:30:00,472.54,474.18,471.99,474.03,5247.374
2026-08-11 19:45:00,474.03,476.85,473.74,476.36,17084.853
2026-08-11 20:00:00,476.37,477.33,476.13,476.25,10596.596
2026-08-11 20:15:00,476.25,476.97,475.46,475.85,4867.056
2026-08-11 20:30:00,475.86,477.4,475.86,476.92,5486.021
2026-08-11 20:45:00,476.92,478.53,476.75,478.21,7198.116
2026-08-11 21:00:00,478.21,481.0,478.0,479.68,13359.678
2026-08-11 21:15:00,479.69,480.21,478.92,479.4,4288.7
2026-08-11 21:30:00,479.4,482.45,478.62,481.83,8316.72
2026-08-11 21:45:00,481.82,482.49,479.91,480.99,5102.784
2026-08-11 22:00:00,480.99,484.94,480.99,482.42,14588.457
2026-08-11 22:15:00,482.42,482.54,479.95,481.15,13637.279
2026-08-11 22:30:00,481.16,481.71,479.97,480.43,4671.619
2026-08-11 22:45:00,480.43,480.65,479.34,480.1,5486.562
2026-08-11 23:00:00,480.1,480.21,478.37,478.38,6673.041
2026-08-11 23:15:00,478.39,480.34,478.31,479.79,4089.122
2026-08-11 23:30:00,479.79,480.32,478.44,480.32,4375.827
2026-08-11 23:45:00,480.31,481.9,479.97,481.41,6198.377
2026-08-12 00:00:00,481.4,481.54,480.36,481.35,3958.91
2026-08-12 00:15:00,481.36,482.91,481.04,482.04,6295.49
2026-08-12 00:30:00,482.04,483.12,482.04,482.54,4440.025
2026-08-12 00:45:00,482.54,482.98,481.59,482.4,4579.374
2026-08-12 01:00:00,482.4,484.79,481.17,483.82,6240.054
2026-08-12 01:15:00,483.81,483.85,481.5,481.5,4178.396
2026-08-12 01:30:00,481.51,482.25,480.7,482.05,3202.755
2026-08-12 01:45:00,482.05,482.14,479.79,479.91,4503.34
2026-08-12 02:00:00,479.92,481.82,479.91,481.11,4037.269
2026-08-12 02:15:00,481.1,481.37,480.17,481.03,2227.253
2026-08-12 02:30:00,481.02,481.03,479.24,480.42,4788.093
2026-08-12 02:45:00,480.35,481.88,480.35,481.47,5031.124
2026-08-12 03:00:00,481.46,482.48,480.68,481.45,5021.32
2026-08-12 03:15:00,481.46,482.32,481.19,482.32,2447.773
2026-08-12 03:30:00,482.32,483.11,481.89,482.42,3411.889
2026-08-12 03:45:00,482.43,482.91,481.84,482.36,2931.276
2026-08-12 04:00:00,482.37,482.72,481.42,482.66,4699.682
2026-08-12 04:15:00,482.67,483.47,482.04,482.09,3348.593
2026-08-12 04:30:00,482.09,482.39,481.06,482.21,3619.363
2026-08-12 04:45:00,482.2,483.37,482.0,482.33,2974.166
2026-08-12 05:00:00,482.34,482.56,481.59,482.23,2277.964
2026-08-12 05:15:00,482.22,482.91,481.6,482.01,1850.015
2026-08-12 05:30:00,482.0,483.44,481.9,482.42,2553.523
2026-08-12 05:45:00,482.42,484.52,482.41,483.22,4515.081
2026-08-12 06:00:00,483.22,486.14,481.99,483.17,11728.965
2026-08-12 06:15:00,483.19,483.79,481.57,481.73,5217.495
2026-08-12 06:30:00,481.72,481.77,476.92,477.35,19109.105
2026-08-12 06:45:00,477.33,478.76,476.08,477.51,13963.316
2026-08-12 07:00:00,477.52,479.13,477.05,478.62,5343.622
2026-08-12 07:15:00,478.61,479.15,478.08,478.36,2782.687
2026-08-12 07:30:00,478.37,479.49,478.17,478.68,2265.215
2026-08-12 07:45:00,478.69,479.72,477.88,479.17,3879.418
2026-08-12 08:00:00,479.17,479.46,477.62,478.28,3828.46
2026-08-12 08:15:00,478.28,478.32,477.31,477.42,2445.276
2026-08-12 08:30:00,477.43,477.56,476.24,476.59,4901.354
2026-08-12 08:45:00,476.6,476.6,474.28,474.79,14433.796
2026-08-12 09:00:00,474.79,477.38,474.28,477.08,12259.512
2026-08-12 09:15:00,477.09,480.38,477.01,480.15,11431.335
2026-08-12 09:30:00,480.16,481.56,478.74,479.21,12229.654
2026-08-12 09:45:00,479.21,480.22,478.03,479.54,6966.813
2026-08-12 10:00:00,479.54,482.94,478.79,482.37,10923.301
2026-08-12 10:15:00,482.37,482.68,480.85,481.37,6862.871
2026-08-12 10:30:00,481.37,484.82,481.05,483.63,15303.402
2026-08-12 10:45:00,483.64,485.99,483.59,485.33,12933.212
2026-08-12 11:00:00,485.33,486.91,484.52,485.42,9369.19
2026-08-12 11:15:00,485.43,490.25,485.43,489.15,26186.315
2026-08-12 11:30:00,489.14,489.88,488.02,488.78,10486.737
2026-08-12 11:45:00,488.78,492.67,488.59,490.63,23059.033
2026-08-12 12:00:00,490.62,491.81,490.1,490.38,12094.613
2026-08-12 12:15:00,490.38,494.75,490.31,494.16,15177.658
2026-08-12 12:30:00,494.16,495.67,490.0,490.42,37522.536
2026-08-12 12:45:00,490.43,493.92,488.8,493.14,21944.935
2026-08-12 13:00:00,493.13,495.06,492.63,493.4,12432.331
2026-08-12 13:15:00,493.4,494.8,491.3,491.99,13793.927
2026-08-12 13:30:00,491.99,492.43,489.0,489.81,14584.138
2026-08-12 13:45:00,489.82,491.12,488.41,488.9,9223.532
2026-08-12 14:00:00,488.89,490.42,486.14,489.15,19065.061
2026-08-12 14:15:00,489.14,489.22,487.54,488.11,6133.585
2026-08-12 14:30:00,488.11,488.88,484.54,486.27,17708.657
2026-08-12 14:45:00,486.27,488.13,486.09,486.57,8248.7
2026-08-12 15:00:00,486.56,488.99,485.31,485.92,12926.917
2026-08-12 15:15:00,485.93,487.01,484.05,485.35,7164.104
2026-08-12 15:30:00,485.36,486.42,483.56,484.41,10844.172
2026-08-12 15:45:00,484.41,486.69,484.41,485.59,4382.907
2026-08-12 16:00:00,485.59,486.32,483.01,484.11,6444.042
2026-08-12 16:15:00,484.12,485.73,483.56,485.45,8526.071
2026-08-12 16:30:00,485.45,485.65,484.32,484.99,3034.135
2026-08-12 16:45:00,484.98,486.43,484.76,485.85,5735.877
2026-08-12 17:00:00,485.84,498.53,485.65,497.58,53660.569
2026-08-12 17:15:00,497.58,498.37,494.11,494.15,19384.475
2026-08-12 17:30:00,494.15,499.59,494.1,497.12,20092.432
2026-08-12 17:45:00,497.12,498.14,496.0,496.62,13264.173
2026-08-12 18:00:00,496.63,498.19,496.44,496.86,5856.974
2026-08-12 18:15:00,496.85,497.17,494.61,496.74,8006.09
2026-08-12 18:30:00,496.74,499.15,496.53,497.93,11381.673
2026-08-12 18:45:00,497.94,498.54,496.66,496.75,3389.103
2026-08-12 19:00:00,496.75,496.96,493.28,493.91,9229.69
2026-08-12 19:15:00,493.92,494.58,490.53,492.07,16742.09
2026-08-12 19:30:00,492.06,492.15,490.45,490.89,5193.614
2026-08-12 19:45:00,490.88,491.41,490.17,491.11,5201.758
2026-08-12 20:00:00,491.1,491.57,490.34,490.58,4433.047
2026-08-12 20:15:00,490.59,490.74,489.49,490.5,5397.565
2026-08-12 20:30:00,490.5,493.69,490.49,491.84,8400.37
2026-08-12 20:45:00,491.84,493.37,491.61,493.22,4485.413
2026-08-12 21:00:00,493.21,493.35,491.36,491.68,6931.124
2026-08-12 21:15:00,491.72,492.42,488.52,489.19,5987.281
2026-08-12 21:30:00,489.18,490.91,488.26,490.69,5057.458
2026-08-12 21:45:00,490.69,491.04,489.18,489.44,3225.763
2026-08-12 22:00:00,489.44,490.84,488.51,490.43,5158.374
2026-08-12 22:15:00,490.43,491.77,490.16,491.17,2640.78
2026-08-12 22:30:00,491.17,491.21,489.56,489.78,2095.449
2026-08-12 22:45:00,489.79,490.35,489.08,490.2,3882.303
2026-08-12 23:00:00,490.21,490.42,489.24,489.93,3000.998
2026-08-12 23:15:00,489.92,490.72,489.49,489.85,2891.358
2026-08-12 23:30:00,489.85,490.28,489.04,489.54,2681.603
2026-08-12 23:45:00,489.54,490.65,488.75,489.84,5406.141
2026-08-13 00:00:00,489.83,496.24,489.52,494.59,15547.684
2026-08-13 00:15:00,494.6,495.87,492.51,493.35,7577.898
2026-08-13 00:30:00,493.35,493.88,491.83,491.86,6142.806
2026-08-13 00:45:00,491.87,494.57,491.86,493.67,4451.624
2026-08-13 01:00:00,493.67,494.22,492.26,493.54,5564.47
2026-08-13 01:15:00,493.54,493.55,487.33,488.77,15731.423
2026-08-13 01:30:00,488.76,490.0,487.84,487.84,6189.996
2026-08-13 01:45:00,487.84,488.58,487.31,487.85,5737.375
2026-08-13 02:00:00,487.85,487.98,484.12,484.45,18588.952
2026-08-13 02:15:00,484.45,486.81,484.42,486.29,6931.909
2026-08-13 02:30:00,486.28,486.28,484.44,485.7,3198.718
2026-08-13 02:45:00,485.7,489.69,485.33,489.48,9116.644
2026-08-13 03:00:00,489.49,490.0,488.51,489.69,10205.097
2026-08-13 03:15:00,489.7,493.55,488.98,491.98,18453.772
2026-08-13 03:30:00,491.97,494.96,491.53,494.7,18475.677
2026-08-13 03:45:00,494.7,495.0,492.5,493.61,8392.554
2026-08-13 04:00:00,493.61,494.9,492.74,494.01,10668.019
2026-08-13 04:15:00,494.0,494.42,492.55,493.0,4149.699
2026-08-13 04:30:00,493.0,493.82,492.69,493.44,3087.821
2026-08-13 04:45:00,493.43,494.76,493.29,494.53,3615.337
2026-08-13 05:00:00,494.53,497.72,494.35,495.35,17250.876
2026-08-13 05:15:00,495.34,497.63,495.34,497.62,8187.246
2026-08-13 05:30:00,497.62,499.0,496.6,497.93,18864.746
2026-08-13 05:45:00,497.94,497.94,496.28,496.28,4442.903
2026-08-13 06:00:00,496.28,496.69,493.97,495.05,7988.791
2026-08-13 06:15:00,495.05,496.5,495.05,495.86,4063.284
2026-08-13 06:30:00,495.85,496.15,494.33,495.7,3288.904
2026-08-13 06:45:00,495.7,497.33,495.7,497.0,4147.278
2026-08-13 07:00:00,497.0,497.08,495.26,495.73,2922.657
2026-08-13 07:15:00,495.73,496.38,495.12,495.68,2737.749
2026-08-13 07:30:00,495.68,496.94,494.59,494.95,4511.045
2026-08-13 07:45:00,494.95,495.6,494.68,495.33,3531.85
2026-08-13 08:00:00,495.33,496.64,495.16,496.09,4329.185
2026-08-13 08:15:00,496.1,496.5,495.87,495.88,2392.016
2026-08-13 08:30:00,495.87,496.93,495.81,496.44,2924.037
2026-08-13 08:45:00,496.45,496.7,495.94,496.7,2785.98
2026-08-13 09:00:00,496.7,497.08,494.08,494.3,5163.048
2026-08-13 09:15:00,494.29,495.92,493.75,495.82,5355.547
2026-08-13 09:30:00,495.86,496.45,494.83,495.75,3057.721
2026-08-13 09:45:00,495.75,497.55,495.07,496.33,4664.636
2026-08-13 10:00:00,496.33,496.47,493.61,494.46,13802.935
2026-08-13 10:15:00,494.47,495.5,493.56,494.45,5752.245
2026-08-13 10:30:00,494.45,494.46,492.23,493.4,12109.529
2026-08-13 10:45:00,493.41,494.24,493.41,493.94,1785.637
2026-08-13 11:00:00,493.94,494.39,493.13,494.29,3572.479
2026-08-13 11:15:00,494.29,494.29,491.5,491.89,8759.667
2026-08-13 11:30:00,491.88,492.09,489.83,490.04,12269.914
2026-08-13 11:45:00,490.03,490.38,489.33,489.34,8330.92
2026-08-13 12:00:00,489.34,491.78,489.02,491.31,8838.255
2026-08-13 12:15:00,491.3,491.87,490.59,491.0,4020.279
2026-08-13 12:30:00,491.03,492.35,490.14,490.5,5724.616
2026-08-13 12:45:00,490.52,490.52,489.21,490.1,6206.515
2026-08-13 13:00:00,490.1,493.38,489.8,491.19,9290.286
2026-08-13 13:15:00,491.19,491.19,488.81,489.12,10593.341
2026-08-13 13:30:00,489.11,492.19,487.3,491.71,12949.849
2026-08-13 13:45:00,491.7,491.9,489.53,489.99,4562.881
2026-08-13 14:00:00,490.0,491.63,489.53,490.34,5886.173
2026-08-13 14:15:00,490.34,493.2,490.3,491.2,7226.52
2026-08-13 14:30:00,491.19,496.32,490.64,494.99,18875.921
2026-08-13 14:45:00,495.0,496.25,493.25,493.97,6829.155
2026-08-13 15:00:00,493.97,495.8,493.57,494.13,7121.982
2026-08-13 15:15:00,494.13,495.2,491.14,491.69,8821.278
2026-08-13 15:30:00,491.68,492.61,491.03,491.59,5915.491
2026-08-13 15:45:00,491.59,492.27,487.4,487.77,12414.828
2026-08-13 16:00:00,487.78,489.45,485.74,487.32,16047.407
2026-08-13 16:15:00,487.32,488.55,485.59,486.64,12312.542
2026-08-13 16:30:00,486.64,487.69,482.38,484.08,27680.343
2026-08-13 16:45:00,484.07,487.51,483.64,486.05,11787.889
2026-08-13 17:00:00,486.06,488.0,485.59,487.21,8221.504
2026-08-13 17:15:00,487.22,488.02,486.31,487.11,5000.514
2026-08-13 17:30:00,487.1,487.9,485.89,487.07,3621.274
2026-08-13 17:45:00,487.07,487.35,485.38,485.39,3251.168
2026-08-13 18:00:00,485.39,486.26,483.32,483.45,5400.64
2026-08-13 18:15:00,483.45,484.0,482.38,482.91,8261.758
2026-08-13 18:30:00,482.94,484.65,482.72,484.46,6429.487
2026-08-13 18:45:00,484.45,485.07,483.57,484.22,3954.231
2026-08-13 19:00:00,484.21,486.06,483.57,485.23,5352.348
2026-08-13 19:15:00,485.23,485.28,484.31,484.59,2805.288
2026-08-13 19:30:00,484.58,485.92,483.59,483.94,6560.982
2026-08-13 19:45:00,483.95,484.99,483.95,484.87,3564.531
2026-08-13 20:00:00,484.87,485.99,484.56,485.36,3372.191
2026-08-13 20:15:00,485.37,487.26,485.3,486.98,6392.014
2026-08-13 20:30:00,486.98,487.28,485.16,485.5,4413.906
2026-08-13 20:45:00,485.51,485.51,484.27,484.93,4900.52
2026-08-13 21:00:00,484.92,486.19,484.88,485.62,2436.75
2026-08-13 21:15:00,485.61,486.31,485.49,486.03,2123.902
2026-08-13 21:30:00,486.04,486.67,485.4,486.65,2696.306
2026-08-13 21:45:00,486.65,486.71,485.41,485.56,1606.091
2026-08-13 22:00:00,485.56,488.27,485.4,487.47,5820.038
2026-08-13 22:15:00,487.46,491.41,486.84,490.6,9732.0
2026-08-13 22:30:00,490.6,491.33,489.45,490.01,7547.618
2026-08-13 22:45:00,490.01,491.07,488.89,489.15,5049.19
2026-08-13 23:00:00,489.15,489.35,488.32,488.74,5066.162
2026-08-13 23:15:00,488.76,488.77,487.45,488.43,3674.835
2026-08-13 23:30:00,488.44,491.16,488.44,491.15,5176.366
2026-08-13 23:45:00,491.16,491.66,490.16,490.74,7007.298
2026-08-14 00:00:00,490.74,491.91,489.92,490.03,7816.621
2026-08-14 00:15:00,490.03,492.55,489.71,491.09,5278.663
2026-08-14 00:30:00,491.09,491.09,489.18,490.13,3215.307
2026-08-14 00:45:00,490.14,492.42,489.32,491.61,4124.442
2026-08-14 01:00:00,491.62,491.76,489.52,489.66,3872.366
2026-08-14 01:15:00,489.67,493.08,488.65,491.5,7730.414
2026-08-14 01:30:00,491.5,491.74,490.24,490.96,4765.165
2026-08-14 01:45:00,490.96,492.38,490.36,492.06,4085.127
2026-08-14 02:00:00,492.07,493.58,491.93,493.17,5884.878
2026-08-14 02:15:00,493.17,494.2,491.98,493.92,5668.039
2026-08-14 02:30:00,493.92,494.19,492.59,492.62,4273.155
2026-08-14 02:45:00,492.63,493.47,492.2,492.29,2212.065
2026-08-14 03:00:00,492.3,494.38,491.71,493.24,6776.497
2026-08-14 03:15:00,493.23,494.6,492.74,493.71,6287.167
2026-08-14 03:30:00,493.71,493.72,492.21,492.45,4207.965
2026-08-14 03:45:00,492.44,492.56,491.7,492.05,4229.597
2026-08-14 04:00:00,492.05,492.31,490.84,492.15,5893.131
2026-08-14 04:15:00,492.16,493.63,492.07,492.57,4078.83
2026-08-14 04:30:00,492.57,493.27,491.91,492.18,3344.168
2026-08-14 04:45:00,492.18,492.19,490.79,491.06,3405.491
2026-08-14 05:00:00,491.06,491.75,489.73,489.97,4812.403
2026-08-14 05:15:00,489.97,491.08,488.97,490.92,5006.051
2026-08-14 05:30:00,490.88,491.31,489.49,490.29,3489.812
2026-08-14 05:45:00,490.3,491.74,488.95,491.45,5742.537
2026-08-14 06:00:00,491.44,495.64,490.92,492.8,19117.564
2026-08-14 06:15:00,492.79,492.82,489.32,489.65,9185.799
2026-08-14 06:30:00,489.65,491.37,489.64,490.48,4323.169
2026-08-14 06:45:00,490.49,490.99,487.05,487.28,10654.56
2026-08-14 07:00:00,487.27,489.07,487.27,488.7,5433.426
2026-08-14 07:15:00,488.69,488.69,486.42,487.37,6754.163
2026-08-14 07:30:00,487.36,487.46,485.07,485.49,5974.78
2026-08-14 07:45:00,485.49,486.59,484.79,485.74,6314.945
2026-08-14 08:00:00,485.74,487.27,485.61,486.53,4965.226
2026-08-14 08:15:00,486.54,487.52,485.55,486.77,6181.021
2026-08-14 08:30:00,486.78,490.19,486.24,488.69,6893.967
2026-08-14 08:45:00,488.68,489.27,487.8,488.48,4851.21
2026-08-14 09:00:00,488.49,490.29,488.25,489.53,4301.672
2026-08-14 09:15:00,489.52,491.35,488.34,489.66,7726.779
2026-08-14 09:30:00,489.65,489.65,485.75,486.63,13587.875
2026-08-14 09:45:00,486.63,488.64,486.63,487.43,5296.386
2026-08-14 10:00:00,487.43,489.8,487.16,489.52,5790.898
2026-08-14 10:15:00,489.51,490.34,488.11,488.88,3123.925
2026-08-14 10:30:00,488.88,489.27,487.49,488.09,4897.181
2026-08-14 10:45:00,488.09,488.2,486.57,486.69,3272.93
2026-08-14 11:00:00,486.7,487.62,484.64,485.58,6908.195
2026-08-14 11:15:00,485.59,487.66,485.29,487.27,4769.701
2026-08-14 11:30:00,487.27,487.27,485.25,485.54,4159.481
2026-08-14 11:45:00,485.54,486.13,485.1,485.26,3954.959
2026-08-14 12:00:00,485.27,486.07,483.04,484.36,12420.228
2026-08-14 12:15:00,484.36,486.73,484.3,486.07,5061.958
2026-08-14 12:30:00,486.07,486.44,483.25,483.39,4581.146
2026-08-14 12:45:00,483.39,484.83,482.84,483.76,11156.261
2026-08-14 13:00:00,483.77,483.91,482.5,483.32,6281.249
2026-08-14 13:15:00,483.31,486.94,482.94,485.64,12785.687
2026-08-14 13:30:00,485.64,486.26,484.5,485.6,5376.288
2026-08-14 13:45:00,485.61,486.1,483.26,483.71,6833.27
2026-08-14 14:00:00,483.72,483.97,481.26,481.26,8998.65
2026-08-14 14:15:00,481.27,482.15,480.27,481.83,11270.099
2026-08-14 14:30:00,481.84,483.83,481.56,482.84,9644.486
2026-08-14 14:45:00,482.84,484.62,482.84,483.15,5618.376
2026-08-14 15:00:00,483.14,483.64,482.21,482.44,4131.052
2026-08-14 15:15:00,482.45,485.44,482.28,485.44,4752.767
2026-08-14 15:30:00,485.4,489.26,484.43,488.41,14417.637
2026-08-14 15:45:00,488.42,488.87,486.81,487.64,9465.482
2026-08-14 16:00:00,487.64,488.59,486.85,487.89,7186.56
2026-08-14 16:15:00,487.89,488.9,487.61,488.68,2840.051
2026-08-14 16:30:00,488.67,490.91,488.48,489.11,8024.05
2026-08-14 16:45:00,489.12,489.97,488.34,489.23,4169.157
2026-08-14 17:00:00,489.24,489.67,488.82,489.32,3928.407
2026-08-14 17:15:00,489.33,493.5,489.33,492.07,15722.704
2026-08-14 17:30:00,492.07,492.59,490.57,490.77,4980.883
2026-08-14 17:45:00,490.76,491.13,489.81,490.14,3697.08
2026-08-14 18:00:00,490.14,490.3,488.8,488.93,5467.859
2026-08-14 18:15:00,488.92,489.82,487.76,487.8,7087.922
2026-08-14 18:30:00,487.8,489.94,486.09,487.74,13624.387
2026-08-14 18:45:00,487.75,488.12,486.03,487.8,5478.585
2026-08-14 19:00:00,487.81,488.27,487.0,487.0,2307.025
2026-08-14 19:15:00,487.0,487.95,486.21,486.91,2850.814
2026-08-14 19:30:00,486.91,490.19,486.57,489.87,5003.777
2026-08-14 19:45:00,489.88,492.81,489.88,491.76,8169.081
2026-08-14 20:00:00,491.75,493.11,491.42,491.86,6059.249
2026-08-14 20:15:00,491.85,492.21,491.3,491.74,2151.758
2026-08-14 20:30:00,491.75,492.94,491.24,491.95,2374.932
2026-08-14 20:45:00,491.96,493.0,491.37,492.81,5334.761
2026-08-14 21:00:00,492.78,494.0,489.84,489.99,11659.006
2026-08-14 21:15:00,490.04,491.2,489.7,491.03,3916.392
2026-08-14 21:30:00,491.02,491.1,489.68,489.75,1608.819
2026-08-14 21:45:00,489.75,490.75,489.66,490.56,1887.521
2026-08-14 22:00:00,490.56,492.14,490.22,490.43,3397.98
2026-08-14 22:15:00,490.42,490.89,489.6,489.61,2065.692
2026-08-14 22:30:00,489.6,490.94,489.36,490.73,2333.233
2026-08-14 22:45:00,490.74,491.08,490.25,490.89,1377.707
2026-08-14 23:00:00,490.89,491.25,490.0,490.89,2398.864
2026-08-14 23:15:00,490.89,491.1,489.19,489.6,2434.31
2026-08-14 23:30:00,489.59,493.6,489.56,493.51,5072.834
2026-08-14 23:45:00,493.51,493.56,492.54,493.12,3521.709
2026-08-15 00:00:00,493.11,495.59,492.85,494.14,10536.694
2026-08-15 00:15:00,494.14,495.39,493.81,493.93,4016.06
2026-08-15 00:30:00,493.93,495.11,492.86,492.93,3691.802
2026-08-15 00:45:00,492.92,493.55,491.74,492.06,3254.631
2026-08-15 01:00:00,492.06,492.21,490.64,492.03,3094.558
2026-08-15 01:15:00,492.03,495.99,491.83,494.88,10311.137
2026-08-15 01:30:00,494.87,499.0,494.12,496.87,21276.089
2026-08-15 01:45:00,496.87,497.5,496.26,496.76,3690.242
2026-08-15 02:00:00,496.76,498.0,495.47,496.16,8544.236
2026-08-15 02:15:00,496.16,496.46,493.9,494.34,6420.204
2026-08-15 02:30:00,494.34,495.23,494.09,494.37,2903.033
2026-08-15 02:45:00,494.36,494.83,493.07,494.11,3828.451
2026-08-15 03:00:00,494.11,495.6,493.67,494.58,4726.919
2026-08-15 03:15:00,494.59,495.71,494.22,494.26,3886.323
2026-08-15 03:30:00,494.27,494.59,492.55,492.94,4822.233
2026-08-15 03:45:00,492.94,494.16,492.84,493.29,2346.954
2026-08-15 04:00:00,493.3,494.48,492.89,494.35,3934.548
2026-08-15 04:15:00,494.36,495.44,494.32,494.67,3017.224
2026-08-15 04:30:00,494.69,494.69,493.42,494.16,2400.161
2026-08-15 04:45:00,494.16,494.16,492.2,493.38,4332.188
2026-08-15 05:00:00,493.38,494.78,493.16,493.2,2746.18
2026-08-15 05:15:00,493.2,493.57,491.46,491.67,5580.088
2026-08-15 05:30:00,491.66,491.74,490.01,491.18,7052.459
2026-08-15 05:45:00,491.17,491.8,490.79,491.24,2220.648
2026-08-15 06:00:00,491.23,492.32,490.93,491.78,3395.277
2026-08-15 06:15:00,491.78,491.97,491.09,491.4,1428.695
2026-08-15 06:30:00,491.41,492.12,491.36,491.74,2709.277
2026-08-15 06:45:00,491.73,491.99,491.47,491.72,1456.636
2026-08-15 07:00:00,491.72,492.01,490.77,491.47,2781.465
2026-08-15 07:15:00,491.47,491.48,490.01,490.2,2886.495
2026-08-15 07:30:00,490.21,490.54,490.04,490.18,1689.743
2026-08-15 07:45:00,490.18,490.18,488.9,489.74,7713.537
2026-08-15 08:00:00,489.74,490.33,489.34,489.6,2771.961
2026-08-15 08:15:00,489.61,490.32,489.48,490.01,1801.646
2026-08-15 08:30:00,490.01,490.23,488.75,489.17,3217.468
2026-08-15 08:45:00,489.17,489.93,488.01,488.31,4857.263
2026-08-15 09:00:00,488.3,489.27,487.57,488.73,4408.676
2026-08-15 09:15:00,488.73,489.27,488.37,489.07,1923.796
2026-08-15 09:30:00,489.07,489.22,488.31,488.38,1505.1
2026-08-15 09:45:00,488.38,489.56,488.37,489.54,1569.902
2026-08-15 10:00:00,489.54,490.61,488.86,489.05,3529.755
2026-08-15 10:15:00,489.05,489.22,488.51,489.08,2223.005
2026-08-15 10:30:00,489.08,489.08,487.3,487.53,3721.924
2026-08-15 10:45:00,487.53,489.34,487.37,488.89,6324.948
2026-08-15 11:00:00,488.88,488.88,487.76,487.86,2288.979
2026-08-15 11:15:00,487.87,488.81,487.87,488.81,1625.864
2026-08-15 11:30:00,488.82,492.53,488.5,492.3,7638.227
2026-08-15 11:45:00,492.3,492.3,490.43,491.12,3761.395
2026-08-15 12:00:00,491.13,492.09,490.86,491.67,3124.69
2026-08-15 12:15:00,491.67,492.09,490.23,490.41,2640.318
2026-08-15 12:30:00,490.41,490.51,489.84,489.93,2282.938
2026-08-15 12:45:00,489.93,490.08,489.04,490.03,2408.731
2026-08-15 13:00:00,490.03,490.99,489.31,490.82,2977.574
2026-08-15 13:15:00,490.82,491.48,489.79,489.96,3289.004
2026-08-15 13:30:00,489.96,490.88,489.81,490.75,1667.802
2026-08-15 13:45:00,490.74,491.0,488.59,489.39,3958.279
2026-08-15 14:00:00,489.4,489.46,488.46,488.58,3544.637
2026-08-15 14:15:00,488.58,488.76,487.36,488.43,3614.44
2026-08-15 14:30:00,488.43,489.03,488.16,488.59,2686.121
2026-08-15 14:45:00,488.59,489.62,488.32,489.23,1836.128
2026-08-15 15:00:00,489.22,489.54,488.5,488.5,1828.924
2026-08-15 15:15:00,488.51,489.93,488.36,489.24,1909.018
2026-08-15 15:30:00,489.25,490.3,489.0,489.89,2231.68
2026-08-15 15:45:00,489.89,491.31,489.28,489.51,2763.718
2026-08-15 16:00:00,489.52,490.09,489.1,489.93,3931.06
2026-08-15 16:15:00,489.94,492.49,489.63,490.97,7566.912
2026-08-15 16:30:00,490.97,491.53,490.64,491.2,1827.358
2026-08-15 16:45:00,491.19,491.77,490.83,491.32,2529.469
2026-08-15 17:00:00,491.31,491.43,489.27,489.35,3332.72
2026-08-15 17:15:00,489.35,489.74,488.32,488.46,3020.593
2026-08-15 17:30:00,488.47,488.49,487.86,488.12,3604.929
2026-08-15 17:45:00,488.11,488.98,488.11,488.49,2482.577
2026-08-15 18:00:00,488.48,488.53,487.76,488.3,3171.643
2026-08-15 18:15:00,488.29,488.29,485.62,486.04,8515.569
2026-08-15 18:30:00,486.04,489.13,486.0,488.6,8367.552
2026-08-15 18:45:00,488.59,489.7,488.46,488.73,2969.971
2026-08-15 19:00:00,488.72,489.58,488.36,489.32,2022.334
2026-08-15 19:15:00,489.34,489.87,489.08,489.36,1221.429
2026-08-15 19:30:00,489.37,490.27,489.18,489.94,1277.184
2026-08-15 19:45:00,489.94,490.33,489.61,490.03,1753.137
2026-08-15 20:00:00,490.03,490.04,488.93,489.06,1711.845
2026-08-15 20:15:00,489.05,489.05,488.08,488.19,1388.975
2026-08-15 20:30:00,488.18,488.37,487.92,488.29,1258.737
2026-08-15 20:45:00,488.3,489.83,487.96,489.02,1590.803
2026-08-15 21:00:00,489.01,489.66,488.84,488.84,1385.002
2026-08-15 21:15:00,488.83,489.92,488.78,489.68,551.109
2026-08-15 21:30:00,489.68,490.34,488.96,490.32,1105.307
2026-08-15 21:45:00,490.32,490.49,489.42,489.61,1368.991
2026-08-15 22:00:00,489.62,490.04,489.17,489.48,2133.263
2026-08-15 22:15:00,489.48,489.76,488.88,489.5,1014.613
2026-08-15 22:30:00,489.49,490.06,488.71,489.82,1505.446
2026-08-15 22:45:00,489.82,489.82,488.3,488.38,2067.208
2026-08-15 23:00:00,488.38,488.55,486.3,487.53,5027.836
2026-08-15 23:15:00,487.53,487.73,487.09,487.13,1436.762
2026-08-15 23:30:00,487.13,487.39,486.58,486.78,2096.484
2026-08-15 23:45:00,486.78,488.0,486.69,487.68,2524.627
2026-08-16 00:00:00,487.68,487.85,486.57,486.66,3477.407
2026-08-16 00:15:00,486.66,487.44,486.58,487.44,2874.11
2026-08-16 00:30:00,487.44,487.45,486.53,486.79,2873.407
2026-08-16 00:45:00,486.79,487.89,486.65,487.63,4637.071
2026-08-16 01:00:00,487.62,487.62,484.51,485.32,10307.845
2026-08-16 01:15:00,485.32,485.63,484.77,485.2,3365.562
2026-08-16 01:30:00,485.2,486.29,484.54,486.24,6726.788
2026-08-16 01:45:00,486.23,486.37,485.56,485.7,2090.727
2026-08-16 02:00:00,485.69,486.0,484.78,484.87,2478.124
2026-08-16 02:15:00,484.87,487.39,484.3,487.2,5970.476
2026-08-16 02:30:00,487.19,487.69,486.8,487.47,2897.023
2026-08-16 02:45:00,487.46,487.46,485.64,486.02,2775.683
2026-08-16 03:00:00,486.02,487.29,485.47,487.11,2565.724
2026-08-16 03:15:00,487.1,487.13,485.94,486.17,2311.14
2026-08-16 03:30:00,486.17,486.92,486.02,486.55,1608.87
2026-08-16 03:45:00,486.55,486.96,486.48,486.64,1334.0
2026-08-16 04:00:00,486.65,487.19,486.34,486.35,1571.797
2026-08-16 04:15:00,486.35,487.73,485.74,487.0,3439.687
2026-08-16 04:30:00,487.0,487.56,486.32,486.61,2196.76
2026-08-16 04:45:00,486.6,487.49,486.36,487.13,1312.776
2026-08-16 05:00:00,487.12,489.0,487.07,488.18,7057.415
2026-08-16 05:15:00,488.21,488.45,487.0,487.18,2074.077
2026-08-16 05:30:00,487.17,487.46,486.65,486.65,1159.005
2026-08-16 05:45:00,486.66,486.78,486.22,486.52,2581.51
2026-08-16 06:00:00,486.52,487.07,485.81,485.94,1955.988
2026-08-16 06:15:00,485.94,486.19,483.45,485.62,10200.047
2026-08-16 06:30:00,485.63,487.98,485.53,487.59,3556.089
2026-08-16 06:45:00,487.59,488.76,486.67,486.86,4323.285
2026-08-16 07:00:00,486.86,486.92,486.35,486.55,1372.899
2026-08-16 07:15:00,486.54,487.19,486.43,487.19,906.181
2026-08-16 07:30:00,487.18,487.55,487.09,487.45,1386.512
2026-08-16 07:45:00,487.45,487.91,487.24,487.76,1240.699
2026-08-16 08:00:00,487.76,487.88,487.01,487.52,1455.847
2026-08-16 08:15:00,487.52,488.04,487.1,487.2,2371.199
2026-08-16 08:30:00,487.21,487.69,486.86,487.62,1087.329
2026-08-16 08:45:00,487.62,487.79,487.08,487.44,1901.421
2026-08-16 09:00:00,487.43,487.79,486.72,487.76,1156.403
2026-08-16 09:15:00,487.76,489.23,487.76,489.15,5438.768
2026-08-16 09:30:00,489.14,489.31,486.64,487.2,4451.66
2026-08-16 09:45:00,487.19,487.81,486.87,487.3,1893.667
2026-08-16 10:00:00,487.31,487.4,485.34,485.6,3957.504
2026-08-16 10:15:00,485.61,486.3,485.09,485.8,5040.083
2026-08-16 10:30:00,485.81,486.13,485.32,485.8,2227.538
2026-08-16 10:45:00,485.79,486.28,485.77,486.01,1460.205
2026-08-16 11:00:00,486.01,486.02,485.38,485.87,1856.89
2026-08-16 11:15:00,485.88,486.63,485.75,486.32,1872.27
2026-08-16 11:30:00,486.32,486.32,485.82,485.93,1290.737
2026-08-16 11:45:00,485.94,486.16,485.16,485.82,2894.434
2026-08-16 12:00:00,485.83,485.85,484.5,484.5,2976.968
2026-08-16 12:15:00,484.51,485.1,484.13,484.88,2633.369
2026-08-16 12:30:00,484.88,484.98,484.32,484.8,1421.381
2026-08-16 12:45:00,484.81,485.1,484.5,484.93,959.921
2026-08-16 13:00:00,484.93,485.99,484.93,485.62,2670.93
2026-08-16 13:15:00,485.62,487.43,485.62,486.44,7044.154
2026-08-16 13:30:00,486.45,486.78,486.16,486.74,1773.901
2026-08-16 13:45:00,486.73,490.5,486.71,489.96,17638.838
2026-08-16 14:00:00,489.97,492.44,489.96,490.44,15701.019
2026-08-16 14:15:00,490.45,493.54,490.44,492.42,10221.358
2026-08-16 14:30:00,492.43,493.88,491.74,492.03,6700.146
2026-08-16 14:45:00,492.04,493.78,491.97,493.54,6522.135
2026-08-16 15:00:00,493.56,495.56,493.14,493.21,18618.047
2026-08-16 15:15:00,493.21,493.96,492.34,492.8,5891.764
2026-08-16 15:30:00,492.81,495.0,492.45,492.77,7174.44
2026-08-16 15:45:00,492.77,494.0,492.72,493.86,3021.856
2026-08-16 16:00:00,493.87,494.19,493.14,493.88,3887.334
2026-08-16 16:15:00,493.87,494.19,492.5,493.11,4684.873
2026-08-16 16:30:00,493.12,494.25,492.82,493.49,3146.074
2026-08-16 16:45:00,493.49,493.98,492.38,492.9,2582.875
2026-08-16 17:00:00,492.9,493.26,491.75,493.06,4200.859
2026-08-16 17:15:00,493.06,493.65,492.53,493.49,2222.737
2026-08-16 17:30:00,493.49,493.69,490.79,491.33,5361.891
2026-08-16 17:45:00,491.34,491.4,489.09,490.71,11144.777
2026-08-16 18:00:00,490.71,491.07,490.22,490.87,2168.227
2026-08-16 18:15:00,490.87,491.99,490.32,490.96,2982.728
2026-08-16 18:30:00,490.97,491.31,490.8,490.97,882.323
2026-08-16 18:45:00,490.96,491.33,490.4,490.48,1047.741
2026-08-16 19:00:00,490.48,491.33,490.43,491.2,1178.877
2026-08-16 19:15:00,491.2,492.47,491.19,492.26,2894.646
2026-08-16 19:30:00,492.26,492.42,490.82,491.07,1978.19
2026-08-16 19:45:00,491.06,491.58,490.63,490.94,1977.42
2026-08-16 20:00:00,490.94,492.15,490.94,491.1,1505.311
2026-08-16 20:15:00,491.11,491.2,490.22,490.27,2010.112
2026-08-16 20:30:00,490.28,490.47,488.51,489.8,4511.475
2026-08-16 20:45:00,489.8,489.98,488.13,488.33,3088.961
2026-08-16 21:00:00,488.33,489.3,487.2,488.35,8901.278
2026-08-16 21:15:00,488.35,488.83,487.53,487.64,2139.677
2026-08-16 21:30:00,487.64,487.8,485.0,486.28,13425.503
2026-08-16 21:45:00,486.28,487.08,485.37,486.39,4022.376
2026-08-16 22:00:00,486.39,487.32,485.15,486.71,5257.964
2026-08-16 22:15:00,486.71,487.21,485.92,486.1,2634.051
2026-08-16 22:30:00,486.11,486.46,485.14,486.27,3590.625
2026-08-16 22:45:00,486.28,487.06,485.87,486.98,2503.42
2026-08-16 23:00:00,486.98,487.5,486.52,486.66,2718.83
2026-08-16 23:15:00,486.66,487.08,485.99,486.42,2495.323
2026-08-16 23:30:00,486.42,487.48,486.27,486.51,3392.032
2026-08-16 23:45:00,486.5,487.0,485.99,486.02,2494.579
2026-08-17 00:00:00,486.02,487.03,486.01,486.46,3456.725
2026-08-17 00:15:00,486.46,486.9,484.81,486.87,5803.405
2026-08-17 00:30:00,486.86,486.95,485.45,486.42,2905.685
2026-08-17 00:45:00,486.42,486.47,485.11,485.87,3593.74
2026-08-17 01:00:00,485.86,492.51,485.74,489.96,20452.487
2026-08-17 01:15:00,489.97,492.16,489.25,491.04,6066.582
2026-08-17 01:30:00,491.03,492.16,490.57,491.96,4207.181
2026-08-17 01:45:00,491.95,492.69,490.28,490.41,3657.996
2026-08-17 02:00:00,490.42,491.02,489.04,490.21,3679.663
2026-08-17 02:15:00,490.21,492.09,489.44,491.79,3437.395
2026-08-17 02:30:00,491.79,493.79,491.27,492.47,6093.389
2026-08-17 02:45:00,492.47,494.31,491.77,493.38,8435.436
2026-08-17 03:00:00,493.38,494.12,492.89,493.35,5150.912
2026-08-17 03:15:00,493.35,494.1,492.16,492.7,3242.15
2026-08-17 03:30:00,492.69,492.84,491.33,491.63,6028.118
2026-08-17 03:45:00,491.64,493.23,491.56,492.84,4342.934
2026-08-17 04:00:00,492.85,494.23,492.85,493.55,4202.898
2026-08-17 04:15:00,493.56,493.74,491.66,492.78,4995.814
2026-08-17 04:30:00,492.78,493.65,492.06,492.39,2108.968
2026-08-17 04:45:00,492.4,493.28,491.3,491.84,9169.205
2026-08-17 05:00:00,491.85,492.5,491.24,492.02,4548.108
2026-08-17 05:15:00,492.02,498.64,491.97,496.1,26296.291
2026-08-17 05:30:00,496.09,496.25,494.52,494.95,7160.492
2026-08-17 05:45:00,494.95,495.46,494.1,494.11,2742.363
2026-08-17 06:00:00,494.11,503.87,493.78,502.49,52749.127
2026-08-17 06:15:00,502.5,502.72,498.47,502.13,36785.722
2026-08-17 06:30:00,502.14,518.98,502.14,517.38,119391.449
2026-08-17 06:45:00,517.39,519.43,512.26,514.97,47252.164
2026-08-17 07:00:00,514.96,516.2,512.0,513.81,24960.633
2026-08-17 07:15:00,513.8,515.48,513.1,513.57,9211.202
2026-08-17 07:30:00,513.57,514.61,512.81,513.49,7498.422
2026-08-17 07:45:00,513.48,514.74,513.07,513.88,6352.724
2026-08-17 08:00:00,513.89,514.49,509.54,510.38,17168.82
2026-08-17 08:15:00,510.38,512.34,508.79,512.14,11876.319
2026-08-17 08:30:00,512.14,512.82,508.83,508.92,9429.642
2026-08-17 08:45:00,508.92,509.88,507.52,508.76,16914.997
2026-08-17 09:00:00,508.75,511.95,508.7,511.62,12691.612
2026-08-17 09:15:00,511.63,512.49,509.6,509.83,9013.736
2026-08-17 09:30:00,509.84,510.27,508.6,510.09,7468.558
2026-08-17 09:45:00,510.1,510.13,508.45,508.91,4986.385
2026-08-17 10:00:00,508.91,509.56,507.93,508.59,6860.797
2026-08-17 10:15:00,508.58,510.76,508.08,510.64,13454.096
2026-08-17 10:30:00,510.59,511.79,509.95,511.71,9426.172
2026-08-17 10:45:00,511.71,514.77,510.84,513.17,16361.17
2026-08-17 11:00:00,513.17,513.69,512.76,512.86,5497.276
2026-08-17 11:15:00,512.86,513.2,511.87,512.9,4877.314
2026-08-17 11:30:00,512.9,513.54,511.47,512.72,8400.115
2026-08-17 11:45:00,512.72,513.44,512.01,512.39,5701.593
2026-08-17 12:00:00,512.4,512.62,510.0,510.92,9259.463
2026-08-17 12:15:00,510.92,512.09,510.69,510.96,4447.693
2026-08-17 12:30:00,510.96,511.38,510.01,510.42,3575.843
2026-08-17 12:45:00,510.42,511.31,509.42,510.65,7377.314
2026-08-17 13:00:00,510.66,510.99,509.09,510.31,4022.474
2026-08-17 13:15:00,510.31,510.31,508.26,508.57,8283.127
2026-08-17 13:30:00,508.58,513.66,508.37,512.7,16109.431
2026-08-17 13:45:00,512.7,514.33,511.83,513.02,9309.94
2026-08-17 14:00:00,513.01,514.73,512.4,512.85,8691.361
2026-08-17 14:15:00,512.85,513.29,511.03,512.05,7906.273
2026-08-17 14:30:00,512.04,512.5,511.02,511.82,6476.776
2026-08-17 14:45:00,511.83,515.88,511.57,514.37,15364.873
2026-08-17 15:00:00,514.38,515.43,512.14,512.49,7347.118
2026-08-17 15:15:00,512.49,514.66,512.31,514.02,4784.119
2026-08-17 15:30:00,514.03,514.42,512.66,512.78,6043.017
2026-08-17 15:45:00,512.77,515.3,512.31,513.6,10706.156
2026-08-17 16:00:00,513.59,513.93,510.06,510.13,8033.746
2026-08-17 16:15:00,510.14,512.55,510.09,511.91,5483.552
2026-08-17 16:30:00,511.91,513.04,511.13,511.18,3993.367
2026-08-17 16:45:00,511.19,511.5,510.39,510.73,3808.97
2026-08-17 17:00:00,510.73,510.87,508.69,508.94,8070.582
2026-08-17 17:15:00,508.94,510.36,508.14,509.35,13857.451
2026-08-17 17:30:00,509.34,509.79,508.18,509.13,4556.787
2026-08-17 17:45:00,509.12,512.3,509.0,510.6,6407.336
2026-08-17 18:00:00,510.59,511.9,510.48,511.15,3477.833
2026-08-17 18:15:00,511.15,513.11,511.15,512.51,7271.69
2026-08-17 18:30:00,512.51,519.2,512.33,516.6,22382.952
2026-08-17 18:45:00,516.61,517.41,514.72,516.16,13582.001
2026-08-17 19:00:00,516.15,516.15,514.59,514.67,4884.534
2026-08-17 19:15:00,514.67,516.69,514.67,515.07,3997.144
2026-08-17 19:30:00,515.06,517.3,514.6,516.4,4325.845
2026-08-17 19:45:00,516.4,516.4,513.7,514.87,4317.382
2026-08-17 20:00:00,514.87,515.49,513.8,513.94,2937.442
2026-08-17 20:15:00,513.94,516.98,513.29,516.86,4615.036
2026-08-17 20:30:00,516.87,522.0,516.71,519.8,30948.108
2026-08-17 20:45:00,519.76,520.21,516.85,517.92,10188.66
2026-08-17 21:00:00,517.93,519.38,517.58,518.25,6249.113
2026-08-17 21:15:00,518.25,518.97,515.8,516.35,9902.903
2026-08-17 21:30:00,516.34,516.94,515.81,515.82,3667.281
2026-08-17 21:45:00,515.82,516.33,515.25,515.63,1952.372
2026-08-17 22:00:00,515.64,516.3,513.7,513.78,5805.006
2026-08-17 22:15:00,513.77,513.99,511.14,511.87,7549.215
2026-08-17 22:30:00,511.87,512.98,511.55,512.57,3890.151
2026-08-17 22:45:00,512.57,512.68,511.66,511.67,2329.685
2026-08-17 23:00:00,511.67,514.05,511.16,514.04,4223.744
2026-08-17 23:15:00,514.05,514.39,512.68,513.81,3938.08
2026-08-17 23:30:00,513.81,514.71,512.53,512.88,3749.555
2026-08-17 23:45:00,512.88,517.27,512.59,513.78,12374.929
2026-08-18 00:00:00,513.78,514.75,513.35,514.75,5419.648
2026-08-18 00:15:00,514.74,515.8,513.1,513.21,6152.191
2026-08-18 00:30:00,513.21,513.56,511.22,512.79,6326.798
2026-08-18 00:45:00,512.8,518.62,512.47,518.19,15495.913
2026-08-18 01:00:00,518.19,518.36,514.28,514.88,12602.679
2026-08-18 01:15:00,514.87,515.47,513.71,514.12,3553.201
2026-08-18 01:30:00,514.12,514.42,513.63,513.84,3140.557
2026-08-18 01:45:00,513.83,513.83,510.65,512.63,11217.09
2026-08-18 02:00:00,512.64,513.79,511.93,512.33,4784.741
2026-08-18 02:15:00,512.33,513.0,510.0,510.66,6331.375
2026-08-18 02:30:00,510.66,512.02,509.42,509.76,7850.687
2026-08-18 02:45:00,509.77,511.25,509.2,510.3,6887.397
2026-08-18 03:00:00,510.3,511.98,510.23,510.66,4297.267
2026-08-18 03:15:00,510.66,511.85,510.23,510.71,2631.842
2026-08-18 03:30:00,510.67,510.67,508.59,510.2,9609.138
2026-08-18 03:45:00,510.21,510.53,509.7,510.33,2116.612
2026-08-18 04:00:00,510.33,510.47,506.98,509.41,13180.558
2026-08-18 04:15:00,509.41,509.97,508.73,509.54,3417.06
2026-08-18 04:30:00,509.54,512.19,509.49,510.92,7578.999
2026-08-18 04:45:00,510.92,511.54,509.53,509.79,3020.658
2026-08-18 05:00:00,509.79,512.57,509.2,512.33,7957.4
2026-08-18 05:15:00,512.33,512.75,509.21,509.32,4489.181
2026-08-18 05:30:00,509.32,509.32,506.58,508.14,11965.887
2026-08-18 05:45:00,508.15,509.31,507.8,508.25,3776.341
2026-08-18 06:00:00,508.24,509.45,507.3,509.04,6399.71
2026-08-18 06:15:00,509.04,510.54,508.66,510.53,4475.344
2026-08-18 06:30:00,510.54,511.64,510.5,511.45,4950.085
2026-08-18 06:45:00,511.45,511.88,509.27,510.0,3963.64
2026-08-18 07:00:00,510.0,510.18,508.94,509.82,3395.459
2026-08-18 07:15:00,509.83,511.35,508.0,508.02,5710.925
2026-08-18 07:30:00,508.01,509.65,507.78,508.24,5076.711
2026-08-18 07:45:00,508.25,508.27,505.18,506.29,13676.302
2026-08-18 08:00:00,506.28,506.36,503.18,504.54,17757.864
2026-08-18 08:15:00,504.54,506.34,504.53,505.47,9593.386
2026-08-18 08:30:00,505.47,507.78,505.29,506.18,8722.98
2026-08-18 08:45:00,506.18,506.52,505.5,506.0,2994.032
2026-08-18 09:00:00,506.0,506.92,505.17,506.52,4185.622
2026-08-18 09:15:00,506.52,506.78,504.87,505.14,5162.693
2026-08-18 09:30:00,505.14,506.19,504.85,505.36,3439.397
2026-08-18 09:45:00,505.36,506.45,504.91,506.33,3364.028
2026-08-18 10:00:00,506.34,506.89,504.33,504.5,4475.907
2026-08-18 10:15:00,504.5,506.34,504.34,505.12,3648.501
2026-08-18 10:30:00,505.12,506.13,505.11,505.6,2999.378
2026-08-18 10:45:00,505.59,505.71,505.0,505.31,2845.479
2026-08-18 11:00:00,505.3,507.33,505.15,506.64,6329.94
2026-08-18 11:15:00,506.64,507.01,505.57,506.22,4889.783
2026-08-18 11:30:00,506.22,506.61,504.9,505.54,4122.652
2026-08-18 11:45:00,505.54,506.05,505.39,505.48,1918.32
2026-08-18 12:00:00,505.49,505.78,503.6,504.46,9546.783
2026-08-18 12:15:00,504.45,505.21,503.37,504.89,7894.929
2026-08-18 12:30:00,504.88,505.19,503.87,504.06,2912.869
2026-08-18 12:45:00,504.05,505.31,503.66,504.6,5806.408
2026-08-18 13:00:00,504.6,505.08,503.73,504.18,7051.864
2026-08-18 13:15:00,504.18,505.27,503.31,503.69,7819.267
2026-08-18 13:30:00,503.7,505.34,503.33,504.1,7250.902
2026-08-18 13:45:00,504.09,504.43,500.3,500.96,21815.809
2026-08-18 14:00:00,500.97,503.61,500.36,501.4,8521.962
2026-08-18 14:15:00,501.4,510.7,501.02,509.52,28899.046
2026-08-18 14:30:00,509.51,510.76,505.08,505.22,18296.036
2026-08-18 14:45:00,505.22,507.72,504.88,506.32,9175.336
2026-08-18 15:00:00,506.32,508.3,505.83,508.2,10543.954
2026-08-18 15:15:00,508.2,512.99,507.73,512.57,16978.9
2026-08-18 15:30:00,512.56,514.41,511.29,511.87,19276.067
2026-08-18 15:45:00,511.87,512.99,509.49,509.72,14634.676
2026-08-18 16:00:00,509.73,513.79,509.6,510.47,12682.707
2026-08-18 16:15:00,510.47,511.5,506.57,506.74,14359.82
2026-08-18 16:30:00,506.74,509.4,506.67,508.88,6890.605
2026-08-18 16:45:00,508.88,509.79,508.02,509.26,5304.455
2026-08-18 17:00:00,509.26,509.83,506.0,506.42,17272.872
2026-08-18 17:15:00,506.42,507.27,500.91,506.54,40302.587
2026-08-18 17:30:00,506.54,506.56,504.66,505.14,7522.589
2026-08-18 17:45:00,505.14,505.75,504.34,504.63,4074.322
2026-08-18 18:00:00,504.62,506.49,504.11,506.35,4371.378
2026-08-18 18:15:00,506.35,507.19,505.57,506.86,4999.649
2026-08-18 18:30:00,506.86,507.35,505.27,506.52,7635.677
2026-08-18 18:45:00,506.51,507.26,506.13,507.17,2755.883
2026-08-18 19:00:00,507.16,509.55,506.99,509.03,9777.783
2026-08-18 19:15:00,509.03,510.75,508.47,510.0,4004.255
2026-08-18 19:30:00,510.0,511.0,509.3,509.43,3742.812
2026-08-18 19:45:00,509.43,510.22,508.71,509.38,3340.151
2026-08-18 20:00:00,509.38,510.72,508.6,510.44,3160.2
2026-08-18 20:15:00,510.44,510.44,509.12,510.0,4138.824
2026-08-18 20:30:00,510.0,511.82,508.36,508.62,5015.815
2026-08-18 20:45:00,508.63,508.83,507.07,507.45,6558.887
2026-08-18 21:00:00,507.45,510.46,507.44,510.02,4865.239
2026-08-18 21:15:00,510.02,510.29,509.13,509.24,2325.674
2026-08-18 21:30:00,509.25,510.55,508.76,510.27,1904.035
2026-08-18 21:45:00,510.28,510.28,507.93,508.32,2021.291
2026-08-18 22:00:00,508.31,511.53,507.47,510.21,4352.374
2026-08-18 22:15:00,510.21,510.23,508.25,509.43,3763.171
2026-08-18 22:30:00,509.43,510.32,507.68,507.76,3823.579
2026-08-18 22:45:00,507.76,507.93,506.1,507.66,5497.308
2026-08-18 23:00:00,507.66,510.45,507.48,508.85,4646.255
2026-08-18 23:15:00,508.85,509.41,508.4,508.4,1981.015
2026-08-18 23:30:00,508.41,510.03,508.4,509.49,2093.924
2026-08-18 23:45:00,509.49,509.99,508.31,508.75,3729.599
2026-08-19 00:00:00,508.75,508.94,506.16,506.39,5679.725
2026-08-19 00:15:00,506.39,506.46,504.72,505.23,8838.533
2026-08-19 00:30:00,505.24,506.4,503.35,505.56,10543.39
2026-08-19 00:45:00,505.55,506.2,503.89,504.01,4650.86
2026-08-19 01:00:00,504.01,507.21,503.28,505.9,8620.795
2026-08-19 01:15:00,505.9,506.3,504.36,505.52,4715.546
2026-08-19 01:30:00,505.51,507.79,505.14,506.91,4696.924
2026-08-19 01:45:00,506.9,507.63,506.12,506.31,2778.432
2026-08-19 02:00:00,506.3,506.92,505.52,506.29,2878.722
2026-08-19 02:15:00,506.29,506.37,505.2,505.7,2786.43
2026-08-19 02:30:00,505.69,506.63,504.79,505.57,4063.06
2026-08-19 02:45:00,505.58,506.06,505.38,505.71,1690.717
2026-08-19 03:00:00,505.71,506.16,504.31,506.03,5469.197
2026-08-19 03:15:00,506.04,506.83,504.41,504.57,3325.958
2026-08-19 03:30:00,504.57,505.55,504.45,505.15,2321.335
2026-08-19 03:45:00,505.14,505.75,504.35,504.7,2252.202
2026-08-19 04:00:00,504.71,505.5,504.18,504.35,2689.534
2026-08-19 04:15:00,504.35,505.38,504.03,504.61,3264.385
2026-08-19 04:30:00,504.6,504.88,503.19,503.84,3497.599
2026-08-19 04:45:00,503.84,504.62,503.09,504.08,3892.565
2026-08-19 05:00:00,504.09,504.46,502.01,503.58,8420.545
2026-08-19 05:15:00,503.57,503.97,501.63,503.62,10054.014
2026-08-19 05:30:00,503.61,504.69,503.33,503.91,3442.876
2026-08-19 05:45:00,503.92,503.97,502.05,502.86,4432.657
2026-08-19 06:00:00,502.86,503.19,501.16,501.41,7291.575
2026-08-19 06:15:00,501.41,504.15,501.18,502.17,6370.643
2026-08-19 06:30:00,502.17,503.87,501.1,503.5,8198.971
2026-08-19 06:45:00,503.52,505.0,503.26,504.29,7039.284
2026-08-19 07:00:00,504.28,504.57,502.53,503.96,4067.23
2026-08-19 07:15:00,503.96,503.96,502.68,502.82,3090.814
2026-08-19 07:30:00,502.81,503.52,502.07,502.45,3924.775
2026-08-19 07:45:00,502.45,503.47,502.25,502.39,3379.387
2026-08-19 08:00:00,502.38,505.29,502.11,504.8,6786.532
2026-08-19 08:15:00,504.8,505.88,504.61,505.59,4399.432
2026-08-19 08:30:00,505.59,509.77,505.18,509.18,18059.298
2026-08-19 08:45:00,509.18,510.0,507.54,507.68,16562.672
2026-08-19 09:00:00,507.67,509.31,507.44,507.44,5655.183
2026-08-19 09:15:00,507.44,508.6,507.0,507.62,4881.403
2026-08-19 09:30:00,507.63,508.19,507.01,507.23,3417.078
2026-08-19 09:45:00,507.23,507.69,506.61,507.18,3267.211
2026-08-19 10:00:00,507.17,507.39,504.33,504.94,9182.352
2026-08-19 10:15:00,504.94,505.56,504.81,505.19,3445.507
2026-08-19 10:30:00,505.19,506.13,504.94,506.13,2242.291
2026-08-19 10:45:00,506.12,506.3,505.03,506.26,2959.104
2026-08-19 11:00:00,506.25,508.7,505.68,507.72,9228.771
2026-08-19 11:15:00,507.72,508.07,507.06,507.14,3129.185
2026-08-19 11:30:00,507.14,507.85,506.58,506.65,3057.405
2026-08-19 11:45:00,506.65,507.03,506.39,506.57,1910.821
2026-08-19 12:00:00,506.56,507.19,506.22,506.41,3455.66
2026-08-19 12:15:00,506.42,508.05,505.92,507.47,4934.47
2026-08-19 12:30:00,507.48,512.73,507.41,512.53,17159.692
2026-08-19 12:45:00,512.53,514.25,511.71,513.37,20404.718
2026-08-19 13:00:00,513.37,513.7,508.84,512.25,24113.26
2026-08-19 13:15:00,512.24,513.04,511.29,512.25,6580.757
2026-08-19 13:30:00,512.25,512.92,509.29,511.19,11475.681
2026-08-19 13:45:00,511.18,514.7,510.91,513.26,25884.974
2026-08-19 14:00:00,513.26,516.93,513.26,514.76,32290.595
2026-08-19 14:15:00,514.77,518.98,514.67,518.79,23667.924
2026-08-19 14:30:00,518.78,525.1,517.38,524.66,53119.678
2026-08-19 14:45:00,524.66,543.67,523.98,540.34,131205.375
2026-08-19 15:00:00,540.34,554.13,538.55,543.64,141644.733
2026-08-19 15:15:00,543.66,554.94,543.22,549.44,113163.963
2026-08-19 15:30:00,549.51,551.29,545.41,550.55,51474.517
2026-08-19 15:45:00,550.54,551.3,546.37,550.46,32522.415
2026-08-19 16:00:00,550.46,556.58,548.88,550.56,115204.044
2026-08-19 16:15:00,550.56,555.91,550.17,555.21,22617.948
2026-08-19 16:30:00,555.2,557.65,553.32,554.77,23519.928
2026-08-19 16:45:00,554.77,564.12,554.07,555.61,47863.92
2026-08-19 17:00:00,555.62,557.94,550.2,551.55,39419.953
2026-08-19 17:15:00,551.56,552.99,546.73,548.25,31262.22
2026-08-19 17:30:00,548.24,550.77,544.65,550.26,31876.668
2026-08-19 17:45:00,550.26,553.97,550.14,553.25,19123.271
2026-08-19 18:00:00,553.24,553.49,547.12,550.44,14405.641
2026-08-19 18:15:00,550.43,551.88,549.69,550.68,6308.298
2026-08-19 18:30:00,550.68,551.57,549.5,550.94,5689.963
2026-08-19 18:45:00,550.94,552.61,550.18,551.22,7436.213
2026-08-19 19:00:00,551.21,555.41,549.1,551.61,24825.535
2026-08-19 19:15:00,551.61,554.92,549.77,550.51,15551.782
2026-08-19 19:30:00,550.51,552.0,547.46,549.9,14153.356
2026-08-19 19:45:00,549.9,552.19,549.61,551.84,8703.3
2026-08-19 20:00:00,551.84,555.0,550.06,554.19,9342.064
2026-08-19 20:15:00,554.19,556.8,553.59,554.11,12368.394
2026-08-19 20:30:00,554.11,556.31,553.45,553.92,7453.366
2026-08-19 20:45:00,553.92,567.99,553.31,559.76,49218.977
2026-08-19 21:00:00,559.77,581.38,558.98,573.75,100679.106
2026-08-19 21:15:00,573.75,574.73,566.66,569.39,27600.891
2026-08-19 21:30:00,569.39,571.32,562.46,566.2,16329.648
2026-08-19 21:45:00,566.2,578.79,566.2,574.84,18536.268
2026-08-19 22:00:00,574.84,576.88,567.8,568.47,20153.639
2026-08-19 22:15:00,568.47,569.95,563.22,563.43,18400.588
2026-08-19 22:30:00,563.42,565.34,560.02,562.04,15910.838
2026-08-19 22:45:00,562.05,562.99,558.16,561.32,17338.322
2026-08-19 23:00:00,561.31,563.51,560.11,562.85,8952.632
2026-08-19 23:15:00,562.85,564.91,562.17,563.92,8311.427
2026-08-19 23:30:00,563.92,567.9,561.62,566.75,10150.143
2026-08-19 23:45:00,566.74,567.02,562.57,565.15,7878.466
2026-08-20 00:00:00,565.15,565.89,562.69,564.65,7728.798
2026-08-20 00:15:00,564.66,566.46,563.22,564.49,7306.313
2026-08-20 00:30:00,564.49,565.34,563.07,563.82,7298.696
2026-08-20 00:45:00,563.82,565.21,560.69,562.75,9392.305
2026-08-20 01:00:00,562.75,565.16,559.1,559.61,18194.441
2026-08-20 01:15:00,559.61,560.49,556.78,559.29,11542.375
2026-08-20 01:30:00,559.28,563.31,558.74,563.05,7661.624
2026-08-20 01:45:00,563.05,564.43,562.99,563.64,4468.169
2026-08-20 02:00:00,563.65,563.79,560.52,561.03,6464.596
2026-08-20 02:15:00,561.04,562.12,560.02,560.23,3293.741
2026-08-20 02:30:00,560.23,560.62,558.07,559.2,3659.415
2026-08-20 02:45:00,559.2,559.2,556.12,556.91,6134.111
2026-08-20 03:00:00,556.91,556.91,552.27,554.31,18027.602
2026-08-20 03:15:00,554.3,555.37,551.63,552.28,10802.213
2026-08-20 03:30:00,552.28,554.01,552.1,553.58,4946.95
2026-08-20 03:45:00,553.58,555.44,553.08,553.87,6323.18
2026-08-20 04:00:00,553.87,555.89,552.62,554.09,3838.117
2026-08-20 04:15:00,554.1,554.1,549.79,552.9,21338.915
2026-08-20 04:30:00,552.9,553.09,550.56,551.19,4481.988
2026-08-20 04:45:00,551.19,554.65,550.62,552.79,7289.424
2026-08-20 05:00:00,552.78,554.17,552.19,552.37,4275.162
2026-08-20 05:15:00,552.42,555.5,552.27,553.55,6889.597
2026-08-20 05:30:00,553.54,554.28,552.55,552.99,3372.318
2026-08-20 05:45:00,553.0,553.17,551.57,551.94,5072.762
2026-08-20 06:00:00,551.93,552.95,550.87,551.75,4863.222
2026-08-20 06:15:00,551.74,554.58,550.48,551.91,11061.404
2026-08-20 06:30:00,551.87,556.01,551.48,555.39,8790.741
2026-08-20 06:45:00,555.38,557.43,555.0,556.18,10909.667
2026-08-20 07:00:00,556.16,560.58,556.15,558.1,14980.093
2026-08-20 07:15:00,558.09,559.14,556.57,558.45,5662.971
2026-08-20 07:30:00,558.45,559.02,556.05,557.62,5976.239
2026-08-20 07:45:00,557.61,559.04,557.33,558.58,3994.523
2026-08-20 08:00:00,558.59,565.71,557.64,565.15,24983.795
2026-08-20 08:15:00,565.13,565.84,559.31,562.73,22327.318
2026-08-20 08:30:00,562.69,563.59,560.67,562.73,9109.209
2026-08-20 08:45:00,562.72,563.24,560.71,562.51,14394.746
2026-08-20 09:00:00,562.51,563.63,559.73,562.25,15808.046
2026-08-20 09:15:00,562.25,562.45,556.41,556.68,15433.503
2026-08-20 09:30:00,556.69,559.67,553.66,558.64,24793.522
2026-08-20 09:45:00,558.64,560.76,555.26,557.94,10848.517
2026-08-20 10:00:00,557.93,562.33,557.19,561.83,12437.235
2026-08-20 10:15:00,561.86,570.54,561.0,569.89,43269.785
2026-08-20 10:30:00,569.89,575.75,565.76,566.06,33356.417
2026-08-20 10:45:00,566.05,567.07,563.12,563.65,11701.73
2026-08-20 11:00:00,563.62,564.89,560.5,562.63,15032.03
2026-08-20 11:15:00,562.62,564.68,562.02,564.34,6899.58
2026-08-20 11:30:00,564.35,570.25,564.11,567.53,14941.514
2026-08-20 11:45:00,567.52,568.85,565.2,565.6,8880.286
2026-08-20 12:00:00,565.6,568.89,562.0,563.14,14945.081
2026-08-20 12:15:00,563.14,564.76,561.29,564.46,9880.085
2026-08-20 12:30:00,564.46,566.27,562.0,563.65,8978.348
2026-08-20 12:45:00,563.64,571.96,562.09,571.34,16755.254
2026-08-20 13:00:00,571.34,572.86,568.88,569.57,16179.902
2026-08-20 13:15:00,569.56,570.23,565.45,565.74,12379.928
2026-08-20 13:30:00,565.7,565.74,560.5,565.57,21512.761
2026-08-20 13:45:00,565.57,569.4,562.96,569.14,12563.792
2026-08-20 14:00:00,569.14,569.67,566.85,567.64,6101.76
2026-08-20 14:15:00,567.64,567.67,561.41,562.73,13544.47
2026-08-20 14:30:00,562.7,564.33,560.6,560.7,8886.315
2026-08-20 14:45:00,560.69,561.39,557.6,560.44,14856.26
2026-08-20 15:00:00,560.43,566.0,559.74,564.04,17202.018
2026-08-20 15:15:00,564.03,564.03,558.03,562.69,17503.166
2026-08-20 15:30:00,562.68,567.48,560.42,564.59,18735.672
2026-08-20 15:45:00,564.58,571.66,564.26,570.64,18666.016
2026-08-20 16:00:00,570.57,574.46,569.1,571.66,23026.131
2026-08-20 16:15:00,571.65,578.17,570.55,577.5,28723.549
2026-08-20 16:30:00,577.51,595.92,576.58,593.55,95792.039
2026-08-20 16:45:00,593.55,593.55,585.77,587.88,29076.209
2026-08-20 17:00:00,587.89,590.44,581.28,584.36,27314.757
2026-08-20 17:15:00,584.35,584.36,580.01,581.38,15221.437
2026-08-20 17:30:00,581.37,582.52,579.12,579.73,9944.36
2026-08-20 17:45:00,579.72,581.99,573.5,574.95,19099.649
2026-08-20 18:00:00,574.95,577.32,565.0,565.49,37536.635
2026-08-20 18:15:00,565.53,567.16,562.0,565.85,17475.722
2026-08-20 18:30:00,565.82,566.47,560.81,563.53,14814.205
2026-08-20 18:45:00,563.54,564.47,561.11,561.72,7559.245
2026-08-20 19:00:00,561.72,565.99,561.12,564.0,12825.221
2026-08-20 19:15:00,564.01,572.81,563.17,572.66,18227.43
2026-08-20 19:30:00,572.65,574.35,570.46,570.7,13100.668
2026-08-20 19:45:00,570.7,571.99,568.83,570.12,9934.693
2026-08-20 20:00:00,570.08,576.43,569.75,576.1,9042.326
2026-08-20 20:15:00,576.09,578.0,574.63,576.49,10834.395
2026-08-20 20:30:00,576.48,578.21,574.69,576.18,9446.674
2026-08-20 20:45:00,576.18,577.97,576.09,577.37,4969.736
2026-08-20 21:00:00,577.36,578.19,575.61,577.33,7249.698
2026-08-20 21:15:00,577.33,579.68,572.01,573.93,11218.483
2026-08-20 21:30:00,573.93,574.51,570.42,571.26,8667.049
2026-08-20 21:45:00,571.26,571.77,569.27,570.96,5785.285
2026-08-20 22:00:00,570.95,572.26,566.5,568.17,13024.78
2026-08-20 22:15:00,568.17,572.53,565.55,569.02,15667.93
2026-08-20 22:30:00,569.03,575.23,566.77,573.43,11066.589
2026-08-20 22:45:00,573.42,575.16,570.72,570.99,5534.438
2026-08-20 23:00:00,570.98,574.24,570.98,573.02,3804.799
2026-08-20 23:15:00,573.0,576.87,572.55,573.89,7395.727
2026-08-20 23:30:00,573.89,578.5,568.0,568.94,30948.618
2026-08-20 23:45:00,568.95,569.32,565.94,568.64,12598.564
2026-08-21 00:00:00,568.65,569.84,565.63,569.26,8837.727
2026-08-21 00:15:00,569.25,570.36,566.19,570.13,11088.886
2026-08-21 00:30:00,570.14,573.64,566.17,567.48,14411.909
2026-08-21 00:45:00,567.49,573.38,566.01,570.85,11812.217
2026-08-21 01:00:00,570.84,573.73,569.24,572.59,6861.293
2026-08-21 01:15:00,572.59,576.41,570.59,573.56,12953.0
2026-08-21 01:30:00,573.57,575.88,572.09,574.57,13912.803
2026-08-21 01:45:00,574.57,582.74,571.59,571.73,33605.578
2026-08-21 02:00:00,571.75,576.66,569.66,574.78,17174.373
2026-08-21 02:15:00,574.77,576.62,570.24,574.34,13429.468
2026-08-21 02:30:00,574.36,576.05,570.7,572.61,7933.835
2026-08-21 02:45:00,572.61,573.34,568.24,569.26,13914.997
2026-08-21 03:00:00,569.25,572.0,567.14,568.17,14393.235
2026-08-21 03:15:00,568.17,570.89,567.69,569.58,8004.78
2026-08-21 03:30:00,569.57,570.89,568.01,569.68,7228.691
2026-08-21 03:45:00,569.68,572.29,569.51,570.29,7471.315
2026-08-21 04:00:00,570.29,573.84,570.18,571.89,8167.97
2026-08-21 04:15:00,571.89,575.0,571.89,574.16,7019.571
2026-08-21 04:30:00,574.17,586.37,573.89,585.48,31487.754
2026-08-21 04:45:00,585.47,593.0,585.05,588.25,43852.433
2026-08-21 05:00:00,588.24,601.79,587.41,597.07,45555.437
2026-08-21 05:15:00,597.07,611.89,596.38,605.79,63097.446
2026-08-21 05:30:00,605.79,611.98,602.55,604.07,28837.215
2026-08-21 05:45:00,604.09,604.19,595.95,596.98,30465.354
2026-08-21 06:00:00,596.98,605.8,596.59,599.1,29155.7
2026-08-21 06:15:00,599.11,600.43,594.48,597.34,16066.002
2026-08-21 06:30:00,597.35,601.74,597.14,600.19,10379.36
2026-08-21 06:45:00,600.19,603.37,598.19,600.55,8351.738
2026-08-21 07:00:00,600.55,607.57,600.14,606.62,16349.278
2026-08-21 07:15:00,606.63,625.06,605.83,623.87,67673.95
2026-08-21 07:30:00,623.7,647.1,622.01,643.0,131748.675
2026-08-21 07:45:00,643.0,643.83,631.1,637.6,50029.324
2026-08-21 08:00:00,637.56,642.0,632.19,634.66,36647.671
2026-08-21 08:15:00,634.65,643.93,631.35,635.18,37000.544
2026-08-21 08:30:00,635.23,640.19,633.29,633.49,33045.991
2026-08-21 08:45:00,633.5,642.02,633.45,640.62,40542.883
2026-08-21 09:00:00,640.61,640.99,622.0,629.63,84256.792
2026-08-21 09:15:00,629.63,640.0,624.17,639.12,43775.104
2026-08-21 09:30:00,639.13,659.1,637.01,648.42,102718.643
2026-08-21 09:45:00,648.43,659.44,645.02,646.68,52469.097
2026-08-21 10:00:00,646.68,648.24,635.11,645.56,48424.135
2026-08-21 10:15:00,645.55,650.88,644.07,649.03,33197.95
2026-08-21 10:30:00,649.03,650.57,643.19,650.4,24898.801
2026-08-21 10:45:00,650.4,665.97,650.4,657.42,56581.294
2026-08-21 11:00:00,657.4,660.79,652.69,656.7,22420.435
2026-08-21 11:15:00,656.71,656.71,642.49,643.86,36400.664
2026-08-21 11:30:00,643.94,644.46,634.06,637.33,48134.427
2026-08-21 11:45:00,637.33,642.58,632.01,639.35,30275.677
2026-08-21 12:00:00,639.35,640.81,627.2,634.84,37137.411
2026-08-21 12:15:00,634.85,636.6,633.53,634.83,12485.927
2026-08-21 12:30:00,634.78,647.65,634.02,646.58,20222.16
2026-08-21 12:45:00,646.62,651.79,642.77,646.28,23255.009
2026-08-21 13:00:00,646.26,657.13,643.55,654.4,31900.392
2026-08-21 13:15:00,654.39,655.4,646.11,649.19,24131.693
2026-08-21 13:30:00,649.18,650.2,639.29,646.13,32998.369
2026-08-21 13:45:00,646.12,651.48,644.48,650.3,15702.586
2026-08-21 14:00:00,650.29,654.25,645.59,650.0,18429.81
2026-08-21 14:15:00,650.0,654.99,646.32,652.4,17931.25
2026-08-21 14:30:00,652.39,660.66,649.72,654.34,22482.017
2026-08-21 14:45:00,654.33,659.47,653.83,656.59,13327.241
2026-08-21 15:00:00,656.6,662.71,655.01,659.38,18932.546
2026-08-21 15:15:00,659.37,661.06,651.85,652.48,19025.103
2026-08-21 15:30:00,652.48,656.27,650.51,652.27,11987.262
2026-08-21 15:45:00,652.28,658.49,651.27,654.41,14569.79
2026-08-21 16:00:00,654.41,660.93,650.62,657.16,39788.013
2026-08-21 16:15:00,657.16,676.35,656.37,674.59,67316.162
2026-08-21 16:30:00,674.59,679.85,668.3,669.99,42744.009
2026-08-21 16:45:00,670.0,678.88,669.88,674.62,27208.158
2026-08-21 17:00:00,674.61,683.82,671.0,671.5,43550.202
2026-08-21 17:15:00,671.49,676.67,663.15,670.24,33685.087
2026-08-21 17:30:00,670.24,677.36,669.33,670.21,22560.72
2026-08-21 17:45:00,670.22,673.43,666.57,669.4,12493.863
2026-08-21 18:00:00,669.41,673.7,666.85,671.28,15149.786
2026-08-21 18:15:00,671.28,674.55,666.5,668.55,11620.874
2026-08-21 18:30:00,668.54,672.31,664.21,666.83,16524.237
2026-08-21 18:45:00,666.82,676.99,660.49,674.49,29056.42
2026-08-21 19:00:00,674.49,676.14,668.61,675.33,17903.842
2026-08-21 19:15:00,675.33,688.0,670.56,684.15,38856.8
2026-08-21 19:30:00,684.18,686.66,674.17,675.44,24570.781
2026-08-21 19:45:00,675.44,683.77,675.17,680.49,14468.503
2026-08-21 20:00:00,680.48,696.83,677.31,694.08,75574.924
2026-08-21 20:15:00,694.08,721.6,692.08,702.43,129329.171
2026-08-21 20:30:00,702.39,707.82,693.47,706.02,43201.971
2026-08-21 20:45:00,706.24,712.11,699.46,709.16,29988.444
2026-08-21 21:00:00,709.16,724.7,706.76,719.84,38427.825
2026-08-21 21:15:00,719.88,723.5,710.51,711.57,38821.483
2026-08-21 21:30:00,711.58,728.0,711.38,718.9,42225.718
2026-08-21 21:45:00,718.92,728.0,715.48,725.12,32599.051
2026-08-21 22:00:00,725.13,740.99,724.88,734.05,65749.224
2026-08-21 22:15:00,734.07,735.42,721.27,724.0,35857.482
2026-08-21 22:30:00,724.01,738.29,717.79,733.7,38505.229
2026-08-21 22:45:00,733.69,738.81,729.08,734.81,30515.691
2026-08-21 23:00:00,734.78,744.58,732.88,735.0,41268.934
2026-08-21 23:15:00,735.01,737.0,729.17,732.02,18795.098
2026-08-21 23:30:00,732.03,737.48,724.88,727.37,25519.415
2026-08-21 23:45:00,727.33,736.0,726.0,734.34,17013.532
2026-08-22 00:00:00,734.34,743.18,728.01,740.02,48822.143
2026-08-22 00:15:00,740.16,744.0,733.51,734.31,30420.425
2026-08-22 00:30:00,734.27,741.13,733.06,736.07,25935.344
2026-08-22 00:45:00,736.09,740.83,734.0,734.55,32282.763
2026-08-22 01:00:00,734.55,737.31,730.31,736.14,26650.215
2026-08-22 01:15:00,736.15,752.99,735.48,747.18,75870.85
2026-08-22 01:30:00,747.17,766.43,747.17,756.09,88903.505
2026-08-22 01:45:00,756.01,817.27,756.01,806.54,182862.251
2026-08-22 02:00:00,806.54,836.55,801.75,813.3,192666.421
2026-08-22 02:15:00,813.26,820.53,806.76,816.61,60708.048
2026-08-22 02:30:00,816.59,827.81,813.45,820.3,59298.023
2026-08-22 02:45:00,820.31,824.87,809.6,818.04,51085.972
2026-08-22 03:00:00,818.13,833.87,815.09,816.42,69374.853
2026-08-22 03:15:00,816.42,825.48,816.42,822.4,29106.105
2026-08-22 03:30:00,822.41,852.91,821.28,837.58,108811.256
2026-08-22 03:45:00,837.58,860.28,835.0,836.4,89459.229
2026-08-22 04:00:00,836.43,840.28,808.88,818.59,95744.464
2026-08-22 04:15:00,818.6,825.72,805.19,822.03,77091.551
2026-08-22 04:30:00,822.03,832.27,816.68,828.7,42479.158
2026-08-22 04:45:00,828.72,829.55,818.01,822.87,35281.179
2026-08-22 05:00:00,822.86,826.3,677.4,805.08,193083.763
2026-08-22 05:15:00,804.56,807.05,751.46,792.71,166508.266
2026-08-22 05:30:00,792.78,815.92,775.25,780.65,94529.699
2026-08-22 05:45:00,780.66,805.55,779.36,793.14,72924.777
2026-08-22 06:00:00,793.08,802.44,781.52,783.91,56377.223
2026-08-22 06:15:00,783.92,797.0,780.23,786.47,38914.815
2026-08-22 06:30:00,786.46,794.84,773.95,792.89,47149.643
2026-08-22 06:45:00,792.91,803.99,792.33,796.99,31549.474
2026-08-22 07:00:00,796.99,818.76,794.75,815.17,61145.111
2026-08-22 07:15:00,815.24,824.81,810.33,820.36,52827.93
2026-08-22 07:30:00,820.39,827.81,803.88,812.95,52775.428
2026-08-22 07:45:00,812.95,815.21,804.75,810.91,28057.12
2026-08-22 08:00:00,810.91,823.96,805.58,822.31,43169.735
2026-08-22 08:15:00,822.31,822.39,780.44,782.56,112126.086
2026-08-22 08:30:00,782.55,796.34,774.03,794.37,74077.951
2026-08-22 08:45:00,794.43,800.0,787.11,792.41,27963.353
2026-08-22 09:00:00,792.4,796.95,783.51,794.21,32468.439
2026-08-22 09:15:00,794.22,796.78,788.1,790.47,18313.501
2026-08-22 09:30:00,790.47,797.92,789.14,795.28,14437.808
2026-08-22 09:45:00,795.28,797.23,785.76,796.38,25160.129
2026-08-22 10:00:00,796.39,796.73,781.17,784.34,34350.091
2026-08-22 10:15:00,784.32,788.98,767.61,786.42,62634.121
2026-08-22 10:30:00,786.43,803.0,785.71,796.96,46129.783
2026-08-22 10:45:00,796.96,797.61,788.88,790.18,17953.591
2026-08-22 11:00:00,790.19,791.55,781.96,783.26,24422.59
2026-08-22 11:15:00,783.23,786.9,777.26,783.07,24147.941
2026-08-22 11:30:00,783.06,795.79,782.0,791.89,22087.15
2026-08-22 11:45:00,791.89,797.99,790.89,794.86,20709.443
2026-08-22 12:00:00,794.86,807.54,793.56,802.11,44116.379
2026-08-22 12:15:00,802.12,809.86,798.62,805.22,25026.677
2026-08-22 12:30:00,805.23,806.22,795.01,800.44,27900.668
2026-08-22 12:45:00,800.45,805.0,796.92,797.77,15592.888
2026-08-22 13:00:00,797.78,799.4,789.04,796.18,29386.998
2026-08-22 13:15:00,796.2,797.46,785.74,787.23,20953.409
2026-08-22 13:30:00,787.23,793.14,786.79,792.11,17939.975
2026-08-22 13:45:00,792.12,799.68,790.05,795.92,22356.943
2026-08-22 14:00:00,795.94,799.28,785.74,791.21,23489.911
2026-08-22 14:15:00,791.21,795.63,788.88,792.4,13408.882
2026-08-22 14:30:00,792.41,796.74,788.73,791.54,15670.887
2026-08-22 14:45:00,791.54,791.89,782.08,790.29,32792.231
2026-08-22 15:00:00,790.26,797.58,788.0,794.27,27690.176
2026-08-22 15:15:00,794.26,803.0,790.88,794.05,33514.415
2026-08-22 15:30:00,794.06,795.52,785.3,790.22,26655.85
2026-08-22 15:45:00,790.23,792.71,787.13,789.52,14293.106
2026-08-22 16:00:00,789.52,793.32,785.2,791.08,16620.465
2026-08-22 16:15:00,791.09,814.47,791.01,811.96,51112.448
2026-08-22 16:30:00,811.97,820.63,805.08,819.66,56762.473
2026-08-22 16:45:00,819.65,822.88,812.0,814.89,38229.456
2026-08-22 17:00:00,814.9,820.22,813.21,816.91,23433.511
2026-08-22 17:15:00,816.91,837.74,816.91,822.8,73800.265
2026-08-22 17:30:00,822.84,830.58,822.84,823.75,21667.321
2026-08-22 17:45:00,823.75,828.0,820.6,823.87,17026.828
2026-08-22 18:00:00,823.9,837.0,823.89,834.74,31463.593
2026-08-22 18:15:00,834.73,839.07,826.82,831.97,34458.774
2026-08-22 18:30:00,831.94,839.88,831.61,834.73,20648.739
2026-08-22 18:45:00,834.74,838.0,826.16,836.47,27407.035
2026-08-22 19:00:00,836.47,848.04,834.48,843.28,41297.012
2026-08-22 19:15:00,843.17,843.56,827.58,833.67,29139.078
2026-08-22 19:30:00,833.64,845.87,833.48,843.51,20932.517
2026-08-22 19:45:00,843.5,853.7,841.24,848.0,30849.789
2026-08-22 20:00:00,848.01,856.44,838.51,839.88,43475.995
2026-08-22 20:15:00,839.76,843.88,835.0,835.86,27364.373
2026-08-22 20:30:00,835.86,842.48,829.72,838.54,28999.631
2026-08-22 20:45:00,838.54,843.85,833.88,834.26,15712.575
2026-08-22 21:00:00,834.26,836.9,815.75,818.51,54829.719
2026-08-22 21:15:00,818.47,821.37,812.49,815.86,27399.876
2026-08-22 21:30:00,815.86,818.06,789.79,806.15,53599.068
2026-08-22 21:45:00,806.12,807.24,793.06,799.04,31709.353
2026-08-22 22:00:00,799.03,806.41,795.0,803.61,28905.558
2026-08-22 22:15:00,803.61,809.61,801.72,808.69,23803.479
2026-08-22 22:30:00,808.69,812.0,800.38,801.52,22491.081
2026-08-22 22:45:00,801.54,807.96,794.37,797.16,21172.464
2026-08-22 23:00:00,797.17,798.77,790.21,793.39,27537.87
2026-08-22 23:15:00,793.4,800.92,792.24,795.72,13001.53
2026-08-22 23:30:00,795.73,798.47,791.5,795.51,13512.985
2026-08-22 23:45:00,795.51,809.22,795.38,801.91,29903.485
2026-08-23 00:00:00,801.92,806.78,783.21,793.73,44679.664
2026-08-23 00:15:00,793.73,802.72,790.61,800.4,26140.028
2026-08-23 00:30:00,800.39,802.98,796.33,797.89,12854.599
2026-08-23 00:45:00,797.9,806.2,797.14,803.44,13200.169
2026-08-23 01:00:00,803.44,805.21,795.21,802.51,18364.58
2026-08-23 01:15:00,802.59,806.95,800.92,803.74,12533.873
2026-08-23 01:30:00,803.74,804.72,799.54,802.15,7520.345
2026-08-23 01:45:00,802.15,804.46,792.0,794.41,21472.81
2026-08-23 02:00:00,794.47,794.89,786.28,787.18,23093.731
2026-08-23 02:15:00,787.19,794.91,786.41,793.45,16978.991
2026-08-23 02:30:00,793.45,797.48,792.53,795.48,7846.926
2026-08-23 02:45:00,795.45,796.54,792.43,795.06,8020.905
2026-08-23 03:00:00,795.1,795.75,786.78,788.77,14567.513
2026-08-23 03:15:00,788.77,790.67,785.2,787.27,15661.9
2026-08-23 03:30:00,787.27,787.7,775.14,780.41,42291.351
2026-08-23 03:45:00,780.48,788.72,780.48,782.35,17483.168
2026-08-23 04:00:00,782.35,786.0,776.09,785.79,25245.634
2026-08-23 04:15:00,785.78,787.52,777.24,783.12,17818.212
2026-08-23 04:30:00,783.12,783.85,773.39,776.55,18441.082
2026-08-23 04:45:00,776.54,780.62,766.37,776.71,41772.297
2026-08-23 05:00:00,776.72,782.0,773.8,775.46,38855.559
2026-08-23 05:15:00,775.45,796.5,774.92,789.53,61490.25
2026-08-23 05:30:00,789.53,795.4,787.14,788.78,24934.829
2026-08-23 05:45:00,788.77,791.3,778.9,779.99,29392.439
2026-08-23 06:00:00,779.99,788.98,775.51,787.95,38548.144
2026-08-23 06:15:00,787.95,792.36,786.66,788.61,15320.797
2026-08-23 06:30:00,788.62,792.26,788.62,790.36,10805.033
2026-08-23 06:45:00,790.41,792.17,784.18,786.26,11329.997
2026-08-23 07:00:00,786.25,795.9,785.35,794.88,14423.433
2026-08-23 07:15:00,794.89,804.82,794.36,800.62,35653.468
2026-08-23 07:30:00,800.62,801.32,795.8,799.42,15478.068
2026-08-23 07:45:00,799.41,805.6,796.97,802.22,21110.607
2026-08-23 08:00:00,802.22,824.79,801.51,810.42,84836.288
2026-08-23 08:15:00,810.41,812.55,806.52,810.21,18185.791
2026-08-23 08:30:00,810.21,818.44,806.77,808.16,30507.437
2026-08-23 08:45:00,808.14,810.6,805.11,809.23,12759.445
2026-08-23 09:00:00,809.24,815.43,808.6,811.18,15304.187
2026-08-23 09:15:00,811.18,813.28,807.0,809.67,11158.298
2026-08-23 09:30:00,809.66,810.95,801.01,803.85,20035.201
2026-08-23 09:45:00,803.85,806.67,802.01,802.84,9009.771
2026-08-23 10:00:00,802.85,828.11,802.0,817.13,45297.422
2026-08-23 10:15:00,817.14,818.4,808.27,812.27,26592.85
2026-08-23 10:30:00,812.27,816.97,812.2,815.4,8316.737
2026-08-23 10:45:00,815.39,817.22,810.66,811.18,12288.537
2026-08-23 11:00:00,811.18,816.76,810.41,816.43,8224.731
2026-08-23 11:15:00,816.44,824.96,815.25,819.29,33729.499
2026-08-23 11:30:00,819.31,828.48,818.27,823.56,30255.862
2026-08-23 11:45:00,823.56,826.08,819.52,824.07,14903.366
2026-08-23 12:00:00,824.06,828.29,813.92,816.54,26063.263
2026-08-23 12:15:00,816.55,819.4,812.34,814.29,21749.929
2026-08-23 12:30:00,814.37,817.3,813.55,815.59,7285.704
2026-08-23 12:45:00,815.65,815.8,813.14,813.95,6539.079
2026-08-23 13:00:00,813.94,822.99,813.54,821.91,17067.14
2026-08-23 13:15:00,821.91,839.25,821.42,833.94,68733.096
2026-08-23 13:30:00,833.89,867.6,832.27,852.57,163368.964
2026-08-23 13:45:00,852.6,856.41,841.5,849.73,66417.454
2026-08-23 14:00:00,849.74,877.6,848.63,859.32,123751.034
2026-08-23 14:15:00,859.32,863.91,853.78,858.58,45422.005
2026-08-23 14:30:00,858.6,866.0,831.6,843.89,96721.627
2026-08-23 14:45:00,843.89,859.93,843.78,853.86,58522.608
2026-08-23 15:00:00,853.87,857.7,844.25,844.85,45782.287
2026-08-23 15:15:00,844.9,846.52,839.0,843.38,37857.251
2026-08-23 15:30:00,843.38,846.16,839.9,844.63,20212.528
2026-08-23 15:45:00,844.63,844.72,835.2,835.91,21734.485
2026-08-23 16:00:00,835.91,847.65,835.45,845.42,25385.194
2026-08-23 16:15:00,845.43,847.0,833.04,839.04,26301.389
2026-08-23 16:30:00,839.05,846.5,838.08,844.83,14214.65
2026-08-23 16:45:00,844.83,862.5,843.83,859.6,43353.454
2026-08-23 17:00:00,859.66,864.2,851.0,854.99,35651.482
2026-08-23 17:15:00,854.99,867.0,850.81,859.14,41311.266
2026-08-23 17:30:00,859.14,859.8,853.77,855.21,16413.121
2026-08-23 17:45:00,855.22,859.58,852.52,855.8,18138.227
2026-08-23 18:00:00,855.8,874.0,853.02,871.08,52599.428
2026-08-23 18:15:00,871.06,889.99,871.06,877.36,103828.03
2026-08-23 18:30:00,877.35,881.11,870.38,875.76,31265.327
2026-08-23 18:45:00,875.76,875.79,868.06,871.05,18778.144
2026-08-23 19:00:00,871.05,874.13,864.31,870.05,20459.68
2026-08-23 19:15:00,870.06,872.96,862.09,865.18,19379.772
2026-08-23 19:30:00,865.18,866.11,859.32,862.35,21122.666
2026-08-23 19:45:00,862.35,863.84,855.46,856.25,17870.083
2026-08-23 20:00:00,856.25,856.9,838.44,841.62,54370.73
2026-08-23 20:15:00,841.66,848.31,838.87,846.4,19889.674
2026-08-23 20:30:00,846.41,854.39,844.01,852.09,16842.81
2026-08-23 20:45:00,852.09,852.77,849.25,850.58,9358.093
2026-08-23 21:00:00,850.58,865.88,850.47,864.29,29532.71
2026-08-23 21:15:00,864.28,872.57,863.47,869.92,26229.875
2026-08-23 21:30:00,869.92,873.89,860.52,862.17,20461.038
2026-08-23 21:45:00,862.22,870.46,853.9,860.36,16230.564
2026-08-23 22:00:00,860.36,863.84,853.69,857.02,17287.089
2026-08-23 22:15:00,857.02,864.52,853.11,862.84,15006.662
2026-08-23 22:30:00,862.84,863.72,855.45,855.54,9387.043
2026-08-23 22:45:00,855.55,858.48,853.4,855.3,7235.93
2026-08-23 23:00:00,855.24,856.32,841.97,845.21,21341.459
2026-08-23 23:15:00,845.21,853.02,835.9,851.97,30936.621
2026-08-23 23:30:00,851.98,860.09,847.96,854.05,29645.043
2026-08-23 23:45:00,854.04,857.27,849.05,853.69,12804.232
2026-08-24 00:00:00,853.69,853.8,845.94,848.47,14199.5
2026-08-24 00:15:00,848.47,848.56,832.1,840.79,35829.004
2026-08-24 00:30:00,840.8,844.22,832.6,834.18,21808.875
2026-08-24 00:45:00,834.18,840.0,820.0,838.47,51675.177
2026-08-24 01:00:00,838.44,839.12,824.5,825.72,20043.876
2026-08-24 01:15:00,825.63,833.67,823.4,830.25,16213.667
2026-08-24 01:30:00,830.24,832.95,827.54,829.81,12456.765
2026-08-24 01:45:00,829.8,834.58,826.11,827.56,13843.831
2026-08-24 02:00:00,827.55,833.08,820.01,832.72,19979.661
2026-08-24 02:15:00,832.72,849.49,831.59,847.2,30032.08
2026-08-24 02:30:00,847.2,847.2,839.95,841.74,18786.08
2026-08-24 02:45:00,841.73,842.92,836.74,841.37,10484.961
2026-08-24 03:00:00,841.36,843.72,830.55,832.53,13808.696
2026-08-24 03:15:00,832.52,837.66,831.0,832.53,9999.206
2026-08-24 03:30:00,832.53,835.94,831.12,831.85,10490.715
2026-08-24 03:45:00,831.86,836.33,828.52,829.6,11383.994
2026-08-24 04:00:00,829.61,832.83,827.53,831.03,10400.441
2026-08-24 04:15:00,831.02,835.73,830.31,834.67,9030.739
2026-08-24 04:30:00,834.67,836.72,831.48,835.05,8098.467
2026-08-24 04:45:00,835.05,835.69,825.05,834.66,15708.228
2026-08-24 05:00:00,834.67,840.83,831.05,840.36,14782.732
2026-08-24 05:15:00,840.36,840.9,833.0,835.2,12244.461
2026-08-24 05:30:00,835.19,844.45,828.0,840.67,18675.774
2026-08-24 05:45:00,840.71,844.76,837.75,842.75,9456.057
2026-08-24 06:00:00,842.76,846.41,840.73,845.64,14623.085
2026-08-24 06:15:00,845.64,848.31,841.39,843.11,11124.064
2026-08-24 06:30:00,843.1,843.69,834.52,834.97,14803.171
2026-08-24 06:45:00,834.97,846.15,834.36,843.77,14208.79
2026-08-24 07:00:00,843.77,853.72,841.15,850.68,20554.939
2026-08-24 07:15:00,850.69,851.96,844.59,845.71,20521.795
2026-08-24 07:30:00,845.71,845.71,832.14,833.2,18534.922
2026-08-24 07:45:00,833.17,838.63,832.57,836.27,9144.979
2026-08-24 08:00:00,836.28,836.95,828.83,830.43,20475.116
2026-08-24 08:15:00,830.45,833.22,825.0,826.65,27628.302
2026-08-24 08:30:00,826.63,835.59,826.0,834.8,17869.92
2026-08-24 08:45:00,834.8,835.16,827.76,828.54,11043.386
2026-08-24 09:00:00,828.54,833.47,824.19,833.09,19223.69
2026-08-24 09:15:00,833.1,834.6,828.18,830.18,8760.883
2026-08-24 09:30:00,830.17,831.96,828.47,830.35,6479.993
2026-08-24 09:45:00,830.35,833.29,829.68,832.28,5418.204
2026-08-24 10:00:00,832.28,839.79,830.77,838.18,21121.662
2026-08-24 10:15:00,838.19,841.57,835.88,837.6,12522.384
2026-08-24 10:30:00,837.59,843.53,836.27,841.39,17232.245
2026-08-24 10:45:00,841.38,845.96,837.03,839.03,12239.998
2026-08-24 11:00:00,838.99,839.17,828.6,833.75,22348.494
2026-08-24 11:15:00,833.74,836.56,830.5,835.76,8062.345
2026-08-24 11:30:00,835.77,849.35,834.89,847.6,38396.468
2026-08-24 11:45:00,847.59,848.02,834.36,844.98,35284.667
2026-08-24 12:00:00,844.96,847.17,837.41,837.59,19949.605
2026-08-24 12:15:00,837.57,857.8,834.79,851.97,52160.449
2026-08-24 12:30:00,852.08,856.32,847.06,851.42,27141.914
2026-08-24 12:45:00,851.42,859.89,850.24,855.62,30179.281
2026-08-24 13:00:00,855.62,859.67,850.2,854.51,28393.015
2026-08-24 13:15:00,854.5,854.88,845.7,846.76,23324.79
2026-08-24 13:30:00,846.77,846.95,835.0,836.12,53676.196
2026-08-24 13:45:00,836.11,842.74,832.41,841.09,30350.103
2026-08-24 14:00:00,841.1,848.78,836.9,848.46,26441.794
2026-08-24 14:15:00,848.46,859.41,848.4,855.69,42126.106
2026-08-24 14:30:00,855.74,871.61,855.45,863.75,66724.211
2026-08-24 14:45:00,863.75,865.77,856.46,860.15,26061.048
2026-08-24 15:00:00,860.16,861.99,850.75,851.24,25427.688
2026-08-24 15:15:00,851.25,861.01,846.25,857.75,31121.096
2026-08-24 15:30:00,857.69,858.15,837.0,840.12,38348.585
2026-08-24 15:45:00,840.12,844.12,830.47,834.29,48104.647
2026-08-24 16:00:00,834.22,844.0,833.99,838.89,36443.249
2026-08-24 16:15:00,838.87,846.33,838.67,843.37,20788.402
2026-08-24 16:30:00,843.38,846.16,837.76,837.88,17924.492
2026-08-24 16:45:00,837.89,838.27,826.41,827.87,25122.529
2026-08-24 17:00:00,827.88,836.03,815.6,828.88,60287.978
2026-08-24 17:15:00,828.87,829.24,810.93,811.21,54996.869
2026-08-24 17:30:00,811.26,817.04,806.13,810.57,51201.772
2026-08-24 17:45:00,810.56,815.98,808.18,813.07,26074.118
2026-08-24 18:00:00,813.08,822.97,810.82,821.91,26306.224
2026-08-24 18:15:00,821.91,822.91,815.12,821.5,14427.617
2026-08-24 18:30:00,821.5,822.17,808.71,814.95,19695.681
2026-08-24 18:45:00,814.96,816.59,801.0,806.94,25469.151
2026-08-24 19:00:00,806.94,808.98,801.08,803.26,25133.852
2026-08-24 19:15:00,803.26,807.65,796.61,806.43,36622.172
2026-08-24 19:30:00,806.43,810.88,803.52,805.26,16568.44
2026-08-24 19:45:00,805.25,810.24,804.01,809.87,10885.406
2026-08-24 20:00:00,809.88,814.66,809.28,813.28,12102.14
2026-08-24 20:15:00,813.28,816.57,809.66,814.88,8403.203
2026-08-24 20:30:00,814.88,821.76,814.35,820.77,14545.138
2026-08-24 20:45:00,820.77,822.73,818.0,819.88,8068.924
2026-08-24 21:00:00,819.89,825.84,819.63,824.77,8696.456
2026-08-24 21:15:00,824.76,825.2,819.45,823.37,7126.837
2026-08-24 21:30:00,823.37,825.97,819.96,825.26,5565.712
2026-08-24 21:45:00,825.25,827.97,824.12,827.0,6402.192
2026-08-24 22:00:00,827.0,834.89,826.06,830.11,18652.646
2026-08-24 22:15:00,830.11,834.52,829.17,831.0,8707.748
2026-08-24 22:30:00,831.0,836.35,830.99,831.26,8369.588
2026-08-24 22:45:00,831.22,832.5,824.0,824.07,11497.309
2026-08-24 23:00:00,824.06,828.88,819.83,823.88,13819.522
2026-08-24 23:15:00,823.89,828.33,820.38,824.83,8987.799
2026-08-24 23:30:00,824.84,830.55,823.31,829.65,5777.723
2026-08-24 23:45:00,829.65,830.75,825.72,830.38,7440.49
2026-08-25 00:00:00,830.38,833.41,827.14,828.88,11774.403
2026-08-25 00:15:00,828.88,831.78,823.1,827.74,10449.498
2026-08-25 00:30:00,827.74,842.75,826.86,841.51,25722.767
2026-08-25 00:45:00,841.51,849.83,835.06,836.38,33058.754
2026-08-25 01:00:00,836.39,846.66,833.41,834.51,16135.235
2026-08-25 01:15:00,834.51,839.63,832.2,836.83,7029.872
2026-08-25 01:30:00,836.82,839.0,832.55,832.88,5317.459
2026-08-25 01:45:00,832.88,834.69,829.2,834.63,8867.863
2026-08-25 02:00:00,834.63,837.62,831.31,834.05,6615.336
2026-08-25 02:15:00,834.06,864.22,831.61,863.57,57038.714
2026-08-25 02:30:00,863.64,864.99,854.69,860.4,38910.671
2026-08-25 02:45:00,860.43,862.65,852.34,853.99,31457.599
2026-08-25 03:00:00,853.97,865.86,853.69,859.58,24586.549
2026-08-25 03:15:00,859.57,861.78,855.03,858.16,15624.0
2026-08-25 03:30:00,858.16,861.0,852.57,853.69,17730.212
2026-08-25 03:45:00,853.65,856.14,848.22,849.75,18562.327
2026-08-25 04:00:00,849.75,853.77,846.45,850.17,14304.331
2026-08-25 04:15:00,850.17,850.38,842.57,843.64,19242.614
2026-08-25 04:30:00,843.64,847.24,838.78,844.29,20744.037
2026-08-25 04:45:00,844.28,849.52,843.54,848.07,14058.363
2026-08-25 05:00:00,848.07,854.64,847.31,851.57,14847.875
2026-08-25 05:15:00,851.57,855.53,850.04,852.32,11641.958
2026-08-25 05:30:00,852.32,858.21,849.0,853.16,14787.631
2026-08-25 05:45:00,853.17,857.23,851.65,852.29,6796.149
2026-08-25 06:00:00,852.3,854.58,846.78,850.57,10691.592
2026-08-25 06:15:00,850.57,852.91,849.42,851.38,6300.897
2026-08-25 06:30:00,851.35,851.99,844.44,847.84,11610.773
2026-08-25 06:45:00,847.84,856.85,846.89,851.4,17837.716
2026-08-25 07:00:00,851.4,864.98,850.82,859.2,25039.083
2026-08-25 07:15:00,859.19,860.97,857.34,859.21,8376.669
2026-08-25 07:30:00,859.21,859.88,853.76,859.64,15810.498
2026-08-25 07:45:00,859.64,867.5,847.0,852.52,58351.665
2026-08-25 08:00:00,852.53,854.7,847.74,849.23,19630.0
2026-08-25 08:15:00,849.22,856.0,848.49,849.47,15231.785
2026-08-25 08:30:00,849.47,853.88,842.44,846.74,25235.987
2026-08-25 08:45:00,846.74,848.0,840.52,842.24,16887.38
2026-08-25 09:00:00,842.24,845.77,839.26,844.42,15023.215
2026-08-25 09:15:00,844.43,851.91,843.4,848.27,19405.281
2026-08-25 09:30:00,848.27,854.56,847.6,853.68,10757.553
2026-08-25 09:45:00,853.68,855.0,837.05,839.67,33157.476
2026-08-25 10:00:00,839.67,843.96,835.57,842.31,25664.014
2026-08-25 10:15:00,842.36,843.96,838.17,840.42,9403.416
2026-08-25 10:30:00,840.41,841.93,837.08,840.71,7320.252
2026-08-25 10:45:00,840.72,846.72,840.45,842.43,11958.37
2026-08-25 11:00:00,842.43,843.87,833.2,836.2,16383.239
2026-08-25 11:15:00,836.2,841.5,834.07,837.57,15974.787
2026-08-25 11:30:00,837.57,839.73,833.65,833.79,9572.844
2026-08-25 11:45:00,833.76,837.73,831.43,836.72,10492.812
2026-08-25 12:00:00,836.71,840.32,828.15,839.61,20686.657
2026-08-25 12:15:00,839.61,841.9,828.28,832.53,21348.723
2026-08-25 12:30:00,832.54,836.54,830.36,835.05,14622.726
2026-08-25 12:45:00,835.05,848.65,833.52,842.94,31426.64
2026-08-25 13:00:00,842.95,844.73,822.17,824.18,40163.824
2026-08-25 13:15:00,824.17,826.27,815.29,815.57,47002.495
2026-08-25 13:30:00,815.53,831.49,815.0,818.91,50469.137
2026-08-25 13:45:00,818.94,821.52,806.52,818.17,59290.927
2026-08-25 14:00:00,818.19,822.5,815.14,816.54,30987.712
2026-08-25 14:15:00,816.55,829.46,814.19,827.46,27732.567
2026-08-25 14:30:00,827.45,831.2,821.1,822.77,25767.89
2026-08-25 14:45:00,822.76,825.24,813.4,818.52,22398.075
2026-08-25 15:00:00,818.53,818.71,802.5,809.21,46491.779
2026-08-25 15:15:00,809.21,813.93,803.26,806.83,30499.896
2026-08-25 15:30:00,806.83,810.92,805.69,809.68,16271.814
2026-08-25 15:45:00,809.69,818.75,806.25,816.73,21195.754
2026-08-25 16:00:00,816.73,817.28,803.36,807.41,25809.262
2026-08-25 16:15:00,807.42,807.51,795.0,801.75,51357.561
2026-08-25 16:30:00,801.75,810.49,801.19,809.15,27900.04
2026-08-25 16:45:00,809.15,811.5,799.51,799.81,24904.43
2026-08-25 17:00:00,799.8,805.45,797.88,802.41,20912.977
2026-08-25 17:15:00,802.32,803.88,793.12,795.02,21883.227
2026-08-25 17:30:00,795.03,800.12,794.91,798.92,18104.887
2026-08-25 17:45:00,798.95,802.82,797.55,799.44,11947.59
2026-08-25 18:00:00,799.39,802.28,792.03,796.19,20232.636
2026-08-25 18:15:00,796.18,800.5,793.76,800.14,11377.329
2026-08-25 18:30:00,800.13,800.46,795.26,799.87,8031.914
2026-08-25 18:45:00,799.86,801.9,795.72,796.52,10273.649
2026-08-25 19:00:00,796.53,798.48,793.34,796.65,9224.712
2026-08-25 19:15:00,796.65,798.17,787.49,788.26,21142.306
2026-08-25 19:30:00,788.27,790.51,775.2,781.31,51111.474
2026-08-25 19:45:00,781.25,788.63,781.25,786.76,16908.292
2026-08-25 20:00:00,786.76,787.97,778.38,784.27,14584.578
2026-08-25 20:15:00,784.27,787.22,782.43,783.91,10013.782
2026-08-25 20:30:00,783.92,786.77,779.78,780.63,15306.665
2026-08-25 20:45:00,780.61,781.72,771.64,772.56,39300.045
2026-08-25 21:00:00,772.56,774.56,751.36,766.25,97983.327
2026-08-25 21:15:00,766.24,766.57,756.17,765.5,38719.981
2026-08-25 21:30:00,765.49,779.96,764.1,777.45,41747.152
2026-08-25 21:45:00,777.44,781.95,774.96,777.03,19834.714
2026-08-25 22:00:00,777.02,783.98,776.09,781.58,18688.968
2026-08-25 22:15:00,781.58,783.32,768.56,773.42,27808.844
2026-08-25 22:30:00,773.42,778.53,771.76,774.39,9719.872
2026-08-25 22:45:00,774.39,787.2,774.12,783.43,26055.77
2026-08-25 23:00:00,783.43,788.68,778.63,781.3,25653.455
2026-08-25 23:15:00,781.31,783.84,776.74,782.05,14004.185
2026-08-25 23:30:00,782.05,782.28,773.62,774.98,12060.18
2026-08-25 23:45:00,774.98,775.24,767.01,767.81,22568.153
2026-08-26 00:00:00,767.81,771.0,763.45,765.31,23835.064
2026-08-26 00:15:00,765.38,777.85,763.03,774.36,31959.454
2026-08-26 00:30:00,774.36,776.24,769.08,773.21,15417.949
2026-08-26 00:45:00,773.21,782.05,772.85,777.16,21785.093
2026-08-26 01:00:00,777.15,783.95,774.73,776.15,15955.932
2026-08-26 01:15:00,776.15,780.53,773.33,779.27,10260.737
2026-08-26 01:30:00,779.28,784.78,778.83,782.68,11380.79
2026-08-26 01:45:00,782.68,782.88,778.69,780.36,7103.413
2026-08-26 02:00:00,780.29,781.65,777.75,778.05,6795.712
2026-08-26 02:15:00,778.05,787.49,778.03,786.83,16972.234
2026-08-26 02:30:00,786.84,787.24,781.61,783.55,13200.547
2026-08-26 02:45:00,783.55,787.87,782.04,783.7,9002.169
2026-08-26 03:00:00,783.69,787.0,780.33,781.88,9168.621
2026-08-26 03:15:00,781.89,784.7,781.05,783.61,4345.833
2026-08-26 03:30:00,783.61,786.68,780.75,784.04,10536.045
2026-08-26 03:45:00,784.04,786.36,781.3,783.15,7911.993
2026-08-26 04:00:00,783.15,786.34,779.33,784.69,9240.155
2026-08-26 04:15:00,784.69,792.0,783.18,786.75,20296.228
2026-08-26 04:30:00,786.76,789.68,785.0,787.07,8954.203
2026-08-26 04:45:00,787.06,787.97,782.28,783.16,12668.228
2026-08-26 05:00:00,783.16,787.75,782.72,783.97,9781.541
2026-08-26 05:15:00,783.96,787.55,781.04,785.89,8172.476
2026-08-26 05:30:00,785.9,793.92,784.47,792.11,25271.526
2026-08-26 05:45:00,792.11,792.3,788.63,789.25,13454.629
2026-08-26 06:00:00,789.24,793.24,788.02,788.68,13677.265
2026-08-26 06:15:00,788.68,789.79,784.62,785.47,9455.547
2026-08-26 06:30:00,785.48,788.61,782.5,787.99,11617.264
2026-08-26 06:45:00,788.0,789.0,785.94,786.5,4763.382
2026-08-26 07:00:00,786.51,792.74,785.53,792.27,10939.773
2026-08-26 07:15:00,792.28,795.79,789.39,790.4,11382.639
2026-08-26 07:30:00,790.4,791.26,787.28,788.44,12285.166
2026-08-26 07:45:00,788.45,790.85,785.35,786.77,8233.901
2026-08-26 08:00:00,786.77,791.4,785.28,789.17,10664.742
2026-08-26 08:15:00,789.18,791.48,785.59,788.31,7250.448
2026-08-26 08:30:00,788.34,789.38,785.7,785.8,7873.36
2026-08-26 08:45:00,785.8,786.67,777.75,782.05,28920.547
2026-08-26 09:00:00,782.08,785.0,781.23,783.88,9859.697
2026-08-26 09:15:00,783.89,787.4,779.75,785.16,27946.375
2026-08-26 09:30:00,785.16,791.32,782.25,782.31,18478.108
2026-08-26 09:45:00,782.31,786.0,781.2,784.86,8018.072
2026-08-26 10:00:00,784.85,788.6,783.4,787.95,8534.117
2026-08-26 10:15:00,787.96,790.69,784.32,789.95,7513.332
2026-08-26 10:30:00,789.96,795.4,788.05,793.09,17467.777
2026-08-26 10:45:00,793.09,795.28,791.97,792.1,14735.382
2026-08-26 11:00:00,792.11,795.22,791.07,791.98,12567.912
2026-08-26 11:15:00,791.99,794.08,787.4,789.5,12603.131
2026-08-26 11:30:00,789.5,789.67,781.53,782.73,18039.265
2026-08-26 11:45:00,782.74,784.76,781.01,783.25,10143.169
2026-08-26 12:00:00,783.25,785.89,782.41,783.38,7074.627
2026-08-26 12:15:00,783.38,791.81,782.63,791.41,10642.215
2026-08-26 12:30:00,791.41,791.54,779.13,780.54,25967.025
2026-08-26 12:45:00,780.53,783.29,779.46,780.71,12141.368
2026-08-26 13:00:00,780.7,783.61,771.75,773.08,30403.737
2026-08-26 13:15:00,773.06,776.48,759.17,766.24,55073.584
2026-08-26 13:30:00,766.25,779.38,765.87,776.18,32653.047
2026-08-26 13:45:00,776.17,777.56,765.32,773.27,19421.312
2026-08-26 14:00:00,773.31,778.46,769.74,774.29,17975.272
2026-08-26 14:15:00,774.28,777.0,765.12,766.16,14925.203
2026-08-26 14:30:00,766.16,773.57,764.27,767.04,23846.86
2026-08-26 14:45:00,767.03,768.94,762.55,766.01,18325.635
2026-08-26 15:00:00,766.01,769.66,760.25,769.37,25024.287
2026-08-26 15:15:00,769.38,778.56,767.31,777.97,27592.091
2026-08-26 15:30:00,777.96,780.0,769.49,774.6,25005.576
2026-08-26 15:45:00,774.61,778.51,769.62,770.52,10845.406
2026-08-26 16:00:00,770.52,776.96,766.82,771.53,21447.448
2026-08-26 16:15:00,771.54,774.02,764.73,767.6,11670.076
2026-08-26 16:30:00,767.61,770.1,757.72,760.23,26712.343
2026-08-26 16:45:00,760.24,771.64,760.12,769.93,32288.187
2026-08-26 17:00:00,769.94,773.01,767.09,771.9,15705.153
2026-08-26 17:15:00,771.91,779.99,771.53,778.99,26041.144
2026-08-26 17:30:00,778.99,780.65,776.3,777.04,14987.367
2026-08-26 17:45:00,777.04,779.2,773.89,777.43,10681.111
2026-08-26 18:00:00,777.43,780.84,774.36,777.22,12133.19
2026-08-26 18:15:00,777.23,780.27,776.24,779.55,9190.472
2026-08-26 18:30:00,779.55,780.49,775.89,778.42,8469.686
2026-08-26 18:45:00,778.42,787.86,778.35,785.23,17162.724
2026-08-26 19:00:00,785.23,787.6,780.64,781.84,12694.922
2026-08-26 19:15:00,781.84,786.73,781.04,786.59,5916.418
2026-08-26 19:30:00,786.57,789.85,780.59,781.59,10999.825
2026-08-26 19:45:00,781.59,784.25,781.36,782.5,3921.525
2026-08-26 20:00:00,782.5,785.16,780.01,782.96,5499.357
2026-08-26 20:15:00,782.95,784.23,776.62,783.69,10454.385
2026-08-26 20:30:00,783.69,784.65,779.81,783.78,5933.813
2026-08-26 20:45:00,783.78,785.45,782.75,783.57,3646.432
2026-08-26 21:00:00,783.57,786.96,782.0,785.71,10032.25
2026-08-26 21:15:00,785.72,793.67,785.72,791.14,21432.479
2026-08-26 21:30:00,791.15,793.25,787.04,787.12,8995.776
2026-08-26 21:45:00,787.13,789.99,782.51,789.64,11172.644
2026-08-26 22:00:00,789.65,794.87,788.46,794.12,15577.257
2026-08-26 22:15:00,794.12,816.0,793.84,812.86,54505.491
2026-08-26 22:30:00,812.86,814.6,807.76,810.0,17012.682
2026-08-26 22:45:00,810.24,813.44,805.79,810.64,15705.736
2026-08-26 23:00:00,810.64,818.51,810.25,812.79,16972.908
2026-08-26 23:15:00,812.8,817.68,811.92,816.29,12667.03
2026-08-26 23:30:00,816.28,818.08,813.3,816.75,13088.292
2026-08-26 23:45:00,816.75,817.84,812.96,816.07,9668.729
2026-08-27 00:00:00,816.06,816.76,808.01,810.11,22671.638
2026-08-27 00:15:00,810.11,814.42,808.88,811.03,9144.068
2026-08-27 00:30:00,811.02,811.02,801.74,805.67,13935.264
2026-08-27 00:45:00,805.66,808.28,801.71,802.52,8480.637
2026-08-27 01:00:00,802.58,804.53,796.23,799.89,14210.229
2026-08-27 01:15:00,799.9,808.8,798.73,807.89,11415.157
2026-08-27 01:30:00,807.88,808.0,799.4,799.6,12019.41
2026-08-27 01:45:00,799.58,801.39,791.42,795.81,24159.124
2026-08-27 02:00:00,795.82,799.5,793.6,794.03,13182.588
2026-08-27 02:15:00,794.02,796.22,788.61,790.49,13346.675
2026-08-27 02:30:00,790.49,791.44,778.32,779.95,30489.87
2026-08-27 02:45:00,779.94,784.5,779.82,781.53,11478.065
2026-08-27 03:00:00,781.52,785.41,781.38,783.67,11328.428
2026-08-27 03:15:00,783.67,789.33,780.16,788.14,11975.718
2026-08-27 03:30:00,788.14,788.15,780.33,781.11,13143.079
2026-08-27 03:45:00,781.12,782.96,776.68,780.25,12281.35
2026-08-27 04:00:00,780.24,782.71,777.55,780.56,6775.113
2026-08-27 04:15:00,780.55,781.83,777.81,779.33,4761.737
2026-08-27 04:30:00,779.32,779.32,772.57,778.18,12906.472
2026-08-27 04:45:00,778.17,778.19,774.76,777.71,4610.343
2026-08-27 05:00:00,777.71,778.3,774.33,776.93,7303.27
2026-08-27 05:15:00,776.92,781.27,774.42,776.8,7844.409
2026-08-27 05:30:00,776.8,778.55,773.76,777.63,8356.262
2026-08-27 05:45:00,777.64,783.74,777.57,782.3,17462.025
2026-08-27 06:00:00,782.29,782.29,775.79,777.39,9110.556
2026-08-27 06:15:00,777.38,779.69,775.77,779.37,7548.634
2026-08-27 06:30:00,779.38,785.83,779.03,782.17,11241.492
2026-08-27 06:45:00,782.16,786.96,782.16,786.24,12369.572
2026-08-27 07:00:00,786.24,786.43,783.36,784.68,7040.731
2026-08-27 07:15:00,784.69,786.71,782.65,783.45,4654.688
2026-08-27 07:30:00,783.46,785.5,782.42,783.09,6125.227
2026-08-27 07:45:00,783.09,786.69,783.0,785.78,5663.048
2026-08-27 08:00:00,785.78,796.0,783.84,792.74,40632.025
2026-08-27 08:15:00,792.75,795.0,786.7,794.76,23794.758
2026-08-27 08:30:00,794.76,798.56,793.3,796.54,20373.672
2026-08-27 08:45:00,796.55,798.88,790.57,792.87,18199.553
2026-08-27 09:00:00,792.87,798.89,790.59,797.21,19453.432
2026-08-27 09:15:00,797.2,805.5,794.02,803.76,25562.497
2026-08-27 09:30:00,803.75,804.08,794.43,795.45,17503.168
2026-08-27 09:45:00,795.46,798.4,790.58,794.18,16540.695
2026-08-27 10:00:00,794.18,799.0,791.59,794.69,13178.944
2026-08-27 10:15:00,794.68,796.13,776.38,784.95,33332.562
2026-08-27 10:30:00,784.94,784.94,776.3,780.99,33987.06
2026-08-27 10:45:00,780.99,783.93,777.42,780.42,14777.903
2026-08-27 11:00:00,780.42,784.79,779.57,783.94,12115.781
2026-08-27 11:15:00,783.94,785.88,778.0,778.51,10881.712
2026-08-27 11:30:00,778.5,782.4,777.82,781.83,9851.027
2026-08-27 11:45:00,781.82,784.7,778.93,783.44,9123.121
2026-08-27 12:00:00,783.44,786.83,782.22,785.2,7948.131
2026-08-27 12:15:00,785.2,789.3,783.34,784.08,12755.43
2026-08-27 12:30:00,784.08,784.17,778.77,778.87,9284.151
2026-08-27 12:45:00,778.88,782.49,778.87,780.27,11129.384
2026-08-27 13:00:00,780.27,786.8,780.12,785.26,8114.208
2026-08-27 13:15:00,785.26,796.17,785.26,796.03,18186.915
2026-08-27 13:30:00,796.04,796.04,787.71,790.41,21685.46
2026-08-27 13:45:00,790.42,793.66,783.57,792.7,22069.104
2026-08-27 14:00:00,792.7,795.59,788.07,789.95,18031.577
2026-08-27 14:15:00,789.89,797.72,789.01,796.07,16513.222
2026-08-27 14:30:00,796.05,802.32,794.15,800.81,21585.767
2026-08-27 14:45:00,800.81,802.08,792.49,794.76,18800.077
2026-08-27 15:00:00,794.76,800.63,791.62,798.31,14211.515
2026-08-27 15:15:00,798.3,804.34,793.39,802.59,25002.135
2026-08-27 15:30:00,802.56,803.67,792.91,797.99,31106.73
2026-08-27 15:45:00,798.0,809.29,796.38,803.34,30328.225
2026-08-27 16:00:00,803.34,807.46,798.34,803.53,19516.764
2026-08-27 16:15:00,803.55,814.9,802.97,814.32,22131.583
2026-08-27 16:30:00,814.32,816.83,808.66,816.34,23856.222
2026-08-27 16:45:00,816.35,817.45,811.52,811.79,21161.462
2026-08-27 17:00:00,811.8,827.69,810.34,822.34,51262.192
2026-08-27 17:15:00,822.33,829.37,820.86,824.34,35124.912
2026-08-27 17:30:00,824.33,834.49,823.29,824.7,35325.983
2026-08-27 17:45:00,824.69,829.5,821.48,822.78,19933.045
2026-08-27 18:00:00,822.79,823.72,809.2,809.46,30316.799
2026-08-27 18:15:00,809.49,814.92,805.3,806.65,38251.092
2026-08-27 18:30:00,806.66,813.12,803.86,811.74,20927.951
2026-08-27 18:45:00,811.74,815.68,810.55,815.68,9976.048
2026-08-27 19:00:00,815.68,820.0,813.56,817.0,14205.051
2026-08-27 19:15:00,817.0,821.2,815.49,820.47,11480.48
2026-08-27 19:30:00,820.47,823.49,813.1,815.67,14405.852
2026-08-27 19:45:00,815.66,820.75,814.11,815.52,12871.067
2026-08-27 20:00:00,815.51,819.47,814.08,816.14,9013.887
2026-08-27 20:15:00,816.15,824.1,815.88,817.82,9024.783
2026-08-27 20:30:00,817.82,819.26,815.94,818.54,4046.006
2026-08-27 20:45:00,818.55,819.86,813.37,816.66,8779.54
2026-08-27 21:00:00,816.67,817.45,812.0,813.17,7020.205
2026-08-27 21:15:00,813.17,813.35,808.64,809.46,8693.593
2026-08-27 21:30:00,809.43,812.1,805.7,807.31,7279.632
2026-08-27 21:45:00,807.31,810.13,806.61,808.75,3231.553
2026-08-27 22:00:00,808.75,815.91,808.74,812.91,10106.601
2026-08-27 22:15:00,812.91,816.4,810.73,812.8,6836.714
2026-08-27 22:30:00,812.8,815.28,811.72,813.2,3980.784
2026-08-27 22:45:00,813.19,813.91,811.5,812.69,3295.606
2026-08-27 23:00:00,812.69,813.7,808.83,809.49,5632.624
2026-08-27 23:15:00,809.49,815.76,808.99,814.96,5710.512
2026-08-27 23:30:00,815.03,817.26,811.97,812.03,5433.58
2026-08-27 23:45:00,812.02,812.34,808.16,809.6,6099.099
2026-08-28 00:00:00,809.6,809.86,806.37,808.75,8119.608
2026-08-28 00:15:00,808.74,813.0,808.68,812.7,6038.662
2026-08-28 00:30:00,812.7,816.52,811.76,812.33,6691.348
2026-08-28 00:45:00,812.32,812.76,809.12,809.86,6970.021
2026-08-28 01:00:00,809.87,816.92,809.55,812.94,11012.703
2026-08-28 01:15:00,812.95,822.5,811.78,820.65,15099.813
2026-08-28 01:30:00,820.69,823.92,810.56,810.56,15912.42
2026-08-28 01:45:00,810.62,812.47,800.57,802.18,26618.374
2026-08-28 02:00:00,802.18,802.49,792.21,794.37,26252.225
2026-08-28 02:15:00,794.39,795.25,786.63,786.94,29499.435
2026-08-28 02:30:00,786.93,787.99,779.62,782.03,34409.118
2026-08-28 02:45:00,782.03,786.3,779.24,785.43,28110.375
2026-08-28 03:00:00,785.44,785.44,778.47,781.94,18298.954
2026-08-28 03:15:00,781.95,789.07,781.95,788.86,17376.367
2026-08-28 03:30:00,788.86,791.68,786.69,787.55,15026.592
2026-08-28 03:45:00,787.56,788.92,786.5,788.17,6914.334
2026-08-28 04:00:00,788.16,791.0,783.51,789.34,13293.27
2026-08-28 04:15:00,789.33,791.5,786.59,786.97,8623.795
2026-08-28 04:30:00,786.97,787.75,783.51,786.51,6038.82
2026-08-28 04:45:00,786.52,787.06,784.79,786.05,4156.848
2026-08-28 05:00:00,786.05,787.7,784.6,786.65,5640.098
2026-08-28 05:15:00,786.65,787.64,783.9,787.51,4818.58
2026-08-28 05:30:00,787.52,791.28,787.33,788.6,8171.991
2026-08-28 05:45:00,788.6,789.9,788.04,788.1,4716.236
2026-08-28 06:00:00,788.11,794.73,788.07,793.69,9283.832
2026-08-28 06:15:00,793.69,794.07,791.5,792.38,3385.275
2026-08-28 06:30:00,792.37,794.13,791.94,794.0,3449.463
2026-08-28 06:45:00,794.0,795.9,792.88,793.24,5975.968
2026-08-28 07:00:00,793.23,793.49,787.15,788.74,9086.466
2026-08-28 07:15:00,788.74,790.57,788.58,790.26,3746.748
2026-08-28 07:30:00,790.26,790.68,788.1,789.31,4375.595
2026-08-28 07:45:00,789.31,790.99,788.72,789.58,3656.333
2026-08-28 08:00:00,789.58,793.13,789.57,791.36,5352.761
2026-08-28 08:15:00,791.36,793.29,790.77,790.91,2539.727
2026-08-28 08:30:00,790.9,792.68,789.75,790.2,3344.14
2026-08-28 08:45:00,790.21,790.96,785.26,786.19,8575.758
2026-08-28 09:00:00,786.18,792.05,785.0,790.57,13127.399
2026-08-28 09:15:00,790.57,791.45,788.17,788.9,3959.237
2026-08-28 09:30:00,788.91,791.98,787.0,787.18,12238.893
2026-08-28 09:45:00,787.17,790.24,787.14,789.58,5108.777
2026-08-28 10:00:00,789.58,790.05,785.05,788.81,9615.214
2026-08-28 10:15:00,788.81,790.0,787.17,789.89,4203.496
2026-08-28 10:30:00,789.89,794.74,789.88,792.48,10509.419
2026-08-28 10:45:00,792.47,797.0,792.47,797.0,8502.546
2026-08-28 11:00:00,797.0,803.0,796.9,802.55,15993.882
2026-08-28 11:15:00,802.55,803.83,800.06,800.75,10323.508
2026-08-28 11:30:00,800.75,803.62,797.24,799.39,10537.234
2026-08-28 11:45:00,799.39,799.97,797.5,799.5,3583.946
2026-08-28 12:00:00,799.49,807.5,798.69,803.85,14985.797
2026-08-28 12:15:00,803.85,808.44,800.74,801.32,11102.822
2026-08-28 12:30:00,801.4,801.81,790.93,793.42,18187.756
2026-08-28 12:45:00,793.47,797.44,792.6,796.81,10826.544
2026-08-28 13:00:00,796.8,798.89,794.68,796.55,7078.368
2026-08-28 13:15:00,796.55,798.6,793.69,793.99,9419.847
2026-08-28 13:30:00,794.02,797.69,791.26,791.93,10579.232
2026-08-28 13:45:00,791.93,799.57,790.91,795.59,11786.426
2026-08-28 14:00:00,795.59,802.42,775.14,784.08,75855.19
2026-08-28 14:15:00,784.09,793.44,780.82,792.95,31973.573
2026-08-28 14:30:00,792.85,815.2,789.65,813.17,70488.794
2026-08-28 14:45:00,813.18,817.22,805.67,811.27,31449.13
2026-08-28 15:00:00,811.27,815.87,802.63,804.16,26361.652
2026-08-28 15:15:00,804.16,815.46,803.12,808.66,25354.204
2026-08-28 15:30:00,808.66,813.55,801.96,803.14,28978.045
2026-08-28 15:45:00,803.14,808.88,802.01,805.86,31364.297
2026-08-28 16:00:00,805.89,812.58,789.21,789.62,86719.732
2026-08-28 16:15:00,789.63,794.42,776.37,790.85,97281.536
2026-08-28 16:30:00,790.85,802.03,789.36,797.51,37928.217
2026-08-28 16:45:00,797.52,810.69,797.37,798.19,41678.359
2026-08-28 17:00:00,798.17,804.91,794.0,804.69,30446.265
2026-08-28 17:15:00,804.69,804.83,791.05,794.52,18538.597
2026-08-28 17:30:00,794.5,794.89,786.5,790.9,19630.758
2026-08-28 17:45:00,790.88,795.64,788.81,792.9,14342.707
2026-08-28 18:00:00,792.89,794.43,787.05,787.73,10445.367
2026-08-28 18:15:00,787.72,789.13,782.45,784.74,16411.59
2026-08-28 18:30:00,784.74,785.66,782.06,783.55,10134.607
2026-08-28 18:45:00,783.55,789.69,780.47,789.68,24471.625
2026-08-28 19:00:00,789.69,798.4,788.04,796.3,19617.237
2026-08-28 19:15:00,796.31,798.23,793.14,796.51,9223.488
2026-08-28 19:30:00,796.51,800.27,795.71,798.38,11036.829
2026-08-28 19:45:00,798.37,800.44,792.38,796.73,17005.356
2026-08-28 20:00:00,796.73,802.85,791.59,792.88,27037.652
2026-08-28 20:15:00,792.87,795.73,792.45,794.04,4430.929
2026-08-28 20:30:00,794.03,796.44,790.06,795.01,7355.409
2026-08-28 20:45:00,795.01,799.78,794.27,796.55,9409.668
2026-08-28 21:00:00,796.55,797.66,793.19,794.23,5856.472
2026-08-28 21:15:00,794.23,797.25,791.64,797.08,4667.442
2026-08-28 21:30:00,797.08,800.84,794.8,795.36,7477.75
2026-08-28 21:45:00,795.36,795.59,790.68,794.18,6402.366
2026-08-28 22:00:00,794.17,799.08,790.55,798.55,8242.541
2026-08-28 22:15:00,798.56,799.53,795.55,798.47,7453.929
2026-08-28 22:30:00,798.47,799.8,796.01,799.59,6574.87
2026-08-28 22:45:00,799.59,801.99,798.88,801.47,8030.081
2026-08-28 23:00:00,801.47,803.0,798.72,801.54,9283.693
2026-08-28 23:15:00,801.54,806.9,798.72,804.67,11685.591
2026-08-28 23:30:00,804.69,805.13,802.19,803.34,4126.942
2026-08-28 23:45:00,803.33,803.34,799.57,800.37,5515.29
2026-08-29 00:00:00,800.37,806.31,799.8,804.48,8343.945
2026-08-29 00:15:00,804.49,806.87,803.79,806.04,5753.455
2026-08-29 00:30:00,806.03,807.29,803.0,803.37,7118.137
2026-08-29 00:45:00,803.36,803.37,799.04,799.24,7728.76
2026-08-29 01:00:00,799.23,799.35,795.33,796.9,13252.586
2026-08-29 01:15:00,796.91,806.08,796.91,804.77,9666.501
2026-08-29 01:30:00,804.76,807.48,803.89,804.95,10626.386
2026-08-29 01:45:00,804.94,806.96,802.91,804.62,6201.275
2026-08-29 02:00:00,804.62,806.89,802.14,802.46,7015.255
2026-08-29 02:15:00,802.5,804.23,798.96,801.43,8794.624
2026-08-29 02:30:00,801.42,804.04,799.68,801.83,4636.462
2026-08-29 02:45:00,801.83,810.9,801.58,807.84,10984.091
2026-08-29 03:00:00,807.84,809.22,806.18,806.48,8120.889
2026-08-29 03:15:00,806.49,807.85,805.06,805.37,5433.146
2026-08-29 03:30:00,805.37,806.53,803.07,803.63,8277.671
2026-08-29 03:45:00,803.63,804.74,798.14,798.57,9201.264
2026-08-29 04:00:00,798.56,800.58,793.71,798.27,17232.986
2026-08-29 04:15:00,798.27,800.31,797.35,798.48,4412.789
2026-08-29 04:30:00,798.49,799.07,794.57,796.18,9725.185
2026-08-29 04:45:00,796.18,801.29,795.35,800.27,8508.233
2026-08-29 05:00:00,800.27,802.27,798.1,800.73,6292.586
2026-08-29 05:15:00,800.74,801.29,796.66,799.04,4332.026
2026-08-29 05:30:00,799.03,802.94,797.84,801.57,9969.562
2026-08-29 05:45:00,801.58,802.22,799.15,800.29,3555.074
2026-08-29 06:00:00,800.29,800.46,794.33,794.73,6981.249
2026-08-29 06:15:00,794.74,797.28,791.98,794.95,15590.783
2026-08-29 06:30:00,794.95,796.85,793.63,794.08,4502.698
2026-08-29 06:45:00,794.09,795.84,793.27,793.93,4570.142
2026-08-29 07:00:00,793.96,797.86,793.92,794.61,6679.946
2026-08-29 07:15:00,794.6,795.58,792.44,792.88,6536.322
2026-08-29 07:30:00,792.87,795.0,790.01,792.98,12187.732
2026-08-29 07:45:00,792.98,795.35,792.01,792.37,6179.534
2026-08-29 08:00:00,792.37,794.2,790.25,792.12,9453.999
2026-08-29 08:15:00,792.12,793.13,790.5,791.84,3761.082
2026-08-29 08:30:00,791.85,792.12,789.0,790.67,7864.364
2026-08-29 08:45:00,790.67,792.98,788.96,792.54,6035.052
2026-08-29 09:00:00,792.54,794.73,789.72,794.24,7558.773
2026-08-29 09:15:00,794.24,794.66,792.25,793.24,4134.397
2026-08-29 09:30:00,793.24,798.3,792.01,796.84,10106.815
2026-08-29 09:45:00,796.84,799.53,794.88,797.45,8572.28
2026-08-29 10:00:00,797.45,799.0,793.97,799.0,8354.121
2026-08-29 10:15:00,799.0,806.44,798.89,805.78,23162.325
2026-08-29 10:30:00,805.78,806.02,801.65,803.05,13716.583
2026-08-29 10:45:00,803.06,809.64,802.0,804.52,21403.411
2026-08-29 11:00:00,804.52,807.1,803.27,806.83,9415.737
2026-08-29 11:15:00,806.83,810.81,805.35,806.66,17548.144
2026-08-29 11:30:00,806.66,808.31,804.82,805.45,6409.004
2026-08-29 11:45:00,805.45,806.5,803.67,804.43,7220.703
2026-08-29 12:00:00,804.44,810.07,803.5,809.69,9839.441
2026-08-29 12:15:00,809.69,815.0,807.76,809.01,27561.642
2026-08-29 12:30:00,808.99,810.98,806.85,808.9,7139.733
2026-08-29 12:45:00,808.9,809.45,805.92,806.57,7610.87
2026-08-29 13:00:00,806.58,810.68,805.3,810.17,9567.077
2026-08-29 13:15:00,810.17,812.13,809.58,810.18,8675.931
2026-08-29 13:30:00,810.19,811.03,807.9,809.27,9032.95
2026-08-29 13:45:00,809.27,812.62,808.65,810.33,6521.66
2026-08-29 14:00:00,810.32,813.79,809.95,813.22,11151.947
2026-08-29 14:15:00,813.21,816.43,810.72,815.74,21169.049
2026-08-29 14:30:00,815.73,822.87,814.51,819.61,44775.315
2026-08-29 14:45:00,819.61,852.72,819.55,839.41,106234.62
2026-08-29 15:00:00,839.41,840.15,832.39,837.13,37081.468
2026-08-29 15:15:00,837.12,839.5,833.96,834.97,15614.102
2026-08-29 15:30:00,834.96,838.05,833.0,836.15,11854.336
2026-08-29 15:45:00,836.15,837.28,831.04,834.42,13563.961
2026-08-29 16:00:00,834.42,836.0,831.46,835.99,18966.197
2026-08-29 16:15:00,835.99,839.04,833.76,835.41,14513.976
2026-08-29 16:30:00,835.41,839.52,833.36,839.27,13929.0
2026-08-29 16:45:00,839.26,843.6,831.53,834.82,27448.998
2026-08-29 17:00:00,834.82,837.6,833.97,835.98,11153.675
2026-08-29 17:15:00,836.03,836.82,824.13,827.93,15149.204
2026-08-29 17:30:00,827.95,835.72,826.94,834.27,15675.109
2026-08-29 17:45:00,834.26,837.33,833.63,836.17,6571.52
2026-08-29 18:00:00,836.21,837.88,832.76,834.08,8886.532
2026-08-29 18:15:00,834.08,835.68,829.05,833.8,9834.256
2026-08-29 18:30:00,833.79,842.69,832.79,838.23,17654.865
2026-08-29 18:45:00,838.22,840.37,833.42,833.89,10984.56
2026-08-29 19:00:00,833.88,837.01,833.65,836.89,6425.454
2026-08-29 19:15:00,836.89,837.28,834.13,836.45,3424.045
2026-08-29 19:30:00,836.44,836.76,828.55,831.2,15654.393
2026-08-29 19:45:00,831.2,832.97,829.1,832.97,6686.346
2026-08-29 20:00:00,832.96,836.5,832.41,835.28,7826.839
2026-08-29 20:15:00,835.28,837.96,833.58,834.3,5322.803
2026-08-29 20:30:00,834.3,835.14,831.57,834.62,5941.101
2026-08-29 20:45:00,834.62,838.26,833.04,837.65,4877.358
2026-08-29 21:00:00,837.65,841.69,836.27,839.87,11180.614
2026-08-29 21:15:00,839.87,842.7,837.42,837.85,7592.893
2026-08-29 21:30:00,837.85,839.77,836.3,836.63,4021.994
2026-08-29 21:45:00,836.64,840.47,836.64,837.75,3594.942
2026-08-29 22:00:00,837.72,840.95,836.26,836.78,7026.925
2026-08-29 22:15:00,836.78,838.37,834.65,837.92,6735.562
2026-08-29 22:30:00,837.93,840.79,837.47,839.65,5238.686
2026-08-29 22:45:00,839.65,841.2,838.53,839.87,2885.579
2026-08-29 23:00:00,839.87,843.84,837.54,839.1,14006.42
2026-08-29 23:15:00,839.11,841.17,837.89,840.53,5052.27
2026-08-29 23:30:00,840.53,844.99,840.35,842.15,10086.455
2026-08-29 23:45:00,842.15,844.5,841.02,841.24,5727.842
2026-08-30 00:00:00,841.23,841.59,837.14,840.26,7824.893
2026-08-30 00:15:00,840.25,843.57,838.82,839.97,6750.433
2026-08-30 00:30:00,839.97,842.76,834.16,836.44,10496.888
2026-08-30 00:45:00,836.44,838.92,834.95,836.47,7254.338
2026-08-30 01:00:00,836.47,838.97,834.38,835.61,9220.426
2026-08-30 01:15:00,835.61,837.92,831.25,831.76,9642.817
2026-08-30 01:30:00,831.77,835.0,830.72,831.79,9162.648
2026-08-30 01:45:00,831.79,834.91,829.99,831.8,11104.058
2026-08-30 02:00:00,831.74,834.81,829.41,830.36,10891.882
2026-08-30 02:15:00,830.35,834.14,829.34,832.1,7788.75
2026-08-30 02:30:00,832.1,834.75,831.0,832.82,4832.626
2026-08-30 02:45:00,832.81,835.4,831.12,831.36,6332.389
2026-08-30 03:00:00,831.35,833.08,830.42,832.18,4693.958
2026-08-30 03:15:00,832.18,833.98,830.52,833.61,3969.53
2026-08-30 03:30:00,833.62,834.55,831.48,832.85,7108.02
2026-08-30 03:45:00,832.85,833.0,830.66,831.03,3671.005
2026-08-30 04:00:00,831.03,832.46,824.12,825.47,15482.774
2026-08-30 04:15:00,825.47,829.13,825.47,827.97,10211.489
2026-08-30 04:30:00,827.97,828.99,824.85,827.32,11522.141
2026-08-30 04:45:00,827.31,830.21,826.57,830.07,8254.345
2026-08-30 05:00:00,830.07,831.56,828.33,828.56,6124.781
2026-08-30 05:15:00,828.56,828.8,827.6,828.66,2242.805
2026-08-30 05:30:00,828.66,830.0,827.92,828.3,2585.043
2026-08-30 05:45:00,828.3,831.69,828.02,831.46,6797.967
2026-08-30 06:00:00,831.45,832.78,830.16,832.26,4291.186
2026-08-30 06:15:00,832.25,834.85,831.44,834.6,6721.741
2026-08-30 06:30:00,834.6,839.5,834.11,837.38,13342.508
2026-08-30 06:45:00,837.38,839.28,836.31,837.51,5053.964
2026-08-30 07:00:00,837.52,837.57,836.04,836.72,4791.241
2026-08-30 07:15:00,836.72,839.24,836.02,838.42,6787.209
2026-08-30 07:30:00,838.42,838.57,833.54,834.49,7084.812
2026-08-30 07:45:00,834.48,838.26,832.12,835.64,11950.731
2026-08-30 08:00:00,835.64,836.7,832.26,832.87,6331.671
2026-08-30 08:15:00,832.86,834.95,832.6,833.92,3616.187
2026-08-30 08:30:00,833.92,834.87,832.28,832.81,3517.466
2026-08-30 08:45:00,832.81,836.25,832.0,835.65,4769.488
2026-08-30 09:00:00,835.65,838.25,834.96,837.89,6626.94
2026-08-30 09:15:00,837.88,838.77,834.19,834.52,8417.979
2026-08-30 09:30:00,834.52,836.2,833.12,836.11,5493.866
2026-08-30 09:45:00,836.11,836.96,833.53,834.99,3706.885
2026-08-30 10:00:00,834.98,838.74,833.66,835.98,7259.175
2026-08-30 10:15:00,835.98,838.51,835.09,837.06,6485.551
2026-08-30 10:30:00,837.04,839.84,836.45,838.53,6235.596
2026-08-30 10:45:00,838.53,842.0,837.95,840.86,10264.641
2026-08-30 11:00:00,840.87,841.5,838.84,839.69,6643.985
2026-08-30 11:15:00,839.7,839.71,837.51,839.28,4580.026
2026-08-30 11:30:00,839.28,841.7,837.78,839.61,8083.507
2026-08-30 11:45:00,839.6,843.49,836.32,840.12,16464.713
2026-08-30 12:00:00,840.11,847.99,838.38,844.65,22717.912
2026-08-30 12:15:00,844.66,846.37,841.51,845.89,11489.188
2026-08-30 12:30:00,845.9,849.97,843.04,845.73,19055.504
2026-08-30 12:45:00,845.73,848.95,843.34,848.29,14762.608
2026-08-30 13:00:00,848.27,854.99,842.92,843.5,44092.89
2026-08-30 13:15:00,843.49,846.72,842.19,843.82,13163.075
2026-08-30 13:30:00,843.83,846.89,843.57,845.79,8089.527
2026-08-30 13:45:00,845.78,852.5,845.3,850.38,19284.466
2026-08-30 14:00:00,850.38,854.37,846.75,852.66,19596.854
2026-08-30 14:15:00,852.66,852.82,846.51,851.38,15012.769
2026-08-30 14:30:00,851.38,853.45,848.24,849.23,11361.339
2026-08-30 14:45:00,849.23,853.28,848.31,849.71,10227.316
2026-08-30 15:00:00,849.72,865.99,848.22,853.13,50109.508
2026-08-30 15:15:00,853.12,858.9,852.37,857.93,20394.994
2026-08-30 15:30:00,857.93,875.0,857.93,866.41,82769.013
2026-08-30 15:45:00,866.42,868.66,863.6,866.15,18516.587
2026-08-30 16:00:00,866.15,870.97,862.55,869.14,28665.924
2026-08-30 16:15:00,869.13,876.77,865.04,868.44,37761.127
2026-08-30 16:30:00,868.45,875.88,868.26,871.9,22815.749
2026-08-30 16:45:00,871.89,888.65,871.61,887.25,89327.814
2026-08-30 17:00:00,887.24,888.43,875.47,876.5,38084.213
2026-08-30 17:15:00,876.5,876.5,864.64,868.66,45858.385
2026-08-30 17:30:00,868.66,873.93,868.06,873.93,18580.228
2026-08-30 17:45:00,873.93,874.77,869.72,873.21,13555.223
2026-08-30 18:00:00,873.21,874.28,865.4,869.61,17097.749
2026-08-30 18:15:00,869.61,872.38,865.64,868.73,13912.624
2026-08-30 18:30:00,868.73,872.8,868.58,870.67,10533.529
2026-08-30 18:45:00,870.67,871.24,868.02,869.3,5698.877
2026-08-30 19:00:00,869.31,871.41,865.48,870.66,9432.599
2026-08-30 19:15:00,870.67,871.41,863.95,866.9,12795.362
2026-08-30 19:30:00,866.91,868.05,860.47,862.2,12986.373
2026-08-30 19:45:00,862.19,864.58,860.36,864.28,11584.942
2026-08-30 20:00:00,864.28,868.33,861.92,865.61,10428.64
2026-08-30 20:15:00,865.61,867.92,863.55,863.6,6913.879
2026-08-30 20:30:00,863.59,863.81,850.57,851.79,30422.204
2026-08-30 20:45:00,851.79,857.52,851.68,853.02,15451.036
2026-08-30 21:00:00,853.03,859.24,843.43,858.61,41049.655
2026-08-30 21:15:00,858.61,861.2,856.3,858.39,9273.807
2026-08-30 21:30:00,858.4,877.16,858.04,870.09,53356.362
2026-08-30 21:45:00,870.09,874.65,867.96,873.06,10923.825
2026-08-30 22:00:00,873.08,879.99,870.05,870.43,25281.375
2026-08-30 22:15:00,870.44,870.59,857.66,861.03,27360.273
2026-08-30 22:30:00,861.03,864.37,856.81,863.16,16592.595
2026-08-30 22:45:00,863.16,863.97,857.68,861.44,15859.262
2026-08-30 23:00:00,861.44,863.0,858.58,859.2,10020.028
2026-08-30 23:15:00,859.2,862.46,842.66,843.02,35201.153
2026-08-30 23:30:00,842.98,847.31,829.35,838.37,79301.616
2026-08-30 23:45:00,838.36,838.37,818.0,834.63,80276.456
2026-08-31 00:00:00,834.63,839.6,828.16,830.45,32289.524
2026-08-31 00:15:00,830.45,840.93,828.72,835.2,26535.9
2026-08-31 00:30:00,835.18,841.79,833.54,838.09,15221.815
2026-08-31 00:45:00,838.09,838.09,833.9,834.7,7322.902
2026-08-31 01:00:00,834.69,835.74,825.21,830.52,21863.917
2026-08-31 01:15:00,830.53,838.79,828.42,835.71,15508.654
2026-08-31 01:30:00,835.72,836.03,829.19,830.12,12505.423
2026-08-31 01:45:00,830.12,832.95,820.09,822.48,18906.219
2026-08-31 02:00:00,822.42,833.21,820.09,831.24,21099.469
2026-08-31 02:15:00,831.22,833.0,826.54,827.63,9171.954
2026-08-31 02:30:00,827.63,829.28,823.05,823.19,8708.645
2026-08-31 02:45:00,823.2,823.89,805.36,809.45,68383.29
2026-08-31 03:00:00,809.45,817.9,807.0,816.56,26137.526
2026-08-31 03:15:00,816.56,818.08,813.25,816.29,12543.728
2026-08-31 03:30:00,816.28,821.34,813.97,820.89,14932.673
2026-08-31 03:45:00,820.9,821.92,817.8,819.8,9577.558
2026-08-31 04:00:00,819.81,820.49,814.0,817.06,10488.968
2026-08-31 04:15:00,817.06,817.83,814.0,814.79,9632.265
2026-08-31 04:30:00,814.8,818.96,813.5,818.01,10304.373
2026-08-31 04:45:00,818.01,819.96,814.68,819.24,12140.349
2026-08-31 05:00:00,819.24,825.77,816.66,823.04,15625.032
2026-08-31 05:15:00,823.03,832.52,821.46,827.61,26462.461
2026-08-31 05:30:00,827.61,830.64,826.93,828.63,11875.015
2026-08-31 05:45:00,828.62,830.95,827.51,828.89,8629.951
2026-08-31 06:00:00,828.9,832.45,827.0,830.21,11690.321
2026-08-31 06:15:00,830.2,834.4,828.47,829.91,14191.023
2026-08-31 06:30:00,829.91,829.96,824.12,824.3,20685.738
2026-08-31 06:45:00,824.31,825.67,822.08,824.18,10967.26
2026-08-31 07:00:00,824.17,826.7,822.99,825.86,8250.252
2026-08-31 07:15:00,825.85,829.22,824.72,826.5,10103.129
2026-08-31 07:30:00,826.5,826.52,822.49,825.56,6061.599
2026-08-31 07:45:00,825.57,826.39,824.56,825.31,3512.8
2026-08-31 08:00:00,825.32,832.69,820.33,828.51,22302.804
2026-08-31 08:15:00,828.5,829.68,824.95,827.84,8582.6
2026-08-31 08:30:00,827.83,833.66,827.82,831.65,11078.047
2026-08-31 08:45:00,831.65,834.69,830.42,831.87,11185.016
2026-08-31 09:00:00,831.87,834.74,828.54,829.96,12151.921
2026-08-31 09:15:00,829.95,831.5,827.42,827.66,9907.407
2026-08-31 09:30:00,827.66,830.29,826.56,828.54,9463.362
2026-08-31 09:45:00,828.55,830.6,826.0,826.81,7271.138
2026-08-31 10:00:00,826.82,827.79,822.24,827.54,10537.651
2026-08-31 10:15:00,827.55,831.65,823.31,829.06,16709.078
2026-08-31 10:30:00,829.07,833.16,827.97,832.9,7600.433
2026-08-31 10:45:00,832.89,840.85,830.76,834.81,25424.578
2026-08-31 11:00:00,834.8,842.84,833.77,839.53,18111.427
2026-08-31 11:15:00,839.52,840.85,837.12,837.59,14198.964
2026-08-31 11:30:00,837.59,837.97,834.52,836.59,12857.881
2026-08-31 11:45:00,836.6,838.7,835.38,837.49,9495.684
2026-08-31 12:00:00,837.5,846.4,836.0,842.42,23574.912
2026-08-31 12:15:00,842.41,842.62,832.02,835.71,19218.201
2026-08-31 12:30:00,835.71,835.87,819.89,823.88,43259.821
2026-08-31 12:45:00,823.89,824.49,820.04,821.64,21652.767
2026-08-31 13:00:00,821.65,827.68,820.82,824.22,16883.725
2026-08-31 13:15:00,824.22,827.64,821.12,824.19,16053.466
2026-08-31 13:30:00,824.19,828.02,820.57,822.04,20274.916
2026-08-31 13:45:00,822.04,822.33,816.52,818.64,24511.624
2026-08-31 14:00:00,818.65,824.51,817.61,821.04,16082.79
2026-08-31 14:15:00,821.03,826.18,820.11,825.66,11512.197
2026-08-31 14:30:00,825.67,838.6,822.8,835.18,36502.848
2026-08-31 14:45:00,835.18,837.74,827.02,833.37,32247.388
2026-08-31 15:00:00,833.38,835.28,829.63,830.27,15696.225
2026-08-31 15:15:00,830.31,838.59,829.38,837.68,14998.558
2026-08-31 15:30:00,837.67,844.99,835.56,841.55,24547.525
2026-08-31 15:45:00,841.55,844.84,839.5,842.07,19774.705
2026-08-31 16:00:00,842.06,844.01,838.01,843.07,16406.95
2026-08-31 16:15:00,843.06,843.44,836.49,838.14,18705.837
2026-08-31 16:30:00,838.14,843.78,837.16,843.23,12703.839
2026-08-31 16:45:00,843.24,845.0,838.37,838.4,10220.537
2026-08-31 17:00:00,838.4,841.32,837.16,839.69,11994.322
2026-08-31 17:15:00,839.7,840.98,829.66,832.81,21177.355
2026-08-31 17:30:00,832.83,846.6,832.83,842.97,22608.115
2026-08-31 17:45:00,842.98,852.08,842.67,849.79,29771.947
2026-08-31 18:00:00,849.83,860.61,847.05,860.33,34721.099
2026-08-31 18:15:00,860.41,870.76,856.77,859.85,71149.026
2026-08-31 18:30:00,859.86,864.73,855.62,861.85,20795.403
2026-08-31 18:45:00,861.88,867.13,859.11,863.3,19897.472
2026-08-31 19:00:00,863.31,870.43,863.13,866.84,23058.522
2026-08-31 19:15:00,866.85,868.53,860.15,862.03,21609.992
2026-08-31 19:30:00,862.04,863.84,856.93,860.29,17624.81
2026-08-31 19:45:00,860.29,862.96,855.84,856.91,12108.764
2026-08-31 20:00:00,856.92,859.76,856.07,858.08,7991.257
2026-08-31 20:15:00,858.08,861.77,851.01,852.84,18113.399
2026-08-31 20:30:00,852.84,855.76,850.38,853.74,11349.516
2026-08-31 20:45:00,853.74,860.27,853.48,855.45,14413.408
2026-08-31 21:00:00,855.45,861.71,851.41,852.28,16723.243
2026-08-31 21:15:00,852.27,860.19,849.39,858.05,11543.504
2026-08-31 21:30:00,858.06,861.38,854.65,857.26,11093.834
2026-08-31 21:45:00,857.23,859.26,853.15,854.3,7004.985
2026-08-31 22:00:00,854.3,855.17,847.52,849.53,12338.628
2026-08-31 22:15:00,849.54,850.36,845.65,848.98,8416.651
2026-08-31 22:30:00,848.98,850.67,845.71,846.22,7047.447
2026-08-31 22:45:00,846.22,848.79,846.22,848.47,5953.872
2026-08-31 23:00:00,848.46,848.52,845.04,845.18,5604.631
2026-08-31 23:15:00,845.18,848.37,843.82,847.81,7145.12
2026-08-31 23:30:00,847.8,848.48,845.82,846.65,3619.743
2026-08-31 23:45:00,846.65,849.37,846.42,847.71,4258.3
2026-09-01 00:00:00,847.71,853.88,846.78,853.11,10646.083
2026-09-01 00:15:00,853.11,859.45,852.91,856.91,12690.731
2026-09-01 00:30:00,856.91,858.14,854.0,855.46,11989.329
2026-09-01 00:45:00,855.45,860.0,853.74,856.46,10290.662
2026-09-01 01:00:00,856.46,860.0,852.29,853.47,9916.854
2026-09-01 01:15:00,853.46,855.79,851.01,852.38,7960.496
2026-09-01 01:30:00,852.38,856.59,850.2,856.37,10802.538
2026-09-01 01:45:00,856.37,857.25,852.39,853.51,5298.864
2026-09-01 02:00:00,853.51,853.77,846.01,849.1,10974.8
2026-09-01 02:15:00,849.1,852.26,847.3,848.04,8791.305
2026-09-01 02:30:00,848.04,850.48,847.31,848.63,4292.647
2026-09-01 02:45:00,848.63,852.78,847.8,850.8,4269.372
2026-09-01 03:00:00,850.8,854.73,850.16,853.41,7148.155
2026-09-01 03:15:00,853.4,854.78,850.74,853.95,5342.24
2026-09-01 03:30:00,853.96,862.96,853.76,858.5,22671.277
2026-09-01 03:45:00,858.5,859.0,855.53,856.54,5970.735
2026-09-01 04:00:00,856.54,858.36,854.89,855.3,5579.9
2026-09-01 04:15:00,855.31,857.8,852.14,852.94,6955.093
2026-09-01 04:30:00,852.94,853.49,849.49,850.49,6854.76
2026-09-01 04:45:00,850.49,852.48,847.49,852.14,11001.108
2026-09-01 05:00:00,852.13,857.38,852.09,854.83,8671.617
2026-09-01 05:15:00,854.84,864.99,853.43,859.9,23901.081
2026-09-01 05:30:00,859.89,871.0,858.24,865.02,31890.083
2026-09-01 05:45:00,865.03,866.21,863.17,864.2,10018.782
2026-09-01 06:00:00,864.18,864.4,860.21,862.83,8938.425
2026-09-01 06:15:00,862.82,864.9,858.2,861.47,10602.911
2026-09-01 06:30:00,861.47,862.46,858.9,861.07,7400.411
2026-09-01 06:45:00,861.07,862.12,858.46,858.55,4690.532
2026-09-01 07:00:00,858.55,860.47,851.4,854.2,24703.176
2026-09-01 07:15:00,854.19,858.64,854.18,855.46,9270.504
2026-09-01 07:30:00,855.46,856.07,851.1,853.53,11818.151
2026-09-01 07:45:00,853.53,853.96,850.88,851.76,6652.599
2026-09-01 08:00:00,851.77,855.62,848.33,848.72,21306.183
2026-09-01 08:15:00,848.72,849.93,835.86,837.96,46525.426
2026-09-01 08:30:00,838.0,846.57,837.38,844.6,25339.569
2026-09-01 08:45:00,844.54,846.89,842.72,844.11,10631.223
2026-09-01 09:00:00,844.12,845.13,838.0,838.74,15946.566
2026-09-01 09:15:00,838.73,843.65,838.46,841.12,13297.534
2026-09-01 09:30:00,841.11,842.89,840.18,842.63,6801.645
2026-09-01 09:45:00,842.63,842.88,839.72,840.51,6001.894
2026-09-01 10:00:00,840.51,843.65,840.31,840.72,9645.094
2026-09-01 10:15:00,840.72,844.97,837.57,842.58,13148.518
2026-09-01 10:30:00,842.58,849.16,842.11,845.43,16689.678
2026-09-01 10:45:00,845.42,846.99,841.17,843.86,11205.913
2026-09-01 11:00:00,843.86,843.86,840.0,842.0,9039.966
2026-09-01 11:15:00,842.01,846.59,841.7,846.25,5525.058
2026-09-01 11:30:00,846.24,862.37,845.0,856.56,58808.401
2026-09-01 11:45:00,856.55,865.1,855.41,857.82,34848.7
2026-09-01 12:00:00,857.83,859.0,855.05,857.37,15438.149
2026-09-01 12:15:00,857.36,862.18,854.05,856.59,18831.544
2026-09-01 12:30:00,856.59,857.31,842.39,849.12,38162.81
2026-09-01 12:45:00,849.11,852.16,846.27,846.83,14109.236
2026-09-01 13:00:00,846.8,848.2,840.5,847.23,20033.917
2026-09-01 13:15:00,847.25,849.32,844.91,846.64,10620.747
2026-09-01 13:30:00,846.64,850.88,840.71,848.48,26789.766
2026-09-01 13:45:00,848.47,860.13,848.02,852.67,31688.214
2026-09-01 14:00:00,852.67,864.44,851.73,857.66,32096.47
2026-09-01 14:15:00,857.65,859.98,853.24,854.46,16611.335
2026-09-01 14:30:00,854.47,858.0,852.69,857.88,8084.545
2026-09-01 14:45:00,857.88,862.0,852.52,853.57,16917.405
2026-09-01 15:00:00,853.57,854.08,844.56,846.69,26843.908
2026-09-01 15:15:00,846.68,854.0,844.67,854.0,16864.425
2026-09-01 15:30:00,854.0,857.44,851.54,856.82,12262.968
2026-09-01 15:45:00,856.81,858.84,852.21,853.44,13730.116
2026-09-01 16:00:00,853.44,855.53,845.97,846.64,17617.274
2026-09-01 16:15:00,846.63,849.46,833.0,840.35,47239.22
2026-09-01 16:30:00,840.34,842.63,831.75,834.49,44907.924
2026-09-01 16:45:00,834.49,840.96,834.1,837.84,16834.662
2026-09-01 17:00:00,837.85,839.72,835.58,835.7,11126.798
2026-09-01 17:15:00,835.7,838.99,833.63,836.38,10585.312
2026-09-01 17:30:00,836.37,840.23,835.75,836.27,12175.28
2026-09-01 17:45:00,836.27,837.75,827.52,828.55,21044.764
2026-09-01 18:00:00,828.55,831.96,822.17,825.03,35462.386
2026-09-01 18:15:00,825.03,826.25,818.02,823.99,36511.442
2026-09-01 18:30:00,823.98,826.76,817.46,820.25,22800.901
2026-09-01 18:45:00,820.25,831.81,818.75,828.89,31782.707
2026-09-01 19:00:00,828.88,831.05,825.24,826.36,15060.13
2026-09-01 19:15:00,826.36,833.2,825.32,831.7,15630.759
2026-09-01 19:30:00,831.7,834.47,828.71,831.19,7691.766
2026-09-01 19:45:00,831.18,831.93,827.88,830.95,12066.297
2026-09-01 20:00:00,830.96,831.5,825.33,829.53,10198.767
2026-09-01 20:15:00,829.53,829.99,822.17,825.21,14019.94
2026-09-01 20:30:00,825.21,828.43,822.64,823.3,9846.124
2026-09-01 20:45:00,823.29,827.26,821.3,826.47,10537.058
2026-09-01 21:00:00,826.47,827.04,818.89,819.99,14431.697
2026-09-01 21:15:00,819.99,825.14,817.02,823.97,12510.407
2026-09-01 21:30:00,823.97,823.97,818.65,821.11,6313.522
2026-09-01 21:45:00,821.12,824.75,821.1,822.52,3349.991
2026-09-01 22:00:00,822.53,825.69,821.61,824.81,6798.534
2026-09-01 22:15:00,824.8,825.71,822.61,823.08,6292.538
2026-09-01 22:30:00,823.1,826.94,823.01,825.56,6801.381
2026-09-01 22:45:00,825.57,829.35,825.57,827.15,7347.744
2026-09-01 23:00:00,827.15,829.47,826.32,826.38,5067.645
2026-09-01 23:15:00,826.38,828.63,824.8,828.5,3680.418
2026-09-01 23:30:00,828.5,831.49,828.09,830.68,9101.095
2026-09-01 23:45:00,830.68,832.32,828.89,829.6,5850.05
2026-09-02 00:00:00,829.61,833.62,829.61,832.09,7038.195
2026-09-02 00:15:00,832.1,833.83,829.34,829.42,6213.633
2026-09-02 00:30:00,829.42,831.31,825.19,825.9,8489.456
2026-09-02 00:45:00,825.92,831.41,825.87,829.9,6068.691
2026-09-02 01:00:00,829.89,832.09,825.88,829.84,6726.136
2026-09-02 01:15:00,829.84,830.65,825.8,826.0,5573.046
2026-09-02 01:30:00,826.01,828.57,821.51,822.35,12360.681
2026-09-02 01:45:00,822.31,823.17,818.5,821.18,17034.73
2026-09-02 02:00:00,821.17,826.88,818.11,824.42,15437.669
2026-09-02 02:15:00,824.41,833.45,824.14,832.78,15571.649
2026-09-02 02:30:00,832.78,834.04,829.98,830.97,13393.145
2026-09-02 02:45:00,830.97,833.32,830.45,832.35,7872.049
2026-09-02 03:00:00,832.36,839.09,832.17,836.96,16138.826
2026-09-02 03:15:00,836.95,842.0,835.99,838.49,12474.935
2026-09-02 03:30:00,838.48,840.33,836.49,839.92,8559.715
2026-09-02 03:45:00,839.92,841.87,838.17,839.52,7040.356
2026-09-02 04:00:00,839.53,839.61,831.78,834.02,13736.467
2026-09-02 04:15:00,834.01,836.14,831.97,835.15,6046.657
2026-09-02 04:30:00,835.16,838.08,834.72,837.48,5487.096
2026-09-02 04:45:00,837.48,839.14,836.24,837.62,4761.59
2026-09-02 05:00:00,837.63,839.27,835.18,838.41,5552.059
2026-09-02 05:15:00,838.41,841.67,838.08,839.25,7229.608
2026-09-02 05:30:00,839.24,839.58,834.44,837.17,8354.988
2026-09-02 05:45:00,837.17,838.64,834.82,835.27,5976.785
2026-09-02 06:00:00,835.28,836.44,831.68,832.34,14621.039
2026-09-02 06:15:00,832.34,836.32,828.44,834.27,15235.993
2026-09-02 06:30:00,834.27,838.63,832.64,836.95,6536.332
2026-09-02 06:45:00,836.96,838.84,833.56,835.49,3933.497
2026-09-02 07:00:00,835.5,839.59,835.13,839.23,7740.409
2026-09-02 07:15:00,839.24,839.24,834.55,834.74,6251.631
2026-09-02 07:30:00,834.74,836.25,834.2,834.2,3296.452
2026-09-02 07:45:00,834.2,836.08,832.62,833.7,3964.377
2026-09-02 08:00:00,833.7,834.42,830.0,830.19,6203.834
2026-09-02 08:15:00,830.2,833.08,830.08,830.46,6115.2
2026-09-02 08:30:00,830.4,830.4,822.16,822.55,13563.39
2026-09-02 08:45:00,822.55,824.69,817.51,820.74,26568.98
2026-09-02 09:00:00,820.73,828.33,820.35,823.95,17846.768
2026-09-02 09:15:00,823.95,824.88,818.9,823.11,11024.978
2026-09-02 09:30:00,823.12,823.61,802.37,806.55,72739.279
2026-09-02 09:45:00,806.54,810.61,805.01,809.87,22585.924
2026-09-02 10:00:00,809.88,810.32,801.91,804.34,23105.363
2026-09-02 10:15:00,804.35,806.28,803.2,804.23,9033.452
2026-09-02 10:30:00,804.21,806.33,801.91,805.55,13458.234
2026-09-02 10:45:00,805.57,806.02,791.59,801.32,51613.227
2026-09-02 11:00:00,801.32,801.38,792.36,794.92,18548.749
2026-09-02 11:15:00,794.92,795.37,787.96,790.36,26678.163
2026-09-02 11:30:00,790.35,795.64,788.41,793.49,26440.229
2026-09-02 11:45:00,793.48,799.2,792.48,798.64,19916.393
2026-09-02 12:00:00,798.63,801.56,793.04,794.11,19107.65
2026-09-02 12:15:00,794.1,804.75,792.29,802.83,27021.096
2026-09-02 12:30:00,802.82,803.73,798.08,800.09,13749.282
2026-09-02 12:45:00,800.08,800.08,793.45,794.64,12618.168
2026-09-02 13:00:00,794.65,801.19,794.65,798.15,8844.017
2026-09-02 13:15:00,798.16,803.38,797.98,800.8,9797.825
2026-09-02 13:30:00,800.8,816.23,798.11,814.72,40499.714
2026-09-02 13:45:00,814.65,818.72,806.82,809.58,29500.755
2026-09-02 14:00:00,809.58,814.24,807.6,812.57,14000.439
2026-09-02 14:15:00,812.56,816.92,809.58,815.68,18521.66
2026-09-02 14:30:00,815.67,817.42,809.36,816.51,36345.727
2026-09-02 14:45:00,816.52,818.63,811.12,812.06,24146.266
2026-09-02 15:00:00,812.06,814.83,805.0,806.46,20881.398
2026-09-02 15:15:00,806.47,813.4,806.47,811.79,11942.893
2026-09-02 15:30:00,811.8,817.5,810.48,816.3,16865.651
2026-09-02 15:45:00,816.3,816.66,811.63,814.68,7107.915
2026-09-02 16:00:00,814.69,817.53,811.71,816.75,11043.455
2026-09-02 16:15:00,816.76,821.48,814.68,817.43,19638.268
2026-09-02 16:30:00,817.43,818.8,812.82,812.82,11185.626
2026-09-02 16:45:00,812.82,816.02,810.73,812.79,9555.565
2026-09-02 17:00:00,812.8,813.88,806.5,807.16,18460.037
2026-09-02 17:15:00,807.16,808.9,805.0,808.08,12841.472
2026-09-02 17:30:00,808.09,812.1,807.32,811.93,7986.926
2026-09-02 17:45:00,811.93,814.11,811.42,812.87,6316.191
2026-09-02 18:00:00,812.88,814.19,811.16,813.32,6166.968
2026-09-02 18:15:00,813.31,815.2,810.51,810.65,7399.989
2026-09-02 18:30:00,810.66,812.28,809.3,811.53,7361.775
2026-09-02 18:45:00,811.55,813.62,811.05,812.52,3663.363
2026-09-02 19:00:00,812.51,813.11,810.25,812.46,3045.156
2026-09-02 19:15:00,812.47,813.05,807.01,807.12,7009.198
2026-09-02 19:30:00,807.13,811.23,805.44,810.93,8152.478
2026-09-02 19:45:00,810.92,813.29,807.8,812.21,7166.051
2026-09-02 20:00:00,812.21,818.48,810.98,812.92,11769.292
2026-09-02 20:15:00,812.93,816.0,808.58,813.17,7688.983
2026-09-02 20:30:00,813.16,815.63,811.8,812.01,6600.962
2026-09-02 20:45:00,812.0,814.74,809.14,813.55,6912.88
2026-09-02 21:00:00,813.54,814.13,811.09,813.3,3403.8
2026-09-02 21:15:00,813.3,813.66,810.52,811.37,5050.335
2026-09-02 21:30:00,811.38,818.88,810.0,816.24,9834.403
2026-09-02 21:45:00,816.24,817.34,812.84,813.68,3304.916
2026-09-02 22:00:00,813.68,814.12,810.0,811.19,5251.72
2026-09-02 22:15:00,811.18,812.55,809.57,811.48,4101.713
2026-09-02 22:30:00,811.54,812.04,810.0,810.6,3416.068
2026-09-02 22:45:00,810.6,811.9,809.06,809.12,4393.711
2026-09-02 23:00:00,809.12,815.65,808.75,815.49,6445.573
2026-09-02 23:15:00,815.5,815.67,812.0,813.45,4276.522
2026-09-02 23:30:00,813.45,814.96,810.67,811.11,3577.888
2026-09-02 23:45:00,811.1,816.95,810.92,815.31,7807.396
2026-09-03 00:00:00,815.31,817.28,812.58,812.71,7295.493
2026-09-03 00:15:00,812.71,813.0,810.05,810.29,7736.677
2026-09-03 00:30:00,810.28,811.89,806.0,810.07,13337.695
2026-09-03 00:45:00,810.08,811.32,808.2,808.29,6368.896
2026-09-03 01:00:00,808.3,817.39,805.0,816.59,19358.425
2026-09-03 01:15:00,816.58,819.43,815.59,819.32,10064.552
2026-09-03 01:30:00,819.31,823.27,815.94,817.0,15881.89
2026-09-03 01:45:00,816.99,817.31,813.29,814.14,7941.973
2026-09-03 02:00:00,814.14,819.48,813.67,819.17,7456.82
2026-09-03 02:15:00,819.17,821.32,817.97,820.25,7403.919
2026-09-03 02:30:00,820.24,827.88,819.4,824.25,22767.049
2026-09-03 02:45:00,824.25,826.69,823.14,824.04,9212.826
2026-09-03 03:00:00,824.04,824.21,819.87,822.56,8670.318
2026-09-03 03:15:00,822.56,823.7,818.66,818.66,7751.139
2026-09-03 03:30:00,818.67,820.85,816.82,817.23,8550.347
2026-09-03 03:45:00,817.23,819.92,816.91,818.86,3143.735
2026-09-03 04:00:00,818.86,822.36,817.78,817.96,7502.299
2026-09-03 04:15:00,817.96,818.24,815.43,817.23,8650.794
2026-09-03 04:30:00,817.23,818.26,815.09,815.97,5371.646
2026-09-03 04:45:00,815.96,825.67,815.75,823.38,13236.963
2026-09-03 05:00:00,823.39,824.92,820.24,821.91,8269.685
2026-09-03 05:15:00,821.9,822.03,812.49,815.55,18003.032
2026-09-03 05:30:00,815.54,823.0,814.86,822.68,11005.483
2026-09-03 05:45:00,822.68,828.88,821.49,826.21,19999.881
2026-09-03 06:00:00,826.21,829.99,825.26,829.27,19110.963
2026-09-03 06:15:00,829.27,834.11,828.89,829.92,15823.608
2026-09-03 06:30:00,829.91,833.66,828.56,833.32,9779.599
2026-09-03 06:45:00,833.31,833.31,830.13,830.75,4860.191
2026-09-03 07:00:00,830.74,837.72,830.27,833.52,16889.618
2026-09-03 07:15:00,833.49,834.44,828.71,829.97,16050.278
2026-09-03 07:30:00,830.05,833.98,825.96,831.02,16221.897
2026-09-03 07:45:00,831.02,831.44,825.16,827.16,13042.793
2026-09-03 08:00:00,827.15,832.62,827.08,830.14,10286.198
2026-09-03 08:15:00,830.15,830.66,827.01,829.42,4542.414
2026-09-03 08:30:00,829.43,830.25,827.22,827.84,4471.378
2026-09-03 08:45:00,827.84,829.9,826.06,828.38,8144.829
2026-09-03 09:00:00,828.37,832.08,827.71,830.62,9412.571
2026-09-03 09:15:00,830.61,831.82,828.0,828.3,7489.49
2026-09-03 09:30:00,828.3,830.52,827.24,829.74,5258.446
2026-09-03 09:45:00,829.74,831.21,827.43,828.74,5617.224
2026-09-03 10:00:00,828.7,832.18,828.09,829.39,6983.487
2026-09-03 10:15:00,829.39,833.61,828.69,830.01,8739.088
2026-09-03 10:30:00,830.01,831.46,827.01,828.07,9523.597
2026-09-03 10:45:00,828.07,832.83,827.91,832.64,6659.242
2026-09-03 11:00:00,832.65,835.75,831.03,835.36,11293.845
2026-09-03 11:15:00,835.37,844.76,835.23,844.05,28060.572
2026-09-03 11:30:00,844.06,847.37,841.49,843.88,22823.098
2026-09-03 11:45:00,843.89,846.35,840.91,844.98,15425.15
2026-09-03 12:00:00,844.99,846.18,841.86,845.12,10341.831
2026-09-03 12:15:00,845.27,847.89,841.28,841.46,10553.531
2026-09-03 12:30:00,841.47,849.6,841.47,843.6,22339.382
2026-09-03 12:45:00,843.58,848.5,841.81,846.27,19446.39
2026-09-03 13:00:00,846.32,847.86,843.4,847.29,12833.607
2026-09-03 13:15:00,847.3,849.46,845.07,848.93,11465.688
2026-09-03 13:30:00,849.0,860.0,848.4,857.65,56787.625
2026-09-03 13:45:00,857.64,858.33,851.96,855.91,27307.594
2026-09-03 14:00:00,855.92,863.9,854.0,862.92,39702.735
2026-09-03 14:15:00,862.92,864.84,859.04,862.68,24058.066
2026-09-03 14:30:00,862.64,865.75,856.99,858.11,31261.391
2026-09-03 14:45:00,858.32,874.84,857.7,872.05,63752.568
2026-09-03 15:00:00,872.05,878.0,864.32,871.77,70383.631
2026-09-03 15:15:00,871.78,918.0,870.68,914.75,221288.637
2026-09-03 15:30:00,914.61,929.99,910.6,925.32,133543.601
2026-09-03 15:45:00,925.32,969.5,917.73,954.84,188196.858
2026-09-03 16:00:00,954.84,958.43,935.33,946.34,105395.425
2026-09-03 16:15:00,946.33,946.33,932.79,937.4,60921.713
2026-09-03 16:30:00,937.39,943.0,935.22,941.07,40933.169
2026-09-03 16:45:00,941.06,952.0,939.71,941.29,48658.451
2026-09-03 17:00:00,941.3,948.52,937.0,947.01,27260.403
2026-09-03 17:15:00,947.0,950.84,940.38,944.5,31309.513
2026-09-03 17:30:00,944.5,953.77,942.48,948.34,29742.692
2026-09-03 17:45:00,948.33,953.35,946.06,947.97,24551.245
2026-09-03 18:00:00,947.98,956.23,946.05,954.67,25844.368
2026-09-03 18:15:00,954.66,968.2,952.65,958.28,54043.896
2026-09-03 18:30:00,958.28,966.81,956.0,958.94,32555.092
2026-09-03 18:45:00,958.94,965.0,956.56,964.05,22248.858
2026-09-03 19:00:00,964.09,974.76,959.1,960.93,57790.987
2026-09-03 19:15:00,960.92,977.11,960.55,967.41,53706.641
2026-09-03 19:30:00,967.41,979.44,962.85,975.98,36254.39
2026-09-03 19:45:00,975.98,976.68,963.71,966.23,36073.219
2026-09-03 20:00:00,966.24,971.53,957.77,964.86,31047.434
2026-09-03 20:15:00,964.86,968.16,959.27,965.65,18274.717
2026-09-03 20:30:00,965.65,966.24,956.44,958.98,18700.31
2026-09-03 20:45:00,958.98,961.58,954.0,955.69,18080.023
2026-09-03 21:00:00,955.7,962.0,955.5,961.09,15128.751
2026-09-03 21:15:00,961.1,962.79,956.2,961.52,11493.487
2026-09-03 21:30:00,961.54,969.61,954.13,954.55,21016.385
2026-09-03 21:45:00,954.54,954.99,946.86,949.95,19211.552
2026-09-03 22:00:00,949.95,951.92,942.8,947.85,18770.46
2026-09-03 22:15:00,947.86,949.0,937.1,938.78,25107.83
2026-09-03 22:30:00,938.78,948.7,937.31,946.54,27220.515
2026-09-03 22:45:00,946.53,952.67,945.0,952.14,13507.684
2026-09-03 23:00:00,952.14,954.8,943.83,945.08,13527.819
2026-09-03 23:15:00,945.08,950.93,944.76,950.81,12102.212
2026-09-03 23:30:00,950.81,954.48,947.71,949.74,10818.987
2026-09-03 23:45:00,949.75,953.18,949.07,952.06,8334.95
2026-09-04 00:00:00,952.06,953.4,943.4,946.15,15368.825
2026-09-04 00:15:00,946.15,947.49,941.27,942.98,13492.623
2026-09-04 00:30:00,942.97,951.99,942.97,945.62,15913.563
2026-09-04 00:45:00,945.63,946.33,937.97,938.71,17649.112
2026-09-04 01:00:00,938.71,943.12,937.35,938.07,12788.386
2026-09-04 01:15:00,938.07,943.55,937.1,938.99,13418.567
2026-09-04 01:30:00,938.99,940.58,932.0,934.83,23081.161
2026-09-04 01:45:00,934.83,943.07,933.96,940.1,15435.914
2026-09-04 02:00:00,940.11,942.76,937.18,939.43,9177.953
2026-09-04 02:15:00,939.42,942.74,936.75,937.99,10652.262
2026-09-04 02:30:00,938.0,939.5,935.25,936.04,7605.686
2026-09-04 02:45:00,936.03,939.64,934.0,939.01,8781.1
2026-09-04 03:00:00,939.0,951.73,938.89,947.33,35876.004
2026-09-04 03:15:00,947.33,948.3,942.79,944.81,10691.755
2026-09-04 03:30:00,944.81,948.93,942.28,948.72,9119.886
2026-09-04 03:45:00,948.71,948.71,944.89,944.95,5271.544
2026-09-04 04:00:00,944.96,950.22,944.88,950.14,9124.215
2026-09-04 04:15:00,950.13,955.96,947.55,954.28,16656.66
2026-09-04 04:30:00,954.28,954.68,948.51,948.9,15439.624
2026-09-04 04:45:00,948.9,950.59,946.63,946.95,6108.49
2026-09-04 05:00:00,946.96,951.73,944.71,950.33,11404.317
2026-09-04 05:15:00,950.34,959.69,949.74,953.11,19013.883
2026-09-04 05:30:00,953.1,957.29,951.57,956.9,13445.561
2026-09-04 05:45:00,956.9,962.2,952.29,956.55,13965.161
2026-09-04 06:00:00,956.54,957.31,953.36,955.61,7595.961
2026-09-04 06:15:00,955.61,956.89,949.49,949.76,11302.539
2026-09-04 06:30:00,949.76,954.85,947.86,954.45,11767.575
2026-09-04 06:45:00,954.45,959.89,952.67,958.02,12780.342
2026-09-04 07:00:00,958.01,974.49,957.49,969.03,57580.893
2026-09-04 07:15:00,969.03,976.98,967.13,972.28,36963.651
2026-09-04 07:30:00,972.29,977.7,964.04,969.6,34963.583
2026-09-04 07:45:00,969.61,973.36,964.46,967.2,24007.302
2026-09-04 08:00:00,967.21,971.9,965.96,969.53,16923.547
2026-09-04 08:15:00,969.54,970.0,964.78,967.03,12173.68
2026-09-04 08:30:00,967.03,974.6,966.07,971.05,16761.734
2026-09-04 08:45:00,971.07,1029.0,968.3,1022.82,245535.876
2026-09-04 09:00:00,1022.83,1026.0,1003.32,1009.04,94989.98
2026-09-04 09:15:00,1009.04,1015.0,1000.01,1003.78,67121.424
2026-09-04 09:30:00,1003.78,1007.01,995.22,1001.99,41799.94
2026-09-04 09:45:00,1001.99,1007.7,1000.26,1003.36,26816.221
2026-09-04 10:00:00,1003.35,1004.5,996.2,997.97,30748.758
2026-09-04 10:15:00,997.97,998.23,987.05,994.75,36600.733
2026-09-04 10:30:00,994.71,1006.0,991.44,1000.37,31166.413
2026-09-04 10:45:00,1000.36,1006.12,999.55,1002.88,17607.063
2026-09-04 11:00:00,1002.88,1004.09,996.59,1001.1,18925.561
2026-09-04 11:15:00,1001.1,1006.21,999.88,1003.84,24457.481
2026-09-04 11:30:00,1003.84,1011.9,1002.24,1008.16,27493.887
2026-09-04 11:45:00,1008.15,1014.5,1007.65,1009.66,22411.327
2026-09-04 12:00:00,1009.65,1011.56,1006.24,1009.21,15504.503
2026-09-04 12:15:00,1009.21,1022.0,1004.46,1016.44,28239.172
2026-09-04 12:30:00,1016.43,1016.43,968.43,981.76,215639.66
2026-09-04 12:45:00,981.75,993.1,977.5,986.16,78860.519
2026-09-04 13:00:00,986.16,991.82,960.0,968.47,87499.66
2026-09-04 13:15:00,968.46,979.88,965.21,975.56,47883.918
2026-09-04 13:30:00,975.55,991.88,966.0,987.8,66294.012
2026-09-04 13:45:00,987.81,1004.4,986.16,986.72,59525.469
2026-09-04 14:00:00,986.68,991.73,971.32,979.77,45089.047
2026-09-04 14:15:00,979.77,988.64,973.3,984.23,33474.128
2026-09-04 14:30:00,984.24,986.22,965.0,968.71,37531.685
2026-09-04 14:45:00,968.7,977.95,965.78,973.92,40310.526
2026-09-04 15:00:00,973.92,987.12,970.14,986.65,28789.42
2026-09-04 15:15:00,986.66,988.0,980.69,982.07,22095.125
2026-09-04 15:30:00,982.08,985.93,974.45,985.13,21730.576
2026-09-04 15:45:00,985.12,986.85,980.59,986.3,14082.563
2026-09-04 16:00:00,986.29,1000.87,984.7,990.86,35399.139
2026-09-04 16:15:00,990.87,1003.27,990.87,1001.39,33244.455
2026-09-04 16:30:00,1001.38,1028.8,1001.21,1019.99,95715.393
2026-09-04 16:45:00,1020.0,1047.6,1017.45,1033.12,105239.031
2026-09-04 17:00:00,1033.13,1050.0,1032.65,1036.95,73109.9
2026-09-04 17:15:00,1036.95,1038.51,1007.16,1018.59,85533.588
2026-09-04 17:30:00,1018.59,1025.98,1010.0,1013.88,37055.145
2026-09-04 17:45:00,1013.86,1013.86,994.26,1007.09,50663.891
2026-09-04 18:00:00,1007.08,1017.81,1006.9,1009.83,31292.027
2026-09-04 18:15:00,1009.82,1018.99,1009.47,1017.57,17465.701
2026-09-04 18:30:00,1017.57,1030.91,1017.0,1026.96,38529.998
2026-09-04 18:45:00,1026.97,1029.09,1023.75,1024.62,14937.906
2026-09-04 19:00:00,1024.63,1029.34,1019.2,1025.14,14489.468
2026-09-04 19:15:00,1025.14,1038.92,1024.67,1034.86,33525.427
2026-09-04 19:30:00,1034.85,1036.75,1030.63,1034.57,13504.183
2026-09-04 19:45:00,1034.58,1040.65,1032.66,1038.49,18112.777
2026-09-04 20:00:00,1038.49,1042.35,1035.25,1036.01,18573.179
2026-09-04 20:15:00,1036.0,1038.09,1030.01,1033.88,16432.485
2026-09-04 20:30:00,1033.89,1040.0,1029.2,1032.67,19308.595
2026-09-04 20:45:00,1032.67,1034.19,1016.35,1022.84,24228.529
2026-09-04 21:00:00,1022.83,1027.18,1021.25,1021.84,12323.378
2026-09-04 21:15:00,1021.83,1031.53,1018.14,1020.8,20063.484
2026-09-04 21:30:00,1020.8,1021.86,1015.27,1018.85,10626.265
2026-09-04 21:45:00,1018.85,1020.75,1012.26,1016.6,9360.31
2026-09-04 22:00:00,1016.61,1024.15,1011.42,1016.81,14916.057
2026-09-04 22:15:00,1016.81,1024.57,1016.46,1021.68,13566.584
2026-09-04 22:30:00,1021.71,1024.0,1018.5,1019.94,6763.345
2026-09-04 22:45:00,1019.94,1027.6,1019.94,1021.9,10018.457
2026-09-04 23:00:00,1021.9,1030.45,1021.32,1026.67,10690.038
2026-09-04 23:15:00,1026.67,1033.45,1025.0,1025.63,15042.977
2026-09-04 23:30:00,1025.61,1029.76,1016.1,1027.01,19530.774
2026-09-04 23:45:00,1027.0,1028.48,1022.13,1022.34,7529.012
2026-09-05 00:00:00,1022.33,1025.64,1017.8,1021.19,13602.189
2026-09-05 00:15:00,1021.18,1021.19,1014.33,1017.42,11691.976
2026-09-05 00:30:00,1017.42,1025.37,1016.39,1021.71,9459.689
2026-09-05 00:45:00,1021.7,1024.68,1016.31,1018.04,11169.565
2026-09-05 01:00:00,1018.04,1022.34,1014.01,1017.73,10673.375
2026-09-05 01:15:00,1017.72,1019.52,1014.51,1017.8,9755.628
2026-09-05 01:30:00,1017.8,1019.77,1015.82,1019.23,5770.207
2026-09-05 01:45:00,1019.24,1019.35,1011.82,1011.98,10862.722
2026-09-05 02:00:00,1011.98,1017.5,1009.24,1014.69,12265.03
2026-09-05 02:15:00,1014.69,1020.11,1014.26,1018.4,10989.842
2026-09-05 02:30:00,1018.4,1026.9,1018.36,1026.73,11712.237
2026-09-05 02:45:00,1026.73,1029.89,1024.01,1029.34,13162.133
2026-09-05 03:00:00,1029.35,1036.28,1022.38,1025.33,25663.257
2026-09-05 03:15:00,1025.33,1032.0,1022.86,1029.38,13045.075
2026-09-05 03:30:00,1029.38,1029.94,1024.51,1028.8,6083.971
2026-09-05 03:45:00,1028.79,1028.8,1023.14,1024.09,9093.324
2026-09-05 04:00:00,1024.1,1027.67,1022.4,1024.26,7931.524
2026-09-05 04:15:00,1024.26,1025.28,1022.7,1023.58,4786.605
2026-09-05 04:30:00,1023.58,1024.17,1016.43,1017.9,11805.722
2026-09-05 04:45:00,1017.9,1019.95,1013.55,1015.39,13144.426
2026-09-05 05:00:00,1015.4,1022.68,1008.04,1021.08,21373.338
2026-09-05 05:15:00,1021.07,1022.3,1017.43,1021.85,8335.316
2026-09-05 05:30:00,1021.88,1026.0,1019.47,1019.9,13202.527
2026-09-05 05:45:00,1019.9,1020.1,1014.31,1015.24,9590.917
2026-09-05 06:00:00,1015.23,1020.79,1011.66,1014.0,19218.427
2026-09-05 06:15:00,1014.0,1016.06,1011.0,1013.65,7220.148
2026-09-05 06:30:00,1013.65,1018.95,1013.0,1014.76,7303.508
2026-09-05 06:45:00,1014.75,1017.63,1011.35,1015.31,10587.131
2026-09-05 07:00:00,1015.31,1017.92,1006.21,1006.7,19889.039
2026-09-05 07:15:00,1006.71,1012.25,1006.28,1009.88,11475.327
2026-09-05 07:30:00,1009.88,1012.48,1006.45,1008.59,9915.639
2026-09-05 07:45:00,1008.58,1011.67,1000.02,1001.51,27897.503
2026-09-05 08:00:00,1001.51,1008.7,996.65,1005.59,28745.87
2026-09-05 08:15:00,1005.59,1007.77,1002.41,1006.23,9337.287
2026-09-05 08:30:00,1006.22,1006.66,999.91,1003.74,9815.599
2026-09-05 08:45:00,1003.75,1005.87,1000.45,1004.57,10971.486
2026-09-05 09:00:00,1004.57,1011.79,1004.4,1009.93,17228.244
2026-09-05 09:15:00,1009.93,1009.99,1004.86,1008.66,8244.346
2026-09-05 09:30:00,1008.65,1011.99,1005.79,1010.18,11041.359
2026-09-05 09:45:00,1010.17,1011.82,1006.4,1009.14,8206.289
2026-09-05 10:00:00,1009.15,1011.67,1007.61,1008.7,5958.906
2026-09-05 10:15:00,1008.7,1012.85,1006.87,1012.12,7152.595
2026-09-05 10:30:00,1012.06,1014.68,1010.07,1010.8,9564.609
2026-09-05 10:45:00,1010.8,1012.55,1009.35,1009.71,4523.822
2026-09-05 11:00:00,1009.71,1009.99,1003.01,1006.02,12526.623
2026-09-05 11:15:00,1006.02,1009.2,1004.12,1009.0,8480.737
2026-09-05 11:30:00,1009.0,1011.55,1007.18,1008.04,6829.162
2026-09-05 11:45:00,1008.03,1014.23,1007.37,1013.85,8228.077
2026-09-05 12:00:00,1013.84,1019.6,1012.34,1012.88,18009.413
2026-09-05 12:15:00,1012.87,1013.8,1008.72,1008.89,7174.582
2026-09-05 12:30:00,1008.89,1017.26,1007.16,1011.44,14671.123
2026-09-05 12:45:00,1011.45,1014.15,1008.5,1013.44,12961.172
2026-09-05 13:00:00,1013.44,1015.5,1011.2,1014.23,8992.817
2026-09-05 13:15:00,1014.22,1022.58,1013.47,1015.9,21502.863
2026-09-05 13:30:00,1015.9,1019.95,1013.16,1014.92,13107.511
2026-09-05 13:45:00,1014.9,1017.85,1010.0,1013.01,11432.72
2026-09-05 14:00:00,1013.01,1015.74,1011.05,1011.61,7044.78
2026-09-05 14:15:00,1011.6,1013.7,1008.5,1011.62,12241.271
2026-09-05 14:30:00,1011.62,1017.77,1011.33,1013.01,16576.54
2026-09-05 14:45:00,1013.01,1016.35,1011.89,1012.86,6580.439
2026-09-05 15:00:00,1012.86,1019.5,1012.84,1018.4,10928.778
2026-09-05 15:15:00,1018.39,1022.0,1016.04,1016.97,13851.196
2026-09-05 15:30:00,1016.96,1018.12,1013.6,1016.87,8515.883
2026-09-05 15:45:00,1016.87,1018.03,1014.21,1014.97,6671.368
2026-09-05 16:00:00,1014.98,1026.78,1014.24,1023.66,23313.668
2026-09-05 16:15:00,1023.65,1025.63,1020.35,1021.64,10773.389
2026-09-05 16:30:00,1021.65,1026.53,1020.7,1021.53,12390.454
2026-09-05 16:45:00,1021.53,1044.15,1018.48,1034.53,58128.505
2026-09-05 17:00:00,1034.52,1039.04,1033.2,1035.16,23424.711
2026-09-05 17:15:00,1035.16,1035.98,1021.74,1026.85,23922.029
2026-09-05 17:30:00,1026.85,1032.23,1024.51,1028.75,11512.301
2026-09-05 17:45:00,1028.75,1030.19,1024.64,1028.54,10796.522
2026-09-05 18:00:00,1028.56,1031.92,1025.64,1029.48,10583.37
2026-09-05 18:15:00,1029.48,1034.97,1025.24,1026.16,11250.283
2026-09-05 18:30:00,1026.17,1028.79,1022.0,1024.93,13453.839
2026-09-05 18:45:00,1024.92,1027.41,1022.0,1023.97,7643.365
2026-09-05 19:00:00,1023.97,1027.32,1015.41,1021.37,18065.628
2026-09-05 19:15:00,1021.37,1024.98,1019.34,1019.65,7350.008
2026-09-05 19:30:00,1019.65,1022.23,1010.1,1015.65,24336.93
2026-09-05 19:45:00,1015.65,1017.54,1010.73,1014.48,15216.932
2026-09-05 20:00:00,1014.49,1014.94,1007.54,1010.25,17251.707
2026-09-05 20:15:00,1010.24,1012.3,1005.54,1007.5,18517.219
2026-09-05 20:30:00,1007.49,1012.5,1003.35,1010.67,19773.564
2026-09-05 20:45:00,1010.66,1012.21,1007.42,1008.06,6628.834
2026-09-05 21:00:00,1008.05,1014.72,1007.08,1012.98,10297.925
2026-09-05 21:15:00,1013.01,1013.69,1011.24,1011.42,5115.358
2026-09-05 21:30:00,1011.42,1016.45,1010.13,1014.56,6685.41
2026-09-05 21:45:00,1014.52,1017.49,1012.86,1015.08,6937.116
2026-09-05 22:00:00,1015.09,1019.25,1013.19,1018.88,7371.104
2026-09-05 22:15:00,1018.88,1019.63,1014.83,1016.85,5760.83
2026-09-05 22:30:00,1016.84,1019.21,1016.84,1018.19,4071.271
2026-09-05 22:45:00,1018.19,1021.37,1017.26,1018.64,5729.881
2026-09-05 23:00:00,1018.63,1022.38,1016.97,1017.4,6074.945
2026-09-05 23:15:00,1017.39,1024.28,1016.85,1023.14,9811.251
2026-09-05 23:30:00,1023.14,1027.31,1020.92,1022.45,9231.793
2026-09-05 23:45:00,1022.46,1026.43,1022.46,1025.42,6319.244
2026-09-06 00:00:00,1025.42,1027.74,1022.85,1026.64,7403.184
2026-09-06 00:15:00,1026.63,1037.99,1025.98,1033.69,22858.125
2026-09-06 00:30:00,1033.68,1034.67,1029.05,1032.05,10635.599
2026-09-06 00:45:00,1032.04,1032.65,1027.75,1029.4,8552.529
2026-09-06 01:00:00,1029.41,1086.08,1029.41,1075.99,137302.762
2026-09-06 01:15:00,1076.04,1080.81,1069.42,1070.73,36986.683
2026-09-06 01:30:00,1070.72,1076.75,1066.24,1067.98,22904.038
2026-09-06 01:45:00,1067.97,1072.19,1060.72,1061.86,23112.928
2026-09-06 02:00:00,1061.86,1072.08,1061.86,1064.06,20210.543
2026-09-06 02:15:00,1064.06,1068.3,1062.87,1063.52,9598.615
2026-09-06 02:30:00,1063.52,1067.33,1061.74,1063.24,8600.303
2026-09-06 02:45:00,1063.24,1067.0,1061.78,1064.64,7403.486
2026-09-06 03:00:00,1064.64,1067.0,1062.09,1064.81,7557.292
2026-09-06 03:15:00,1064.82,1071.68,1063.1,1063.8,13661.745
2026-09-06 03:30:00,1063.79,1073.72,1062.75,1069.6,12385.902
2026-09-06 03:45:00,1069.59,1078.87,1068.4,1072.82,19244.366
2026-09-06 04:00:00,1072.83,1076.48,1070.66,1073.43,10638.156
2026-09-06 04:15:00,1073.43,1075.75,1064.8,1068.01,16160.219
2026-09-06 04:30:00,1068.01,1135.2,1067.2,1113.98,115571.266
2026-09-06 04:45:00,1113.97,1176.95,1110.83,1139.36,151344.61
2026-09-06 05:00:00,1139.38,1159.77,1133.23,1148.98,63730.633
2026-09-06 05:15:00,1148.99,1158.82,1147.3,1154.78,40001.83
2026-09-06 05:30:00,1154.77,1196.5,1150.51,1181.63,123425.024
2026-09-06 05:45:00,1181.67,1182.0,1158.05,1167.66,61448.169
2026-09-06 06:00:00,1167.68,1174.99,1155.3,1172.25,45102.001
2026-09-06 06:15:00,1172.25,1175.76,1163.96,1170.0,25729.881
2026-09-06 06:30:00,1170.01,1177.92,1166.0,1174.15,20429.139
2026-09-06 06:45:00,1174.25,1183.99,1170.95,1178.41,37701.786
2026-09-06 07:00:00,1178.4,1180.0,1156.18,1164.78,51580.567
2026-09-06 07:15:00,1164.8,1170.15,1159.42,1161.73,29825.583
2026-09-06 07:30:00,1161.72,1165.92,1150.29,1156.72,37705.24
2026-09-06 07:45:00,1156.72,1164.37,1154.6,1162.72,17646.831
2026-09-06 08:00:00,1162.71,1177.47,1160.34,1170.75,33711.071
2026-09-06 08:15:00,1170.74,1175.77,1160.0,1164.15,25583.838
2026-09-06 08:30:00,1164.15,1178.0,1162.61,1168.19,26394.517
2026-09-06 08:45:00,1168.19,1173.2,1163.12,1171.78,18343.685
2026-09-06 09:00:00,1171.77,1223.24,1166.56,1192.11,115930.351
2026-09-06 09:15:00,1192.1,1214.66,1186.6,1198.18,88368.941
2026-09-06 09:30:00,1198.19,1198.64,1180.14,1182.99,83344.015
2026-09-06 09:45:00,1182.98,1187.39,1179.23,1182.59,26977.304
2026-09-06 10:00:00,1182.59,1191.25,1180.5,1182.53,21400.629
2026-09-06 10:15:00,1182.54,1188.2,1181.82,1184.99,16056.661
2026-09-06 10:30:00,1185.0,1188.83,1179.06,1183.58,18413.148
2026-09-06 10:45:00,1183.63,1191.74,1182.19,1185.92,17237.951
2026-09-06 11:00:00,1185.92,1189.0,1183.76,1187.2,9947.785
2026-09-06 11:15:00,1187.21,1187.41,1155.75,1172.1,50082.416
2026-09-06 11:30:00,1172.11,1175.97,1163.65,1173.83,28834.494
2026-09-06 11:45:00,1173.82,1193.46,1172.3,1183.99,34771.672
2026-09-06 12:00:00,1183.99,1184.83,1168.95,1171.48,25056.372
2026-09-06 12:15:00,1171.47,1181.75,1170.82,1177.35,15558.568
2026-09-06 12:30:00,1177.36,1177.91,1165.64,1166.31,18967.49
2026-09-06 12:45:00,1166.32,1171.84,1165.22,1171.02,16152.448
2026-09-06 13:00:00,1171.02,1184.99,1168.58,1181.76,25429.193
2026-09-06 13:15:00,1181.75,1210.0,1177.6,1182.5,60127.329
2026-09-06 13:30:00,1182.64,1193.0,1181.04,1184.91,29043.541
2026-09-06 13:45:00,1184.92,1187.07,1178.38,1182.24,20434.712
2026-09-06 14:00:00,1182.24,1185.54,1171.8,1177.01,28130.494
2026-09-06 14:15:00,1177.01,1179.44,1141.7,1155.47,86470.721
2026-09-06 14:30:00,1155.53,1164.26,1125.0,1159.36,97381.535
2026-09-06 14:45:00,1159.36,1169.79,1151.07,1161.99,41647.399
2026-09-06 15:00:00,1161.98,1162.77,1152.11,1160.47,27711.815
2026-09-06 15:15:00,1160.47,1164.72,1156.08,1163.92,14091.158
2026-09-06 15:30:00,1163.91,1169.76,1160.4,1164.12,15395.686
2026-09-06 15:45:00,1164.12,1174.41,1163.09,1167.47,20096.044
2026-09-06 16:00:00,1167.48,1178.5,1165.0,1175.32,27499.239
2026-09-06 16:15:00,1175.32,1179.85,1171.21,1177.6,16816.74
2026-09-06 16:30:00,1177.56,1185.42,1168.78,1178.59,35741.068
2026-09-06 16:45:00,1178.58,1182.47,1176.3,1181.86,12230.182
2026-09-06 17:00:00,1181.85,1196.0,1179.89,1184.95,35334.389
2026-09-06 17:15:00,1184.95,1209.0,1182.84,1186.76,48621.074
2026-09-06 17:30:00,1186.77,1242.0,1186.52,1223.46,151326.352
2026-09-06 17:45:00,1223.47,1225.54,1196.9,1206.7,69421.274
2026-09-06 18:00:00,1206.74,1221.7,1202.29,1217.08,35632.366
2026-09-06 18:15:00,1217.09,1234.61,1213.11,1221.55,59127.999
2026-09-06 18:30:00,1221.55,1236.54,1216.09,1229.01,42441.086
2026-09-06 18:45:00,1229.0,1233.91,1217.79,1225.35,30736.768
2026-09-06 19:00:00,1225.35,1227.98,1214.88,1218.48,19336.996
2026-09-06 19:15:00,1218.48,1224.79,1207.05,1222.2,31951.994
2026-09-06 19:30:00,1222.2,1224.0,1213.8,1215.61,12678.2
2026-09-06 19:45:00,1215.61,1219.88,1211.13,1213.91,12510.799
2026-09-06 20:00:00,1213.91,1220.78,1210.83,1216.61,14300.28
2026-09-06 20:15:00,1216.6,1223.57,1212.02,1216.15,15598.246
2026-09-06 20:30:00,1216.14,1220.26,1212.22,1219.77,10356.016
2026-09-06 20:45:00,1219.78,1228.9,1213.66,1222.96,19410.83
2026-09-06 21:00:00,1222.96,1231.43,1215.89,1224.99,22902.318
2026-09-06 21:15:00,1224.98,1237.98,1221.92,1235.93,33146.531
2026-09-06 21:30:00,1235.98,1250.97,1225.07,1238.62,53171.569
2026-09-06 21:45:00,1238.63,1257.06,1237.22,1245.39,33792.562
2026-09-06 22:00:00,1245.39,1245.89,1213.35,1218.32,45589.299
2026-09-06 22:15:00,1218.33,1226.22,1211.09,1216.17,29736.106
2026-09-06 22:30:00,1216.19,1227.06,1216.19,1223.21,16468.417
2026-09-06 22:45:00,1223.23,1231.86,1220.01,1229.45,16103.613
2026-09-06 23:00:00,1229.45,1244.44,1226.88,1239.32,25063.835
2026-09-06 23:15:00,1239.28,1239.28,1225.06,1226.95,20458.081
2026-09-06 23:30:00,1226.96,1229.31,1222.0,1226.77,17814.567
2026-09-06 23:45:00,1226.78,1232.5,1224.42,1226.76,15418.338
2026-09-07 00:00:00,1226.76,1229.77,1219.0,1220.15,21462.754
2026-09-07 00:15:00,1220.15,1224.25,1215.34,1215.83,16274.187
2026-09-07 00:30:00,1215.82,1217.87,1191.07,1198.65,48573.22
2026-09-07 00:45:00,1198.65,1202.9,1185.2,1196.23,37609.382
2026-09-07 01:00:00,1196.24,1196.29,1174.76,1185.1,41859.586
2026-09-07 01:15:00,1185.05,1189.8,1178.4,1188.91,22923.77
2026-09-07 01:30:00,1188.91,1189.63,1179.67,1181.63,16960.812
2026-09-07 01:45:00,1181.64,1184.94,1170.96,1183.08,24781.798
2026-09-07 02:00:00,1183.08,1188.0,1180.11,1187.2,15824.868
2026-09-07 02:15:00,1187.19,1187.56,1183.17,1184.56,12651.983
2026-09-07 02:30:00,1184.56,1198.71,1178.5,1196.06,35582.921
2026-09-07 02:45:00,1196.05,1196.05,1186.11,1190.1,16511.992
2026-09-07 03:00:00,1190.11,1193.28,1182.24,1191.82,14851.542
2026-09-07 03:15:00,1191.82,1194.8,1183.1,1187.38,14957.567
2026-09-07 03:30:00,1187.37,1191.85,1183.8,1189.26,13345.542
2026-09-07 03:45:00,1189.27,1194.38,1186.89,1190.77,11281.905
2026-09-07 04:00:00,1190.77,1194.14,1183.26,1189.0,13135.853
2026-09-07 04:15:00,1189.0,1194.96,1187.43,1193.02,14083.574
2026-09-07 04:30:00,1193.01,1198.65,1188.52,1191.09,12097.259
2026-09-07 04:45:00,1191.09,1194.51,1189.17,1193.18,6682.161
2026-09-07 05:00:00,1193.17,1223.76,1191.59,1213.62,56151.994
2026-09-07 05:15:00,1213.62,1218.64,1205.7,1207.55,21064.346
2026-09-07 05:30:00,1207.55,1213.56,1205.57,1209.05,10695.475
2026-09-07 05:45:00,1209.06,1210.65,1188.24,1198.27,29930.545
2026-09-07 06:00:00,1198.27,1217.73,1195.2,1211.93,28329.289
2026-09-07 06:15:00,1211.92,1216.29,1208.2,1210.86,12978.1
2026-09-07 06:30:00,1210.85,1215.0,1209.04,1209.99,9212.519
2026-09-07 06:45:00,1210.0,1213.24,1203.16,1208.68,13714.914
2026-09-07 07:00:00,1208.67,1210.0,1202.0,1203.62,15989.431
2026-09-07 07:15:00,1203.61,1205.3,1191.19,1191.52,23828.716
2026-09-07 07:30:00,1191.53,1195.31,1168.0,1182.46,66342.422
2026-09-07 07:45:00,1182.47,1188.0,1179.21,1186.22,20200.965
2026-09-07 08:00:00,1186.23,1186.92,1176.24,1178.1,15453.873
2026-09-07 08:15:00,1178.1,1183.91,1175.25,1180.34,16535.482
2026-09-07 08:30:00,1180.34,1182.87,1173.76,1181.69,17059.135
2026-09-07 08:45:00,1181.69,1185.21,1177.89,1182.17,10108.186
2026-09-07 09:00:00,1182.16,1191.42,1178.34,1187.19,20358.745
2026-09-07 09:15:00,1187.18,1191.26,1185.4,1190.03,8387.923
2026-09-07 09:30:00,1190.04,1191.0,1183.82,1187.04,11214.273
2026-09-07 09:45:00,1187.04,1190.73,1184.67,1187.17,8563.191
2026-09-07 10:00:00,1187.16,1191.0,1185.93,1189.0,7624.457
2026-09-07 10:15:00,1189.0,1204.18,1188.66,1199.96,26205.873
2026-09-07 10:30:00,1199.97,1211.28,1199.59,1206.7,24458.226
2026-09-07 10:45:00,1206.69,1211.0,1202.16,1204.89,16058.676
2026-09-07 11:00:00,1204.89,1207.15,1188.02,1198.39,28616.873
2026-09-07 11:15:00,1198.39,1200.78,1194.27,1198.75,12423.433
2026-09-07 11:30:00,1198.76,1199.24,1194.42,1194.86,6321.018
2026-09-07 11:45:00,1194.86,1196.38,1190.71,1192.92,10694.727
2026-09-07 12:00:00,1192.93,1196.08,1191.4,1193.66,8953.5
2026-09-07 12:15:00,1193.66,1196.8,1191.86,1195.63,8130.933
2026-09-07 12:30:00,1195.63,1199.29,1187.4,1193.45,15649.839
2026-09-07 12:45:00,1193.46,1202.0,1192.39,1196.89,14249.269
2026-09-07 13:00:00,1196.89,1197.98,1186.8,1192.63,18804.884
2026-09-07 13:15:00,1192.63,1193.61,1182.06,1188.84,18184.018
2026-09-07 13:30:00,1188.84,1190.56,1178.0,1181.88,26998.195
2026-09-07 13:45:00,1181.87,1186.81,1179.18,1184.22,20567.349
2026-09-07 14:00:00,1184.23,1184.33,1161.16,1173.75,50904.315
2026-09-07 14:15:00,1173.75,1181.58,1172.23,1178.84,19709.15
2026-09-07 14:30:00,1178.84,1178.96,1165.6,1169.36,26570.004
2026-09-07 14:45:00,1169.36,1176.31,1168.26,1173.69,23825.481
2026-09-07 15:00:00,1173.7,1173.7,1154.5,1159.88,47474.775
2026-09-07 15:15:00,1159.89,1165.76,1155.63,1159.63,22227.574
2026-09-07 15:30:00,1159.64,1162.23,1151.34,1157.42,40291.888
2026-09-07 15:45:00,1157.43,1160.15,1141.07,1146.27,53199.635
2026-09-07 16:00:00,1146.26,1156.64,1145.72,1153.1,32896.351
2026-09-07 16:15:00,1153.09,1154.13,1145.68,1146.48,16126.813
2026-09-07 16:30:00,1146.49,1163.52,1145.7,1157.01,34203.675
2026-09-07 16:45:00,1157.0,1162.92,1154.45,1159.07,16056.771
2026-09-07 17:00:00,1159.07,1172.45,1156.79,1168.41,27147.678
2026-09-07 17:15:00,1168.4,1172.84,1165.92,1169.8,23801.454
2026-09-07 17:30:00,1169.79,1171.2,1166.04,1169.04,10192.699
2026-09-07 17:45:00,1169.05,1171.62,1163.11,1167.86,12875.158
2026-09-07 18:00:00,1167.86,1169.68,1151.56,1159.36,26063.704
2026-09-07 18:15:00,1159.36,1162.44,1156.49,1159.11,9428.167
2026-09-07 18:30:00,1159.12,1159.57,1153.25,1154.22,13664.028
2026-09-07 18:45:00,1154.22,1160.57,1154.22,1156.69,6503.724
2026-09-07 19:00:00,1156.69,1156.69,1150.6,1153.45,10937.07
2026-09-07 19:15:00,1153.45,1158.37,1152.48,1158.18,8225.363
2026-09-07 19:30:00,1158.19,1166.62,1156.96,1163.67,15009.688
2026-09-07 19:45:00,1163.66,1165.0,1161.55,1163.9,7286.628
2026-09-07 20:00:00,1163.89,1164.35,1153.68,1154.62,12792.516
2026-09-07 20:15:00,1154.61,1159.74,1154.19,1155.29,8827.334
2026-09-07 20:30:00,1155.3,1159.7,1153.06,1153.33,6941.558
2026-09-07 20:45:00,1153.32,1155.83,1151.06,1154.83,8354.55
2026-09-07 21:00:00,1154.84,1159.09,1154.84,1159.01,4968.267
2026-09-07 21:15:00,1159.01,1159.1,1155.44,1158.98,3538.129
2026-09-07 21:30:00,1158.98,1159.31,1146.77,1154.0,12396.953
2026-09-07 21:45:00,1153.99,1154.59,1150.94,1151.78,4088.984
2026-09-07 22:00:00,1151.78,1158.16,1146.0,1150.01,14551.823
2026-09-07 22:15:00,1150.01,1153.6,1143.06,1146.83,15837.795
2026-09-07 22:30:00,1146.83,1148.9,1104.08,1121.67,83360.787
2026-09-07 22:45:00,1121.68,1133.34,1117.8,1129.19,26800.766
2026-09-07 23:00:00,1129.18,1142.68,1128.34,1138.83,19350.334
2026-09-07 23:15:00,1138.83,1139.88,1129.57,1134.59,13473.883
2026-09-07 23:30:00,1134.59,1139.99,1132.13,1139.17,8835.801
2026-09-07 23:45:00,1139.17,1143.74,1136.29,1139.53,15226.422
2026-09-08 00:00:00,1139.54,1142.88,1136.23,1139.69,10177.697
2026-09-08 00:15:00,1139.69,1143.79,1133.87,1134.95,14151.353
2026-09-08 00:30:00,1134.95,1143.37,1131.06,1135.65,17690.827
2026-09-08 00:45:00,1135.64,1139.92,1135.17,1137.85,7155.754
2026-09-08 01:00:00,1137.85,1143.21,1133.17,1140.88,10823.604
2026-09-08 01:15:00,1140.89,1147.98,1135.11,1145.26,15297.823
2026-09-08 01:30:00,1145.25,1147.25,1140.9,1142.77,9843.718
2026-09-08 01:45:00,1142.77,1170.3,1140.45,1154.16,29293.231
2026-09-08 02:00:00,1154.15,1154.63,1145.65,1148.47,18721.143
2026-09-08 02:15:00,1148.48,1151.99,1136.27,1140.55,17219.422
2026-09-08 02:30:00,1140.54,1142.26,1130.43,1132.16,19246.319
2026-09-08 02:45:00,1132.16,1134.63,1126.93,1130.06,17419.175
2026-09-08 03:00:00,1130.06,1134.02,1125.14,1126.25,17715.879
2026-09-08 03:15:00,1126.25,1131.0,1122.5,1126.74,13468.461
2026-09-08 03:30:00,1126.73,1134.43,1126.35,1131.08,15240.316
2026-09-08 03:45:00,1131.07,1135.19,1127.58,1133.98,8025.746
2026-09-08 04:00:00,1133.98,1134.66,1122.63,1126.33,11623.555
2026-09-08 04:15:00,1126.34,1129.97,1110.97,1128.03,23879.377
2026-09-08 04:30:00,1128.02,1131.91,1124.6,1128.16,10190.022
2026-09-08 04:45:00,1128.17,1128.29,1121.86,1123.2,8529.704
2026-09-08 05:00:00,1123.2,1128.86,1120.93,1127.32,11463.919
2026-09-08 05:15:00,1127.33,1143.17,1126.62,1135.55,35088.546
2026-09-08 05:30:00,1135.54,1137.8,1128.29,1130.36,14152.877
2026-09-08 05:45:00,1130.37,1132.77,1125.34,1127.6,10665.137
2026-09-08 06:00:00,1127.6,1139.47,1126.53,1132.98,16787.856
2026-09-08 06:15:00,1132.98,1134.84,1128.12,1130.25,10755.326
2026-09-08 06:30:00,1130.24,1131.15,1126.02,1129.76,7398.099
2026-09-08 06:45:00,1129.75,1133.0,1123.4,1128.81,12604.205
2026-09-08 07:00:00,1128.81,1129.01,1122.37,1122.89,9931.073
2026-09-08 07:15:00,1122.9,1128.0,1116.4,1124.22,16373.96
2026-09-08 07:30:00,1124.23,1130.75,1121.15,1121.16,12173.225
2026-09-08 07:45:00,1121.16,1125.0,1114.49,1123.74,19897.162
2026-09-08 08:00:00,1123.74,1128.54,1119.03,1126.46,12138.551
2026-09-08 08:15:00,1126.47,1128.5,1120.0,1125.18,10032.722
2026-09-08 08:30:00,1125.17,1136.44,1124.0,1132.69,18405.457
2026-09-08 08:45:00,1132.7,1136.94,1129.16,1130.77,13838.818
2026-09-08 09:00:00,1130.77,1132.67,1125.25,1131.17,7753.326
2026-09-08 09:15:00,1131.18,1134.99,1129.65,1130.66,7669.476
2026-09-08 09:30:00,1130.66,1142.69,1127.29,1140.64,20192.539
2026-09-08 09:45:00,1140.64,1165.0,1139.24,1150.06,51744.329
2026-09-08 10:00:00,1150.05,1155.91,1140.1,1151.67,33128.887
2026-09-08 10:15:00,1151.68,1162.01,1148.68,1154.52,24928.177
2026-09-08 10:30:00,1154.52,1155.12,1143.35,1148.09,19160.99
2026-09-08 10:45:00,1148.05,1149.79,1145.88,1147.01,6365.769
2026-09-08 11:00:00,1147.01,1153.95,1145.39,1152.55,15346.947
2026-09-08 11:15:00,1152.54,1167.31,1149.08,1153.11,27707.826
2026-09-08 11:30:00,1153.1,1173.5,1149.73,1167.69,34085.508
2026-09-08 11:45:00,1167.7,1168.2,1152.41,1157.54,24209.365
2026-09-08 12:00:00,1157.53,1157.53,1148.58,1150.01,14425.837
2026-09-08 12:15:00,1150.0,1163.45,1150.0,1160.52,14028.618
2026-09-08 12:30:00,1160.51,1161.12,1152.57,1153.04,8235.171
2026-09-08 12:45:00,1153.04,1163.89,1153.04,1159.97,13794.614
2026-09-08 13:00:00,1159.97,1160.59,1154.76,1157.23,8045.269
2026-09-08 13:15:00,1157.23,1161.38,1153.82,1157.35,8298.923
2026-09-08 13:30:00,1157.35,1158.65,1126.75,1138.49,65553.689
2026-09-08 13:45:00,1138.49,1157.94,1138.48,1153.39,39859.927
2026-09-08 14:00:00,1153.38,1168.46,1151.0,1161.52,34904.9
2026-09-08 14:15:00,1161.51,1165.86,1155.19,1163.04,19987.938
2026-09-08 14:30:00,1163.08,1179.11,1163.08,1176.25,42042.177
2026-09-08 14:45:00,1176.25,1192.58,1169.97,1173.55,66288.571
2026-09-08 15:00:00,1173.55,1182.78,1170.45,1180.46,26441.691
2026-09-08 15:15:00,1180.46,1186.32,1173.42,1175.68,24875.25
2026-09-08 15:30:00,1175.68,1186.39,1171.35,1181.97,27555.566
2026-09-08 15:45:00,1181.96,1189.05,1178.87,1182.48,19301.743
2026-09-08 16:00:00,1182.48,1186.87,1176.14,1179.7,18189.007
2026-09-08 16:15:00,1179.71,1194.77,1174.36,1187.67,35776.778
2026-09-08 16:30:00,1187.68,1211.68,1187.65,1205.44,55983.48
2026-09-08 16:45:00,1205.44,1206.31,1186.79,1193.17,35700.2
2026-09-08 17:00:00,1193.18,1193.65,1180.77,1185.76,29446.254
2026-09-08 17:15:00,1185.76,1188.39,1175.67,1180.94,22751.181
2026-09-08 17:30:00,1180.94,1186.43,1173.53,1174.83,16902.074
2026-09-08 17:45:00,1174.84,1179.64,1173.53,1175.29,12690.319
2026-09-08 18:00:00,1175.29,1182.77,1174.5,1180.41,14326.699
2026-09-08 18:15:00,1180.41,1181.84,1164.16,1169.23,22552.344
2026-09-08 18:30:00,1169.24,1173.79,1165.02,1169.05,14015.49
2026-09-08 18:45:00,1169.06,1171.19,1156.92,1159.94,27137.324
2026-09-08 19:00:00,1159.95,1162.29,1155.56,1156.15,15526.666
2026-09-08 19:15:00,1156.15,1157.54,1148.18,1151.85,22452.526
2026-09-08 19:30:00,1151.9,1157.7,1149.42,1153.41,14867.808
2026-09-08 19:45:00,1153.41,1155.92,1145.07,1147.54,15242.132
2026-09-08 20:00:00,1147.54,1154.39,1145.01,1150.53,18697.499
2026-09-08 20:15:00,1150.54,1150.81,1143.0,1149.8,12370.229
2026-09-08 20:30:00,1149.79,1156.53,1148.1,1154.27,13007.889
2026-09-08 20:45:00,1154.26,1159.08,1153.22,1155.72,10087.95
2026-09-08 21:00:00,1155.72,1171.57,1155.72,1168.47,17110.711
2026-09-08 21:15:00,1168.47,1173.14,1166.08,1168.08,14489.589
2026-09-08 21:30:00,1168.08,1170.73,1163.62,1168.77,9183.701
2026-09-08 21:45:00,1168.76,1170.21,1162.9,1163.58,4704.314
2026-09-08 22:00:00,1163.59,1173.24,1163.59,1170.83,10042.43
2026-09-08 22:15:00,1170.82,1178.0,1167.34,1173.13,9504.556
2026-09-08 22:30:00,1173.13,1178.89,1170.5,1175.91,9502.286
2026-09-08 22:45:00,1175.91,1183.0,1175.49,1178.48,11431.147
2026-09-08 23:00:00,1178.47,1182.98,1178.47,1180.58,9443.067
2026-09-08 23:15:00,1180.59,1183.68,1176.45,1179.7,8936.258
2026-09-08 23:30:00,1179.71,1180.46,1175.76,1177.48,6171.274
2026-09-08 23:45:00,1177.48,1178.36,1175.35,1177.14,5019.409
2026-09-09 00:00:00,1177.13,1183.9,1176.31,1181.54,8038.289
2026-09-09 00:15:00,1181.55,1188.04,1179.73,1184.97,11262.713
2026-09-09 00:30:00,1184.98,1187.28,1180.28,1186.67,7846.352
2026-09-09 00:45:00,1186.67,1189.99,1183.63,1187.13,10227.452
2026-09-09 01:00:00,1187.12,1188.37,1183.24,1185.65,8098.515
2026-09-09 01:15:00,1185.65,1185.9,1178.0,1178.97,11299.612
2026-09-09 01:30:00,1178.98,1186.99,1178.42,1186.49,6885.34
2026-09-09 01:45:00,1186.49,1188.09,1183.08,1184.21,6963.006
2026-09-09 02:00:00,1184.22,1185.93,1180.01,1182.21,8996.87
2026-09-09 02:15:00,1182.2,1186.61,1178.77,1183.91,7546.326
2026-09-09 02:30:00,1183.91,1183.91,1180.71,1182.16,3372.466
2026-09-09 02:45:00,1182.16,1183.8,1179.78,1180.41,5147.03
2026-09-09 03:00:00,1180.41,1187.47,1178.11,1182.24,10217.974
2026-09-09 03:15:00,1182.24,1182.55,1172.57,1176.64,13100.648
2026-09-09 03:30:00,1176.65,1184.95,1176.65,1183.09,6306.032
2026-09-09 03:45:00,1183.08,1192.0,1182.06,1185.93,15508.895
2026-09-09 04:00:00,1185.98,1206.43,1185.98,1199.43,42603.132
2026-09-09 04:15:00,1199.42,1215.87,1198.01,1211.52,31352.493
2026-09-09 04:30:00,1211.51,1238.0,1208.0,1235.19,74875.287
2026-09-09 04:45:00,1235.2,1265.27,1227.07,1243.32,113384.742
2026-09-09 05:00:00,1243.33,1246.98,1238.08,1244.49,36661.097
2026-09-09 05:15:00,1244.34,1247.59,1239.0,1241.31,21979.041
2026-09-09 05:30:00,1241.31,1242.42,1208.38,1216.22,84284.441
2026-09-09 05:45:00,1216.23,1217.4,1200.01,1212.57,45904.042
2026-09-09 06:00:00,1212.58,1232.35,1211.03,1226.91,36624.991
2026-09-09 06:15:00,1226.91,1235.0,1223.7,1225.7,25364.477
2026-09-09 06:30:00,1225.71,1232.3,1225.37,1229.59,12615.487
2026-09-09 06:45:00,1229.6,1230.06,1217.41,1224.56,15795.432
2026-09-09 07:00:00,1224.56,1243.0,1223.0,1233.37,31986.287
2026-09-09 07:15:00,1233.36,1240.82,1230.34,1234.07,18985.67
2026-09-09 07:30:00,1234.06,1245.0,1231.01,1239.74,21496.062
2026-09-09 07:45:00,1239.74,1244.76,1236.8,1237.92,14772.748
2026-09-09 08:00:00,1237.92,1239.09,1230.17,1232.48,13963.538
2026-09-09 08:15:00,1232.49,1244.65,1232.23,1240.07,15471.701
2026-09-09 08:30:00,1240.07,1245.0,1235.26,1240.96,17530.118
2026-09-09 08:45:00,1240.95,1247.36,1240.12,1244.65,14055.016
2026-09-09 09:00:00,1244.65,1259.98,1241.55,1252.01,54804.934
2026-09-09 09:15:00,1252.0,1252.06,1236.95,1239.25,24141.441
2026-09-09 09:30:00,1239.26,1243.55,1232.02,1234.06,18329.323
2026-09-09 09:45:00,1234.06,1239.0,1232.75,1235.95,21437.398
2026-09-09 10:00:00,1235.95,1246.22,1233.35,1237.89,28151.028
2026-09-09 10:15:00,1237.98,1245.94,1234.0,1242.7,18921.979
2026-09-09 10:30:00,1242.55,1251.04,1238.0,1239.79,17791.703
2026-09-09 10:45:00,1239.79,1244.95,1236.75,1242.06,13263.656
2026-09-09 11:00:00,1242.06,1258.0,1236.02,1246.85,32937.951
2026-09-09 11:15:00,1246.85,1278.04,1243.3,1269.56,91376.639
2026-09-09 11:30:00,1269.57,1275.0,1256.84,1258.22,48538.649
2026-09-09 11:45:00,1258.22,1271.88,1257.98,1267.16,20371.856
2026-09-09 12:00:00,1267.15,1274.99,1263.72,1271.01,29526.039
2026-09-09 12:15:00,1271.06,1273.49,1261.51,1263.57,18957.878
2026-09-09 12:30:00,1263.57,1271.37,1260.1,1262.03,21909.17
2026-09-09 12:45:00,1262.03,1267.99,1260.36,1264.68,11786.557
2026-09-09 13:00:00,1264.67,1267.0,1258.01,1263.09,17577.529
2026-09-09 13:15:00,1263.09,1265.25,1258.5,1263.53,9598.613
2026-09-09 13:30:00,1263.5,1294.33,1261.63,1269.62,90970.847
2026-09-09 13:45:00,1269.62,1278.93,1268.76,1269.99,32386.009
2026-09-09 14:00:00,1269.9,1286.0,1262.56,1283.58,45483.972
2026-09-09 14:15:00,1283.58,1291.33,1275.0,1285.57,35856.324
2026-09-09 14:30:00,1285.57,1297.5,1280.11,1283.74,46425.742
2026-09-09 14:45:00,1283.75,1291.43,1270.1,1284.69,46728.801
2026-09-09 15:00:00,1284.68,1295.0,1260.12,1267.95,68992.688
2026-09-09 15:15:00,1267.96,1269.74,1246.0,1264.62,75651.601
2026-09-09 15:30:00,1264.57,1273.93,1259.75,1268.82,36021.678
2026-09-09 15:45:00,1268.83,1275.75,1265.58,1269.0,17129.932
2026-09-09 16:00:00,1269.01,1280.7,1266.42,1278.82,26995.216
2026-09-09 16:15:00,1278.81,1279.91,1269.55,1275.17,16610.479
2026-09-09 16:30:00,1275.16,1293.3,1275.16,1283.08,33482.998
2026-09-09 16:45:00,1283.09,1284.67,1267.92,1272.48,22344.584
2026-09-09 17:00:00,1272.48,1280.08,1270.76,1274.7,16621.156
2026-09-09 17:15:00,1274.7,1280.54,1268.68,1278.95,17946.025
2026-09-09 17:30:00,1278.95,1282.97,1272.34,1276.68,13413.688
2026-09-09 17:45:00,1276.67,1277.83,1265.03,1265.93,15306.547
2026-09-09 18:00:00,1265.93,1267.27,1259.0,1261.99,17932.548
2026-09-09 18:15:00,1261.99,1271.79,1257.41,1271.11,18537.664
2026-09-09 18:30:00,1271.1,1278.28,1269.08,1274.17,19134.124
2026-09-09 18:45:00,1274.16,1274.26,1264.77,1271.33,12982.922
2026-09-09 19:00:00,1271.33,1275.25,1253.95,1258.73,28417.501
2026-09-09 19:15:00,1258.74,1266.36,1258.74,1264.2,8793.246
2026-09-09 19:30:00,1264.2,1265.0,1249.13,1251.5,19758.264
2026-09-09 19:45:00,1251.5,1255.24,1247.09,1250.56,17932.91
2026-09-09 20:00:00,1250.53,1254.28,1245.48,1251.93,19581.98
2026-09-09 20:15:00,1251.93,1261.04,1232.32,1236.09,38384.431
2026-09-09 20:30:00,1236.06,1252.85,1235.7,1247.53,19891.191
2026-09-09 20:45:00,1247.54,1249.97,1240.42,1249.21,11876.156
2026-09-09 21:00:00,1249.2,1249.66,1235.35,1239.95,13270.102
2026-09-09 21:15:00,1239.94,1248.78,1235.57,1244.94,13309.22
2026-09-09 21:30:00,1244.93,1245.01,1236.75,1240.48,9137.914
2026-09-09 21:45:00,1240.47,1245.1,1233.86,1235.28,13479.351
2026-09-09 22:00:00,1235.27,1238.56,1221.0,1233.5,47084.59
2026-09-09 22:15:00,1233.5,1246.92,1230.57,1244.56,16128.292
2026-09-09 22:30:00,1244.56,1246.8,1239.4,1240.56,8570.133
2026-09-09 22:45:00,1240.56,1241.05,1227.12,1228.12,15181.134
2026-09-09 23:00:00,1228.11,1245.94,1228.11,1241.44,19319.161
2026-09-09 23:15:00,1241.43,1241.44,1233.64,1240.12,8581.857
2026-09-09 23:30:00,1240.11,1243.48,1236.68,1242.58,7689.115
2026-09-09 23:45:00,1242.57,1248.37,1240.0,1243.68,11402.951
2026-09-10 00:00:00,1243.67,1257.5,1237.63,1240.58,21221.712
2026-09-10 00:15:00,1240.58,1242.97,1234.44,1236.06,11696.376
2026-09-10 00:30:00,1236.05,1238.91,1230.68,1232.18,13164.884
2026-09-10 00:45:00,1232.18,1235.67,1227.4,1230.63,13969.204
2026-09-10 01:00:00,1230.64,1245.36,1230.16,1236.46,17128.724
2026-09-10 01:15:00,1236.45,1237.49,1222.98,1229.79,20968.281
2026-09-10 01:30:00,1229.8,1234.56,1211.03,1222.69,27968.27
2026-09-10 01:45:00,1222.68,1228.32,1204.78,1212.86,46536.83
2026-09-10 02:00:00,1212.86,1219.37,1205.71,1218.31,23145.632
2026-09-10 02:15:00,1218.3,1221.78,1213.69,1219.24,11202.213
2026-09-10 02:30:00,1219.24,1235.96,1219.02,1234.13,28840.108
2026-09-10 02:45:00,1234.11,1246.98,1233.02,1246.82,29184.551
2026-09-10 03:00:00,1246.67,1248.15,1236.65,1237.01,18394.328
2026-09-10 03:15:00,1237.02,1247.7,1236.05,1242.31,14022.426
2026-09-10 03:30:00,1242.31,1246.99,1240.5,1243.03,10378.657
2026-09-10 03:45:00,1243.03,1245.89,1240.1,1241.76,8190.527
2026-09-10 04:00:00,1241.77,1247.0,1240.83,1242.46,6913.529
2026-09-10 04:15:00,1242.46,1249.96,1242.29,1246.55,8409.421
2026-09-10 04:30:00,1246.54,1251.92,1243.83,1247.83,10813.539
2026-09-10 04:45:00,1247.83,1248.24,1242.71,1243.78,8146.742
2026-09-10 05:00:00,1243.77,1249.0,1238.31,1247.21,11708.564
2026-09-10 05:15:00,1247.12,1247.4,1230.66,1236.73,20426.331
2026-09-10 05:30:00,1236.74,1245.0,1234.16,1239.78,10364.81
2026-09-10 05:45:00,1239.77,1241.57,1232.0,1235.89,8206.372
2026-09-10 06:00:00,1235.89,1236.48,1222.64,1223.03,16883.471
2026-09-10 06:15:00,1223.1,1224.87,1211.75,1217.54,28353.434
2026-09-10 06:30:00,1217.55,1229.47,1216.67,1226.19,17904.65
2026-09-10 06:45:00,1226.19,1234.85,1226.16,1230.13,15454.236
2026-09-10 07:00:00,1230.13,1230.18,1215.6,1218.59,19132.24
2026-09-10 07:15:00,1218.59,1218.59,1210.76,1214.01,18604.858
2026-09-10 07:30:00,1214.01,1216.05,1208.55,1209.99,18607.046
2026-09-10 07:45:00,1209.99,1218.51,1209.77,1215.27,13311.079
2026-09-10 08:00:00,1215.26,1219.0,1212.6,1215.4,10689.267
2026-09-10 08:15:00,1215.4,1222.59,1214.47,1221.4,11847.198
2026-09-10 08:30:00,1221.4,1222.93,1217.43,1220.28,6862.54
2026-09-10 08:45:00,1220.29,1225.0,1217.83,1224.23,10612.702
2026-09-10 09:00:00,1224.22,1225.98,1218.72,1219.78,10941.912
2026-09-10 09:15:00,1219.78,1227.26,1219.63,1226.72,10393.717
2026-09-10 09:30:00,1226.73,1226.8,1214.58,1215.92,15893.722
2026-09-10 09:45:00,1215.93,1224.45,1215.63,1222.35,9261.905
2026-09-10 10:00:00,1222.33,1227.78,1221.07,1225.66,9934.911
2026-09-10 10:15:00,1225.66,1228.85,1215.9,1222.02,10244.919
2026-09-10 10:30:00,1222.02,1231.01,1219.31,1228.85,10628.589
2026-09-10 10:45:00,1228.86,1229.67,1218.39,1219.7,9721.31
2026-09-10 11:00:00,1219.69,1226.1,1216.45,1225.86,8694.337
2026-09-10 11:15:00,1225.9,1229.61,1221.8,1226.1,9388.405
2026-09-10 11:30:00,1226.11,1238.32,1225.82,1233.22,19938.661
2026-09-10 11:45:00,1233.22,1234.53,1220.52,1221.07,13772.588
2026-09-10 12:00:00,1221.05,1222.93,1210.01,1211.83,31074.639
2026-09-10 12:15:00,1211.84,1217.32,1210.0,1215.94,15695.118
2026-09-10 12:30:00,1215.98,1223.5,1203.14,1213.57,58854.077
2026-09-10 12:45:00,1213.57,1215.43,1175.1,1189.05,125720.537
2026-09-10 13:00:00,1189.05,1195.54,1161.1,1166.17,86437.117
2026-09-10 13:15:00,1166.17,1179.11,1165.2,1171.92,44271.274
2026-09-10 13:30:00,1171.93,1176.36,1165.03,1168.41,37503.147
2026-09-10 13:45:00,1168.42,1173.56,1161.1,1169.8,40404.764
2026-09-10 14:00:00,1169.8,1185.75,1165.24,1165.59,48804.134
2026-09-10 14:15:00,1165.59,1180.0,1156.28,1176.48,60718.088
2026-09-10 14:30:00,1176.49,1179.31,1170.96,1178.56,18669.779
2026-09-10 14:45:00,1178.56,1182.95,1173.31,1179.21,19710.894
2026-09-10 15:00:00,1179.2,1179.21,1170.52,1171.86,11971.608
2026-09-10 15:15:00,1171.86,1173.72,1164.35,1166.03,15105.431
2026-09-10 15:30:00,1166.04,1172.6,1164.55,1168.11,11768.29
2026-09-10 15:45:00,1168.04,1172.26,1165.27,1168.17,12437.021
2026-09-10 16:00:00,1168.17,1171.0,1151.11,1154.68,44833.238
2026-09-10 16:15:00,1154.68,1156.71,1124.4,1125.89,106766.732
2026-09-10 16:30:00,1125.9,1131.99,1112.15,1125.73,87835.086
2026-09-10 16:45:00,1125.73,1138.03,1125.72,1131.28,35520.301
2026-09-10 17:00:00,1131.27,1139.15,1128.85,1136.52,20605.714
2026-09-10 17:15:00,1136.51,1151.83,1133.46,1147.12,42989.124
2026-09-10 17:30:00,1147.13,1163.41,1145.0,1154.66,59748.15
2026-09-10 17:45:00,1154.66,1159.14,1138.3,1142.63,26993.384
2026-09-10 18:00:00,1142.63,1146.0,1129.26,1134.49,29384.313
2026-09-10 18:15:00,1134.5,1138.2,1124.75,1128.76,28221.435
2026-09-10 18:30:00,1128.76,1130.1,1116.87,1123.33,30731.894
2026-09-10 18:45:00,1123.34,1141.75,1120.88,1139.51,32843.389
2026-09-10 19:00:00,1139.52,1139.77,1127.39,1132.43,16923.081
2026-09-10 19:15:00,1132.44,1135.79,1125.39,1131.64,13429.216
2026-09-10 19:30:00,1131.64,1132.89,1121.84,1129.97,18939.813
2026-09-10 19:45:00,1129.97,1131.49,1119.85,1124.54,19372.485
2026-09-10 20:00:00,1124.54,1133.59,1120.0,1132.86,16254.018
2026-09-10 20:15:00,1132.87,1134.96,1127.78,1134.1,9718.069
2026-09-10 20:30:00,1134.1,1135.48,1125.84,1131.01,9173.675
2026-09-10 20:45:00,1131.0,1135.0,1125.95,1130.92,7167.393
2026-09-10 21:00:00,1130.91,1134.43,1125.8,1130.6,7105.754
2026-09-10 21:15:00,1130.6,1134.75,1130.06,1133.88,5390.531
2026-09-10 21:30:00,1133.87,1134.22,1126.38,1132.71,5848.899
2026-09-10 21:45:00,1132.72,1139.13,1130.83,1133.27,8672.403
2026-09-10 22:00:00,1133.27,1141.7,1133.0,1138.89,13413.723
2026-09-10 22:15:00,1138.88,1143.1,1130.49,1130.85,12578.667
2026-09-10 22:30:00,1130.85,1135.18,1106.55,1119.56,61262.383
2026-09-10 22:45:00,1119.52,1122.25,1089.01,1093.25,72369.833
2026-09-10 23:00:00,1093.25,1103.75,1072.45,1074.21,62279.662
2026-09-10 23:15:00,1074.22,1080.38,1070.13,1070.8,37981.426
2026-09-10 23:30:00,1070.79,1088.36,1066.19,1085.92,39311.677
2026-09-10 23:45:00,1085.91,1086.9,1075.81,1079.65,19040.971
2026-09-11 00:00:00,1079.66,1092.0,1078.49,1086.65,22479.7
2026-09-11 00:15:00,1086.66,1089.93,1082.29,1087.07,12561.067
2026-09-11 00:30:00,1087.07,1090.0,1080.32,1087.18,12792.833
2026-09-11 00:45:00,1087.17,1088.35,1080.74,1084.37,14495.357
2026-09-11 01:00:00,1084.37,1102.38,1083.45,1093.67,29211.77
2026-09-11 01:15:00,1093.68,1096.37,1078.16,1081.76,25284.567
2026-09-11 01:30:00,1081.77,1087.85,1072.25,1080.72,26065.778
2026-09-11 01:45:00,1080.73,1085.2,1076.99,1081.2,11334.799
2026-09-11 02:00:00,1081.21,1088.13,1078.96,1083.32,11262.494
2026-09-11 02:15:00,1083.32,1083.33,1055.1,1061.34,49677.67
2026-09-11 02:30:00,1061.33,1071.36,1055.6,1069.65,32111.745
2026-09-11 02:45:00,1069.66,1073.89,1065.28,1069.92,15211.794
2026-09-11 03:00:00,1069.93,1072.72,1053.79,1066.27,39027.181
2026-09-11 03:15:00,1066.27,1067.63,1058.18,1063.92,15376.963
2026-09-11 03:30:00,1063.92,1072.0,1060.19,1071.27,17563.186
2026-09-11 03:45:00,1071.27,1071.49,1063.37,1066.89,9399.95
2026-09-11 04:00:00,1066.88,1074.97,1064.46,1071.8,19351.656
2026-09-11 04:15:00,1071.8,1093.39,1069.36,1086.83,38844.391
2026-09-11 04:30:00,1086.79,1088.34,1080.1,1081.71,14736.841
2026-09-11 04:45:00,1081.71,1089.29,1080.45,1086.66,14994.027
2026-09-11 05:00:00,1086.65,1089.18,1082.45,1088.1,13985.947
2026-09-11 05:15:00,1088.1,1088.52,1083.05,1086.32,8774.644
2026-09-11 05:30:00,1086.33,1101.37,1086.29,1090.87,30847.696
2026-09-11 05:45:00,1090.87,1098.85,1089.66,1097.09,18461.787
2026-09-11 06:00:00,1097.09,1101.8,1094.05,1100.13,17441.697
2026-09-11 06:15:00,1100.14,1106.5,1096.12,1100.35,27940.454
2026-09-11 06:30:00,1100.35,1103.79,1094.02,1102.78,14818.392
2026-09-11 06:45:00,1102.77,1108.94,1100.19,1102.46,15040.984
2026-09-11 07:00:00,1102.39,1114.34,1101.67,1109.38,32466.298
2026-09-11 07:15:00,1109.38,1118.39,1107.37,1111.68,27903.715
2026-09-11 07:30:00,1111.69,1116.66,1110.5,1113.95,14624.665
2026-09-11 07:45:00,1113.95,1117.74,1108.54,1111.23,17803.49
2026-09-11 08:00:00,1111.24,1113.23,1104.43,1107.43,15402.507
2026-09-11 08:15:00,1107.5,1116.49,1105.72,1114.27,14072.492
2026-09-11 08:30:00,1114.27,1122.0,1113.39,1118.13,19083.148
2026-09-11 08:45:00,1118.12,1119.0,1111.33,1114.66,11522.034
2026-09-11 09:00:00,1114.64,1115.2,1108.86,1110.51,13769.38
2026-09-11 09:15:00,1110.52,1111.26,1105.32,1105.76,12831.001
2026-09-11 09:30:00,1105.75,1108.36,1092.06,1094.4,34785.648
2026-09-11 09:45:00,1094.4,1105.48,1094.32,1103.54,16347.535
2026-09-11 10:00:00,1103.53,1112.73,1098.76,1106.97,25946.171
2026-09-11 10:15:00,1106.97,1114.0,1102.6,1103.53,15106.532
2026-09-11 10:30:00,1103.52,1106.03,1099.91,1100.85,8480.905
2026-09-11 10:45:00,1100.85,1101.92,1097.6,1098.68,8919.154
2026-09-11 11:00:00,1098.68,1099.26,1086.06,1091.6,28863.003
2026-09-11 11:15:00,1091.61,1094.63,1088.0,1090.97,14981.864
2026-09-11 11:30:00,1090.98,1096.61,1088.28,1094.82,10096.173
2026-09-11 11:45:00,1094.82,1102.81,1094.66,1101.11,15551.577
2026-09-11 12:00:00,1101.11,1103.76,1090.34,1095.16,18595.236
2026-09-11 12:15:00,1095.17,1149.76,1091.83,1120.6,65710.526
2026-09-11 12:30:00,1120.83,1167.6,1100.0,1152.78,181005.573
2026-09-11 12:45:00,1152.78,1172.13,1149.52,1151.41,88368.561
2026-09-11 13:00:00,1151.41,1157.24,1140.83,1153.36,52897.787
2026-09-11 13:15:00,1153.7,1165.52,1149.28,1151.05,41475.559
2026-09-11 13:30:00,1150.95,1159.83,1137.6,1157.74,43321.659
2026-09-11 13:45:00,1157.75,1209.6,1155.45,1207.63,141895.393
2026-09-11 14:00:00,1207.64,1217.78,1191.24,1209.0,116848.274
2026-09-11 14:15:00,1209.03,1213.98,1190.7,1198.66,46268.215
2026-09-11 14:30:00,1198.67,1198.91,1176.32,1182.18,59347.258
2026-09-11 14:45:00,1182.19,1193.13,1171.0,1187.6,49336.867
2026-09-11 15:00:00,1187.61,1195.17,1178.82,1180.02,30411.722
2026-09-11 15:15:00,1180.03,1205.0,1178.89,1197.71,40759.802
2026-09-11 15:30:00,1197.61,1209.6,1196.7,1200.09,34609.971
2026-09-11 15:45:00,1200.12,1200.21,1148.6,1163.63,111565.724
2026-09-11 16:00:00,1163.63,1179.75,1162.05,1172.15,44253.713
2026-09-11 16:15:00,1172.15,1175.35,1152.0,1166.47,56632.004
2026-09-11 16:30:00,1166.46,1174.81,1160.76,1173.65,26367.541
2026-09-11 16:45:00,1173.66,1189.0,1172.06,1186.42,35922.472
2026-09-11 17:00:00,1186.42,1188.96,1175.74,1177.1,28502.627
2026-09-11 17:15:00,1177.1,1184.93,1172.7,1181.0,20517.042
2026-09-11 17:30:00,1181.01,1184.12,1170.01,1174.74,17047.292
2026-09-11 17:45:00,1174.67,1181.66,1172.05,1176.96,13776.145
2026-09-11 18:00:00,1176.97,1179.98,1158.75,1175.61,38899.681
2026-09-11 18:15:00,1175.58,1180.0,1168.2,1171.49,20007.006
2026-09-11 18:30:00,1171.48,1173.08,1165.49,1172.08,13227.443
2026-09-11 18:45:00,1172.08,1178.89,1161.14,1165.54,17468.759
2026-09-11 19:00:00,1165.53,1167.5,1152.0,1156.68,28958.164
2026-09-11 19:15:00,1156.68,1171.99,1150.34,1167.71,23473.88
2026-09-11 19:30:00,1167.7,1168.16,1158.88,1167.95,11789.563
2026-09-11 19:45:00,1167.96,1180.0,1166.89,1174.5,25280.073
2026-09-11 20:00:00,1174.51,1193.94,1173.72,1183.62,25224.29
2026-09-11 20:15:00,1183.62,1183.64,1174.62,1175.48,11250.188
2026-09-11 20:30:00,1175.48,1185.45,1168.76,1179.61,14514.094
2026-09-11 20:45:00,1179.61,1183.35,1173.82,1182.08,10205.157
2026-09-11 21:00:00,1182.09,1187.97,1179.28,1186.02,8765.611
2026-09-11 21:15:00,1186.02,1189.83,1177.8,1178.92,8193.99
2026-09-11 21:30:00,1178.93,1180.88,1174.19,1176.07,5911.867
2026-09-11 21:45:00,1176.07,1176.9,1153.71,1157.8,19812.353
2026-09-11 22:00:00,1157.8,1168.14,1152.21,1166.66,24206.898
2026-09-11 22:15:00,1166.67,1168.65,1158.68,1159.84,9955.085
2026-09-11 22:30:00,1159.84,1169.0,1155.35,1164.62,13218.778
2026-09-11 22:45:00,1164.62,1164.66,1151.0,1158.71,22797.192
2026-09-11 23:00:00,1158.71,1163.74,1154.7,1163.57,8033.957
2026-09-11 23:15:00,1163.57,1168.42,1156.49,1162.86,12258.313
2026-09-11 23:30:00,1162.86,1163.92,1149.0,1159.1,17338.722
2026-09-11 23:45:00,1159.1,1165.56,1158.84,1164.19,5970.264
2026-09-12 00:00:00,1164.18,1165.23,1156.18,1161.49,11128.376
2026-09-12 00:15:00,1161.49,1162.27,1155.36,1157.41,7082.69
2026-09-12 00:30:00,1157.41,1163.21,1153.85,1161.48,8378.494
2026-09-12 00:45:00,1161.49,1162.7,1155.26,1155.41,7367.454
2026-09-12 01:00:00,1155.42,1161.0,1152.0,1160.63,9473.946
2026-09-12 01:15:00,1160.63,1161.62,1143.03,1144.53,22097.994
2026-09-12 01:30:00,1144.54,1145.09,1134.47,1137.06,25986.679
2026-09-12 01:45:00,1137.07,1144.35,1132.0,1139.67,18146.936
2026-09-12 02:00:00,1139.67,1144.09,1137.69,1141.8,7574.33
2026-09-12 02:15:00,1141.8,1144.72,1139.77,1142.54,5602.111
2026-09-12 02:30:00,1142.54,1145.0,1135.19,1135.5,12637.606
2026-09-12 02:45:00,1135.5,1141.66,1131.25,1140.24,10467.918
2026-09-12 03:00:00,1140.24,1141.85,1134.86,1135.26,7869.601
2026-09-12 03:15:00,1135.26,1140.0,1127.85,1133.36,17058.95
2026-09-12 03:30:00,1133.35,1134.23,1128.66,1130.36,7506.696
2026-09-12 03:45:00,1130.32,1135.79,1125.24,1134.2,11713.813
2026-09-12 04:00:00,1134.19,1139.0,1129.41,1135.77,9945.099
2026-09-12 04:15:00,1135.77,1139.77,1135.15,1137.4,8853.735
2026-09-12 04:30:00,1137.4,1143.06,1135.28,1135.33,11393.628
2026-09-12 04:45:00,1135.32,1140.29,1132.11,1134.73,10939.178
2026-09-12 05:00:00,1134.72,1137.36,1129.12,1129.31,7234.936
2026-09-12 05:15:00,1129.32,1133.79,1127.4,1128.6,8271.798
2026-09-12 05:30:00,1128.59,1133.15,1128.25,1129.64,7461.454
2026-09-12 05:45:00,1129.64,1132.33,1125.64,1126.32,8010.662
2026-09-12 06:00:00,1126.32,1126.91,1120.82,1124.92,15242.134
2026-09-12 06:15:00,1124.92,1131.33,1124.88,1128.07,7145.379
2026-09-12 06:30:00,1128.07,1131.2,1126.55,1130.9,8709.871
2026-09-12 06:45:00,1130.9,1134.81,1129.04,1130.59,10475.368
2026-09-12 07:00:00,1130.58,1152.0,1129.6,1144.14,33904.811
2026-09-12 07:15:00,1144.13,1146.87,1141.18,1143.49,12239.224
2026-09-12 07:30:00,1143.49,1149.55,1141.0,1147.2,11162.146
2026-09-12 07:45:00,1147.2,1151.92,1146.44,1149.17,12938.19
2026-09-12 08:00:00,1149.16,1150.21,1145.13,1146.64,10481.06
2026-09-12 08:15:00,1146.65,1149.62,1145.08,1146.53,7688.721
2026-09-12 08:30:00,1146.53,1149.45,1142.54,1147.77,9347.665
2026-09-12 08:45:00,1147.78,1155.76,1147.46,1151.2,15393.361
2026-09-12 09:00:00,1151.19,1152.65,1147.54,1150.38,8247.072
2026-09-12 09:15:00,1150.38,1155.5,1150.15,1153.27,8119.786
2026-09-12 09:30:00,1153.28,1154.0,1146.79,1148.25,6878.296
2026-09-12 09:45:00,1148.25,1152.92,1146.22,1151.44,7831.642
2026-09-12 10:00:00,1151.44,1157.43,1149.45,1153.4,9238.528
2026-09-12 10:15:00,1153.41,1154.98,1151.38,1154.54,4310.048
2026-09-12 10:30:00,1154.53,1155.09,1150.08,1152.07,7532.923
2026-09-12 10:45:00,1152.07,1153.26,1148.31,1152.48,7274.35
2026-09-12 11:00:00,1152.48,1156.11,1149.72,1154.02,6453.801
2026-09-12 11:15:00,1154.03,1154.8,1152.03,1152.61,4369.944
2026-09-12 11:30:00,1152.6,1152.78,1148.65,1150.51,6755.467
2026-09-12 11:45:00,1150.5,1152.15,1148.5,1151.07,5776.617
2026-09-12 12:00:00,1151.07,1151.83,1146.42,1147.3,5830.007
2026-09-12 12:15:00,1147.29,1151.0,1147.29,1148.64,4546.611
2026-09-12 12:30:00,1148.64,1165.69,1148.64,1157.41,23253.714
2026-09-12 12:45:00,1157.41,1163.29,1157.41,1159.21,10354.576
2026-09-12 13:00:00,1159.2,1162.3,1151.58,1152.7,11370.282
2026-09-12 13:15:00,1152.71,1155.6,1150.79,1152.81,9125.73
2026-09-12 13:30:00,1152.81,1155.44,1150.8,1154.66,6379.13
2026-09-12 13:45:00,1154.65,1154.65,1147.09,1151.2,9413.709
2026-09-12 14:00:00,1151.21,1152.76,1148.0,1149.42,6386.083
2026-09-12 14:15:00,1149.42,1152.97,1148.2,1150.07,6005.676
2026-09-12 14:30:00,1150.08,1150.08,1139.79,1146.92,16875.822
2026-09-12 14:45:00,1146.91,1147.93,1142.17,1142.92,7869.429
2026-09-12 15:00:00,1142.93,1146.83,1142.0,1143.49,8183.347
2026-09-12 15:15:00,1143.49,1145.04,1140.75,1143.6,7171.451
2026-09-12 15:30:00,1143.61,1145.19,1136.37,1140.32,13506.203
2026-09-12 15:45:00,1140.32,1142.4,1136.5,1138.38,7314.706
2026-09-12 16:00:00,1138.38,1142.21,1136.32,1141.32,6152.344
2026-09-12 16:15:00,1141.32,1143.94,1140.52,1142.14,4318.973
2026-09-12 16:30:00,1142.14,1142.63,1135.56,1138.84,6479.623
2026-09-12 16:45:00,1138.84,1143.36,1138.84,1141.07,4953.806
2026-09-12 17:00:00,1141.06,1142.6,1138.26,1139.79,5735.357
2026-09-12 17:15:00,1139.78,1141.05,1136.56,1140.56,4957.785
2026-09-12 17:30:00,1140.56,1140.65,1136.5,1137.15,3627.116
2026-09-12 17:45:00,1137.15,1138.98,1136.79,1137.64,3732.242
2026-09-12 18:00:00,1137.64,1139.16,1131.62,1134.0,10306.747
2026-09-12 18:15:00,1134.0,1136.92,1130.11,1134.02,8145.809
2026-09-12 18:30:00,1134.02,1134.18,1129.12,1130.82,7008.371
2026-09-12 18:45:00,1130.83,1132.42,1121.88,1124.61,18241.057
2026-09-12 19:00:00,1124.62,1129.0,1123.29,1127.02,10030.633
2026-09-12 19:15:00,1127.02,1128.75,1121.23,1123.7,6472.833
2026-09-12 19:30:00,1123.69,1124.42,1110.53,1114.81,27870.395
2026-09-12 19:45:00,1114.82,1121.03,1114.04,1119.24,10578.243
2026-09-12 20:00:00,1119.23,1123.9,1118.15,1122.54,8266.341
2026-09-12 20:15:00,1122.54,1126.05,1121.64,1125.2,5601.629
2026-09-12 20:30:00,1125.21,1128.36,1124.22,1125.91,6579.092
2026-09-12 20:45:00,1125.92,1127.33,1118.01,1122.53,7713.228
2026-09-12 21:00:00,1122.53,1128.24,1121.5,1124.67,7613.937
2026-09-12 21:15:00,1124.67,1124.67,1117.54,1122.34,5981.482
2026-09-12 21:30:00,1122.35,1124.55,1119.78,1123.42,3724.684
2026-09-12 21:45:00,1123.43,1123.6,1119.26,1121.54,3049.171
2026-09-12 22:00:00,1121.57,1124.42,1120.09,1123.34,5165.103
2026-09-12 22:15:00,1123.34,1126.99,1120.36,1120.82,5409.711
2026-09-12 22:30:00,1120.83,1123.84,1118.64,1122.9,5404.986
2026-09-12 22:45:00,1122.91,1124.48,1121.54,1123.28,2614.69
2026-09-12 23:00:00,1123.29,1125.74,1122.76,1123.59,3258.581
2026-09-12 23:15:00,1123.6,1124.49,1121.38,1122.66,3456.652
2026-09-12 23:30:00,1122.67,1125.35,1119.22,1123.83,7319.307
2026-09-12 23:45:00,1123.83,1125.95,1122.05,1122.61,3376.255
2026-09-13 00:00:00,1122.61,1127.77,1120.17,1123.69,6845.505
2026-09-13 00:15:00,1123.69,1123.69,1119.35,1120.39,5515.408
2026-09-13 00:30:00,1120.39,1123.95,1118.69,1119.16,5025.903
2026-09-13 00:45:00,1119.17,1127.85,1117.09,1126.31,10886.149
2026-09-13 01:00:00,1126.3,1130.16,1124.6,1128.14,11164.516
2026-09-13 01:15:00,1128.13,1134.58,1124.73,1129.37,12022.92
2026-09-13 01:30:00,1129.37,1132.64,1124.25,1129.55,7599.541
2026-09-13 01:45:00,1129.56,1129.56,1125.86,1127.14,3863.564
2026-09-13 02:00:00,1127.14,1129.7,1125.5,1128.86,3782.5
2026-09-13 02:15:00,1128.86,1130.05,1125.27,1125.46,3800.747
2026-09-13 02:30:00,1125.45,1127.89,1124.15,1126.45,8226.67
2026-09-13 02:45:00,1126.45,1129.5,1125.11,1125.51,5218.483
2026-09-13 03:00:00,1125.5,1129.27,1125.03,1127.08,3973.687
2026-09-13 03:15:00,1127.08,1138.96,1125.54,1133.8,17518.399
2026-09-13 03:30:00,1133.79,1137.71,1132.05,1133.14,7405.289
2026-09-13 03:45:00,1133.13,1135.13,1131.01,1132.92,5179.701
2026-09-13 04:00:00,1132.92,1142.4,1132.87,1139.14,11262.156
2026-09-13 04:15:00,1139.14,1141.24,1138.63,1140.12,5162.712
2026-09-13 04:30:00,1140.12,1142.58,1138.28,1140.85,5946.747
2026-09-13 04:45:00,1140.84,1142.97,1139.15,1142.09,4595.198
2026-09-13 05:00:00,1142.09,1147.44,1142.08,1144.75,8423.805
2026-09-13 05:15:00,1144.75,1147.39,1142.56,1147.1,5825.947
2026-09-13 05:30:00,1147.09,1156.44,1147.09,1151.81,18002.402
2026-09-13 05:45:00,1151.81,1152.35,1147.44,1147.86,5916.238
2026-09-13 06:00:00,1147.86,1150.8,1139.02,1143.98,15478.48
2026-09-13 06:15:00,1143.98,1145.2,1138.0,1141.14,11401.878
2026-09-13 06:30:00,1141.15,1141.74,1134.22,1140.37,11686.6
2026-09-13 06:45:00,1140.37,1142.87,1132.07,1134.93,14140.168
2026-09-13 07:00:00,1134.94,1146.53,1134.07,1138.31,14091.276
2026-09-13 07:15:00,1138.3,1138.59,1134.31,1137.61,4749.719
2026-09-13 07:30:00,1137.6,1137.6,1129.64,1131.88,10263.49
2026-09-13 07:45:00,1131.89,1133.08,1129.21,1129.93,6029.756
2026-09-13 08:00:00,1129.93,1133.55,1126.28,1128.77,9327.288
2026-09-13 08:15:00,1128.79,1129.98,1123.92,1126.27,8409.8
2026-09-13 08:30:00,1126.27,1127.06,1105.01,1105.31,42534.04
2026-09-13 08:45:00,1105.37,1113.81,1105.0,1109.02,26260.456
2026-09-13 09:00:00,1109.03,1113.01,1106.65,1108.74,15650.543
2026-09-13 09:15:00,1108.75,1110.89,1084.71,1086.24,54779.795
2026-09-13 09:30:00,1086.28,1089.0,1071.63,1080.13,63232.07
2026-09-13 09:45:00,1080.13,1088.44,1075.32,1085.7,23621.473
2026-09-13 10:00:00,1085.74,1096.8,1082.65,1092.3,24832.393
2026-09-13 10:15:00,1092.29,1094.68,1089.43,1093.63,10729.06
2026-09-13 10:30:00,1093.62,1096.0,1088.37,1089.42,13647.194
2026-09-13 10:45:00,1089.42,1095.0,1089.42,1092.14,10284.666
2026-09-13 11:00:00,1092.15,1098.0,1090.37,1091.5,15094.416
2026-09-13 11:15:00,1091.58,1094.86,1090.46,1091.61,6112.139
2026-09-13 11:30:00,1091.62,1097.99,1091.04,1097.5,7501.448
2026-09-13 11:45:00,1097.5,1102.0,1092.54,1093.61,13713.007
2026-09-13 12:00:00,1093.61,1094.11,1091.0,1092.69,5201.915
2026-09-13 12:15:00,1092.68,1093.11,1082.0,1087.06,10890.78
2026-09-13 12:30:00,1087.06,1093.84,1086.37,1090.41,14100.578
2026-09-13 12:45:00,1090.41,1093.49,1086.05,1093.21,10716.704
2026-09-13 13:00:00,1093.2,1094.38,1089.49,1091.86,9151.43
2026-09-13 13:15:00,1091.85,1091.99,1073.21,1081.85,39873.293
2026-09-13 13:30:00,1081.84,1090.99,1081.57,1087.9,18230.887
2026-09-13 13:45:00,1087.91,1099.5,1087.91,1097.08,28468.754
2026-09-13 14:00:00,1097.09,1104.91,1095.0,1101.95,25671.735
2026-09-13 14:15:00,1101.96,1105.0,1097.31,1098.2,17049.909
2026-09-13 14:30:00,1098.21,1099.99,1094.46,1097.32,13933.82
2026-09-13 14:45:00,1097.31,1098.51,1094.82,1095.66,8411.456
2026-09-13 15:00:00,1095.66,1096.2,1085.28,1086.59,20092.224
2026-09-13 15:15:00,1086.6,1092.13,1077.86,1089.48,37608.54
2026-09-13 15:30:00,1089.48,1091.7,1086.29,1088.45,9094.442
2026-09-13 15:45:00,1088.47,1092.0,1085.83,1086.89,9203.654
2026-09-13 16:00:00,1086.89,1100.81,1086.06,1094.72,18628.44
2026-09-13 16:15:00,1094.72,1100.41,1093.85,1097.77,8720.097
2026-09-13 16:30:00,1097.78,1102.49,1097.22,1101.49,9534.531
2026-09-13 16:45:00,1101.49,1103.0,1099.05,1102.51,10124.791
2026-09-13 17:00:00,1102.51,1118.29,1101.62,1113.74,35732.516
2026-09-13 17:15:00,1113.74,1116.0,1110.28,1110.71,8763.068
2026-09-13 17:30:00,1110.71,1113.23,1106.18,1107.11,10578.085
2026-09-13 17:45:00,1107.11,1112.85,1107.0,1107.11,7112.304
2026-09-13 18:00:00,1107.1,1109.58,1103.16,1106.5,9776.813
2026-09-13 18:15:00,1106.5,1107.85,1102.56,1103.39,4520.038
2026-09-13 18:30:00,1103.4,1108.96,1103.31,1108.38,5554.867
2026-09-13 18:45:00,1108.38,1111.99,1106.18,1107.34,6481.914
2026-09-13 19:00:00,1107.35,1110.5,1098.04,1100.32,10079.377
2026-09-13 19:15:00,1100.33,1101.45,1096.19,1096.47,6630.607
2026-09-13 19:30:00,1096.46,1097.4,1086.04,1086.56,18069.445
2026-09-13 19:45:00,1086.57,1088.13,1082.0,1085.53,16259.437
2026-09-13 20:00:00,1085.53,1094.7,1085.52,1093.52,9395.351
2026-09-13 20:15:00,1093.52,1100.92,1093.32,1099.74,10277.496
2026-09-13 20:30:00,1099.75,1102.35,1098.54,1102.09,5042.235
2026-09-13 20:45:00,1102.08,1106.28,1100.62,1105.01,6716.509
2026-09-13 21:00:00,1105.0,1106.9,1099.81,1105.51,8991.377
2026-09-13 21:15:00,1105.51,1110.24,1104.56,1105.97,8068.979
2026-09-13 21:30:00,1105.97,1107.97,1100.64,1101.23,6274.641
2026-09-13 21:45:00,1101.23,1101.65,1094.04,1095.45,9582.425
2026-09-13 22:00:00,1095.44,1095.44,1071.91,1075.64,40347.088
2026-09-13 22:15:00,1075.64,1076.31,1067.33,1075.95,29731.046
2026-09-13 22:30:00,1075.95,1079.88,1071.73,1074.93,19915.288
2026-09-13 22:45:00,1074.92,1079.77,1070.5,1071.1,10726.926
2026-09-13 23:00:00,1071.14,1075.44,1063.05,1066.43,23298.464
2026-09-13 23:15:00,1066.42,1070.35,1063.63,1064.01,11194.651
2026-09-13 23:30:00,1064.0,1068.81,1060.23,1063.9,21878.704
2026-09-13 23:45:00,1063.89,1067.83,1060.07,1062.13,12368.162
2026-09-14 00:00:00,1062.13,1070.14,1058.36,1061.6,16820.123
2026-09-14 00:15:00,1061.59,1066.2,1041.0,1052.44,41356.948
2026-09-14 00:30:00,1052.44,1061.22,1051.22,1058.32,21847.96
2026-09-14 00:45:00,1058.31,1065.04,1054.52,1061.31,17060.623
2026-09-14 01:00:00,1061.3,1068.4,1058.0,1063.08,14208.052
2026-09-14 01:15:00,1063.08,1065.24,1060.49,1062.27,9448.699
2026-09-14 01:30:00,1062.18,1067.0,1054.41,1062.88,14202.622
2026-09-14 01:45:00,1062.87,1077.56,1062.69,1074.79,22349.743
2026-09-14 02:00:00,1074.79,1087.84,1071.74,1087.19,23843.169
2026-09-14 02:15:00,1087.18,1095.7,1083.17,1090.78,29261.956
2026-09-14 02:30:00,1090.78,1103.72,1090.26,1101.81,23900.262
2026-09-14 02:45:00,1101.81,1109.0,1101.52,1107.07,18459.048
2026-09-14 03:00:00,1107.06,1115.86,1105.58,1109.92,20414.698
2026-09-14 03:15:00,1109.93,1112.49,1104.38,1109.24,22713.78
2026-09-14 03:30:00,1109.24,1110.49,1103.44,1105.23,13868.37
2026-09-14 03:45:00,1105.23,1117.98,1105.23,1113.51,18167.535
2026-09-14 04:00:00,1113.6,1126.0,1109.45,1123.0,41011.53
2026-09-14 04:15:00,1123.0,1130.0,1116.08,1118.2,29871.305
2026-09-14 04:30:00,1118.19,1118.45,1114.0,1116.22,14254.377
2026-09-14 04:45:00,1116.23,1119.94,1113.0,1115.78,9916.018
2026-09-14 05:00:00,1115.77,1119.56,1113.01,1116.58,8404.103
2026-09-14 05:15:00,1116.58,1117.89,1112.0,1114.23,7946.062
2026-09-14 05:30:00,1114.24,1149.7,1113.87,1135.7,70080.713
2026-09-14 05:45:00,1135.72,1136.09,1129.02,1131.84,13427.299
2026-09-14 06:00:00,1131.85,1140.95,1131.85,1136.23,16153.401
2026-09-14 06:15:00,1136.24,1139.02,1127.52,1128.08,10640.314
2026-09-14 06:30:00,1128.11,1138.99,1120.52,1137.24,20745.474
2026-09-14 06:45:00,1137.24,1138.39,1133.53,1135.28,10456.5
2026-09-14 07:00:00,1135.29,1137.78,1131.95,1137.24,9536.204
2026-09-14 07:15:00,1137.24,1157.9,1136.42,1140.47,39422.398
2026-09-14 07:30:00,1140.46,1146.24,1134.96,1143.85,16670.375
2026-09-14 07:45:00,1143.85,1144.56,1137.67,1140.45,9992.649
2026-09-14 08:00:00,1140.45,1140.71,1134.44,1139.23,12163.308
2026-09-14 08:15:00,1139.23,1146.97,1135.81,1136.82,12469.01
2026-09-14 08:30:00,1136.83,1139.64,1133.45,1137.41,8649.082
2026-09-14 08:45:00,1137.4,1140.0,1134.04,1139.04,6547.5
2026-09-14 09:00:00,1139.05,1139.98,1134.52,1135.0,6741.569
2026-09-14 09:15:00,1135.0,1137.2,1127.5,1133.81,15777.068
2026-09-14 09:30:00,1133.82,1139.9,1131.18,1136.0,12933.612
2026-09-14 09:45:00,1136.01,1154.77,1134.76,1143.59,32850.068
2026-09-14 10:00:00,1143.59,1145.26,1137.21,1138.2,9582.381
2026-09-14 10:15:00,1138.21,1140.71,1134.58,1136.82,9169.515
2026-09-14 10:30:00,1136.82,1141.16,1134.79,1139.7,9002.56
2026-09-14 10:45:00,1139.7,1141.18,1134.68,1135.92,7149.031
2026-09-14 11:00:00,1135.91,1139.79,1131.58,1137.13,12466.1
2026-09-14 11:15:00,1137.12,1139.26,1135.81,1138.47,4323.293
2026-09-14 11:30:00,1138.48,1140.0,1132.41,1133.57,11155.508
2026-09-14 11:45:00,1133.57,1134.42,1128.73,1132.29,10085.443
2026-09-14 12:00:00,1132.29,1133.97,1128.68,1132.2,7511.223
2026-09-14 12:15:00,1132.2,1136.54,1130.35,1136.2,7345.194
2026-09-14 12:30:00,1136.19,1142.97,1128.37,1133.33,20478.29
2026-09-14 12:45:00,1133.37,1134.8,1117.95,1118.79,30336.947
2026-09-14 13:00:00,1118.8,1132.99,1113.19,1129.0,38719.678
2026-09-14 13:15:00,1129.01,1135.98,1128.66,1134.6,25746.731
2026-09-14 13:30:00,1134.59,1149.99,1132.87,1138.42,52781.9
2026-09-14 13:45:00,1138.42,1153.16,1136.96,1140.83,48548.693
2026-09-14 14:00:00,1140.82,1156.99,1140.34,1152.14,46766.837
2026-09-14 14:15:00,1152.14,1161.98,1141.09,1142.77,41724.019
2026-09-14 14:30:00,1142.77,1152.0,1137.27,1143.93,26637.73
2026-09-14 14:45:00,1143.93,1147.08,1139.13,1141.19,17964.263
2026-09-14 15:00:00,1141.19,1141.48,1132.01,1138.51,21508.453
2026-09-14 15:15:00,1138.5,1142.13,1134.0,1135.43,14730.768
2026-09-14 15:30:00,1135.44,1140.49,1132.86,1139.39,18067.048
2026-09-14 15:45:00,1139.39,1139.78,1133.4,1137.57,15414.491
2026-09-14 16:00:00,1137.58,1138.54,1131.9,1136.08,10694.695
2026-09-14 16:15:00,1136.09,1150.81,1136.09,1139.84,35488.331
2026-09-14 16:30:00,1139.81,1141.52,1133.29,1133.58,13739.171
2026-09-14 16:45:00,1133.59,1147.49,1133.52,1138.58,20198.709
2026-09-14 17:00:00,1138.57,1142.32,1135.06,1141.91,12963.04
2026-09-14 17:15:00,1141.9,1147.04,1140.4,1145.06,10650.591
2026-09-14 17:30:00,1145.05,1149.85,1140.75,1144.82,12062.827
2026-09-14 17:45:00,1144.82,1154.0,1143.36,1150.21,15722.808
2026-09-14 18:00:00,1150.21,1168.0,1146.76,1155.22,33697.454
2026-09-14 18:15:00,1155.21,1180.63,1152.68,1177.75,44395.061
2026-09-14 18:30:00,1177.75,1194.99,1176.54,1188.9,41727.065
2026-09-14 18:45:00,1188.9,1205.4,1187.21,1201.3,45992.767
2026-09-14 19:00:00,1201.31,1203.04,1183.11,1185.37,29903.928
2026-09-14 19:15:00,1185.37,1197.21,1184.01,1192.03,17644.49
2026-09-14 19:30:00,1192.03,1194.44,1183.42,1194.06,15744.148
2026-09-14 19:45:00,1194.06,1201.94,1190.27,1192.58,18046.849
2026-09-14 20:00:00,1192.59,1209.99,1192.14,1208.64,25612.932
2026-09-14 20:15:00,1208.64,1223.9,1200.64,1219.85,52106.118
2026-09-14 20:30:00,1219.85,1224.53,1213.22,1213.8,24066.687
2026-09-14 20:45:00,1213.84,1218.07,1198.29,1199.13,26639.917
2026-09-14 21:00:00,1199.13,1200.0,1177.74,1181.04,46643.131
2026-09-14 21:15:00,1181.0,1187.22,1178.47,1179.18,16011.57
2026-09-14 21:30:00,1179.18,1182.0,1171.22,1173.7,16035.061
2026-09-14 21:45:00,1173.7,1178.9,1171.01,1175.14,9446.615
2026-09-14 22:00:00,1175.13,1185.9,1172.49,1184.78,15976.302
2026-09-14 22:15:00,1184.77,1186.78,1173.09,1177.47,13929.721
2026-09-14 22:30:00,1177.47,1177.85,1170.62,1171.95,14048.621
2026-09-14 22:45:00,1171.95,1173.07,1167.18,1169.72,9043.897
2026-09-14 23:00:00,1169.72,1171.65,1163.1,1167.61,15731.377
2026-09-14 23:15:00,1167.62,1170.36,1163.37,1165.13,7802.653
2026-09-14 23:30:00,1165.13,1167.9,1163.09,1167.62,5238.456
2026-09-14 23:45:00,1167.62,1167.82,1162.07,1163.04,6801.403
2026-09-15 00:00:00,1163.02,1168.39,1162.02,1162.3,8159.756
2026-09-15 00:15:00,1162.3,1164.9,1160.1,1161.52,7895.457
2026-09-15 00:30:00,1161.52,1166.1,1160.31,1161.24,7488.058
2026-09-15 00:45:00,1161.24,1163.86,1160.1,1163.86,6269.81
2026-09-15 01:00:00,1163.8,1164.04,1152.39,1152.63,15997.056
2026-09-15 01:15:00,1152.63,1162.6,1151.24,1155.98,13505.033
2026-09-15 01:30:00,1155.97,1160.02,1153.54,1157.2,6819.054
2026-09-15 01:45:00,1157.2,1167.78,1154.18,1162.96,15813.644
2026-09-15 02:00:00,1162.95,1167.12,1161.6,1163.78,6262.441
2026-09-15 02:15:00,1163.77,1164.02,1153.85,1155.66,12525.472
2026-09-15 02:30:00,1155.66,1159.28,1153.38,1156.74,6040.315
2026-09-15 02:45:00,1156.75,1159.85,1155.65,1156.69,4913.592
2026-09-15 03:00:00,1156.69,1157.31,1143.36,1147.09,21472.67
2026-09-15 03:15:00,1147.09,1147.39,1139.04,1142.55,18297.571
2026-09-15 03:30:00,1142.56,1144.99,1139.13,1141.07,8521.207
2026-09-15 03:45:00,1141.08,1142.7,1137.64,1140.37,9528.894
2026-09-15 04:00:00,1140.36,1147.24,1139.99,1143.97,8447.304
2026-09-15 04:15:00,1143.96,1155.71,1143.96,1146.98,17543.707
2026-09-15 04:30:00,1146.98,1148.75,1142.01,1148.09,9866.235
2026-09-15 04:45:00,1148.09,1148.38,1143.78,1144.3,3794.11
2026-09-15 05:00:00,1144.31,1148.1,1141.02,1143.51,9301.951
2026-09-15 05:15:00,1143.5,1144.18,1140.36,1141.21,8788.161
2026-09-15 05:30:00,1141.2,1143.54,1138.3,1142.36,9684.556
2026-09-15 05:45:00,1142.37,1148.66,1142.24,1146.41,9315.141
2026-09-15 06:00:00,1146.41,1159.06,1145.89,1150.24,21168.565
2026-09-15 06:15:00,1150.24,1153.5,1145.11,1145.26,10267.683
2026-09-15 06:30:00,1145.27,1147.57,1141.39,1144.25,8332.744
2026-09-15 06:45:00,1144.24,1146.79,1139.3,1144.91,8928.587
2026-09-15 07:00:00,1144.91,1145.98,1138.84,1143.39,7882.253
2026-09-15 07:15:00,1143.39,1149.55,1141.96,1145.69,7197.166
2026-09-15 07:30:00,1145.7,1145.86,1139.0,1141.92,11134.033
2026-09-15 07:45:00,1141.93,1144.75,1132.88,1138.23,19959.3
2026-09-15 08:00:00,1138.23,1138.9,1126.25,1136.31,36623.837
2026-09-15 08:15:00,1136.3,1142.05,1135.22,1141.07,14540.245
2026-09-15 08:30:00,1141.07,1143.07,1136.16,1137.51,7785.432
2026-09-15 08:45:00,1137.5,1146.48,1137.28,1145.24,9686.484
2026-09-15 09:00:00,1145.24,1145.5,1140.14,1144.11,6410.446
2026-09-15 09:15:00,1144.1,1144.29,1139.13,1140.3,6695.181
2026-09-15 09:30:00,1140.28,1141.72,1137.59,1140.3,6304.704
2026-09-15 09:45:00,1140.31,1145.22,1137.55,1139.46,7056.256
2026-09-15 10:00:00,1139.46,1146.7,1136.95,1142.62,10573.322
2026-09-15 10:15:00,1142.62,1145.46,1139.13,1140.82,6429.65
2026-09-15 10:30:00,1140.75,1143.63,1140.16,1143.42,4185.009
2026-09-15 10:45:00,1143.41,1148.17,1142.08,1142.57,9990.089
2026-09-15 11:00:00,1142.57,1147.08,1140.65,1141.07,6124.976
2026-09-15 11:15:00,1141.08,1144.26,1136.29,1136.8,9408.227
2026-09-15 11:30:00,1136.8,1137.1,1123.33,1128.94,29604.638
2026-09-15 11:45:00,1128.94,1133.8,1123.58,1133.1,13026.587
2026-09-15 12:00:00,1133.14,1137.0,1129.32,1134.38,13786.625
2026-09-15 12:15:00,1134.37,1134.64,1127.02,1129.42,8365.448
2026-09-15 12:30:00,1129.42,1131.68,1125.23,1128.84,14558.329
2026-09-15 12:45:00,1128.84,1137.59,1126.17,1130.4,19201.785
2026-09-15 13:00:00,1130.41,1141.81,1129.96,1136.16,19668.248
2026-09-15 13:15:00,1136.17,1137.7,1134.08,1134.58,6788.708
2026-09-15 13:30:00,1134.59,1137.35,1118.02,1135.94,48985.289
2026-09-15 13:45:00,1135.93,1137.58,1127.3,1135.63,22103.989
2026-09-15 14:00:00,1135.62,1141.96,1129.01,1130.69,22374.209
2026-09-15 14:15:00,1130.69,1133.29,1123.1,1125.3,19203.482
2026-09-15 14:30:00,1125.31,1125.97,1107.04,1117.77,51293.366
2026-09-15 14:45:00,1117.77,1118.76,1096.94,1113.93,62606.86
2026-09-15 15:00:00,1113.9,1123.52,1109.03,1116.11,27464.195
2026-09-15 15:15:00,1116.15,1132.61,1113.04,1124.04,24391.627
2026-09-15 15:30:00,1124.03,1127.77,1121.65,1126.29,15288.778
2026-09-15 15:45:00,1126.3,1127.95,1122.0,1123.08,10552.433
2026-09-15 16:00:00,1123.08,1123.47,1110.53,1110.95,19493.938
2026-09-15 16:15:00,1110.95,1122.51,1110.94,1121.45,12417.024
2026-09-15 16:30:00,1121.47,1122.6,1116.55,1117.78,7956.371
2026-09-15 16:45:00,1117.77,1125.79,1115.27,1116.27,10164.944
2026-09-15 17:00:00,1116.27,1117.81,1108.59,1111.9,15287.776
2026-09-15 17:15:00,1111.89,1122.59,1111.48,1121.36,11753.665
2026-09-15 17:30:00,1121.36,1156.88,1120.65,1131.5,70086.567
2026-09-15 17:45:00,1131.51,1146.34,1131.51,1134.8,21645.534
2026-09-15 18:00:00,1134.79,1140.48,1130.53,1135.5,13312.783
2026-09-15 18:15:00,1135.5,1141.99,1122.09,1134.91,29252.117
2026-09-15 18:30:00,1134.9,1136.19,1107.09,1111.15,53643.975
2026-09-15 18:45:00,1111.15,1138.7,1085.26,1136.52,108333.864
2026-09-15 19:00:00,1136.52,1152.17,1132.2,1146.51,55260.215
2026-09-15 19:15:00,1146.51,1158.77,1137.17,1139.91,41587.048
2026-09-15 19:30:00,1139.9,1143.81,1121.56,1121.69,31303.077
2026-09-15 19:45:00,1121.69,1132.96,1119.6,1131.53,24830.321
2026-09-15 20:00:00,1131.54,1133.41,1120.96,1130.58,14209.17
2026-09-15 20:15:00,1130.58,1132.1,1113.94,1114.42,17205.419
2026-09-15 20:30:00,1114.41,1123.26,1110.72,1120.53,18793.094
2026-09-15 20:45:00,1120.53,1127.99,1120.53,1122.98,10407.028
2026-09-15 21:00:00,1122.99,1125.61,1111.97,1121.68,16446.401
2026-09-15 21:15:00,1121.68,1122.76,1112.91,1113.94,6994.234
2026-09-15 21:30:00,1113.94,1118.82,1110.19,1118.28,10358.771
2026-09-15 21:45:00,1118.27,1119.29,1107.18,1107.54,7880.243
2026-09-15 22:00:00,1107.54,1114.57,1102.55,1103.12,14179.719
2026-09-15 22:15:00,1103.13,1110.0,1099.19,1106.28,18662.606
2026-09-15 22:30:00,1106.28,1121.23,1105.8,1119.28,20968.499
2026-09-15 22:45:00,1119.28,1124.37,1116.68,1120.07,8225.81
2026-09-15 23:00:00,1120.08,1127.04,1118.72,1123.45,11932.112
2026-09-15 23:15:00,1123.45,1124.44,1115.7,1115.97,6831.919
2026-09-15 23:30:00,1115.98,1117.66,1105.04,1117.25,16402.891
2026-09-15 23:45:00,1117.24,1117.44,1109.52,1110.03,6749.06
2026-09-16 00:00:00,1110.04,1115.86,1106.29,1106.72,7798.311
2026-09-16 00:15:00,1106.72,1115.76,1106.06,1114.49,6556.814
2026-09-16 00:30:00,1114.48,1116.22,1109.43,1113.93,4086.158
2026-09-16 00:45:00,1113.94,1119.9,1111.37,1117.27,7452.041
2026-09-16 01:00:00,1117.27,1122.62,1114.76,1122.25,8538.039
2026-09-16 01:15:00,1122.26,1125.58,1120.91,1122.6,7914.577
2026-09-16 01:30:00,1122.6,1123.06,1109.58,1112.37,14342.121
2026-09-16 01:45:00,1112.37,1116.21,1102.69,1102.83,16638.316
2026-09-16 02:00:00,1102.89,1108.5,1101.36,1105.8,10271.413
2026-09-16 02:15:00,1105.79,1119.36,1105.09,1119.33,10538.079
2026-09-16 02:30:00,1119.3,1130.43,1119.03,1124.42,20758.946
2026-09-16 02:45:00,1124.36,1127.44,1118.05,1120.02,6162.821
2026-09-16 03:00:00,1120.02,1126.82,1119.22,1126.45,6983.028
2026-09-16 03:15:00,1126.45,1133.16,1126.05,1130.09,15814.614
2026-09-16 03:30:00,1130.1,1132.74,1126.36,1129.53,6732.573
2026-09-16 03:45:00,1129.54,1131.96,1127.94,1131.18,4175.987
2026-09-16 04:00:00,1131.19,1139.61,1130.69,1137.12,16019.68
2026-09-16 04:15:00,1137.13,1147.0,1135.6,1140.4,18195.341
2026-09-16 04:30:00,1140.4,1148.97,1139.23,1144.8,11743.628
2026-09-16 04:45:00,1144.81,1151.67,1144.8,1148.88,12166.209
2026-09-16 05:00:00,1148.87,1154.99,1138.59,1154.65,25345.042
2026-09-16 05:15:00,1154.5,1180.91,1152.33,1159.78,60911.776
2026-09-16 05:30:00,1159.79,1160.29,1146.27,1155.83,32709.757
2026-09-16 05:45:00,1155.84,1157.9,1150.5,1155.92,11057.658
2026-09-16 06:00:00,1155.92,1164.7,1155.56,1158.63,15038.738
2026-09-16 06:15:00,1158.63,1172.6,1156.77,1169.26,24498.273
2026-09-16 06:30:00,1169.26,1183.29,1166.97,1179.43,32289.6
2026-09-16 06:45:00,1179.43,1190.66,1177.0,1187.81,34016.501
2026-09-16 07:00:00,1187.81,1198.49,1182.38,1185.16,37318.412
2026-09-16 07:15:00,1185.16,1191.18,1177.62,1180.91,27480.226
2026-09-16 07:30:00,1180.91,1188.74,1178.46,1179.81,14247.405
2026-09-16 07:45:00,1179.93,1183.27,1176.34,1178.95,14933.135
2026-09-16 08:00:00,1178.95,1180.65,1168.0,1173.45,26486.065
2026-09-16 08:15:00,1173.45,1184.91,1172.07,1176.3,24051.005
2026-09-16 08:30:00,1176.3,1192.99,1175.9,1186.41,17838.6
2026-09-16 08:45:00,1186.4,1189.86,1180.02,1188.0,16928.048
2026-09-16 09:00:00,1187.99,1190.0,1182.33,1184.14,16376.304
2026-09-16 09:15:00,1184.13,1195.34,1184.13,1190.55,18940.119
2026-09-16 09:30:00,1190.54,1194.99,1188.0,1191.26,10245.505
2026-09-16 09:45:00,1191.25,1213.67,1190.36,1205.69,53682.045
2026-09-16 10:00:00,1205.7,1208.12,1199.39,1199.73,27170.658
2026-09-16 10:15:00,1199.73,1207.3,1199.14,1206.06,14857.81
2026-09-16 10:30:00,1206.05,1218.98,1202.64,1210.01,24830.169
2026-09-16 10:45:00,1210.0,1216.66,1206.0,1216.21,18020.994
2026-09-16 11:00:00,1216.32,1219.92,1202.64,1206.03,26584.336
2026-09-16 11:15:00,1206.03,1214.87,1204.0,1210.66,13889.264
2026-09-16 11:30:00,1210.65,1238.18,1210.13,1237.11,51826.439
2026-09-16 11:45:00,1237.05,1242.54,1225.0,1229.28,52367.607
2026-09-16 12:00:00,1229.27,1230.98,1220.32,1220.97,20054.052
2026-09-16 12:15:00,1220.97,1226.32,1205.0,1210.35,38258.339
2026-09-16 12:30:00,1210.33,1226.88,1208.09,1212.93,31002.614
2026-09-16 12:45:00,1212.93,1226.88,1211.1,1224.48,17180.389
2026-09-16 13:00:00,1224.48,1224.97,1207.31,1215.83,21428.517
2026-09-16 13:15:00,1215.83,1237.99,1212.92,1233.35,41769.729
2026-09-16 13:30:00,1233.35,1258.23,1226.91,1251.98,72931.787
2026-09-16 13:45:00,1251.98,1274.99,1248.77,1250.06,93473.82
2026-09-16 14:00:00,1250.05,1253.09,1237.39,1243.09,46970.722
2026-09-16 14:15:00,1243.13,1254.8,1242.2,1251.26,31671.572
2026-09-16 14:30:00,1251.18,1258.93,1241.45,1256.72,36156.906
2026-09-16 14:45:00,1256.75,1257.0,1235.01,1244.68,36745.949
2026-09-16 15:00:00,1244.68,1252.74,1237.08,1252.25,23407.715
2026-09-16 15:15:00,1252.24,1254.47,1244.58,1245.71,20664.99
2026-09-16 15:30:00,1245.7,1252.7,1242.92,1249.27,22149.806
2026-09-16 15:45:00,1249.26,1257.97,1244.7,1246.79,21807.795
2026-09-16 16:00:00,1246.79,1257.99,1246.5,1255.08,19009.179
2026-09-16 16:15:00,1255.08,1271.61,1255.08,1270.61,48712.965
2026-09-16 16:30:00,1270.6,1274.84,1262.27,1263.61,29230.873
2026-09-16 16:45:00,1263.6,1269.29,1263.1,1267.71,15449.303
2026-09-16 17:00:00,1267.71,1269.32,1253.44,1254.76,26499.526
2026-09-16 17:15:00,1254.75,1258.91,1247.62,1253.73,23943.725
2026-09-16 17:30:00,1253.74,1254.14,1233.99,1239.91,38782.496
2026-09-16 17:45:00,1239.93,1257.4,1234.7,1249.63,39352.21
2026-09-16 18:00:00,1249.44,1388.0,1233.92,1331.55,351578.62
2026-09-16 18:15:00,1331.5,1348.0,1320.62,1346.32,88271.931
2026-09-16 18:30:00,1345.99,1367.99,1297.0,1355.7,164557.284
2026-09-16 18:45:00,1355.64,1360.0,1325.02,1335.15,71498.144
2026-09-16 19:00:00,1335.15,1362.94,1333.5,1338.81,58933.667
2026-09-16 19:15:00,1338.71,1342.35,1272.0,1292.58,143992.772
2026-09-16 19:30:00,1292.54,1299.57,1276.57,1290.21,71108.941
2026-09-16 19:45:00,1290.18,1297.03,1279.51,1289.74,33795.534
2026-09-16 20:00:00,1289.73,1299.82,1278.9,1289.28,31018.421
2026-09-16 20:15:00,1289.29,1318.56,1284.13,1309.2,49023.417
2026-09-16 20:30:00,1309.17,1328.58,1308.02,1321.19,28196.308
2026-09-16 20:45:00,1321.2,1327.0,1314.5,1319.32,16805.806
2026-09-16 21:00:00,1319.32,1326.57,1313.72,1320.59,14057.492
2026-09-16 21:15:00,1320.59,1329.68,1309.0,1314.49,17807.699
2026-09-16 21:30:00,1314.49,1317.03,1304.14,1315.55,11779.575
2026-09-16 21:45:00,1315.5,1323.72,1314.27,1321.62,9666.914
2026-09-16 22:00:00,1321.62,1322.41,1306.1,1321.61,18962.873
2026-09-16 22:15:00,1321.61,1326.63,1307.59,1311.16,16151.054
2026-09-16 22:30:00,1311.16,1311.72,1303.0,1306.43,12089.158
2026-09-16 22:45:00,1306.44,1308.0,1284.32,1286.74,23277.415
2026-09-16 23:00:00,1286.75,1309.43,1286.74,1309.13,19589.215
2026-09-16 23:15:00,1309.14,1347.08,1309.14,1336.5,46302.063
2026-09-16 23:30:00,1336.47,1351.74,1335.92,1343.81,23705.009
2026-09-16 23:45:00,1343.8,1345.0,1331.33,1336.76,19240.607
2026-09-17 00:00:00,1336.76,1348.0,1329.02,1336.99,15790.23
2026-09-17 00:15:00,1337.0,1346.76,1336.13,1341.88,8997.519
2026-09-17 00:30:00,1341.89,1343.91,1336.35,1340.98,8308.572
2026-09-17 00:45:00,1340.98,1350.82,1336.78,1347.47,13157.048
2026-09-17 01:00:00,1347.41,1364.92,1339.17,1350.21,27180.274
2026-09-17 01:15:00,1350.22,1368.0,1344.62,1365.04,26695.63
2026-09-17 01:30:00,1365.0,1379.8,1351.07,1364.76,48262.418
2026-09-17 01:45:00,1364.75,1367.62,1358.42,1365.0,21742.624
2026-09-17 02:00:00,1364.99,1370.63,1352.98,1363.04,32599.287
2026-09-17 02:15:00,1363.02,1383.45,1357.41,1368.04,44454.771
2026-09-17 02:30:00,1368.04,1380.0,1365.32,1366.51,27780.934
2026-09-17 02:45:00,1366.52,1380.75,1366.28,1376.49,27634.723
2026-09-17 03:00:00,1376.5,1385.0,1373.92,1376.26,31957.656
2026-09-17 03:15:00,1376.25,1396.0,1373.5,1381.5,56005.554
2026-09-17 03:30:00,1381.49,1389.43,1378.56,1379.3,31027.087
2026-09-17 03:45:00,1379.29,1383.3,1374.02,1378.7,25541.674
2026-09-17 04:00:00,1378.71,1378.86,1363.03,1366.52,31247.047
2026-09-17 04:15:00,1366.51,1366.51,1348.42,1354.39,41039.635
2026-09-17 04:30:00,1354.4,1371.97,1352.22,1367.18,22874.229
2026-09-17 04:45:00,1367.18,1369.71,1360.31,1362.75,11313.714
2026-09-17 05:00:00,1362.76,1364.67,1355.74,1356.59,13701.133
2026-09-17 05:15:00,1356.6,1363.63,1353.0,1359.57,12217.545
2026-09-17 05:30:00,1359.58,1361.52,1351.57,1352.38,9963.84
2026-09-17 05:45:00,1352.39,1364.41,1347.3,1357.68,21229.447
2026-09-17 06:00:00,1357.68,1367.92,1355.28,1359.25,13973.613
2026-09-17 06:15:00,1359.26,1360.66,1344.0,1355.9,23714.694
2026-09-17 06:30:00,1355.9,1363.5,1353.41,1361.97,11078.888
2026-09-17 06:45:00,1361.96,1364.5,1352.01,1354.0,13828.197
2026-09-17 07:00:00,1354.0,1363.75,1352.11,1356.6,16878.405
2026-09-17 07:15:00,1356.6,1363.4,1353.97,1360.0,16498.22
2026-09-17 07:30:00,1360.01,1367.93,1358.0,1365.86,14990.074
2026-09-17 07:45:00,1365.86,1371.76,1364.44,1370.45,17143.278
2026-09-17 08:00:00,1370.45,1374.0,1363.49,1369.71,20743.743
2026-09-17 08:15:00,1369.71,1387.28,1367.32,1381.31,50171.598
2026-09-17 08:30:00,1381.31,1390.0,1378.06,1384.34,41221.926
2026-09-17 08:45:00,1384.33,1392.56,1373.59,1384.54,32968.722
2026-09-17 09:00:00,1384.54,1386.98,1376.52,1377.56,16645.987
2026-09-17 09:15:00,1377.57,1377.9,1366.41,1367.1,21328.484
2026-09-17 09:30:00,1367.11,1373.76,1366.67,1368.36,11882.805
2026-09-17 09:45:00,1368.36,1372.57,1350.44,1353.0,34032.474
2026-09-17 10:00:00,1353.0,1355.61,1330.63,1334.7,65552.069
2026-09-17 10:15:00,1334.7,1343.34,1325.31,1340.11,40475.106
2026-09-17 10:30:00,1340.11,1342.54,1333.97,1335.52,20542.617
2026-09-17 10:45:00,1335.52,1346.59,1333.05,1345.73,16729.721
2026-09-17 11:00:00,1345.73,1358.18,1345.0,1354.39,20921.758
2026-09-17 11:15:00,1354.39,1355.48,1348.63,1355.1,9427.355
2026-09-17 11:30:00,1355.09,1355.93,1341.55,1344.13,17553.374
2026-09-17 11:45:00,1344.12,1367.01,1344.12,1366.0,22996.564
2026-09-17 12:00:00,1365.92,1376.45,1356.76,1373.51,36385.858
2026-09-17 12:15:00,1373.51,1376.42,1366.82,1370.46,23986.382
2026-09-17 12:30:00,1370.45,1373.75,1362.72,1369.82,17661.595
2026-09-17 12:45:00,1369.81,1372.0,1354.0,1355.38,18573.565
2026-09-17 13:00:00,1355.38,1359.67,1347.79,1357.1,21369.776
2026-09-17 13:15:00,1357.09,1365.99,1355.67,1359.41,15150.145
2026-09-17 13:30:00,1359.41,1364.0,1340.0,1355.57,40788.254
2026-09-17 13:45:00,1355.56,1379.34,1349.63,1373.35,40242.019
2026-09-17 14:00:00,1373.35,1423.94,1367.41,1407.71,124204.95
2026-09-17 14:15:00,1407.71,1442.0,1401.11,1436.34,142092.194
2026-09-17 14:30:00,1436.34,1438.61,1416.01,1422.06,71298.961
2026-09-17 14:45:00,1422.06,1439.99,1421.96,1422.97,59449.352
2026-09-17 15:00:00,1422.98,1431.86,1420.0,1426.49,40738.609
2026-09-17 15:15:00,1426.49,1435.46,1423.73,1435.18,32248.425
2026-09-17 15:30:00,1435.18,1448.8,1427.09,1443.68,70601.426
2026-09-17 15:45:00,1443.66,1493.47,1443.26,1481.26,211346.408
2026-09-17 16:00:00,1481.16,1487.5,1451.63,1470.54,99472.589
2026-09-17 16:15:00,1470.53,1478.5,1459.09,1466.9,46580.946
2026-09-17 16:30:00,1466.91,1475.42,1457.4,1472.28,38178.172
2026-09-17 16:45:00,1472.29,1474.24,1456.62,1468.32,35597.332
2026-09-17 17:00:00,1468.32,1479.97,1465.73,1472.64,28013.692
2026-09-17 17:15:00,1472.64,1516.52,1471.16,1484.52,100732.498
2026-09-17 17:30:00,1484.52,1489.84,1473.0,1478.48,36410.675
2026-09-17 17:45:00,1478.48,1488.14,1468.0,1472.92,30480.817
2026-09-17 18:00:00,1472.93,1480.78,1463.0,1465.58,26074.761
2026-09-17 18:15:00,1465.59,1471.38,1457.21,1465.81,29355.16
2026-09-17 18:30:00,1465.89,1471.55,1455.0,1460.63,24518.257
2026-09-17 18:45:00,1460.63,1466.29,1453.13,1458.44,16978.256
2026-09-17 19:00:00,1458.65,1462.94,1453.22,1458.24,14284.31
2026-09-17 19:15:00,1458.25,1494.23,1456.91,1490.65,41282.362
2026-09-17 19:30:00,1490.65,1503.62,1480.0,1486.55,30401.84
2026-09-17 19:45:00,1486.55,1506.83,1481.76,1490.13,46488.852
2026-09-17 20:00:00,1490.12,1504.9,1485.72,1499.88,25608.105
2026-09-17 20:15:00,1499.87,1508.99,1493.03,1497.2,28413.062
2026-09-17 20:30:00,1497.2,1497.65,1480.33,1485.94,19482.465
2026-09-17 20:45:00,1485.93,1488.83,1479.07,1481.22,11579.259
2026-09-17 21:00:00,1481.23,1484.9,1462.05,1467.83,17788.434
2026-09-17 21:15:00,1467.82,1477.49,1463.35,1472.66,11452.028
2026-09-17 21:30:00,1472.67,1484.92,1465.27,1474.29,11750.921
2026-09-17 21:45:00,1474.28,1474.29,1460.46,1462.31,13029.594
2026-09-17 22:00:00,1462.31,1468.19,1460.72,1466.3,13290.164
2026-09-17 22:15:00,1466.3,1471.36,1460.06,1466.2,14747.78
2026-09-17 22:30:00,1466.19,1481.41,1464.27,1477.36,14797.563
2026-09-17 22:45:00,1477.36,1478.88,1466.0,1477.05,11338.15
2026-09-17 23:00:00,1477.05,1479.69,1471.32,1475.32,7986.75
2026-09-17 23:15:00,1475.32,1475.86,1466.96,1469.16,6955.736
2026-09-17 23:30:00,1469.17,1474.9,1465.78,1471.18,10417.279
2026-09-17 23:45:00,1471.18,1471.65,1465.86,1466.21,5683.261
2026-09-18 00:00:00,1466.13,1472.05,1455.0,1460.48,23906.892
2026-09-18 00:15:00,1460.44,1461.89,1442.56,1452.16,40815.422
2026-09-18 00:30:00,1452.15,1457.3,1446.9,1452.36,16818.377
2026-09-18 00:45:00,1452.36,1466.79,1450.18,1462.79,16181.873
2026-09-18 01:00:00,1462.79,1465.9,1460.44,1463.38,9074.641
2026-09-18 01:15:00,1463.37,1468.68,1461.45,1466.53,10914.653
2026-09-18 01:30:00,1466.54,1473.43,1465.0,1470.07,12213.771
2026-09-18 01:45:00,1470.08,1494.93,1470.0,1481.89,32754.667
2026-09-18 02:00:00,1481.9,1496.88,1480.21,1485.18,25718.566
2026-09-18 02:15:00,1485.18,1491.36,1477.39,1488.55,14784.757
2026-09-18 02:30:00,1488.56,1490.61,1481.13,1485.53,11724.527
2026-09-18 02:45:00,1485.53,1489.68,1484.1,1485.31,10010.327
2026-09-18 03:00:00,1485.32,1504.0,1482.61,1492.4,32948.957
2026-09-18 03:15:00,1492.4,1501.65,1484.42,1488.5,26390.15
2026-09-18 03:30:00,1488.5,1498.36,1483.45,1496.38,13198.618
2026-09-18 03:45:00,1496.38,1524.32,1495.7,1517.49,112710.091
2026-09-18 04:00:00,1517.49,1519.9,1507.2,1514.35,31806.812
2026-09-18 04:15:00,1514.35,1514.38,1485.5,1486.33,40052.161
2026-09-18 04:30:00,1486.31,1517.99,1475.71,1516.51,59975.623
2026-09-18 04:45:00,1516.56,1524.99,1510.9,1520.91,46068.362
2026-09-18 05:00:00,1520.91,1537.15,1510.01,1519.27,44133.775
2026-09-18 05:15:00,1519.27,1525.23,1507.25,1509.65,23180.014
2026-09-18 05:30:00,1509.65,1520.93,1507.31,1517.29,25961.531
2026-09-18 05:45:00,1517.29,1520.36,1509.1,1512.16,17022.037
2026-09-18 06:00:00,1512.16,1515.0,1498.25,1506.51,17842.269
2026-09-18 06:15:00,1506.52,1508.33,1493.75,1499.61,19199.206
2026-09-18 06:30:00,1499.61,1504.86,1494.71,1500.28,12744.123
2026-09-18 06:45:00,1500.29,1500.29,1491.4,1492.35,12347.651
2026-09-18 07:00:00,1492.36,1497.92,1490.15,1492.64,15066.678
2026-09-18 07:15:00,1492.63,1497.53,1486.3,1487.14,18478.518
2026-09-18 07:30:00,1487.15,1491.14,1480.63,1484.15,19628.331
2026-09-18 07:45:00,1484.14,1488.78,1480.0,1483.33,15910.826
2026-09-18 08:00:00,1483.33,1493.79,1480.0,1486.06,24026.801
2026-09-18 08:15:00,1486.05,1496.78,1475.97,1476.06,28609.519
2026-09-18 08:30:00,1476.05,1479.4,1461.0,1478.0,42176.361
2026-09-18 08:45:00,1478.01,1487.65,1477.82,1484.13,20105.743
2026-09-18 09:00:00,1484.14,1484.43,1463.77,1471.25,29168.461
2026-09-18 09:15:00,1471.25,1482.95,1467.3,1479.86,19385.593
2026-09-18 09:30:00,1479.86,1483.0,1470.31,1478.96,14289.519
2026-09-18 09:45:00,1478.96,1484.34,1476.69,1480.54,11204.834
2026-09-18 10:00:00,1480.54,1483.87,1473.34,1482.82,10545.802
2026-09-18 10:15:00,1482.82,1492.56,1478.2,1488.55,17562.461
2026-09-18 10:30:00,1488.54,1489.73,1483.0,1484.16,9498.675
2026-09-18 10:45:00,1484.24,1486.7,1473.0,1476.1,12439.777
2026-09-18 11:00:00,1476.1,1477.7,1466.66,1471.96,21613.575
2026-09-18 11:15:00,1471.95,1472.9,1453.18,1460.47,33276.428
2026-09-18 11:30:00,1460.47,1468.89,1458.45,1461.0,17890.737
2026-09-18 11:45:00,1461.0,1465.45,1452.0,1456.06,21799.726
2026-09-18 12:00:00,1456.07,1462.33,1454.01,1456.71,18561.398
2026-09-18 12:15:00,1456.72,1464.81,1456.0,1456.0,14492.151
2026-09-18 12:30:00,1456.0,1460.8,1447.76,1451.76,21968.342
2026-09-18 12:45:00,1451.76,1465.99,1450.95,1461.57,17663.157
2026-09-18 13:00:00,1461.57,1465.12,1456.18,1464.4,9456.654
2026-09-18 13:15:00,1464.32,1474.53,1464.17,1468.08,22036.289
2026-09-18 13:30:00,1468.09,1480.79,1466.92,1474.24,27355.924
2026-09-18 13:45:00,1474.24,1485.98,1420.42,1453.53,86613.605
2026-09-18 14:00:00,1453.52,1484.0,1452.87,1478.55,53546.791
2026-09-18 14:15:00,1478.56,1483.12,1465.3,1471.08,33502.12
2026-09-18 14:30:00,1471.08,1488.54,1466.4,1484.64,36655.851
2026-09-18 14:45:00,1484.63,1487.91,1478.72,1482.05,24133.988
2026-09-18 15:00:00,1482.05,1486.15,1464.45,1484.69,39819.951
2026-09-18 15:15:00,1484.69,1510.72,1484.69,1487.7,55745.383
2026-09-18 15:30:00,1487.7,1488.38,1472.26,1476.88,25459.359
2026-09-18 15:45:00,1476.87,1486.88,1473.69,1482.39,14212.282
2026-09-18 16:00:00,1482.39,1483.64,1471.52,1476.03,12391.94
2026-09-18 16:15:00,1476.03,1481.66,1467.1,1471.28,15248.304
2026-09-18 16:30:00,1471.29,1475.74,1460.87,1462.09,18699.627
2026-09-18 16:45:00,1462.09,1462.28,1444.37,1444.9,37120.45
2026-09-18 17:00:00,1444.91,1456.75,1435.84,1448.85,41302.163
2026-09-18 17:15:00,1448.85,1449.22,1435.81,1442.49,22943.691
2026-09-18 17:30:00,1442.49,1452.0,1440.52,1451.88,13735.26
2026-09-18 17:45:00,1451.78,1456.18,1447.01,1451.63,13687.019
2026-09-18 18:00:00,1451.61,1456.18,1446.5,1453.9,9737.745
2026-09-18 18:15:00,1453.9,1459.78,1449.33,1452.05,9576.819
2026-09-18 18:30:00,1452.04,1454.12,1445.01,1454.11,10263.918
2026-09-18 18:45:00,1454.11,1457.29,1448.69,1456.81,7525.258
2026-09-18 19:00:00,1456.84,1467.87,1456.84,1463.37,16869.498
2026-09-18 19:15:00,1463.36,1479.69,1461.93,1478.65,16584.612
2026-09-18 19:30:00,1478.67,1487.0,1472.51,1483.34,18542.042
2026-09-18 19:45:00,1483.34,1483.41,1469.0,1470.41,13900.241
2026-09-18 20:00:00,1470.41,1482.57,1463.07,1478.36,12980.306
2026-09-18 20:15:00,1478.36,1485.4,1477.98,1482.66,8882.726
2026-09-18 20:30:00,1482.66,1493.8,1482.66,1491.99,16241.086
2026-09-18 20:45:00,1491.98,1506.6,1491.6,1501.54,25274.29
2026-09-18 21:00:00,1501.54,1508.0,1493.96,1496.76,15747.792
2026-09-18 21:15:00,1496.75,1496.76,1486.81,1488.22,11011.171
2026-09-18 21:30:00,1488.22,1503.0,1487.05,1487.9,10899.818
2026-09-18 21:45:00,1487.9,1499.28,1487.3,1492.15,5528.076
2026-09-18 22:00:00,1492.17,1516.49,1490.67,1503.27,23023.564
2026-09-18 22:15:00,1503.27,1504.12,1494.13,1494.42,7616.274
2026-09-18 22:30:00,1494.41,1511.14,1493.12,1508.64,12447.207
2026-09-18 22:45:00,1508.62,1550.12,1508.0,1549.39,59365.383
2026-09-18 23:00:00,1549.38,1582.94,1548.56,1562.99,117086.143
2026-09-18 23:15:00,1562.99,1582.94,1562.93,1574.72,32589.845
2026-09-18 23:30:00,1574.71,1582.94,1565.99,1569.06,25947.4
2026-09-18 23:45:00,1569.06,1573.76,1550.0,1561.02,32289.328
2026-09-19 00:00:00,1560.99,1566.55,1545.95,1547.8,21839.614
2026-09-19 00:15:00,1547.8,1579.77,1546.61,1571.82,27463.15
2026-09-19 00:30:00,1571.82,1576.6,1554.95,1566.02,22489.039
2026-09-19 00:45:00,1566.02,1588.0,1564.96,1575.45,37805.818
2026-09-19 01:00:00,1575.54,1588.0,1572.32,1573.88,26383.617
2026-09-19 01:15:00,1573.88,1582.99,1570.18,1579.29,16040.887
2026-09-19 01:30:00,1579.28,1580.2,1565.0,1566.48,17856.034
2026-09-19 01:45:00,1566.47,1569.77,1550.03,1553.29,25356.484
2026-09-19 02:00:00,1553.29,1567.04,1550.59,1559.4,18334.366
2026-09-19 02:15:00,1559.41,1564.53,1553.56,1555.92,9013.808
2026-09-19 02:30:00,1555.93,1562.66,1546.09,1549.3,16198.285
2026-09-19 02:45:00,1549.34,1557.69,1546.53,1548.69,10400.047
2026-09-19 03:00:00,1548.68,1554.82,1545.52,1552.4,9671.736
2026-09-19 03:15:00,1552.4,1556.18,1533.0,1537.36,29023.389
2026-09-19 03:30:00,1537.37,1542.86,1533.78,1537.85,13988.36
2026-09-19 03:45:00,1537.85,1538.42,1525.39,1531.74,19840.875
2026-09-19 04:00:00,1531.74,1536.63,1528.62,1532.0,9584.229
2026-09-19 04:15:00,1532.0,1538.3,1531.26,1533.53,7779.795
2026-09-19 04:30:00,1533.54,1536.0,1515.01,1526.89,20192.791
2026-09-19 04:45:00,1526.89,1528.69,1518.07,1526.98,12057.095
2026-09-19 05:00:00,1526.97,1534.6,1524.03,1527.68,12030.049
2026-09-19 05:15:00,1527.66,1553.42,1527.23,1540.0,36365.886
2026-09-19 05:30:00,1539.99,1554.44,1539.43,1542.99,28413.919
2026-09-19 05:45:00,1542.98,1550.49,1542.37,1547.35,7157.564
2026-09-19 06:00:00,1547.35,1552.79,1545.04,1552.63,9284.722
2026-09-19 06:15:00,1552.62,1558.16,1545.77,1551.11,13987.357
2026-09-19 06:30:00,1551.1,1564.75,1551.05,1561.0,17788.481
2026-09-19 06:45:00,1561.0,1565.89,1558.58,1563.75,9382.521
2026-09-19 07:00:00,1563.74,1575.86,1560.51,1571.75,15194.937
2026-09-19 07:15:00,1571.75,1580.22,1562.11,1568.29,26451.487
2026-09-19 07:30:00,1568.29,1568.99,1555.1,1559.22,14313.026
2026-09-19 07:45:00,1559.21,1570.88,1558.95,1566.25,11504.296
2026-09-19 08:00:00,1566.25,1568.27,1559.0,1563.09,8999.38
2026-09-19 08:15:00,1563.09,1568.41,1562.03,1562.68,8704.749
2026-09-19 08:30:00,1562.68,1572.0,1560.01,1560.53,13203.073
2026-09-19 08:45:00,1560.54,1565.24,1547.7,1551.8,17493.233
2026-09-19 09:00:00,1551.8,1558.0,1549.46,1556.23,12400.346
2026-09-19 09:15:00,1556.24,1569.79,1551.32,1562.91,23024.729
2026-09-19 09:30:00,1562.91,1578.0,1561.01,1574.36,20303.987
2026-09-19 09:45:00,1574.36,1595.3,1564.0,1565.41,56489.852
2026-09-19 10:00:00,1565.41,1573.33,1562.08,1572.7,11577.352
2026-09-19 10:15:00,1572.71,1586.71,1570.59,1580.01,20525.6
2026-09-19 10:30:00,1580.01,1580.52,1558.88,1559.76,17017.89
2026-09-19 10:45:00,1559.76,1563.91,1528.0,1532.15,53304.108
2026-09-19 11:00:00,1532.05,1542.4,1530.35,1537.06,19255.219
2026-09-19 11:15:00,1537.06,1542.54,1531.63,1538.25,17605.211
2026-09-19 11:30:00,1538.25,1552.7,1533.33,1546.89,24867.756
2026-09-19 11:45:00,1546.89,1547.22,1536.92,1542.58,9607.495
2026-09-19 12:00:00,1542.58,1548.67,1540.39,1546.05,7927.839
2026-09-19 12:15:00,1546.08,1549.36,1536.86,1539.35,10710.92
2026-09-19 12:30:00,1539.35,1540.14,1528.18,1534.33,19461.431
2026-09-19 12:45:00,1534.33,1540.32,1530.13,1534.24,9566.682
2026-09-19 13:00:00,1534.23,1535.18,1522.34,1533.55,14915.45
2026-09-19 13:15:00,1533.55,1540.58,1530.87,1534.59,9632.24
2026-09-19 13:30:00,1534.59,1537.93,1530.45,1531.84,6476.014
2026-09-19 13:45:00,1531.85,1535.59,1529.67,1531.59,7094.786
2026-09-19 14:00:00,1531.58,1532.0,1525.0,1529.38,15245.352
2026-09-19 14:15:00,1529.33,1532.75,1525.12,1531.57,9944.502
2026-09-19 14:30:00,1531.58,1532.05,1523.0,1527.89,11460.204
2026-09-19 14:45:00,1527.9,1528.89,1524.24,1527.5,5267.434
2026-09-19 15:00:00,1527.49,1530.52,1516.0,1525.77,23649.133
2026-09-19 15:15:00,1525.77,1526.88,1518.0,1524.35,13873.409
2026-09-19 15:30:00,1524.34,1528.24,1520.67,1527.06,10105.382
2026-09-19 15:45:00,1527.07,1527.07,1516.93,1520.89,12669.566
2026-09-19 16:00:00,1520.9,1521.72,1503.74,1515.51,45924.704
2026-09-19 16:15:00,1515.51,1518.04,1508.56,1509.32,12360.177
2026-09-19 16:30:00,1509.31,1513.82,1507.01,1507.72,11710.806
2026-09-19 16:45:00,1507.73,1509.59,1503.68,1504.39,19325.775
2026-09-19 17:00:00,1504.38,1507.32,1490.27,1494.29,32972.205
2026-09-19 17:15:00,1494.3,1496.89,1473.17,1479.38,76001.544
2026-09-19 17:30:00,1479.37,1497.96,1479.11,1488.87,34063.256
2026-09-19 17:45:00,1488.86,1498.93,1487.15,1490.73,19899.367
2026-09-19 18:00:00,1490.72,1495.26,1485.72,1488.68,14722.509
2026-09-19 18:15:00,1488.68,1490.63,1476.88,1478.49,18678.835
2026-09-19 18:30:00,1478.5,1488.69,1469.02,1474.73,29717.451
2026-09-19 18:45:00,1474.73,1479.97,1473.48,1479.41,14258.623
2026-09-19 19:00:00,1479.41,1481.76,1471.19,1480.76,16223.177
2026-09-19 19:15:00,1480.76,1487.64,1478.0,1483.4,13318.096
2026-09-19 19:30:00,1483.41,1485.95,1479.54,1484.15,8051.599
2026-09-19 19:45:00,1484.16,1489.49,1476.18,1477.55,13173.019
2026-09-19 20:00:00,1477.55,1481.03,1473.34,1476.1,10166.226
2026-09-19 20:15:00,1476.1,1476.79,1470.36,1473.74,11885.312
2026-09-19 20:30:00,1473.73,1480.3,1472.72,1480.3,7113.37
2026-09-19 20:45:00,1480.29,1481.97,1476.52,1479.12,5606.017
2026-09-19 21:00:00,1479.12,1483.41,1461.22,1469.81,22262.407
2026-09-19 21:15:00,1469.81,1479.15,1468.0,1478.1,14130.517
2026-09-19 21:30:00,1478.09,1480.85,1472.5,1475.0,7732.783
2026-09-19 21:45:00,1474.99,1477.21,1469.2,1470.3,5716.71
2026-09-19 22:00:00,1470.3,1476.8,1467.91,1476.63,7603.3
2026-09-19 22:15:00,1476.63,1479.1,1471.68,1475.07,8052.109
2026-09-19 22:30:00,1475.08,1482.18,1469.93,1474.79,11367.212
2026-09-19 22:45:00,1474.79,1481.2,1473.77,1477.37,10404.949
2026-09-19 23:00:00,1477.38,1485.86,1475.86,1482.46,11480.798
2026-09-19 23:15:00,1482.45,1484.5,1472.31,1475.46,11483.668
2026-09-19 23:30:00,1475.45,1475.45,1471.1,1472.57,6745.266
2026-09-19 23:45:00,1472.56,1474.85,1465.4,1470.71,10349.138
2026-09-20 00:00:00,1470.71,1475.31,1468.17,1470.66,7312.63
2026-09-20 00:15:00,1470.66,1473.24,1464.35,1470.13,11141.58
2026-09-20 00:30:00,1470.14,1472.75,1465.35,1471.46,7198.468
2026-09-20 00:45:00,1471.46,1477.36,1470.48,1473.66,8865.997
2026-09-20 01:00:00,1473.67,1479.06,1467.01,1469.65,9245.028
2026-09-20 01:15:00,1469.66,1475.98,1463.56,1463.76,14101.941
2026-09-20 01:30:00,1463.76,1472.28,1453.15,1471.62,31271.998
2026-09-20 01:45:00,1471.62,1475.29,1466.61,1474.19,10092.219
2026-09-20 02:00:00,1474.18,1474.55,1467.66,1470.65,6600.406
2026-09-20 02:15:00,1470.64,1472.33,1457.74,1461.84,12034.693
2026-09-20 02:30:00,1461.83,1464.87,1455.29,1457.1,20028.931
2026-09-20 02:45:00,1457.1,1462.16,1450.11,1451.25,33729.483
2026-09-20 03:00:00,1451.25,1464.88,1440.65,1459.29,43120.011
2026-09-20 03:15:00,1459.29,1472.93,1452.6,1453.33,27159.197
2026-09-20 03:30:00,1453.34,1455.86,1451.73,1451.74,9114.019
2026-09-20 03:45:00,1451.74,1465.52,1451.0,1456.97,10190.003
2026-09-20 04:00:00,1456.98,1458.91,1446.7,1449.41,9405.017
2026-09-20 04:15:00,1449.42,1449.94,1445.01,1448.97,6238.258
2026-09-20 04:30:00,1448.98,1454.71,1445.28,1450.28,10050.605
2026-09-20 04:45:00,1450.29,1456.81,1449.04,1454.16,7489.965
2026-09-20 05:00:00,1454.15,1458.84,1450.92,1455.14,7972.082
2026-09-20 05:15:00,1455.15,1455.15,1443.2,1448.29,11903.224
2026-09-20 05:30:00,1448.28,1452.59,1446.31,1452.59,5663.355
2026-09-20 05:45:00,1452.59,1459.99,1450.53,1451.06,12200.205
2026-09-20 06:00:00,1451.05,1454.0,1448.51,1450.78,7043.994
2026-09-20 06:15:00,1450.78,1453.0,1442.0,1448.66,11604.35
2026-09-20 06:30:00,1448.66,1451.52,1434.79,1447.67,21287.124
2026-09-20 06:45:00,1447.67,1454.73,1445.03,1448.77,11950.84
2026-09-20 07:00:00,1448.77,1455.0,1448.73,1451.67,8441.161
2026-09-20 07:15:00,1451.67,1458.25,1449.63,1456.77,9177.14
2026-09-20 07:30:00,1456.77,1457.39,1448.27,1448.44,6880.787
2026-09-20 07:45:00,1448.44,1449.7,1441.07,1445.61,12184.418
2026-09-20 08:00:00,1445.62,1451.61,1444.89,1445.4,6803.085
2026-09-20 08:15:00,1445.41,1448.52,1441.72,1442.76,5950.276
2026-09-20 08:30:00,1442.77,1443.57,1435.37,1439.15,10983.064
2026-09-20 08:45:00,1439.16,1441.88,1437.11,1440.15,8857.999
2026-09-20 09:00:00,1440.14,1443.16,1435.0,1435.89,8203.103
2026-09-20 09:15:00,1435.89,1442.51,1435.66,1439.84,7681.105
2026-09-20 09:30:00,1439.84,1452.99,1439.01,1450.45,14662.099
2026-09-20 09:45:00,1450.45,1450.87,1440.41,1441.49,8627.764
2026-09-20 10:00:00,1441.49,1445.84,1436.0,1444.16,11377.245
2026-09-20 10:15:00,1444.16,1447.59,1438.58,1439.42,6645.451
2026-09-20 10:30:00,1439.41,1444.0,1438.33,1440.08,7056.068
2026-09-20 10:45:00,1440.09,1440.42,1436.25,1438.12,5541.091
2026-09-20 11:00:00,1438.11,1445.88,1437.29,1438.41,8296.758
2026-09-20 11:15:00,1438.4,1440.7,1428.0,1435.46,19641.896
2026-09-20 11:30:00,1435.48,1445.0,1435.47,1443.41,13619.393
2026-09-20 11:45:00,1443.41,1447.88,1441.74,1444.94,10630.508
2026-09-20 12:00:00,1444.94,1465.96,1442.01,1459.47,46942.243
2026-09-20 12:15:00,1459.46,1459.49,1440.09,1442.92,32335.526
2026-09-20 12:30:00,1442.93,1446.0,1434.29,1444.35,16574.329
2026-09-20 12:45:00,1444.32,1455.07,1443.06,1454.1,18068.337
2026-09-20 13:00:00,1454.07,1459.56,1450.5,1451.19,17756.512
2026-09-20 13:15:00,1451.19,1458.66,1447.55,1448.9,11604.4
2026-09-20 13:30:00,1448.9,1450.3,1443.6,1447.1,9218.777
2026-09-20 13:45:00,1447.1,1447.1,1440.05,1441.56,8765.046
2026-09-20 14:00:00,1441.56,1448.86,1435.0,1436.88,17575.225
2026-09-20 14:15:00,1436.89,1442.33,1432.07,1438.64,17637.45
2026-09-20 14:30:00,1438.63,1444.46,1436.6,1436.93,7889.64
2026-09-20 14:45:00,1436.92,1441.96,1430.0,1435.36,14428.565
2026-09-20 15:00:00,1435.37,1445.95,1433.38,1435.67,19604.331
2026-09-20 15:15:00,1435.67,1442.54,1434.64,1434.66,8165.202
2026-09-20 15:30:00,1434.65,1441.16,1433.51,1439.63,9024.452
2026-09-20 15:45:00,1439.62,1448.96,1438.98,1443.01,14928.29
2026-09-20 16:00:00,1443.0,1457.99,1438.66,1450.81,27874.942
2026-09-20 16:15:00,1450.8,1455.76,1440.0,1448.5,29918.67
2026-09-20 16:30:00,1448.49,1456.82,1441.73,1449.97,20821.34
2026-09-20 16:45:00,1449.97,1452.49,1442.98,1443.15,14627.035
2026-09-20 17:00:00,1443.16,1451.16,1439.2,1448.43,16462.675
2026-09-20 17:15:00,1448.43,1456.33,1445.42,1445.82,15441.179
2026-09-20 17:30:00,1445.82,1464.71,1445.0,1455.22,20881.204
2026-09-20 17:45:00,1455.23,1458.99,1449.08,1451.23,10238.741
2026-09-20 18:00:00,1451.28,1459.5,1449.81,1456.53,9927.394
2026-09-20 18:15:00,1456.52,1483.2,1455.91,1480.16,42689.026
2026-09-20 18:30:00,1480.15,1483.45,1468.03,1470.28,22870.824
2026-09-20 18:45:00,1470.27,1472.79,1460.51,1468.0,14809.726
2026-09-20 19:00:00,1468.0,1482.6,1467.19,1478.49,15595.988
2026-09-20 19:15:00,1478.49,1498.36,1478.15,1489.23,41746.859
2026-09-20 19:30:00,1489.5,1511.66,1487.26,1496.0,51902.204
2026-09-20 19:45:00,1496.01,1517.0,1495.19,1514.92,31018.362
2026-09-20 20:00:00,1514.92,1533.75,1514.41,1527.35,54703.354
2026-09-20 20:15:00,1527.36,1529.23,1514.41,1521.9,27865.838
2026-09-20 20:30:00,1521.9,1529.5,1514.05,1518.71,15457.894
2026-09-20 20:45:00,1518.72,1519.18,1485.0,1490.25,39069.289
2026-09-20 21:00:00,1490.28,1491.01,1468.69,1478.06,33198.588
2026-09-20 21:15:00,1478.07,1490.23,1477.54,1486.17,18400.683
2026-09-20 21:30:00,1486.16,1489.85,1476.95,1479.15,9433.143
2026-09-20 21:45:00,1479.15,1487.61,1478.25,1480.79,6045.115
2026-09-20 22:00:00,1480.79,1516.63,1477.82,1515.91,32781.019
2026-09-20 22:15:00,1515.9,1519.6,1508.41,1518.81,18706.771
2026-09-20 22:30:00,1518.81,1529.28,1511.12,1512.65,19994.042
2026-09-20 22:45:00,1512.65,1519.18,1512.07,1514.85,8468.189
2026-09-20 23:00:00,1514.85,1518.1,1501.49,1507.52,14937.261
2026-09-20 23:15:00,1507.52,1511.73,1504.01,1505.51,8617.351
2026-09-20 23:30:00,1505.52,1519.41,1503.82,1516.71,10054.117
2026-09-20 23:45:00,1516.71,1518.34,1507.7,1508.75,7289.993
2026-09-21 00:00:00,1508.75,1533.95,1508.31,1528.82,33059.935
2026-09-21 00:15:00,1528.82,1534.99,1516.58,1532.31,32687.148
2026-09-21 00:30:00,1532.31,1535.38,1527.25,1532.76,11927.141
2026-09-21 00:45:00,1532.75,1545.0,1532.75,1535.54,25839.89
2026-09-21 01:00:00,1535.55,1547.99,1529.16,1541.82,16259.582
2026-09-21 01:15:00,1541.82,1543.02,1520.19,1522.8,20752.139
2026-09-21 01:30:00,1522.81,1534.27,1520.05,1529.21,22044.408
2026-09-21 01:45:00,1529.21,1533.0,1502.95,1506.35,41916.841
2026-09-21 02:00:00,1506.44,1517.11,1506.43,1514.82,17941.231
2026-09-21 02:15:00,1514.82,1516.58,1507.68,1510.14,9990.732
2026-09-21 02:30:00,1510.14,1512.46,1485.0,1507.06,34943.775
2026-09-21 02:45:00,1507.06,1523.57,1502.15,1516.5,21864.357
2026-09-21 03:00:00,1516.51,1523.76,1511.36,1514.84,11111.213
2026-09-21 03:15:00,1514.84,1527.28,1512.87,1519.53,12824.519
2026-09-21 03:30:00,1519.52,1521.2,1512.92,1513.55,6328.195
2026-09-21 03:45:00,1513.54,1519.77,1513.54,1516.08,4680.797
2026-09-21 04:00:00,1516.08,1516.68,1506.19,1508.59,14190.151
2026-09-21 04:15:00,1508.58,1516.16,1507.71,1513.85,8096.741
2026-09-21 04:30:00,1513.85,1536.24,1512.15,1523.67,19829.266
2026-09-21 04:45:00,1523.66,1537.81,1523.0,1526.8,13778.019
2026-09-21 05:00:00,1526.81,1527.79,1513.08,1513.42,10514.703
2026-09-21 05:15:00,1513.42,1525.4,1511.39,1519.78,11314.699
2026-09-21 05:30:00,1519.78,1524.11,1515.06,1517.28,6792.177
2026-09-21 05:45:00,1517.28,1520.73,1513.2,1517.55,6498.786
2026-09-21 06:00:00,1517.56,1519.87,1506.66,1509.46,12617.396
2026-09-21 06:15:00,1509.46,1515.51,1508.45,1508.84,8230.025
2026-09-21 06:30:00,1508.85,1511.32,1500.18,1500.55,12167.297
2026-09-21 06:45:00,1500.57,1508.45,1500.04,1508.23,8924.435
2026-09-21 07:00:00,1508.15,1509.36,1491.06,1497.8,17585.145
2026-09-21 07:15:00,1497.8,1499.22,1494.13,1494.84,7449.675
2026-09-21 07:30:00,1494.84,1494.95,1480.89,1487.34,22587.83
2026-09-21 07:45:00,1487.34,1489.88,1484.11,1487.33,10982.994
2026-09-21 08:00:00,1487.33,1498.03,1486.88,1495.84,14125.295
2026-09-21 08:15:00,1495.84,1509.97,1495.42,1507.01,16683.809
2026-09-21 08:30:00,1507.0,1522.92,1504.48,1508.08,36979.702
2026-09-21 08:45:00,1508.09,1524.96,1505.34,1522.5,25220.98
2026-09-21 09:00:00,1522.51,1525.92,1505.75,1508.6,22392.358
2026-09-21 09:15:00,1508.6,1517.16,1508.03,1512.01,13050.322
2026-09-21 09:30:00,1512.02,1515.0,1497.06,1498.97,25687.385
2026-09-21 09:45:00,1498.97,1518.03,1497.83,1516.86,21502.094
2026-09-21 10:00:00,1516.86,1524.33,1509.53,1523.88,19624.685
2026-09-21 10:15:00,1523.89,1531.18,1513.1,1515.22,20869.395
2026-09-21 10:30:00,1515.23,1541.33,1514.53,1533.76,29333.433
2026-09-21 10:45:00,1533.77,1537.54,1524.24,1535.82,19148.273
2026-09-21 11:00:00,1535.83,1536.65,1525.0,1526.35,12276.527
2026-09-21 11:15:00,1526.34,1545.95,1521.11,1542.87,20287.852
2026-09-21 11:30:00,1542.76,1573.0,1533.77,1569.1,35111.071
2026-09-21 11:45:00,1569.1,1572.42,1555.0,1563.64,39154.441
2026-09-21 12:00:00,1563.6,1566.0,1542.54,1545.45,28728.68
2026-09-21 12:15:00,1545.44,1556.45,1535.21,1539.05,23702.305
2026-09-21 12:30:00,1539.04,1549.65,1537.0,1544.26,14755.68
2026-09-21 12:45:00,1544.25,1547.15,1535.24,1536.71,10058.786
2026-09-21 13:00:00,1536.7,1544.64,1536.7,1542.44,11564.386
2026-09-21 13:15:00,1542.43,1553.19,1542.21,1544.01,15554.888
2026-09-21 13:30:00,1544.01,1550.46,1527.14,1533.7,23344.881
2026-09-21 13:45:00,1533.69,1545.55,1530.26,1533.43,14908.009
2026-09-21 14:00:00,1533.42,1538.09,1514.93,1518.7,30079.703
2026-09-21 14:15:00,1518.66,1529.1,1515.53,1520.85,15851.464
2026-09-21 14:30:00,1520.84,1531.43,1520.2,1522.12,12123.635
2026-09-21 14:45:00,1522.13,1532.77,1517.06,1519.49,15121.274
2026-09-21 15:00:00,1519.49,1526.39,1510.05,1513.14,21397.716
2026-09-21 15:15:00,1513.14,1516.99,1494.41,1496.19,39131.697
2026-09-21 15:30:00,1496.2,1500.94,1488.0,1496.08,32006.754
2026-09-21 15:45:00,1496.08,1503.14,1492.21,1499.41,14630.884
2026-09-21 16:00:00,1499.41,1499.42,1491.07,1495.53,12089.507
2026-09-21 16:15:00,1495.53,1503.48,1493.23,1498.08,8943.452
2026-09-21 16:30:00,1498.08,1503.9,1491.47,1496.96,14209.717
2026-09-21 16:45:00,1496.96,1500.48,1495.76,1497.63,7550.908
2026-09-21 17:00:00,1497.64,1499.29,1481.0,1482.85,20829.294
2026-09-21 17:15:00,1482.86,1485.68,1463.32,1479.06,40602.026
2026-09-21 17:30:00,1479.07,1487.85,1476.85,1477.35,11904.105
2026-09-21 17:45:00,1477.35,1478.39,1463.27,1469.05,20899.11
2026-09-21 18:00:00,1469.06,1487.38,1465.0,1484.85,19106.605
2026-09-21 18:15:00,1484.84,1489.97,1477.42,1489.4,13478.965
2026-09-21 18:30:00,1489.39,1489.4,1478.87,1483.07,6586.433
2026-09-21 18:45:00,1483.07,1488.14,1478.74,1480.32,6558.08
2026-09-21 19:00:00,1480.32,1480.64,1474.86,1477.69,6891.943
2026-09-21 19:15:00,1477.7,1478.21,1471.06,1475.38,7379.126
2026-09-21 19:30:00,1475.35,1477.3,1468.73,1474.72,10767.765
2026-09-21 19:45:00,1474.73,1477.23,1470.01,1471.39,8710.741
2026-09-21 20:00:00,1471.4,1473.24,1466.4,1471.94,7814.232
2026-09-21 20:15:00,1471.94,1483.65,1469.3,1478.71,18582.886
2026-09-21 20:30:00,1478.7,1478.99,1456.18,1461.24,24246.188
2026-09-21 20:45:00,1461.24,1463.48,1451.27,1454.49,25447.451
2026-09-21 21:00:00,1454.5,1456.18,1448.42,1452.43,15943.083
2026-09-21 21:15:00,1452.43,1455.05,1443.73,1453.62,20343.838
2026-09-21 21:30:00,1453.61,1460.47,1452.7,1456.5,9290.787
2026-09-21 21:45:00,1456.49,1462.59,1456.11,1462.58,6842.883
2026-09-21 22:00:00,1462.59,1469.09,1456.66,1467.26,17060.066
2026-09-21 22:15:00,1467.27,1468.98,1459.25,1464.3,6608.738
2026-09-21 22:30:00,1464.3,1468.88,1462.51,1467.49,5899.342
2026-09-21 22:45:00,1467.48,1473.2,1466.05,1471.06,8896.021
2026-09-21 23:00:00,1471.07,1475.47,1466.66,1469.06,10105.928
2026-09-21 23:15:00,1469.06,1473.69,1469.06,1471.0,6774.854
2026-09-21 23:30:00,1470.99,1474.61,1466.04,1473.0,9301.553
2026-09-21 23:45:00,1473.0,1474.68,1469.57,1470.95,4257.898
2026-09-22 00:00:00,1470.95,1478.93,1467.56,1472.29,8830.644
2026-09-22 00:15:00,1472.3,1472.77,1467.41,1471.84,6976.236
2026-09-22 00:30:00,1471.84,1472.5,1463.3,1467.61,10142.322
2026-09-22 00:45:00,1467.61,1474.37,1465.66,1469.68,9464.124
2026-09-22 01:00:00,1469.7,1481.31,1466.46,1472.42,15450.335
2026-09-22 01:15:00,1472.41,1478.91,1463.73,1477.32,15268.034
2026-09-22 01:30:00,1477.32,1477.64,1470.01,1472.8,6606.477
2026-09-22 01:45:00,1472.8,1473.39,1465.48,1470.09,5882.246
2026-09-22 02:00:00,1470.08,1470.47,1457.34,1460.27,13317.42
2026-09-22 02:15:00,1460.27,1461.56,1447.02,1458.07,24001.442
2026-09-22 02:30:00,1458.07,1463.76,1453.83,1456.86,9573.406
2026-09-22 02:45:00,1456.87,1458.59,1448.85,1452.68,13429.321
2026-09-22 03:00:00,1452.68,1453.51,1445.58,1451.12,13320.176
2026-09-22 03:15:00,1451.12,1457.83,1448.24,1456.89,8490.576
2026-09-22 03:30:00,1456.89,1462.94,1454.58,1460.93,6574.886
2026-09-22 03:45:00,1460.93,1462.4,1455.9,1459.06,4677.645
2026-09-22 04:00:00,1459.07,1459.32,1450.73,1452.86,6493.185
2026-09-22 04:15:00,1452.87,1457.95,1449.9,1456.89,6833.533
2026-09-22 04:30:00,1456.89,1462.42,1455.85,1460.65,6149.229
2026-09-22 04:45:00,1460.64,1466.99,1460.5,1466.38,10170.695
2026-09-22 05:00:00,1466.39,1471.3,1461.08,1462.67,10055.681
2026-09-22 05:15:00,1462.67,1476.58,1462.67,1476.0,9954.37
2026-09-22 05:30:00,1476.0,1521.93,1471.82,1513.28,60740.253
2026-09-22 05:45:00,1513.28,1514.53,1484.33,1487.76,32011.872
2026-09-22 06:00:00,1487.76,1495.52,1480.77,1484.45,16854.565
2026-09-22 06:15:00,1484.45,1485.64,1474.01,1478.1,13510.226
2026-09-22 06:30:00,1478.1,1505.96,1475.0,1505.71,20230.941
2026-09-22 06:45:00,1505.71,1505.71,1487.79,1488.49,15222.545
2026-09-22 07:00:00,1488.5,1502.64,1487.77,1500.65,10229.407
2026-09-22 07:15:00,1500.66,1507.8,1490.0,1496.26,14522.151
2026-09-22 07:30:00,1496.26,1512.5,1491.01,1507.55,12021.723
2026-09-22 07:45:00,1507.54,1524.71,1506.24,1515.08,32774.225
2026-09-22 08:00:00,1515.09,1519.89,1509.27,1511.53,12636.294
2026-09-22 08:15:00,1511.54,1514.88,1500.38,1504.05,12080.447
2026-09-22 08:30:00,1504.05,1510.89,1501.44,1507.75,12885.606
2026-09-22 08:45:00,1507.75,1509.28,1492.93,1497.48,16508.51
2026-09-22 09:00:00,1497.49,1498.68,1490.08,1495.04,11271.959
2026-09-22 09:15:00,1495.04,1498.88,1490.5,1494.08,7765.439
2026-09-22 09:30:00,1494.07,1509.94,1494.07,1503.0,11716.524
2026-09-22 09:45:00,1502.99,1506.58,1500.72,1504.21,6594.99
2026-09-22 10:00:00,1504.2,1506.65,1495.55,1503.59,8248.803
2026-09-22 10:15:00,1503.6,1514.13,1500.51,1502.33,13065.923
2026-09-22 10:30:00,1502.34,1508.99,1500.46,1507.76,6091.322
2026-09-22 10:45:00,1507.76,1508.3,1501.65,1503.38,4043.454
2026-09-22 11:00:00,1503.38,1506.71,1493.02,1506.05,11217.361
2026-09-22 11:15:00,1506.09,1519.18,1504.68,1508.96,23643.465
2026-09-22 11:30:00,1508.97,1527.84,1507.5,1523.43,19960.71
2026-09-22 11:45:00,1523.43,1537.2,1521.45,1533.82,43781.049
2026-09-22 12:00:00,1533.82,1538.78,1527.12,1529.42,20625.293
2026-09-22 12:15:00,1529.42,1544.81,1529.06,1537.03,21742.082
2026-09-22 12:30:00,1537.04,1539.9,1529.0,1529.67,11174.051
2026-09-22 12:45:00,1529.67,1532.93,1523.4,1528.45,18630.847
2026-09-22 13:00:00,1528.46,1529.99,1517.29,1520.75,15518.552
2026-09-22 13:15:00,1520.75,1526.73,1514.05,1520.72,22394.833
2026-09-22 13:30:00,1520.71,1536.96,1508.12,1513.95,30935.519
2026-09-22 13:45:00,1514.0,1522.63,1506.46,1519.34,20544.238
2026-09-22 14:00:00,1519.34,1530.97,1514.8,1527.38,11972.617
2026-09-22 14:15:00,1527.39,1535.99,1518.65,1519.17,14582.595
2026-09-22 14:30:00,1519.18,1519.4,1503.0,1512.55,26338.853
2026-09-22 14:45:00,1512.54,1538.36,1511.01,1532.18,30554.876
2026-09-22 15:00:00,1532.18,1557.38,1529.41,1541.67,41944.923
2026-09-22 15:15:00,1541.66,1553.9,1536.77,1538.33,22860.068
2026-09-22 15:30:00,1538.33,1549.99,1531.2,1549.55,17026.695
2026-09-22 15:45:00,1549.56,1561.0,1541.17,1543.31,26238.398
2026-09-22 16:00:00,1543.31,1548.98,1533.23,1547.1,19212.87
2026-09-22 16:15:00,1547.09,1556.55,1537.0,1552.51,19600.537
2026-09-22 16:30:00,1552.5,1562.98,1541.32,1558.41,31854.922
2026-09-22 16:45:00,1558.41,1562.36,1545.86,1547.0,20265.121
2026-09-22 17:00:00,1546.99,1560.96,1545.69,1560.27,16959.854
2026-09-22 17:15:00,1560.26,1562.99,1553.81,1553.81,20431.975
2026-09-22 17:30:00,1553.82,1554.75,1543.62,1545.13,19725.419
2026-09-22 17:45:00,1545.13,1550.27,1540.0,1545.24,13641.067
2026-09-22 18:00:00,1545.24,1546.21,1531.49,1534.39,14482.361
2026-09-22 18:15:00,1534.4,1537.6,1526.22,1527.81,11681.852
2026-09-22 18:30:00,1527.8,1528.09,1510.0,1516.7,28262.116
2026-09-22 18:45:00,1516.71,1525.59,1515.23,1520.42,11921.636
2026-09-22 19:00:00,1520.42,1524.35,1517.54,1520.88,6098.898
2026-09-22 19:15:00,1520.9,1528.42,1520.0,1525.76,7222.671
2026-09-22 19:30:00,1525.76,1529.57,1518.33,1522.07,6560.989
2026-09-22 19:45:00,1522.08,1523.64,1512.6,1518.48,7617.779
2026-09-22 20:00:00,1518.49,1520.92,1510.56,1513.26,5635.224
2026-09-22 20:15:00,1513.25,1515.77,1496.0,1501.72,23816.936
2026-09-22 20:30:00,1501.72,1507.4,1500.51,1505.72,8874.849
2026-09-22 20:45:00,1505.72,1516.35,1505.29,1514.13,9520.165
2026-09-22 21:00:00,1514.13,1522.38,1514.13,1520.5,8444.721
2026-09-22 21:15:00,1520.49,1524.56,1518.6,1523.42,4271.383
2026-09-22 21:30:00,1523.42,1526.83,1516.05,1520.68,6149.719
2026-09-22 21:45:00,1520.67,1525.98,1512.41,1515.46,5331.906
2026-09-22 22:00:00,1515.45,1522.0,1514.8,1521.58,5360.623
2026-09-22 22:15:00,1521.59,1545.04,1519.3,1544.22,15904.996
2026-09-22 22:30:00,1544.23,1549.55,1541.14,1546.66,14396.956
2026-09-22 22:45:00,1546.66,1553.9,1542.14,1553.15,13421.496
2026-09-22 23:00:00,1553.14,1647.56,1550.92,1627.0,149905.698
2026-09-22 23:15:00,1627.01,1647.63,1623.11,1632.1,47948.421
2026-09-22 23:30:00,1632.1,1646.0,1621.35,1638.29,37951.625
2026-09-22 23:45:00,1638.29,1653.67,1622.16,1629.94,34294.915
2026-09-23 00:00:00,1629.93,1632.28,1612.2,1619.0,33450.104
2026-09-23 00:15:00,1619.0,1620.1,1606.5,1610.84,21137.265
2026-09-23 00:30:00,1610.84,1622.02,1609.98,1611.85,16906.829
2026-09-23 00:45:00,1611.85,1621.61,1610.9,1614.33,11949.34
2026-09-23 01:00:00,1614.34,1620.0,1607.23,1610.17,12705.961
2026-09-23 01:15:00,1610.18,1617.2,1602.0,1608.0,17216.784
2026-09-23 01:30:00,1608.01,1609.78,1588.4,1589.37,27559.222
2026-09-23 01:45:00,1589.37,1619.57,1586.18,1614.07,26940.731
2026-09-23 02:00:00,1614.13,1622.77,1606.77,1614.27,22863.127
2026-09-23 02:15:00,1614.3,1619.66,1609.6,1610.06,14783.715
2026-09-23 02:30:00,1610.07,1615.66,1606.7,1612.31,9626.929
2026-09-23 02:45:00,1612.31,1621.97,1612.31,1617.9,13401.828
2026-09-23 03:00:00,1617.91,1618.49,1605.0,1611.08,9282.897
2026-09-23 03:15:00,1611.08,1619.41,1607.6,1614.4,8518.017
2026-09-23 03:30:00,1614.4,1619.69,1611.0,1614.88,7460.151
2026-09-23 03:45:00,1614.89,1614.89,1598.58,1604.45,15175.038
2026-09-23 04:00:00,1604.45,1608.43,1600.65,1603.77,9139.618
2026-09-23 04:15:00,1603.76,1608.59,1596.07,1603.69,12892.951
2026-09-23 04:30:00,1603.7,1608.36,1597.07,1600.0,11109.777
2026-09-23 04:45:00,1600.01,1604.66,1597.0,1600.64,9504.59
2026-09-23 05:00:00,1600.65,1627.77,1600.65,1623.73,26808.166
2026-09-23 05:15:00,1623.73,1623.98,1611.0,1622.0,17149.617
2026-09-23 05:30:00,1622.0,1622.01,1613.5,1617.02,10159.562
2026-09-23 05:45:00,1617.01,1626.99,1616.4,1619.82,10897.314
2026-09-23 06:00:00,1619.81,1624.22,1611.03,1618.17,11104.887
2026-09-23 06:15:00,1618.16,1619.67,1612.35,1613.01,6128.459
2026-09-23 06:30:00,1613.01,1617.44,1608.57,1611.3,6645.548
2026-09-23 06:45:00,1611.3,1626.47,1610.91,1625.15,9425.043
2026-09-23 07:00:00,1625.02,1632.0,1620.4,1624.13,15593.219
2026-09-23 07:15:00,1624.12,1629.77,1620.32,1624.8,9780.796
2026-09-23 07:30:00,1624.81,1635.98,1621.19,1627.74,17371.594
2026-09-23 07:45:00,1627.74,1630.65,1622.51,1627.0,9428.76
2026-09-23 08:00:00,1627.0,1628.49,1617.2,1621.9,10817.742
2026-09-23 08:15:00,1621.91,1633.45,1621.39,1622.25,9936.144
2026-09-23 08:30:00,1622.26,1625.5,1616.22,1622.24,8072.077
2026-09-23 08:45:00,1622.26,1625.37,1608.0,1613.55,19438.547
2026-09-23 09:00:00,1613.55,1615.94,1609.06,1614.66,8976.162
2026-09-23 09:15:00,1614.65,1621.28,1608.61,1609.5,8688.098
2026-09-23 09:30:00,1609.51,1618.42,1603.04,1617.58,13158.598
2026-09-23 09:45:00,1617.57,1626.99,1615.92,1625.48,16474.479
2026-09-23 10:00:00,1625.47,1626.8,1620.07,1623.61,7501.863
2026-09-23 10:15:00,1623.61,1625.77,1606.53,1611.04,14163.365
2026-09-23 10:30:00,1611.04,1620.3,1609.6,1618.68,9256.34
2026-09-23 10:45:00,1618.68,1679.98,1617.73,1651.98,78627.394
2026-09-23 11:00:00,1651.99,1656.0,1636.0,1637.51,29003.182
2026-09-23 11:15:00,1637.51,1643.73,1627.01,1631.93,21001.439
2026-09-23 11:30:00,1631.93,1636.39,1610.0,1616.26,33571.606
2026-09-23 11:45:00,1616.26,1624.61,1614.08,1617.1,14163.894
2026-09-23 12:00:00,1617.11,1633.0,1607.75,1629.21,23194.763
2026-09-23 12:15:00,1629.23,1641.21,1616.0,1631.2,25933.893
2026-09-23 12:30:00,1631.13,1649.99,1630.49,1635.6,20146.978
2026-09-23 12:45:00,1635.59,1636.61,1619.45,1625.75,17000.115
2026-09-23 13:00:00,1625.75,1632.45,1618.25,1621.69,14496.05
2026-09-23 13:15:00,1621.69,1636.96,1621.26,1633.95,16884.121
2026-09-23 13:30:00,1633.96,1643.33,1630.73,1642.79,15040.475
2026-09-23 13:45:00,1642.78,1643.59,1629.26,1630.33,12386.891
2026-09-23 14:00:00,1630.34,1640.0,1547.0,1588.87,108238.716
2026-09-23 14:15:00,1588.86,1588.87,1546.98,1562.46,90405.234
2026-09-23 14:30:00,1562.46,1605.0,1559.26,1594.11,63765.671
2026-09-23 14:45:00,1594.11,1616.61,1586.5,1606.96,40774.927
2026-09-23 15:00:00,1606.96,1610.93,1596.0,1605.9,23173.497
2026-09-23 15:15:00,1605.91,1612.6,1582.07,1586.88,29020.652
2026-09-23 15:30:00,1586.88,1591.79,1565.0,1571.25,38144.394
2026-09-23 15:45:00,1571.25,1576.69,1548.83,1552.84,63876.117
2026-09-23 16:00:00,1552.84,1566.63,1525.16,1564.36,89365.146
2026-09-23 16:15:00,1564.37,1569.9,1555.01,1561.08,22799.334
2026-09-23 16:30:00,1561.07,1570.49,1548.01,1554.17,23014.851
2026-09-23 16:45:00,1554.15,1555.95,1520.55,1534.8,40255.256
2026-09-23 17:00:00,1534.81,1542.34,1506.5,1515.48,49679.554
2026-09-23 17:15:00,1515.49,1532.24,1510.01,1520.56,33039.704
2026-09-23 17:30:00,1520.57,1530.43,1516.4,1527.46,13238.041
2026-09-23 17:45:00,1527.42,1532.62,1521.45,1526.12,12130.996
2026-09-23 18:00:00,1526.11,1526.47,1513.07,1519.1,14349.599
2026-09-23 18:15:00,1519.09,1524.64,1513.32,1522.39,10792.649
2026-09-23 18:30:00,1522.38,1524.83,1513.32,1522.31,7707.408
2026-09-23 18:45:00,1522.3,1531.83,1516.92,1521.05,14296.655
2026-09-23 19:00:00,1521.04,1526.86,1514.5,1526.25,8729.31
2026-09-23 19:15:00,1526.19,1528.08,1516.8,1523.49,10520.071
2026-09-23 19:30:00,1523.48,1525.94,1507.0,1510.18,21601.134
2026-09-23 19:45:00,1510.17,1521.83,1510.0,1517.33,8911.422
2026-09-23 20:00:00,1517.37,1518.17,1501.0,1508.25,18068.295
2026-09-23 20:15:00,1508.3,1517.53,1504.0,1510.84,11685.117
2026-09-23 20:30:00,1510.85,1522.92,1510.59,1520.11,9895.287
2026-09-23 20:45:00,1520.1,1520.88,1501.13,1503.93,13936.77
2026-09-23 21:00:00,1503.92,1505.5,1491.01,1502.16,27010.955
2026-09-23 21:15:00,1502.15,1510.71,1500.37,1510.06,9441.008
2026-09-23 21:30:00,1510.06,1522.66,1509.33,1521.26,10587.675
2026-09-23 21:45:00,1521.26,1523.43,1502.0,1513.04,17138.418
2026-09-23 22:00:00,1513.04,1529.49,1512.4,1521.27,11776.895
2026-09-23 22:15:00,1521.28,1523.0,1483.0,1488.73,21444.43
2026-09-23 22:30:00,1488.73,1489.56,1478.0,1488.89,27625.696
2026-09-23 22:45:00,1488.9,1504.71,1488.42,1496.69,14594.66
2026-09-23 23:00:00,1496.74,1502.52,1490.27,1497.3,10176.219
2026-09-23 23:15:00,1497.31,1502.5,1490.07,1500.52,11068.385
2026-09-23 23:30:00,1500.52,1502.08,1491.67,1494.2,7801.539
2026-09-23 23:45:00,1494.21,1501.8,1493.86,1498.0,6408.962
2026-09-24 00:00:00,1497.99,1512.56,1497.04,1508.89,15876.244
2026-09-24 00:15:00,1508.89,1518.74,1508.72,1516.32,13210.989
2026-09-24 00:30:00,1516.32,1519.53,1510.08,1510.77,7563.659
2026-09-24 00:45:00,1510.72,1513.88,1504.01,1506.04,7947.407
2026-09-24 01:00:00,1506.04,1510.3,1491.47,1495.62,12843.068
2026-09-24 01:15:00,1495.62,1497.72,1481.59,1489.71,20339.641
2026-09-24 01:30:00,1489.66,1504.51,1488.04,1490.6,13802.595
2026-09-24 01:45:00,1490.6,1496.4,1488.17,1493.91,7289.709
2026-09-24 02:00:00,1493.9,1507.97,1486.8,1505.6,18781.806
2026-09-24 02:15:00,1505.6,1515.34,1505.5,1511.59,16600.769
2026-09-24 02:30:00,1511.59,1521.5,1508.52,1515.49,17012.778
2026-09-24 02:45:00,1515.49,1524.16,1515.37,1517.05,16889.279
2026-09-24 03:00:00,1517.05,1519.8,1507.0,1510.46,11546.061
2026-09-24 03:15:00,1510.45,1513.45,1500.48,1502.11,11634.491
2026-09-24 03:30:00,1502.11,1502.31,1495.24,1496.59,10120.377
2026-09-24 03:45:00,1496.59,1504.32,1495.18,1503.92,9267.524
2026-09-24 04:00:00,1503.91,1505.0,1498.83,1500.06,7946.137
2026-09-24 04:15:00,1500.06,1509.41,1497.21,1508.9,6676.691
2026-09-24 04:30:00,1508.9,1513.99,1506.35,1511.22,7715.512
2026-09-24 04:45:00,1511.25,1522.24,1508.65,1520.08,11181.69
2026-09-24 05:00:00,1520.06,1540.35,1518.98,1529.18,27568.28
2026-09-24 05:15:00,1529.18,1534.72,1526.52,1528.41,11195.844
2026-09-24 05:30:00,1528.41,1529.38,1521.59,1521.98,8359.219
2026-09-24 05:45:00,1521.97,1525.69,1513.15,1514.58,7800.538
2026-09-24 06:00:00,1514.58,1527.43,1512.14,1521.58,12413.319
2026-09-24 06:15:00,1521.58,1526.62,1520.87,1525.33,6197.077
2026-09-24 06:30:00,1525.33,1527.19,1519.42,1523.9,5246.758
2026-09-24 06:45:00,1523.91,1524.26,1517.06,1517.4,3713.974
2026-09-24 07:00:00,1517.4,1521.54,1507.51,1516.4,14499.827
2026-09-24 07:15:00,1516.4,1520.54,1511.41,1520.29,5522.129
2026-09-24 07:30:00,1520.19,1526.51,1518.76,1523.59,10584.066
2026-09-24 07:45:00,1523.59,1532.95,1522.3,1525.55,11572.858
2026-09-24 08:00:00,1525.56,1529.7,1516.51,1517.19,8589.251
2026-09-24 08:15:00,1517.19,1523.93,1503.05,1508.83,20149.553
2026-09-24 08:30:00,1508.83,1520.97,1508.01,1515.72,14663.717
2026-09-24 08:45:00,1515.72,1517.35,1500.58,1515.55,16829.211
2026-09-24 09:00:00,1515.55,1517.28,1491.4,1493.66,21957.795
2026-09-24 09:15:00,1493.65,1494.93,1483.83,1490.96,27728.157
2026-09-24 09:30:00,1490.95,1491.38,1455.0,1476.6,81407.508
2026-09-24 09:45:00,1476.6,1483.0,1473.0,1478.31,15696.344
2026-09-24 10:00:00,1478.3,1480.83,1465.61,1471.92,19897.665
2026-09-24 10:15:00,1471.92,1475.37,1465.24,1469.16,13358.066
2026-09-24 10:30:00,1469.17,1472.77,1460.71,1466.29,20897.778
2026-09-24 10:45:00,1466.3,1471.41,1462.86,1468.24,12046.588
2026-09-24 11:00:00,1468.24,1489.52,1468.02,1485.27,28107.881
2026-09-24 11:15:00,1485.26,1498.72,1484.18,1487.55,28477.088
2026-09-24 11:30:00,1487.55,1489.26,1479.67,1484.73,12434.112
2026-09-24 11:45:00,1484.72,1488.54,1479.73,1485.51,7809.624
2026-09-24 12:00:00,1485.65,1491.36,1481.69,1483.29,7399.867
2026-09-24 12:15:00,1483.28,1487.06,1478.29,1482.44,7659.242
2026-09-24 12:30:00,1482.44,1484.32,1476.0,1481.63,8028.675
2026-09-24 12:45:00,1481.63,1495.49,1478.8,1491.0,14510.198
2026-09-24 13:00:00,1490.99,1499.8,1488.38,1497.49,12640.591
2026-09-24 13:15:00,1497.49,1509.99,1497.47,1504.5,19489.266
2026-09-24 13:30:00,1504.5,1524.99,1503.23,1513.72,35770.638
2026-09-24 13:45:00,1513.73,1518.23,1507.01,1517.68,13976.52
2026-09-24 14:00:00,1517.68,1528.25,1510.19,1510.2,21060.282
2026-09-24 14:15:00,1510.19,1531.33,1508.46,1531.12,24187.519
2026-09-24 14:30:00,1531.0,1534.49,1516.25,1518.39,23083.035
2026-09-24 14:45:00,1518.39,1519.4,1488.37,1491.6,39240.587
2026-09-24 15:00:00,1491.61,1504.97,1489.22,1502.66,22190.448
2026-09-24 15:15:00,1502.65,1517.53,1501.51,1516.88,16912.389
2026-09-24 15:30:00,1516.87,1524.38,1513.64,1519.69,15998.757
2026-09-24 15:45:00,1519.69,1522.0,1513.26,1515.84,9740.142
2026-09-24 16:00:00,1515.84,1516.9,1500.16,1504.8,15702.6
2026-09-24 16:15:00,1504.8,1545.35,1504.8,1537.21,43291.663
2026-09-24 16:30:00,1537.22,1549.47,1525.13,1534.0,32676.261
2026-09-24 16:45:00,1534.0,1546.77,1533.16,1542.36,16496.731
2026-09-24 17:00:00,1542.35,1558.8,1538.02,1551.48,21653.617
2026-09-24 17:15:00,1551.48,1558.57,1543.08,1556.78,22591.936
2026-09-24 17:30:00,1556.78,1559.47,1541.02,1543.44,18464.411
2026-09-24 17:45:00,1543.44,1562.59,1539.24,1548.95,19902.332
2026-09-24 18:00:00,1548.96,1574.99,1544.2,1571.92,43892.235
2026-09-24 18:15:00,1571.91,1574.26,1557.11,1570.25,23276.823
2026-09-24 18:30:00,1570.25,1571.91,1555.75,1562.14,15543.585
2026-09-24 18:45:00,1562.09,1562.26,1552.69,1557.29,11169.14
2026-09-24 19:00:00,1557.3,1558.17,1547.8,1553.27,13088.102
2026-09-24 19:15:00,1553.27,1569.98,1548.22,1569.3,13225.842
2026-09-24 19:30:00,1569.3,1572.27,1553.54,1557.36,10254.923
2026-09-24 19:45:00,1557.35,1567.14,1553.71,1555.39,10748.28
2026-09-24 20:00:00,1555.39,1555.89,1541.0,1544.83,13368.377
2026-09-24 20:15:00,1544.84,1552.63,1533.33,1542.25,16467.761
2026-09-24 20:30:00,1542.26,1543.93,1534.89,1540.83,9652.98
2026-09-24 20:45:00,1540.84,1547.58,1538.63,1545.64,7885.25
2026-09-24 21:00:00,1545.64,1546.22,1540.61,1542.87,6370.272
2026-09-24 21:15:00,1542.87,1552.34,1542.87,1549.18,6619.079
2026-09-24 21:30:00,1549.18,1553.9,1548.24,1551.1,5674.691
2026-09-24 21:45:00,1551.1,1551.3,1537.57,1538.91,7279.215
2026-09-24 22:00:00,1538.91,1544.22,1533.15,1536.88,9414.806
2026-09-24 22:15:00,1536.88,1538.04,1521.65,1528.83,21723.965
2026-09-24 22:30:00,1528.84,1539.48,1528.06,1537.46,7140.656
2026-09-24 22:45:00,1537.47,1547.31,1537.18,1545.93,6833.936
2026-09-24 23:00:00,1545.92,1551.08,1539.49,1542.12,9090.392
2026-09-24 23:15:00,1542.13,1547.54,1540.02,1545.23,4292.345
2026-09-24 23:30:00,1545.23,1550.8,1543.25,1547.23,4017.202
2026-09-24 23:45:00,1547.24,1550.4,1542.48,1545.73,5254.528
2026-09-25 00:00:00,1545.73,1564.4,1543.88,1558.67,13197.861
2026-09-25 00:15:00,1558.72,1559.37,1547.55,1547.81,8849.263
2026-09-25 00:30:00,1547.81,1553.88,1544.96,1546.1,6677.089
2026-09-25 00:45:00,1546.09,1549.55,1542.54,1544.99,5111.869
2026-09-25 01:00:00,1544.99,1555.54,1543.9,1550.76,7374.136
2026-09-25 01:15:00,1550.76,1556.87,1538.67,1541.9,8111.471
2026-09-25 01:30:00,1541.96,1542.63,1536.09,1538.75,8362.591
2026-09-25 01:45:00,1538.75,1544.81,1538.5,1543.79,4061.278
2026-09-25 02:00:00,1543.79,1560.81,1541.2,1558.9,13162.505
2026-09-25 02:15:00,1558.83,1562.69,1552.31,1553.89,8469.479
2026-09-25 02:30:00,1553.87,1557.87,1537.19,1538.92,13865.655
2026-09-25 02:45:00,1538.95,1539.74,1532.06,1537.36,11464.685
2026-09-25 03:00:00,1537.41,1542.88,1535.16,1538.06,8393.959
2026-09-25 03:15:00,1538.06,1547.29,1536.13,1546.78,8939.862
2026-09-25 03:30:00,1546.77,1558.45,1545.84,1553.86,12223.799
2026-09-25 03:45:00,1553.87,1559.68,1547.72,1556.63,10108.924
2026-09-25 04:00:00,1556.63,1560.32,1551.28,1552.55,7636.009
2026-09-25 04:15:00,1552.56,1563.34,1551.11,1557.22,9228.982
2026-09-25 04:30:00,1557.22,1557.31,1550.01,1553.66,6160.568
2026-09-25 04:45:00,1553.66,1555.33,1546.16,1546.85,4438.099
2026-09-25 05:00:00,1546.85,1553.47,1542.01,1542.78,8089.102
2026-09-25 05:15:00,1542.77,1552.95,1542.67,1546.4,5345.926
2026-09-25 05:30:00,1546.39,1555.8,1542.59,1548.51,5431.686
2026-09-25 05:45:00,1548.52,1551.99,1542.7,1543.13,4070.453
2026-09-25 06:00:00,1543.13,1546.7,1535.0,1539.44,11183.057
2026-09-25 06:15:00,1539.45,1551.15,1538.03,1541.34,10226.177
2026-09-25 06:30:00,1541.35,1542.87,1536.15,1540.0,5927.993
2026-09-25 06:45:00,1540.0,1546.14,1537.14,1544.56,5491.978
2026-09-25 07:00:00,1544.55,1546.02,1534.3,1542.2,6716.767
2026-09-25 07:15:00,1542.21,1555.0,1541.66,1554.61,10957.6
2026-09-25 07:30:00,1554.62,1559.19,1548.7,1556.09,15713.76
2026-09-25 07:45:00,1556.09,1562.5,1554.97,1560.57,13624.714
2026-09-25 08:00:00,1560.57,1593.68,1557.21,1573.07,37380.155
2026-09-25 08:15:00,1573.07,1595.0,1569.36,1581.38,25774.63
2026-09-25 08:30:00,1581.36,1592.3,1575.84,1583.2,21086.282
2026-09-25 08:45:00,1583.19,1589.33,1579.19,1586.27,10146.989
2026-09-25 09:00:00,1586.27,1588.44,1578.03,1581.1,11586.553
2026-09-25 09:15:00,1581.11,1589.0,1580.01,1586.04,9127.092
2026-09-25 09:30:00,1586.04,1593.48,1584.69,1590.19,13689.002
2026-09-25 09:45:00,1590.2,1598.72,1579.01,1584.84,19321.265
2026-09-25 10:00:00,1584.84,1585.78,1571.61,1578.77,15998.219
2026-09-25 10:15:00,1578.78,1589.9,1576.34,1589.14,10943.652
2026-09-25 10:30:00,1589.13,1618.14,1584.47,1605.0,36470.234
2026-09-25 10:45:00,1604.99,1608.95,1596.55,1598.95,16048.792
2026-09-25 11:00:00,1598.95,1617.18,1596.84,1611.95,30568.547
2026-09-25 11:15:00,1611.95,1614.07,1603.42,1604.96,14265.345
2026-09-25 11:30:00,1604.97,1611.5,1601.03,1608.22,9035.431
2026-09-25 11:45:00,1608.22,1610.0,1595.9,1597.12,13543.702
2026-09-25 12:00:00,1597.11,1601.34,1584.08,1586.49,18093.469
2026-09-25 12:15:00,1586.49,1587.14,1565.3,1583.69,47557.158
2026-09-25 12:30:00,1583.69,1590.0,1582.0,1587.99,14179.871
2026-09-25 12:45:00,1587.98,1606.15,1584.36,1605.19,18892.176
2026-09-25 13:00:00,1605.19,1625.91,1599.46,1610.56,48282.109
2026-09-25 13:15:00,1610.55,1621.8,1603.08,1604.99,31571.25
2026-09-25 13:30:00,1604.98,1613.66,1590.67,1596.58,30741.033
2026-09-25 13:45:00,1596.57,1598.56,1583.01,1591.77,18952.755
2026-09-25 14:00:00,1591.77,1597.0,1570.28,1591.34,30143.014
2026-09-25 14:15:00,1591.33,1599.0,1582.53,1584.94,16288.072
2026-09-25 14:30:00,1584.94,1593.0,1552.03,1559.71,39185.911
2026-09-25 14:45:00,1559.7,1574.34,1555.0,1572.61,38652.217
2026-09-25 15:00:00,1572.64,1576.0,1558.13,1564.42,25367.054
2026-09-25 15:15:00,1564.43,1566.55,1550.02,1559.56,18654.834
2026-09-25 15:30:00,1559.55,1563.9,1538.0,1542.86,32735.005
2026-09-25 15:45:00,1542.86,1547.43,1530.49,1544.5,38391.984
2026-09-25 16:00:00,1544.51,1554.67,1543.52,1547.67,23804.064
2026-09-25 16:15:00,1547.68,1554.89,1546.01,1551.59,14175.804
2026-09-25 16:30:00,1551.6,1553.46,1545.28,1547.32,11166.858
2026-09-25 16:45:00,1547.33,1552.37,1543.12,1546.67,9020.148
2026-09-25 17:00:00,1546.67,1552.54,1544.36,1549.42,6881.015
2026-09-25 17:15:00,1549.42,1551.38,1521.01,1527.48,24592.53
2026-09-25 17:30:00,1527.48,1538.22,1512.45,1536.21,42625.807
2026-09-25 17:45:00,1536.21,1541.66,1532.43,1533.56,14117.225
2026-09-25 18:00:00,1533.57,1542.35,1531.18,1540.33,8939.683
2026-09-25 18:15:00,1540.33,1548.68,1539.26,1546.0,13034.539
2026-09-25 18:30:00,1546.0,1548.07,1539.8,1547.33,10046.597
2026-09-25 18:45:00,1547.33,1557.72,1545.63,1553.27,21187.547
2026-09-25 19:00:00,1553.28,1561.0,1551.49,1559.71,14859.381
2026-09-25 19:15:00,1559.72,1564.97,1556.09,1558.07,9438.84
2026-09-25 19:30:00,1558.08,1561.22,1555.64,1558.06,9661.162
2026-09-25 19:45:00,1558.07,1559.84,1539.16,1543.36,21400.973
2026-09-25 20:00:00,1543.37,1552.39,1543.37,1550.25,10191.328
2026-09-25 20:15:00,1550.25,1553.9,1548.5,1549.84,7094.896
2026-09-25 20:30:00,1549.82,1553.31,1548.0,1550.22,11510.404
2026-09-25 20:45:00,1550.22,1550.22,1536.2,1538.85,13509.463
2026-09-25 21:00:00,1538.85,1540.8,1528.5,1530.32,10217.756
2026-09-25 21:15:00,1530.17,1534.36,1526.31,1532.4,8981.394
2026-09-25 21:30:00,1532.39,1532.4,1525.01,1529.18,7196.786
2026-09-25 21:45:00,1529.18,1536.23,1527.19,1529.81,5960.279
2026-09-25 22:00:00,1529.81,1534.67,1529.31,1531.34,4161.536
2026-09-25 22:15:00,1531.34,1536.22,1530.75,1536.02,3220.528
2026-09-25 22:30:00,1536.01,1550.4,1536.01,1549.35,11940.257
2026-09-25 22:45:00,1549.35,1553.52,1548.73,1550.34,5808.599
2026-09-25 23:00:00,1550.34,1556.81,1548.97,1556.5,6021.768
2026-09-25 23:15:00,1556.49,1559.9,1551.5,1554.44,7561.059
2026-09-25 23:30:00,1554.45,1557.35,1551.74,1556.05,4185.761
2026-09-25 23:45:00,1556.04,1556.04,1550.59,1555.2,4596.698
2026-09-26 00:00:00,1555.2,1558.17,1550.49,1554.48,6861.427
2026-09-26 00:15:00,1554.48,1556.04,1547.23,1547.99,5048.63
2026-09-26 00:30:00,1548.0,1549.0,1534.36,1538.77,16067.374
2026-09-26 00:45:00,1538.77,1544.72,1537.82,1538.94,5350.022
2026-09-26 01:00:00,1538.95,1544.35,1537.24,1540.04,4925.335
2026-09-26 01:15:00,1540.04,1544.67,1537.53,1541.5,3643.244
2026-09-26 01:30:00,1541.49,1550.26,1540.4,1545.71,6412.21
2026-09-26 01:45:00,1545.7,1547.4,1542.08,1542.99,3944.0
2026-09-26 02:00:00,1543.0,1547.41,1538.5,1546.31,6496.374
2026-09-26 02:15:00,1546.31,1546.47,1538.04,1538.99,4919.609
2026-09-26 02:30:00,1538.99,1540.54,1535.61,1537.42,4287.689
2026-09-26 02:45:00,1537.42,1538.95,1535.51,1537.98,4364.89
2026-09-26 03:00:00,1537.98,1538.88,1530.54,1534.26,8152.634
2026-09-26 03:15:00,1534.26,1536.81,1530.03,1536.01,6361.164
2026-09-26 03:30:00,1536.01,1537.06,1531.0,1531.39,4460.678
2026-09-26 03:45:00,1531.4,1534.3,1531.01,1533.49,3187.55
2026-09-26 04:00:00,1533.49,1537.52,1533.27,1536.72,3114.488
